-7680
-7599
-7516
-7433
-7350
-7267
-7183
-7101
-7018
-6935
-6852
-6769
-6686
-6603
-6520
-6438
-6354
-6271
-6188
-6105
-6023
-5939
-5856
-5773
-5690
-5608
-5524
-5441
-5359
-5276
-5193
-5109
-5027
-4944
-4861
-4778
-4694
-4612
-4529
-4446
-4363
-4280
-4197
-4114
-4031
-3949
-3865
-3782
-3699
-3616
-3534
-3450
-3367
-3284
-3201
-3119
-3035
-2953
-2870
-2787
-2704
-2620
-2537
-2455
-2372
-2289
-2206
-2123
-2040
-1957
-1874
-1791
-1708
-1625
-1542
-1459
-1376
-1293
-1210
-1127
-1045
-961
-878
-796
-712
-630
-547
-464
-381
-298
-215
-132
-49
34
117
200
283
366
449
532
614
698
781
864
947
1029
1113
1196
1279
1362
-476
-392
-309
-226
-144
-61
22
106
188
271
354
437
520
603
686
769
852
935
1018
1101
-737
-653
-570
-487
-404
-322
-239
-156
-72
11
93
177
259
342
425
508
591
674
757
840
923
1006
1089
1172
1255
-582
-499
-416
-333
-250
-168
-84
-1
82
164
247
330
414
497
580
662
746
828
911
994
1077
1161
1243
1326
1409
1492
1575
1658
1741
-96
-13
70
153
236
319
401
485
568
651
734
816
900
983
1065
1148
1231
1314
1397
1480
1563
1646
1729
1812
1895
1978
2061
2144
2227
2310
2393
2475
2559
2641
2725
-1032
-950
-866
-784
-700
-617
-534
-451
-369
-286
-203
-120
-37
46
129
212
295
378
461
544
627
710
793
876
959
1042
1124
1208
1290
1374
1457
1539
1623
1705
1789
1872
1954
2037
2120
2203
2286
-1471
-1388
-1304
-1222
-1139
-1056
-973
-890
-807
-724
-641
-558
-475
-393
-309
-227
-143
-60
23
106
188
272
355
438
520
603
686
769
852
935
1018
1101
1184
1267
1350
1433
1516
1599
1682
1765
1847
1931
2014
2097
2180
2262
2346
2429
2511
-1245
-1163
-1079
-996
-913
-831
-748
-665
-582
-499
-416
-333
-250
-167
-84
-1
82
165
248
-1589
-1506
-1424
-1340
-1258
-1174
-1091
-1008
-925
-843
-759
-676
-594
-510
-428
-345
-262
-179
-96
-13
70
153
236
319
402
485
568
651
734
817
900
983
1065
1149
1232
1315
1398
1480
1564
-2194
-2110
-2027
-1945
-1861
-1779
-1696
-1613
-1530
-1447
-1364
-1281
-1198
-1115
-1032
-949
-866
-783
-700
-617
-535
-451
-368
-2205
-2123
-2040
-1956
-1873
-1791
-1708
-1625
-1541
-1458
-1376
-1293
-1210
-1127
-1044
-961
-878
-795
-712
-629
-546
-463
-380
-297
-214
-132
-48
35
118
201
283
367
449
532
616
698
782
865
948
1030
1113
1196
1279
1362
1445
1528
1611
-2146
-2063
-1980
-1897
-1814
-1731
-1648
-1565
-1482
-1399
-1317
-1233
-1150
-1067
-984
-902
-818
-735
-653
-570
-487
-404
-321
-238
-155
-72
-1909
-1826
-1743
-1660
-1577
-1494
-1411
-1328
-1245
-1163
-1079
-996
-914
-830
-747
-664
-581
-499
-415
-333
-249
-166
-84
-1
82
165
248
331
414
497
580
663
746
829
912
995
1078
1160
1244
1326
1410
1493
1575
1659
1741
1825
1907
1990
2074
2156
2240
2322
2405
2488
2571
2654
-1103
-1020
-937
-854
-771
-688
-605
-522
-439
-356
-273
-191
-107
-24
59
142
225
308
390
474
557
639
723
805
888
971
1054
-783
-700
-617
-534
-451
-2288
-2205
-2122
-2039
-1957
-1873
-1791
-1707
-1624
-1542
-1458
-1375
-1292
-1209
-1127
-1043
-961
-877
-794
-712
-628
-546
-463
-380
-297
-214
-131
-48
35
118
201
284
367
450
533
616
698
782
865
948
1031
1113
1197
1280
1362
1446
1528
1611
1695
1777
1860
1943
2026
2109
2192
2275
2358
2441
2524
2607
2690
2773
2856
2939
3021
3105
3188
-569
-486
-404
-320
-238
-154
-71
11
95
178
260
343
426
509
592
675
758
841
925
1007
1090
1173
1256
1339
1422
1505
1588
1671
1754
1836
1919
82
165
249
331
415
498
-3259
-3177
-3094
-3011
-2928
-2845
-2762
-2679
-2596
-2513
-2430
-2347
-2264
-2181
-2098
-2015
-1932
-1849
-1766
-1684
-1600
-1517
-1434
-1351
-1269
-1186
-1102
-1019
-937
-854
-771
-688
-605
-522
-439
-356
-272
-190
-107
-24
59
142
225
308
391
474
557
639
723
806
888
972
1054
1138
1221
1303
1387
1469
1552
1635
1718
1801
1884
1967
2050
2133
2216
2299
2382
2465
2548
2631
2714
2797
2879
2962
3046
3128
3212
-546
-462
-379
-297
-214
-131
-48
36
118
201
284
367
450
533
616
699
782
865
948
1031
1114
1197
1280
1363
1445
1528
1611
1695
1778
1861
24
106
189
272
356
438
521
604
-1233
-1150
-1067
-984
-901
-818
-735
-4492
-4409
-4326
-4243
-4160
-4077
-3994
-3911
-3828
-3745
-3662
-3579
-3496
-3414
-3330
-3248
-3165
-3081
-2999
-2915
-2832
-2750
-2667
-2584
-2501
-2418
-2335
-2252
-2169
-2086
-2003
-1920
-1837
-1754
-1671
-1588
-1506
-1422
-1339
-1256
-1174
-1091
-1007
-925
-841
-758
-676
-592
-510
-427
-344
-261
-178
-95
-12
71
154
237
320
403
486
569
652
735
818
900
983
1067
1149
1233
1315
1398
1482
1564
1647
1730
1813
1897
1979
2062
2145
2228
2311
2394
2477
2560
2643
2726
2809
2892
2975
3058
3141
3224
-533
-451
-368
-284
-201
-119
-36
47
131
213
296
379
462
545
628
711
794
877
960
1043
1126
1209
1292
1375
1458
1541
1624
1707
1790
1872
1956
2038
2121
2205
2287
2371
533
616
699
782
866
948
1031
1114
1197
-640
-557
-474
-391
-308
-225
-142
-59
-3816
-3733
-3650
-3568
-3485
-3401
-3318
-3235
-3153
-3069
-2986
-2903
-2821
-2738
-2655
-2571
-2489
-2406
-2323
-2240
-2156
-2074
-1991
-1908
-1825
-1742
-1659
-1576
-1493
-1410
-1327
-1244
-1161
-1079
-995
-912
-829
-746
-663
-581
-497
-415
-332
-249
-166
-83
0
83
166
249
332
415
498
581
664
747
-1090
-1007
-924
-842
-758
-675
-592
-510
-427
-343
-261
-178
-95
-12
71
154
237
320
403
486
569
652
735
818
901
984
1067
1150
1232
1316
1399
1482
1564
1647
1731
1814
1897
1980
2062
2146
2228
2312
2394
2477
2561
2644
2726
2809
2892
2975
3058
3141
3224
3307
3390
3473
-284
-201
-118
-35
48
130
213
297
380
462
546
628
711
795
877
961
1043
1126
1209
1292
1375
1458
1541
1624
1707
1790
1873
1955
2039
2122
2205
2288
2371
2454
2537
2620
2702
2785
2869
2952
3034
3117
1280
1364
1446
1529
1612
1695
1778
1861
1944
2027
2110
-1646
-1564
-1481
-1398
-1315
-1232
-1149
-1066
-983
-901
-4657
-4575
-4491
-4409
-4326
-4242
-4159
-4076
-3994
-3911
-3827
-3745
-3661
-3579
-3496
-3413
-3330
-3247
-3164
-3081
-2998
-2915
-2832
-2749
-2666
-2583
-2500
-2417
-2335
-2252
-2168
-2085
-2002
-1920
-1837
-1753
-1671
-1588
-1505
-1422
-1338
-1255
-1172
-1090
-1007
-924
-841
-758
-675
-592
-509
-426
-343
-260
-177
-94
-11
72
154
237
321
404
487
569
652
736
818
-1018
-936
-853
-769
-687
-604
-521
-438
-355
-272
-189
-106
-23
60
143
226
309
392
475
558
641
723
806
890
973
1055
1138
1221
1305
1387
1471
1553
-284
-201
-118
-35
48
131
214
297
380
463
546
629
712
795
878
960
1043
1127
1210
1292
1375
1458
1541
1625
1707
1790
1874
1957
2040
2122
2205
2288
2371
2454
2537
-1220
-1137
-1054
-971
-888
-805
-722
-639
-556
-474
-391
-307
-225
-141
-59
24
107
190
274
356
439
522
605
688
771
854
937
1020
1103
1186
1268
1352
1435
1518
1601
1684
1767
1850
1933
2016
2098
2181
2265
2348
2430
2513
2596
2680
2763
2845
1008
1091
1174
1257
1340
1423
1506
1589
1672
1755
1838
1921
2004
-1753
-1670
-1587
-1504
-1422
-1339
-1256
-1173
-1089
-1006
-923
-841
-4598
-4514
-4432
-4349
-4266
-4183
-4100
-4017
-3934
-3851
-3768
-3685
-3602
-3519
-3436
-3353
-3270
-3187
-3104
-3022
-2939
-2856
-2772
-2689
-2607
-2524
-2440
-2357
-2275
-2192
-2109
-2026
-1943
-1860
-1777
-1694
-1611
-1528
-1445
-1362
-1279
-1196
-1113
-1030
-947
-864
-781
-698
-615
-533
-450
-367
-283
-200
-117
-35
48
131
215
297
380
463
546
629
712
795
878
961
1044
1127
1210
1293
1376
1459
1541
1624
1707
1790
1874
36
119
202
285
368
451
534
617
700
783
866
949
1032
1115
1198
1281
1364
1447
1530
1613
1696
1779
1862
1945
2028
2111
2193
2276
2359
2443
605
688
771
854
938
1020
1103
1186
1269
-568
-485
-402
-319
-236
-153
-70
13
96
179
262
345
428
511
594
677
759
842
925
1009
1091
1174
1257
1340
1424
1506
1589
1672
1755
1838
1921
2004
2087
2170
2253
2336
2419
2502
2585
2668
-1089
-1006
-923
-840
-757
-675
-592
-509
-426
-343
-259
-177
-94
-11
72
155
238
321
404
487
570
653
736
819
902
985
1068
1151
1234
1317
1400
1483
1566
1648
1731
1815
1897
1980
2063
2146
2229
2312
2395
2478
2561
2644
2727
2810
2893
2976
3059
3142
3225
3308
3391
3474
3557
3640
3723
3806
49
132
214
297
380
464
546
629
713
795
878
961
1044
1127
1210
-2546
-2464
-2381
-2298
-2215
-2132
-2049
-1966
-1883
-1800
-1717
-1634
-1551
-1468
-5225
-5142
-5060
-4977
-4893
-4811
-4727
-4644
-4562
-4479
-4396
-4313
-4230
-4147
-4064
-3981
-3898
-3815
-3732
-3649
-3566
-3483
-3400
-3317
-3234
-3151
-3068
-2985
-2902
-2819
-2737
-2653
-2571
-2488
-2404
-2321
-2239
-2156
-2073
-1990
-1907
-1823
-1741
-1658
-1575
-1492
-1409
-1326
-1243
-1160
-1077
-994
-911
-828
-745
-662
-579
-496
-414
-331
-248
-164
-81
1
84
167
250
333
416
499
582
665
748
831
914
997
1080
1163
1246
1329
-508
-425
-342
-259
-176
-93
-11
72
155
239
322
405
487
571
653
-1184
-1101
-1018
-935
-852
-769
-686
-603
-520
-437
-354
-271
-188
-105
-23
61
144
227
310
392
476
559
642
724
807
890
974
1056
1139
1222
1305
1388
1471
1554
1637
-200
-117
-34
49
132
215
298
381
464
547
630
-1208
-1124
-1041
-959
-876
-793
-710
-627
-544
-460
-377
-295
-212
-129
-46
37
120
203
286
369
452
535
618
701
784
867
950
1033
1116
1199
1282
1365
1447
1530
1613
1696
1780
1862
1946
2028
2111
2194
2277
2360
2443
2526
2609
2692
-1065
-982
-899
-816
-734
-650
-567
-484
-401
-318
-235
-153
-70
13
96
180
262
345
429
511
594
677
760
843
926
1009
1092
1175
1258
1341
1424
1507
1590
1673
1756
1839
1922
2005
2087
2170
2253
2336
2419
2502
2585
2669
2751
2834
2917
3000
3083
3166
3249
3332
3415
3498
3581
3664
3747
3830
3913
3996
4078
4162
4244
4328
4411
4494
4576
4659
4742
985
1068
1152
1234
1317
1400
1483
1566
1649
1732
1815
1898
1981
2064
2147
2230
2313
2396
-1361
-1278
-1195
-1112
-1029
-946
-863
-780
-697
-614
-532
-448
-366
-283
-200
-117
-34
-3791
-3708
-3625
-5462
-5379
-5296
-5213
-5130
-5047
-4964
-4881
-4798
-4715
-4632
-4549
-4466
-4383
-4300
-4217
-4134
-4052
-3969
-3885
-3802
-3720
-3637
-3554
-3470
-3388
-3305
-3222
-3139
-3056
-2973
-2890
-2807
-2724
-2641
-2558
-2475
-2392
-2309
-2227
-2143
-2060
-1977
-1894
-1811
-1728
-1645
-1562
-1480
-1397
-1314
-1230
-1147
-1065
-982
-899
-815
-733
-650
-567
-484
-401
-318
-235
-152
-69
14
97
179
263
346
429
512
595
678
760
843
926
1009
1092
1175
1258
1341
1424
1507
1590
1673
1756
1838
1922
2005
168
251
334
417
499
583
666
749
832
915
998
1081
1163
1246
1329
1413
1495
1578
-2179
-2096
-2013
-1930
-1847
-1764
-1681
-1598
-1515
-1432
-1349
-1266
-1183
-1100
-1017
-934
-852
-768
-685
-602
-520
-437
-354
-271
-188
-105
-22
62
145
227
310
393
476
559
642
725
808
891
974
1057
1140
1223
-614
-531
-448
-365
-282
-199
-116
-33
50
132
216
298
381
-1456
-1373
-1290
-1207
-1124
-1041
-958
-875
-792
-709
-626
-544
-460
-377
-294
-211
-128
-45
38
121
203
286
370
453
536
618
701
785
867
950
1033
1116
1199
1282
1365
1448
1531
1614
1697
1780
1863
1946
2029
2112
2195
2278
2361
2444
2527
2610
2693
2776
2859
2942
1104
1187
1270
-2487
-2404
-2321
-2238
-2155
-2072
-1989
-1906
-1823
-1740
-1657
-1574
-1491
-1408
-1325
-1242
-1159
-1076
-994
-910
-827
-744
-661
-579
-495
-412
-330
-247
-164
-81
3
85
168
251
334
418
500
583
666
749
832
915
998
1081
1164
1247
1330
1413
1496
1579
1662
1745
1827
1910
1993
2076
2159
2242
2325
2408
2492
2574
2657
2740
2823
2906
2989
3072
3155
3238
3321
3404
3486
3570
3653
3736
3819
3902
3985
4068
4151
4233
4316
4399
642
725
809
891
974
1057
1140
1223
1306
1389
1472
1555
1638
1721
1804
1887
1970
2053
2136
2219
2301
2385
-1372
-1289
-1206
-1124
-1041
-958
-875
-792
-709
-625
-542
-460
-377
-294
-211
-128
-45
38
121
204
-3553
-3470
-3387
-3305
-5141
-5058
-4975
-4892
-4809
-4726
-4643
-4560
-4477
-4395
-4311
-4229
-4146
-4063
-3980
-3896
-3814
-3731
-3648
-3565
-3482
-3399
-3316
-3233
-3150
-3067
-2984
-2901
-2818
-2736
-2652
-2569
-2486
-2404
-2321
-2237
-2154
-2071
-1989
-1906
-1822
-1739
-1657
-1574
-1491
-1408
-1325
-1242
-1159
-1076
-992
-910
-827
-744
-662
-578
-495
-412
-329
-246
-163
-80
3
86
168
252
335
417
500
583
666
749
832
915
998
1081
1164
1247
1330
1413
1496
1579
1662
1745
1827
-9
74
157
239
322
406
489
572
655
737
820
903
986
1069
1152
1235
1318
1401
1484
1567
1650
1733
1816
1899
62
145
228
311
394
476
560
643
726
809
892
975
1058
1141
1224
1306
1389
1472
1555
1638
1721
-2035
-1953
-1870
-1787
-1704
-1621
-1538
-1455
-1372
-1290
-1206
-1123
-1040
-957
-875
-791
-708
-625
-542
-460
-376
-293
-211
-128
-45
39
122
204
287
370
453
536
619
702
785
868
951
1034
1117
1199
1283
1366
1449
1532
1614
1698
1781
1864
1947
2029
192
275
358
441
524
608
691
773
856
939
1022
1105
1188
1271
-2486
-2403
-2320
-2237
-2154
-2072
-1988
-1905
-1822
-1739
-1657
-1573
-1490
-1407
-1325
-1242
-1159
-1076
-993
-910
-827
-744
-661
-578
-495
-412
-329
-246
-163
-80
2
86
169
252
335
417
501
584
667
749
832
916
999
1082
1164
1247
1330
1414
1496
1579
1662
1745
1828
1911
1994
2077
2160
2243
2326
2409
2491
2575
2658
2741
2824
987
1070
1152
1235
-2521
-2439
-2355
-2273
-2190
-2107
-2024
-1941
-1858
-1775
-1692
-1609
-1526
-1443
-1360
-1277
-1194
-1111
-1028
-945
-862
-780
-696
-613
-530
-447
-365
-281
-198
-115
-32
50
133
216
299
382
465
548
631
714
797
-1040
-957
-874
-791
-708
-626
-542
-459
-376
-293
-210
-127
-45
39
122
204
288
371
454
537
619
702
785
868
951
1034
1117
1200
1283
1366
1449
1532
1615
1698
1781
1863
1947
2030
2113
2196
2279
2362
2444
2528
2611
2693
2777
2860
2942
3025
3108
3191
3274
3357
3440
3523
3606
3689
3772
15
98
181
264
347
430
513
596
678
762
845
927
1011
1093
1177
1260
1342
1426
1508
1591
1674
1757
1840
1923
2007
2089
-1668
-1585
-1502
-1419
-1336
-1253
-1170
-1087
-1004
-921
-839
-755
-672
-589
-506
-424
-340
-258
-174
-91
-9
74
157
240
-3517
-3434
-3351
-3268
-5105
-5022
-4939
-4856
-4773
-4690
-4607
-4524
-4441
-4358
-4275
-4192
-4109
-4026
-3943
-3860
-3777
-3695
-3611
-3529
-3445
-3363
-3280
-3197
-3114
-3031
-2948
-2865
-2782
-2699
-2616
-2533
-2450
-2367
-2284
-2201
-2118
-2036
-1952
-1869
-1786
-1703
-1621
-1537
-1455
-1371
-1288
-1206
-1122
-1040
-957
-874
-791
-708
-625
-542
-459
-376
-293
-210
-127
-44
39
122
204
288
371
453
537
620
703
786
868
952
1034
1118
1201
1284
1366
1449
1532
1615
1698
1781
1864
1947
2030
2113
2196
2279
2362
2445
2528
2611
2693
2777
2860
2943
3026
3108
3192
3275
1437
1521
1603
-233
-150
-68
15
98
181
264
347
430
513
596
679
762
845
928
1011
1094
1176
1260
1343
1426
1509
1591
1675
1757
-79
4
86
170
252
335
418
501
584
667
750
833
916
1000
1082
1165
1248
1331
1414
1497
1580
1663
1746
1829
1911
-1845
-1762
-1680
-1596
-1514
-1430
-1347
-1265
-1182
-1099
-1016
-933
-850
-767
-684
-601
-518
-435
-352
-269
-186
-103
-20
63
146
229
311
394
478
561
644
727
809
893
976
1059
1142
1224
1307
1390
1473
1556
1639
1723
1805
1888
1971
2054
2137
2220
2303
2386
2469
2552
2634
2718
2801
2884
2967
-791
-707
-624
-542
-458
-376
-293
-210
-127
-44
39
122
205
288
371
454
537
620
-3137
-3054
-2971
-2888
-2805
-2723
-2639
-2556
-2473
-2390
-2308
-2224
-2142
-2058
-1975
-1893
-1809
-1727
-1644
-1561
-1478
-1395
-1312
-1229
-1146
-1063
-980
-897
-814
-731
-648
-565
-483
-399
-316
-234
-150
-67
16
99
181
265
347
430
514
596
679
762
846
928
1011
1094
1177
1260
1343
1426
1509
1592
1675
1758
1840
1924
2007
2089
2173
2256
2339
2422
2504
2588
2671
2754
2836
2919
3003
3085
3168
1331
1414
1497
1580
-2177
-2094
-2011
-1928
-1845
-1762
-1679
-1596
-1513
-1431
-3267
-3184
-3101
-3019
-2936
-2852
-2770
-2686
-2604
-2521
-2437
-2354
-2272
-2189
-2106
-2023
-1940
-1857
-1774
-1691
-1608
-1525
-1442
-1359
-1276
-1193
-1110
-1027
-944
-861
-778
-696
-612
-529
-446
-363
-281
-197
-2034
-1952
-1868
-1786
-1703
-1620
-1537
-1454
-1371
-1288
-1205
-1122
-1039
-956
-873
-790
-707
-624
-541
-458
-375
-293
-209
-126
-43
39
122
206
288
371
454
537
620
703
786
869
952
1035
1118
1201
1284
1367
1450
1533
1616
1699
1782
1865
1947
2031
2114
2197
2280
2362
2446
2529
2611
2695
2777
2861
2943
3026
3109
3192
3275
3358
3441
3524
3607
3690
3773
16
99
182
265
347
430
514
597
680
762
845
929
1011
1094
1177
1260
1344
1427
1509
1592
1676
1758
1841
1924
2007
2090
2173
2256
2339
2422
2505
-1251
-1170
-1086
-1004
-920
-837
-754
-671
-589
-506
-422
-340
-256
-174
-91
-7
75
158
241
324
407
490
573
656
739
822
905
988
-2769
-2686
-2603
-2520
-2437
-4275
-4191
-4108
-4025
-3943
-3860
-3777
-3693
-3611
-3527
-3445
-3362
-3279
-3196
-3113
-3030
-2947
-2864
-2781
-2698
-2615
-2532
-2449
-2366
-2283
-2200
-2118
-2034
-1951
-1868
-1785
-1702
-1619
-1537
-1453
-1371
-1288
-1204
-1122
-1039
-956
-873
-790
-707
-624
-2461
-2378
-2295
-2212
-2129
-2046
-1963
-1880
-1797
-1714
-1632
-1548
-1465
-1382
-1299
-1217
-1133
-1050
-968
-884
-802
-719
-636
-553
-470
-387
-304
-221
-138
-55
28
111
194
277
360
443
525
609
692
775
857
940
1024
1107
1190
1272
1355
1439
1522
1605
1687
1770
1853
1936
2019
2102
2185
2269
2351
2434
2517
2600
2683
2766
2849
2932
3014
3098
3180
3263
3346
3429
3513
3595
3679
3761
1924
2007
2090
2173
336
419
502
585
668
751
834
917
1000
1083
1166
1249
1332
1415
1498
1580
1663
1747
1830
1913
1995
2078
2162
2244
2328
2410
2493
2576
2659
-1098
-1015
-932
-849
-766
-683
-600
-517
-434
-351
-268
-185
-102
-19
63
147
229
313
396
479
562
644
727
811
893
977
1059
1143
1226
1308
-2449
-2366
-2283
-2200
-2117
-2034
-1951
-1868
-1785
-1702
-1619
-1536
-1453
-1370
-1287
-1204
-1122
-1039
-955
-872
-790
-707
-624
-540
-458
-375
-292
-209
-126
-43
40
123
206
289
372
455
538
621
704
787
870
953
1035
1119
1202
1285
1367
1450
1534
1616
1700
1782
1865
1949
2032
2115
2197
2280
2363
2446
2529
2612
2695
2778
2861
2944
3027
3110
3193
3276
3359
-399
-315
-232
-150
-66
16
99
183
-1655
-1571
-1489
-1406
-1322
-1240
-1157
-1074
-991
-908
-825
-742
-659
-4416
-4333
-4250
-4167
-4084
-4001
-3918
-3835
-3752
-3669
-3587
-3503
-3420
-3337
-3255
-3172
-3088
-3005
-2922
-2839
-2757
-2673
-2591
-2508
-2425
-2342
-2259
-2176
-2093
-2010
-1927
-1844
-1761
-1678
-1595
-1512
-1429
-1346
-1263
-1181
-1098
-1014
-932
-848
-766
-683
-600
-517
-434
-351
-268
-185
-102
-19
64
147
230
313
396
479
562
645
728
811
893
976
1060
1143
1226
1308
1391
1474
1558
1641
1723
1806
1889
1973
2055
2138
2221
2304
2387
2470
2553
2636
2719
2802
2885
2968
3051
1214
1297
1380
1462
1545
-2212
-2128
-2045
-1962
-1880
-1797
-1714
-1630
-1548
-1465
-1382
-1299
-3136
-3053
-2970
-2887
-2804
-2721
-2638
-2555
-2472
-2389
-2306
-2223
-2141
-2057
-1974
-1891
-1809
-1726
-1642
-1559
-1476
-1394
-1310
-1227
-1144
-1061
-979
-896
-813
-730
-647
-564
-481
-398
-315
-232
-149
-66
17
100
183
266
348
431
515
598
-1239
-1157
-1074
-990
-908
-825
-742
-659
-575
-492
-410
-327
-244
-161
-78
5
88
171
254
337
420
503
586
669
752
834
917
1001
1084
1167
1249
1332
1415
1499
1582
1664
1747
1830
1913
1996
2079
2162
2245
2328
2411
2494
2577
2660
2743
2826
2909
1072
1155
1237
1321
1403
1486
1569
1652
1736
1818
1901
1984
2067
2150
2233
2316
2399
2482
2565
2648
2731
2814
2897
2980
3063
3146
3229
3312
3395
3478
3560
3643
3726
-30
52
135
219
301
385
467
550
633
716
799
882
965
1048
1131
1214
1297
1380
1463
1546
1629
1712
1795
1878
1961
2044
2126
2209
2292
2376
2459
2541
2624
2707
2791
2873
2956
-801
-718
-634
-551
-469
-386
-303
-220
-137
-54
29
112
195
278
361
444
527
610
693
775
858
941
1025
1108
1191
1273
1356
1439
1523
1605
1688
1771
1854
-1903
-1820
-1737
-1654
-1571
-1488
-1405
-5162
-5079
-4996
-4913
-4830
-4747
-4665
-4582
-4498
-4416
-4333
-4249
-4166
-4083
-4001
-3918
-3835
-3752
-3668
-3586
-3503
-3420
-3337
-3254
-3171
-3088
-3005
-2922
-2839
-2756
-2673
-2590
-2507
-2424
-2341
-2259
-2176
-2093
-2009
-1926
-1843
-1761
-1678
-1594
-1512
-1429
-1346
-1263
-1179
-1097
-1014
-931
-848
-2685
-2602
-2519
-2436
-2353
-2270
-2187
-2104
-2021
-1938
-1855
-1773
-1690
-1606
-1523
-1440
-1358
-1275
-1192
-1109
-1026
-943
-860
-776
-694
-611
-528
-445
-362
-279
-196
-113
-30
53
136
219
302
385
468
551
634
717
799
882
965
1049
1131
1214
1297
1380
1464
1546
1629
1712
1795
1878
41
124
207
290
373
456
539
622
705
788
871
953
1037
1120
1202
1285
1368
1452
1534
1617
1700
1783
1866
1949
2032
2115
2198
2281
2364
2447
2530
2613
2696
2779
942
1025
1108
1191
-646
-563
-480
-398
-315
-232
-148
-65
17
101
183
266
349
432
515
598
681
764
847
930
1013
1096
1179
1262
1345
1428
1511
1594
1677
1759
1843
1925
2008
2091
2175
-1583
-1499
-1416
-1334
-1251
-1168
-1085
-1002
-919
-836
-753
-670
-587
-504
-421
-338
-255
-172
-89
-6
77
160
243
325
408
491
575
657
740
823
907
990
1072
1155
1238
1321
-2436
-2353
-2270
-2187
-2104
-2021
-1938
-1855
-1772
-1689
-1606
-1523
-1440
-1357
-1274
-1191
-1108
-1026
-943
-860
-776
-693
-611
-528
-445
-361
-279
-196
-113
-30
53
136
219
302
385
468
551
634
717
800
883
966
1049
1132
1215
1297
1380
1464
1547
1629
1712
1795
1878
1961
2044
2127
2210
2293
2376
2459
2542
2625
2708
2791
2874
2957
3040
3123
3206
3289
3372
3455
3538
3621
3703
3786
3870
3952
4035
4118
4202
4284
4367
4450
693
776
860
942
1025
1108
1191
1274
1357
1440
-397
-314
-231
-149
-65
18
101
184
266
350
433
515
598
681
765
-4912
-4830
-4747
-4664
-4580
-4498
-4415
-4332
-4249
-4166
-4083
-4000
-3917
-3834
-3751
-3668
-3585
-3502
-3419
-3336
-3253
-3170
-3087
-3005
-2922
-2839
-2756
-2672
-2590
-2507
-2424
-2341
-2257
-2175
-2092
-2009
-1926
-1843
-1760
-1677
-1594
-1511
-1428
-1345
-1262
-1179
-1096
-1013
-930
-847
-764
-682
-599
-516
-432
-350
-267
-184
-101
-17
65
148
231
314
397
480
563
646
729
812
895
978
1061
1143
1227
1310
1393
1476
1558
1642
1724
1807
1890
1973
2057
2140
2223
2305
2388
2471
2554
2637
2720
2803
2886
2969
3052
3135
3218
3301
3384
3467
3550
3633
3716
3799
3882
3965
4047
290
373
456
539
622
705
-3052
-2969
-2886
-2803
-2720
-2637
-2554
-2471
-2388
-2305
-2222
-2139
-2056
-1973
-3810
-3727
-3644
-3561
-3478
-3395
-3312
-3229
-3147
-3064
-2980
-2897
-2815
-2732
-2649
-2566
-2483
-2400
-2317
-2234
-2150
-2068
-1985
-1902
-1819
-1736
-1653
-1570
-1487
-1404
-1321
-1238
-1155
-1072
-989
-906
-823
-741
-658
-575
-492
-409
-326
-243
-160
-77
6
89
172
255
338
421
504
587
-1250
-1167
-1084
-1001
-919
-835
-752
-669
-586
-503
-420
-337
-255
-172
-89
-6
78
161
243
326
409
492
575
658
741
824
907
990
1073
1156
1239
1322
1405
1488
1571
-266
-183
-100
-17
65
148
231
314
397
480
563
647
729
812
895
978
1061
1144
1227
1310
1393
1476
1559
1642
1725
1808
1891
54
137
220
303
386
469
551
634
717
800
883
966
1049
1132
1215
1298
1381
1464
1547
1630
1713
1796
1879
1962
2045
2128
2211
2294
2376
2460
2543
2626
2709
2791
2874
2957
3040
3123
-634
-550
-467
-385
-302
-219
-136
-53
30
113
196
279
362
445
528
611
694
777
860
943
1026
1109
1192
1274
1357
1440
1524
1606
1689
1772
1855
1939
2021
2104
2187
2270
2354
2436
2519
2602
2685
2768
2851
2934
-823
-740
-657
-574
-491
-408
-326
-242
-159
-76
6
89
173
256
339
421
504
587
670
753
836
919
1003
1085
1168
1251
1333
1417
1500
1583
1666
1748
1832
1915
1998
2081
2163
2247
2329
2412
-1345
-1262
-1179
-1096
-1013
-930
-847
-4604
-4521
-4438
-4355
-4272
-4189
-4106
-4023
-3940
-3857
-3774
-3691
-3608
-3525
-3442
-3359
-3276
-3193
-3110
-3027
-2944
-2861
-2778
-2696
-2613
-2529
-2446
-2364
-2281
-2198
-2114
-2031
-1949
-1866
-1783
-1700
-1617
-1534
-1451
-1368
-1285
-1202
-1120
-1036
-954
-870
-787
-704
-621
-539
-456
-373
-290
-207
-124
-40
42
125
208
291
374
457
-1380
-1297
-3135
-3051
-2968
-2885
-2802
-2720
-2636
-2553
-2470
-2387
-2305
-2221
-2138
-2056
-1973
-1890
-1806
-1723
-1641
-1558
-1475
-1392
-1309
-1226
-1143
-1060
-977
-894
-811
-728
-645
-562
-479
-396
-313
-231
-147
-64
19
102
184
267
351
433
516
599
682
766
849
931
1014
1097
1180
1263
1346
1429
1512
1595
1678
1761
1843
1927
2010
2093
2176
2258
422
505
588
671
753
837
920
1002
1085
1168
1252
1334
1417
1500
1583
1666
1749
1832
1915
1997
2081
2164
2247
2330
2412
2496
2579
2662
2745
2827
2911
2994
3077
3159
3242
3326
3408
3492
3574
3657
3740
-17
66
149
232
316
-1522
-1439
-1356
-1274
-1190
-1107
-1024
-941
-858
-775
-693
-609
-526
-444
-360
-278
-195
-112
-29
54
137
220
303
386
469
552
635
718
801
884
967
1050
1133
1215
1299
1382
1465
1548
1630
1714
1797
1880
-1877
-1795
-1711
-1629
-1545
-1463
-1380
-1297
-1214
-1131
-1048
-965
-882
-799
-716
-633
-550
-467
-384
-301
-218
-135
-52
31
114
197
279
363
446
529
612
694
777
860
943
1026
1109
1192
1275
1358
1441
1524
-2233
-2150
-2067
-1984
-1902
-1818
-1735
-1652
-1569
-1487
-1403
-1320
-1237
-1154
-1072
-988
-905
-822
-740
-657
-2494
-2410
-2327
-2245
-2162
-2079
-1995
-1913
-1830
-1747
-1664
-1581
-1498
-1415
-1332
-1249
-1166
-1083
-1000
-918
-835
-751
-668
-585
-502
-420
-337
-254
-171
-88
-5
79
162
244
327
410
493
576
659
742
825
908
991
1074
1156
1240
1323
1406
1489
1571
1655
1738
1821
1903
1986
2069
2152
2235
2318
2401
2485
2567
2650
2733
2816
2899
2982
3065
3148
3231
3314
3397
3480
3563
3646
3729
3812
3895
3978
4060
304
387
470
552
635
718
801
885
968
1050
1133
1216
-621
-538
-455
-372
-289
-206
-123
-41
43
126
209
292
375
458
540
624
707
-3050
-4887
-4804
-4722
-4639
-4556
-4473
-4390
-4307
-4224
-4141
-4058
-3975
-3892
-3809
-3726
-3643
-3560
-3477
-3394
-3311
-3228
-3145
-3062
-2979
-2897
-2813
-2731
-2647
-2564
-2482
-2398
-2316
-2233
-2150
-2067
-1984
-1901
-1817
-1735
-1652
-1569
-1486
-1403
-1320
-1237
-1154
-1071
-988
-905
-822
-739
-656
-573
-490
-408
-324
-242
-158
-75
7
90
173
256
339
422
505
588
671
754
837
920
1003
1086
1169
1252
1335
1418
1501
1584
1666
1750
1832
1916
1999
2081
2165
2248
2330
2413
2496
2579
2662
2745
2828
2911
2994
3077
3160
3243
3326
3409
3492
3575
3658
3741
3824
3906
3990
4073
2235
2319
2401
2485
2568
2650
2734
2816
2899
2982
3065
3148
3231
3314
3397
3480
3563
3646
3729
3812
55
138
221
304
387
469
553
-3204
-3121
-3038
-2956
-2872
-2789
-2706
-2623
-2541
-2458
-2375
-2291
-2209
-2126
-2042
-1960
-1877
-3714
-3631
-3548
-3465
-3382
-3299
-3216
-3133
-3051
-2967
-2884
-2801
-2718
-2636
-2552
-2469
-2386
-2304
-2221
-2137
-2054
-1972
-1889
-1806
-1723
-1639
-1557
-1474
-1391
-1308
-1225
-1142
-1059
-976
-893
-810
-728
-644
-561
-478
-395
-312
-229
-146
-64
20
102
186
268
352
434
517
600
683
766
849
932
1015
1098
1181
1264
1347
1430
1513
1595
-2161
-2078
-1995
-1912
-1829
-1746
-1663
-1580
-1498
-1414
-1331
-1249
-1165
-1083
-1000
-917
-834
-751
-668
-585
-502
-419
-336
-253
-170
-87
-4
79
162
245
328
411
494
577
659
743
825
909
991
1075
1158
-680
-596
-514
-431
-348
-265
-182
-99
-16
67
150
233
316
399
482
564
648
731
814
897
979
1063
1145
1229
1311
1394
1478
1560
1644
1726
1809
1892
55
138
221
304
387
470
553
636
719
802
885
968
1051
1134
1217
1299
1383
1465
1548
1632
1714
1798
1881
1963
2047
2129
2212
2295
2378
2462
2544
2628
2710
2793
2876
2959
1122
1205
1288
1371
1454
1537
1620
1702
1786
1869
-1888
-1805
-1723
-1639
-1556
-1473
-1391
-1308
-1225
-1142
-1059
-976
-893
-810
-727
-644
-561
-478
-395
-312
-229
-146
-63
20
102
186
268
352
435
517
601
684
766
850
932
1016
1099
1181
1264
1347
1430
1513
1596
1679
1762
1845
1928
2011
2094
2177
2260
2342
-1415
-1331
-1248
-1165
-1082
-999
-916
-833
-751
-667
-585
-501
-418
-336
-253
-170
-87
-4
79
162
245
328
411
494
577
660
743
826
909
992
1075
1158
1241
1324
1407
1489
1573
1655
1739
1822
1904
1988
2070
2153
2236
2319
2402
-1355
-1272
-1189
-1106
-1023
-940
-857
-774
-691
-4448
-4365
-4282
-4199
-4116
-4033
-3950
-3868
-3784
-3702
-3618
-3535
-3452
-3370
-3287
-3203
-3121
-3038
-2955
-2872
-2788
-2706
-2623
-2540
-2457
-2374
-2291
-2208
-2125
-2042
-1959
-1876
-1793
-1710
-1627
-1544
-1462
-1378
-1296
-1213
-1129
-1046
-964
-881
-798
-715
-632
-549
-466
-383
-300
-217
-134
-51
32
115
198
281
363
447
530
613
696
778
861
945
1028
1111
1193
1277
1360
1442
1525
-312
-229
-2065
-1983
-1900
-1817
-1734
-1651
-1568
-1485
-1402
-1319
-1236
-1153
-1070
-987
-905
-821
-738
-655
-573
-490
-406
-323
-240
-158
-75
-1912
-1829
-1746
-1663
-1580
-1497
-1414
-1331
-1248
-1165
-1082
-999
-916
-833
-750
-667
-585
-501
-419
-335
-252
-169
-86
-4
80
163
245
328
411
494
577
660
743
826
909
992
1075
1158
1241
1324
1407
1490
1573
1655
1738
1822
1905
1988
2070
2154
2237
2320
2402
2485
648
732
814
898
980
1063
1146
1229
1312
1395
1478
1561
1644
1727
1810
1893
1976
2058
2142
2224
2308
2391
2474
2557
2639
2722
2805
2888
2971
3054
3137
3220
3303
3386
3469
3552
3635
3718
3801
3884
3967
4050
4133
4216
4299
4381
4465
4548
4631
873
957
1040
1123
1205
1288
-2469
-2385
-2302
-2219
-2137
-2054
-1971
-1888
-1805
-1722
-1639
-1555
-1473
-1390
-1307
-1224
-1141
-1058
-975
-893
-809
-726
-643
-560
-478
-395
-311
-229
-145
-63
20
104
186
270
352
435
518
601
684
767
850
933
1016
1099
1182
1265
1348
1431
1514
1596
-2160
-2077
-1994
-1911
-1829
-1745
-1662
-1580
-1496
-1414
-1331
-1247
-1165
-1082
-999
-916
-833
-750
-667
-584
-501
-418
-335
-252
-169
-86
-3
80
163
245
328
412
495
578
660
743
827
910
993
1075
1158
1242
1324
1407
1490
1573
1657
1739
1822
1905
-1852
-1769
-1686
-1603
-1520
-1437
-1354
-1271
-1188
-3026
-2943
-2859
-2776
-2693
-2611
-2528
-2444
-2362
-2278
-2196
-2113
-2029
-1947
-1864
-3701
-3618
-3535
-3452
-3369
-3286
-3203
-3120
-3037
-2954
-2871
-2789
-2705
-2622
-2539
-2456
-2374
-2290
-2207
-2124
-2042
-1959
-1875
-1792
-1710
-1627
-1544
-1461
-1378
-1295
-1212
-1129
-1046
-963
-880
-797
-714
-631
-548
-465
-383
-300
-216
-133
-50
33
115
199
281
365
447
530
613
696
779
862
945
1028
1111
1194
1277
1360
1443
1526
1609
1692
1775
1857
1941
2024
2106
2189
2273
2356
2438
2521
2604
2688
2771
2854
2936
3019
3102
3185
3268
3351
3434
3517
3600
3683
3766
3849
3932
4015
258
340
423
506
590
673
756
838
921
1004
1088
1170
1253
1336
1420
-417
-335
-252
-169
-86
-3
80
163
246
329
412
495
578
661
744
827
909
992
1076
1159
1242
-4436
-4353
-4269
-4186
-4103
-4021
-3938
-3854
-3772
-3689
-3606
-3523
-3440
-3357
-3274
-3191
-3108
-3025
-2942
-2859
-2776
-2693
-2610
-2527
-2444
-2362
-2279
-2195
-2112
-2029
-1947
-1864
-1780
-1697
-1614
-1532
-1449
-1365
-1283
-1200
-1117
-1034
-950
-868
-785
-702
-619
-536
-453
-370
-287
-204
-121
-38
45
127
210
294
377
459
542
625
709
791
874
957
1040
1123
1206
1289
1372
1455
1538
-299
-216
-133
-50
33
116
199
281
364
447
531
614
697
779
862
946
1029
1111
1194
1277
1360
1443
1526
1609
1692
1775
1858
1941
2024
2107
2190
2273
2356
2439
2522
2604
2688
2770
2853
2937
3019
3103
3186
3268
3351
3434
3518
3600
3683
3766
3849
3932
4015
4098
4181
4264
2427
2510
2593
2676
2759
2842
2925
3007
3090
3174
3257
3339
3422
3506
3589
3671
3754
3837
3920
4004
4087
4169
4252
4335
4418
661
744
827
910
993
1076
1159
1242
-2515
-2432
-2349
-2266
-2184
-2100
-2017
-1934
-1851
-1768
-1685
-1602
-1520
-1437
-1354
-1271
-1187
-1104
-1022
-939
-4696
-4613
-4530
-4447
-4364
-4281
-4198
-4115
-4032
-3949
-3866
-3783
-3700
-3618
-3535
-3451
-3368
-3285
-3203
-3120
-3037
-2954
-2871
-2788
-2705
-2621
-2538
-2456
-2373
-2290
-2207
-2124
-2041
-1958
-1874
-1792
-1709
-1626
-1543
-1460
-1377
-1295
-1211
-1128
-1045
-963
-880
-796
-713
-631
-548
-465
-381
-299
-216
-133
-50
33
116
199
282
365
448
531
614
697
780
863
946
1029
1112
1195
1277
1360
1443
1527
1609
-2147
-2065
-1982
-1898
-1816
-1733
-1650
-1567
-1484
-1401
-1318
-1235
-1152
-1069
-986
-903
-820
-737
-654
-571
-488
-405
-323
-240
-156
-73
10
92
175
258
342
424
-1412
-1330
-1247
-1163
-1081
-998
-915
-832
-749
-666
-583
-500
-417
-334
-251
-168
-85
-1922
-1839
-1757
-1674
-1591
-1507
-1424
-1341
-1259
-1176
-1093
-1009
-927
-844
-761
-678
-595
-512
-429
-346
-263
-180
-97
-14
69
152
235
318
401
484
566
650
733
815
899
982
1065
1147
-690
-607
-524
-441
-358
-275
-192
-109
-26
57
140
223
306
389
472
555
638
721
804
887
970
1053
1135
1219
1302
1384
1468
1550
1634
1716
1799
1882
1965
2048
2131
2214
2297
2380
2463
2546
2629
2712
2795
958
1041
1124
1207
1290
1373
1455
1538
1622
1705
1787
1870
-1887
-1804
-1721
-1638
-1555
-1472
-1388
-1306
-1223
-1140
-1057
-974
-891
-808
-725
-642
-559
-476
-393
-310
-227
-144
-62
22
105
187
270
353
437
520
602
685
768
852
935
1017
1100
1183
1266
1349
1432
1515
1598
1681
1764
1847
1930
2013
2096
2179
2261
2345
2428
2510
2593
2676
2760
2843
2925
3008
3091
3174
-582
-500
-417
-334
-251
-168
-85
-2
81
164
247
330
413
496
579
662
745
828
911
993
1076
1159
1243
1325
1408
1491
1574
1657
1740
1823
1906
1989
2072
2155
2238
2321
2404
2487
2570
2653
2736
2819
2902
2985
3068
3151
3233
1396
1479
1563
1646
1728
1811
1895
1978
2061
-1696
-1614
-1531
-1448
-1365
-1282
-1199
-1116
-1033
-950
-4707
-4624
-4541
-4458
-4375
-4292
-4209
-4126
-4044
-3961
-3878
-3794
-3712
-3628
-3545
-3462
-3380
-3297
-3214
-3131
-3047
-2965
-2882
-2799
-2716
-2633
-2550
-2467
-2384
-2301
-2218
-2135
-2052
-1969
-1886
-1804
-1720
-1637
-1554
-1472
-1389
-1305
-1222
-1140
-1057
-974
-891
-808
-725
-642
-559
-476
-393
-310
-227
-144
-61
22
105
188
271
354
437
520
603
686
768
851
935
1018
1101
1183
1266
1349
1432
1515
1598
1681
1764
1848
1930
2013
2096
2179
2262
2345
2428
2511
674
757
-3000
-2917
-2834
-2751
-2669
-2586
-2503
-2420
-2336
-2254
-2171
-2088
-2005
-1922
-1839
-1756
-1673
-1590
-1507
-1424
-1341
-1258
-1175
-1092
-1009
-926
-843
-760
-677
-2514
-2431
-2348
-2266
-2182
-2099
-2017
-1934
-1851
-1767
-1684
-1602
-1519
-1436
-1352
-1270
-1187
-1104
-1021
-938
-855
-772
-689
-606
-523
-440
-357
-274
-191
-108
-25
58
141
223
306
389
472
556
638
721
804
887
970
1053
1136
1219
1302
1385
1468
1551
1634
1717
1800
1883
1966
2049
2132
2215
2298
2381
2464
2546
2629
2712
2796
959
1041
1124
1207
1290
1373
1456
1539
1622
1705
1788
1871
1954
2037
2120
283
366
449
532
615
698
781
864
946
1030
1112
1195
1278
1361
1445
1528
1611
1693
1776
1859
1942
2025
2108
2191
2274
2357
2440
2523
2606
2689
2772
2855
2938
3021
3104
3187
3270
3352
3435
3519
3601
3684
3767
10
94
176
259
342
425
509
-3249
-3166
-3083
-3000
-2917
-2834
-2751
-2668
-2585
-2502
-2419
-2336
-2253
-2170
-2087
-2004
-1921
-1839
-1756
-1673
-1589
-1506
-1424
-1341
-1258
-1175
-1092
-1009
-926
-842
-760
-677
-594
-511
-428
-345
-262
-179
-96
-13
70
153
236
319
402
484
567
650
733
817
899
982
1065
1148
1231
1314
1397
1480
1563
-2194
-2111
-2028
-1945
-1862
-1779
-1696
-1613
-1530
-1447
-1364
-1281
-1198
-1115
-1032
-949
-866
-783
-701
-618
-534
-451
-369
-286
-203
-119
-36
46
129
212
295
378
461
544
627
710
793
876
959
1042
1125
1208
1291
1373
1456
1540
1622
1705
1788
1871
1954
2037
2120
2203
2286
2369
2452
2535
2618
-1140
-1056
-973
-890
-807
-725
-641
-558
-475
-392
-310
-226
-2063
-1981
-1898
-1815
-1731
-1648
-1566
-1483
-1400
-1316
-1234
-1151
-1068
-985
-901
-819
-736
-2573
-2490
-2407
-2324
-2241
-2158
-2075
-1992
-1909
-1826
-1743
-1660
-1577
-1495
-1412
-1329
-1246
-1162
-1079
-996
-914
-2751
-2668
-2585
-2502
-2419
-2336
-2253
-2170
-2087
-2004
-1922
-1838
-1755
-1672
-1589
-1506
-1423
-1340
-1257
-1174
-1091
-1008
-925
-843
-760
-677
-593
-510
-428
-345
-262
-178
-96
-13
70
153
236
319
402
485
568
651
734
817
900
982
1066
1149
1232
1314
1397
1481
1564
1647
1729
1812
1895
1978
2061
2144
2227
2311
2394
2476
2559
2641
2725
2808
2891
2974
3056
3140
3223
3306
3389
3471
3555
3637
3720
3803
3886
3969
4052
4135
4218
4301
4384
4467
4550
4633
4716
4799
1042
1125
1208
1290
1374
1457
1540
1623
1705
1789
1872
1955
2038
2120
2204
2287
2369
-1388
-1305
-1221
-1138
-1056
-973
-890
-806
-724
-641
-558
-476
-392
-309
-226
-143
-60
23
106
189
272
354
438
521
604
-5073
-4991
-4907
-4825
-4742
-4659
-4576
-4492
-4410
-4327
-4244
-4161
-4078
-3995
-3912
-3829
-3747
-3663
-3580
-3497
-3414
-3332
-3248
-3165
-3082
-2999
-2917
-2833
-2750
-2667
-2585
-2502
-2419
-2335
-2252
-2170
-2087
-2004
-1920
-1837
-1755
-1672
-1589
-1506
-1423
-1340
-1257
-1174
-1091
-1008
-925
-843
-759
-676
-593
-510
-428
-344
-261
-179
-96
-13
70
154
236
319
402
485
568
651
734
817
900
983
1066
1149
1231
1315
1398
1481
1564
1646
1730
1813
-25
58
141
-1695
-1613
-1530
-1447
-1364
-1280
-1198
-1115
-1032
-949
-866
-783
-700
-617
-534
-451
-368
-285
-202
-119
-36
47
130
213
296
379
462
545
627
710
793
876
960
1043
1125
1208
1291
1374
1457
1540
1623
1706
1789
1872
1954
2038
2121
2204
2287
2369
2453
2536
2618
2702
2784
2868
2950
3033
3116
3199
3283
3365
3448
3531
3614
3697
3780
1943
2026
2109
2192
2275
2358
2441
2524
2607
2690
2773
2856
2938
3021
3104
3188
3271
3353
3436
3519
3603
3685
3768
3851
3934
4017
4100
4183
4266
509
592
675
758
841
924
1007
1090
1173
1256
-2501
-2418
-2335
-2253
-2169
-2087
-2003
-1920
-1838
-1755
-1672
-1589
-1506
-1423
-1339
-1257
-1174
-1091
-1008
-925
-842
-759
-676
-593
-4350
-4267
-4184
-4101
-4018
-3935
-3852
-3769
-3686
-3604
-3520
-3437
-3354
-3272
-3189
-3106
-3023
-2940
-2857
-2774
-2691
-2608
-2525
-2442
-2359
-2276
-2193
-2110
-2027
-1944
-1861
-1778
-1695
-1612
-1530
-1446
-1363
-1280
-1197
-1114
-1031
-948
-866
-783
-700
-617
-533
-450
-368
-285
-202
-119
-36
47
130
213
296
379
462
544
628
711
794
877
959
1043
1126
1209
1292
1374
1457
1540
1623
1706
1789
1873
1955
2038
2121
2204
2287
2370
2453
2536
2619
782
864
948
1031
1114
1197
-2561
-2477
-2394
-2311
-2228
-2146
-2062
-1979
-1897
-1814
-1731
-1647
-1564
-1482
-1399
-1316
-1233
-1150
-1067
-984
-901
-817
-735
-653
-569
-486
-403
-320
-237
-154
-71
12
95
177
261
343
426
509
592
-1244
-1162
-1079
-996
-913
-830
-747
-664
-581
-498
-415
-332
-249
-166
-83
0
83
166
249
332
-1505
-1422
-1339
-1256
-1174
-1090
-1008
-924
-841
-759
-676
-593
-509
-427
-344
-261
-178
-95
-12
71
154
237
320
403
486
569
652
735
818
900
984
1066
1150
1233
1315
1399
1481
1564
1647
1730
1813
1896
1979
2062
-1694
-1612
-1529
-1446
-1363
-1281
-1197
-1114
-1031
-948
-865
-782
-700
-616
-533
-451
-367
-285
-201
-119
-36
47
130
214
296
379
462
545
628
711
794
877
960
1043
1126
1209
1292
1375
1458
1541
1624
1707
1789
1873
1956
2039
2122
2204
2287
2370
2453
2536
699
783
865
948
1031
1114
1197
1280
1363
1446
1529
1612
1695
-2063
-1979
-1896
-1813
-1730
-1648
-1564
-1481
-1398
-1316
-1233
-1150
-1067
-983
-901
-818
-734
-652
-569
-486
-403
-320
-237
-154
-71
12
95
178
261
344
427
510
592
676
759
841
925
1007
1090
1173
1256
1339
1422
1506
1588
-249
-166
-83
0
83
166
249
332
415
498
580
664
747
830
913
995
1079
1162
1245
1328
1410
1494
1576
1659
1742
1825
1908
1991
2074
-1683
-1600
-1517
-1434
-1351
-1268
-1185
-1102
-1019
-936
-853
-770
-687
-604
-521
-438
-356
-272
-190
-106
-23
59
143
225
308
391
474
557
640
723
806
889
972
1055
1138
1221
1304
1387
1470
1552
1636
1719
1802
1885
1967
2051
2133
2217
2299
2383
2466
2548
2632
2714
2797
2880
1043
1127
1209
1292
1375
1458
1541
1624
1707
1790
1873
-1884
-1801
-1718
-1635
-1552
-1469
-1387
-1303
-1220
-1138
-1054
-971
-888
-4645
-4563
-4480
-4397
-4314
-4231
-4147
-4065
-3982
-3899
-3816
-3733
-3650
-3567
-3484
-3401
-3318
-3235
-3152
-3069
-2986
-2904
-2820
-2737
-2654
-2571
-2488
-2405
-2323
-2240
-2157
-2074
-1990
-1908
-1825
-1742
-1659
-1576
-1493
-1410
-1327
-1244
-1161
-1078
-995
-912
-829
-746
-663
-580
-498
-415
-331
-248
-165
-83
0
83
166
249
332
415
499
581
664
747
830
913
996
1079
1162
1245
1328
1411
1493
1576
1660
1743
1825
1909
1991
2075
2158
2240
2324
2406
2489
2572
2655
2738
2821
2904
2987
3070
3153
3236
3319
3402
3485
3568
3651
3733
3817
3900
2063
2145
-1611
-1528
-1445
-3282
-3199
-3117
-3033
-2951
-2868
-2785
-2702
-2618
-2536
-2453
-2370
-2287
-2204
-2121
-2038
-1955
-1872
-1789
-1706
-1623
-1540
-1457
-1374
-1291
-1208
-1125
-1042
-959
-877
-793
-711
-2547
-2465
-2382
-2299
-2216
-2133
-2050
-1967
-1884
-1801
-1718
-1635
-1552
-1469
-1386
-1303
-1220
-1137
-1054
-971
-888
-805
-722
-639
-557
-474
-390
-307
-224
-142
-59
24
107
190
273
356
439
522
605
688
771
854
937
1020
1103
1186
1269
1352
1435
1518
1601
1684
1766
1850
1932
2016
2099
2181
2265
2347
2430
2513
2596
2679
2762
2845
2928
3011
3094
3177
3260
3343
3426
3509
3591
3675
3758
1
84
166
249
333
415
499
581
664
748
830
913
996
1079
1162
1245
1328
1411
-426
-343
-260
-177
-94
-11
72
155
238
321
403
487
570
653
735
818
902
985
1068
1150
1233
1316
1399
1482
1565
1648
1731
1814
1897
1980
2063
2146
2229
2312
2395
2478
2561
2644
2727
2809
2893
2976
3058
3141
3224
3308
3391
3473
3556
3639
3722
-35
48
131
214
297
380
463
546
-3211
-3128
-3045
-2962
-2879
-2796
-2714
-2630
-2547
-2464
-2381
-2298
-2215
-2132
-2049
-1967
-1884
-1800
-1717
-1635
-1552
-1469
-1386
-1303
-1219
-1137
-1054
-971
-888
-805
-722
-639
-2476
-2393
-2310
-2228
-2145
-2061
-1978
-1895
-1812
-1730
-1646
-1564
-1480
-1398
-1315
-1231
-1149
-1066
-983
-900
-817
-734
-651
-568
-485
-402
-319
-236
-153
-70
13
96
179
262
344
428
511
594
-3164
-3081
-2997
-2914
-2831
-2749
-2666
-2582
-2500
-2417
-2334
-2251
-2167
-2085
-2002
-1919
-1836
-1752
-1670
-1587
-1504
-1422
-1338
-1255
-1172
-1089
-1006
-923
-841
-757
-675
-592
-508
-425
-342
-260
-177
-94
-11
72
155
238
321
404
487
570
653
736
819
902
984
1067
1151
1234
1317
1399
1482
1566
1649
1732
1814
1897
1981
2064
2146
2229
2312
2395
2478
2561
2644
-1113
-1030
-947
-864
-781
-698
-615
-532
-449
-366
-283
-200
-117
-34
-1872
-1789
-1705
-1622
-1539
-1457
-1373
-1291
-1208
-1125
-1042
-959
-875
-793
-710
-627
-544
-461
-378
-295
-212
-2049
-1966
-1883
-1800
-1718
-1635
-1551
-1468
-1385
-1303
-1220
-1136
-1054
-971
-888
-805
-721
-639
-556
-473
-390
-307
-224
-141
-1978
-1895
-1812
-1729
-1646
-1563
-1481
-1397
-1314
-1231
-1148
-1066
-982
-899
-816
-734
-651
-568
-485
-402
-319
-236
-153
-70
13
96
179
262
345
428
511
594
677
760
843
925
1009
1092
1175
1258
1341
1423
1507
1589
1673
1755
1838
1921
2004
2087
250
333
416
499
582
665
748
831
914
997
1080
1162
1245
1329
1412
1494
1577
1661
1744
1827
1909
1992
2075
2159
2242
2324
2407
2490
2573
2656
2739
2822
2905
2988
3071
3154
3237
3320
3403
3486
3568
3651
3734
3818
3901
3984
4067
4149
4232
4316
4398
4481
4564
4647
4731
4813
4896
4979
5062
1305
1388
1471
1554
1637
1720
1803
1886
1969
2052
2135
2218
2300
2384
2467
2550
2632
2715
2798
2882
2965
-793
-710
-627
-544
-461
-378
-295
-212
-129
-46
37
120
203
286
369
452
535
618
701
784
867
950
1032
1116
1199
1281
1364
1447
1531
-6066
-5983
-5901
-5818
-5735
-5652
-5569
-5486
-5403
-5320
-5236
-5154
-5071
-4988
-4905
-4822
-4739
-4656
-4573
-4490
-4407
-4325
-4242
-4158
-4075
-3992
-3910
-3826
-3743
-3660
-3577
-3495
-3412
-3329
-3246
-3163
-3080
-2997
-2914
-2831
-2748
-2665
-2582
-2499
-2416
-2333
-2250
-2167
-2085
-2001
-1918
-1835
-1753
-1669
-1587
-1503
-1420
-1338
-1255
-1172
-1088
-1006
-923
-840
-757
-673
-591
-508
-425
-342
-259
-176
-93
-10
73
155
238
321
405
487
571
654
736
820
902
986
1068
1151
1234
1317
1400
1483
1566
1649
1732
1815
1898
1981
2064
2147
2230
393
476
558
-1278
-1195
-1112
-1030
-946
-2783
-2701
-2618
-2535
-2452
-2368
-2285
-2203
-2120
-2037
-1954
-1871
-1788
-1705
-1622
-1539
-1456
-1373
-1290
-1207
-1124
-1041
-958
-875
-792
-709
-626
-543
-460
-377
-295
-212
-129
-46
38
120
204
286
369
452
535
618
701
784
867
950
1033
1116
1199
1282
1365
1448
1531
1613
1696
1780
1863
1945
2028
2111
2194
2277
2360
2443
2527
2609
2692
2775
2858
2941
3024
3107
3190
3273
3356
1519
1602
1685
1768
1851
1933
2017
2100
2183
2265
2348
2432
2515
2597
2680
2763
2847
2929
3012
3095
3178
3261
3344
3427
3510
3593
3676
3759
3842
3925
4008
4091
4174
4257
500
582
666
748
831
915
998
1081
1163
1246
1330
1412
-2344
-2262
-2179
-2096
-2013
-1930
-1847
-1764
-1681
-1598
-1515
-1432
-1349
-1266
-1183
-1100
-1017
-935
-852
-769
-685
-602
-519
-437
-354
-270
-188
-105
-22
-3779
-3696
-3613
-3530
-3447
-3364
-3281
-3198
-3115
-3032
-2949
-2866
-2783
-2700
-2617
-2534
-2451
-2369
-2286
-2202
-2119
-2036
-1954
-1871
-1787
-1705
-1621
-1539
-1456
-1373
-1290
-1207
-1124
-1041
-958
-875
-792
-709
-626
-543
-460
-377
-294
-211
-129
-46
38
121
204
287
370
453
536
618
701
784
867
951
1033
1116
1199
1282
1365
1448
1531
1614
1697
1780
-57
26
109
192
275
357
441
524
606
690
773
856
938
1021
1104
1187
1270
1353
1436
1519
1602
1685
1768
1851
1934
2017
2100
2183
2266
2349
2432
2515
2598
761
844
926
1010
1093
1176
1259
-2499
-2416
-2333
-2249
-2167
-2084
-2000
-1917
-1835
-1752
-1669
-1586
-1503
-1420
-1337
-1254
-1171
-1088
-1005
-922
-839
-756
-673
-591
-507
-424
-341
-259
-176
-92
-10
73
156
240
323
406
488
571
654
737
820
903
986
1069
1152
1235
-602
-519
-436
-353
-270
-187
-104
-22
61
144
227
311
393
476
559
643
726
808
891
974
1057
1140
1223
1306
-2451
-2368
-2285
-2202
-2119
-2036
-1953
-1870
-1787
-1704
-1622
-1539
-1456
-1373
-1289
-1207
-1123
-1041
-958
-875
-792
-709
-626
-543
-460
-377
-294
-211
-128
-45
38
121
204
287
370
453
536
619
701
784
868
951
1034
1117
1199
1282
1366
1448
1531
1614
1697
1781
1863
-1894
-1811
-1728
-1645
-1562
-1479
-1396
-1313
-1230
-1147
-1064
-981
-898
-816
-733
-650
-566
-484
-400
-317
-235
-152
-69
14
97
180
263
346
429
512
595
678
761
844
927
1009
1093
1176
1259
1342
1425
1508
1591
1674
1757
1839
1923
2006
2089
2171
2254
2337
2420
2504
2586
2669
832
915
998
1081
1164
-673
-590
-507
-424
-341
-258
-175
-92
-9
74
156
239
323
406
488
571
-3186
-3103
-3020
-2937
-2854
-2771
-2688
-2605
-2522
-2439
-2356
-2273
-2190
-2107
-2024
-1941
-1858
-1775
-1692
-1609
-1526
-1443
-1360
-1278
-1195
-1111
-1028
-946
-863
-780
-697
-613
-531
-448
-365
-282
-199
-116
-33
50
133
216
299
382
465
548
631
714
797
880
963
1046
1129
-709
-626
-543
-459
-376
-294
-211
-128
-44
39
121
204
287
370
453
536
619
702
785
868
951
1034
1117
1200
1283
1366
1448
1531
1614
1697
1780
1863
1946
2029
2112
-1645
-1562
-1479
-1396
-1313
-1230
-1147
-1064
-981
-898
-815
-732
-649
-566
-483
-400
-317
-234
-151
-68
15
97
180
264
347
429
512
595
679
762
844
927
1010
1093
1176
1259
1342
1425
1508
1591
1674
1757
1840
1923
2006
2089
2172
2255
2337
2420
2503
2586
2669
2753
2836
2919
3001
3084
3167
3250
3333
3416
3499
3582
3665
3748
1911
1993
2077
2160
2243
2326
2408
2492
2575
2657
2740
2823
2907
-850
-767
-685
-602
-518
-435
-353
-270
-187
-103
-20
62
145
227
311
-3446
-3363
-3280
-3197
-3114
-3031
-2948
-2865
-2782
-2699
-2616
-2533
-2451
-2368
-2284
-4121
-4038
-3956
-3873
-3789
-3707
-3624
-3541
-3458
-3374
-3291
-3209
-3126
-3043
-2960
-2877
-2794
-2711
-2628
-2545
-2462
-2379
-2296
-2213
-2130
-2047
-1965
-1882
-1798
-1715
-1632
-1550
-1467
-1384
-1301
-1218
-1135
-1052
-969
-886
-803
-720
-637
-554
-471
-388
-305
-222
-140
-56
27
110
193
275
359
442
524
607
690
774
857
939
1022
1105
1189
1272
1354
1437
1520
1603
1686
1769
1852
1935
2018
2101
2184
2267
2350
2433
2516
2599
2682
2764
2848
2930
3013
3096
3179
3262
3345
3428
3511
3594
3677
3760
3843
3926
4008
4092
4175
4258
4341
4423
4507
4590
4673
4756
4838
1082
1165
1248
-2510
-2427
-2343
-4180
-4097
-4015
-3932
-3848
-3765
-3683
-3600
-3517
-3433
-3350
-3268
-3185
-3102
-3019
-2936
-2853
-2770
-2688
-2604
-2521
-2438
-2355
-2272
-2189
-2107
-2024
-1941
-1858
-1774
-1691
-1608
-1526
-1443
-1360
-1277
-1194
-1111
-2948
-2865
-2782
-2699
-2616
-2534
-2450
-2367
-2284
-2201
-2118
-2035
-1952
-1869
-1787
-1704
-1620
-1538
-1454
-1372
-1289
-1205
-1122
-1040
-957
-874
-790
-708
-625
-542
-459
-376
-293
-210
-127
-44
39
122
205
288
371
454
537
620
702
785
868
952
1035
1118
1200
1283
1366
1449
1532
1615
1699
1781
1864
1947
2029
2113
2196
2279
2362
525
608
691
774
857
939
1022
1106
1188
1271
1354
1438
1520
1603
1686
1769
1852
1935
2018
2101
2184
2267
2350
2433
2516
2599
2682
-1075
-992
-909
-827
-743
-660
-577
-494
-412
-328
-245
-162
-80
3
86
170
252
335
418
502
585
-1252
-1170
-1088
-1004
-921
-838
-755
-672
-589
-506
-423
-340
-258
-174
-91
-8
74
157
241
323
406
489
572
656
738
821
904
987
1070
1153
1236
1319
1402
1485
1568
1651
1734
1817
1900
1983
2066
2149
2231
2315
2398
2480
2563
2646
2729
2813
2896
2978
3061
3144
3228
3310
3393
3476
3559
3642
3725
-32
51
134
217
300
383
465
549
632
715
-3042
-2959
-2876
-2793
-2711
-2628
-2545
-2462
-2378
-2295
-2213
-2130
-2047
-1964
-1881
-1798
-1715
-1632
-1549
-1466
-1383
-1301
-1217
-1134
-1051
-968
-886
-802
-719
-636
-553
-471
-388
-305
-221
-139
-56
-1892
-1809
-1727
-1644
-1561
-1478
-1395
-1312
-1229
-1146
-1063
-980
-897
-814
-731
-648
-565
-482
-399
-316
-233
-150
-67
16
98
181
264
348
430
513
596
679
762
845
928
1011
1094
1178
1260
1342
1426
1509
1592
1675
1758
1841
-1916
-1833
-1750
-1668
-1584
-1501
-1418
-1336
-1253
-1169
-1087
-1004
-921
-838
-755
-672
-2509
-2426
-2343
-2260
-2178
-2094
-2011
-1928
-1845
-1762
-1679
-1596
-1513
-1431
-1348
-1264
-1181
-1098
-1015
-933
-849
-766
-684
-601
-518
-435
-352
-269
-186
-103
-19
63
146
229
312
395
478
561
644
727
810
893
975
1059
1142
1225
1307
1390
1473
1556
1639
1722
1805
1889
1971
2054
2137
2220
2304
2386
2469
2552
2635
2718
2801
2884
2967
3049
-707
-624
-541
-458
-376
-292
-209
-126
-44
39
122
205
289
371
454
537
-1300
-1217
-1134
-1051
-968
-885
-802
-719
-636
-553
-470
-387
-304
-221
-138
-55
28
111
193
277
359
442
525
608
692
-3066
-2982
-2899
-2817
-2734
-2651
-2568
-2485
-2402
-2319
-2236
-2153
-2070
-1988
-1904
-1821
-1738
-1655
-1573
-1489
-1406
-1323
-1240
-1158
-1075
-992
-908
-826
-743
-2579
-2497
-2414
-2331
-2248
-2165
-2082
-1999
-1916
-1833
-1750
-1667
-1584
-1501
-1418
-1335
-1253
-1169
-1086
-1003
-920
-838
-754
-671
-589
-506
-423
-339
-256
-174
-91
-8
75
158
241
324
407
490
573
656
739
822
905
988
1070
1154
1237
1320
1403
1485
1569
1651
1735
1817
1900
1984
2066
2150
2232
2315
478
561
644
727
810
893
976
1059
1142
1225
1308
1391
1474
1557
1640
1723
1805
1889
1972
2055
217
300
384
466
549
632
715
798
881
964
1047
1130
1214
1296
1378
1462
1545
1628
1711
1794
1877
1960
2043
2126
2208
2292
2375
2458
2540
2623
2707
2789
2872
2955
3038
3122
3204
3287
3370
3453
3536
3619
3702
3785
3868
3951
4034
4117
4200
4283
526
608
692
775
858
941
1024
1107
1189
1272
1355
1438
1521
1604
1687
1770
1853
1936
2019
2102
2185
2268
2351
2434
2517
-1240
-1157
-1074
-991
-908
-825
-742
-660
-576
-493
-410
-328
-245
-162
-79
4
87
170
253
336
419
502
585
668
751
834
917
1000
1083
1166
1249
1332
1415
1498
-2259
-6016
-5933
-5850
-5767
-5685
-5602
-5519
-5435
-5353
-5270
-5186
-5104
-5020
-4938
-4855
-4772
-4689
-4606
-4523
-4440
-4357
-4274
-4191
-4108
-4025
-3942
-3859
-3776
-3693
-3610
-3527
-3445
-3361
-3279
-3196
-3112
-3030
-2947
-2863
-2781
-2697
-2615
-2532
-2449
-2366
-2283
-2200
-2117
-2034
-1952
-1868
-1785
-1702
-1619
-1537
-1453
-1370
-1287
-1204
-1122
-1038
-955
-873
-790
-707
-623
-541
-458
-375
-292
-209
-126
-43
40
123
207
289
372
455
538
621
704
787
870
953
1036
1118
1202
1285
1368
1451
1533
1616
1699
1782
1865
1948
2031
2114
2197
2280
2363
2446
2529
2612
2695
2778
2861
2944
1107
1190
1273
1356
1438
1521
1605
1688
1771
1853
16
100
182
265
-1572
-1489
-1405
-1323
-1240
-1157
-2994
-2911
-2828
-2745
-2662
-2579
-2496
-2413
-2330
-2247
-2164
-2081
-1999
-1915
-1832
-1749
-1666
-1583
-1500
-1418
-1335
-1252
-1169
-1086
-1003
-920
-837
-754
-671
-588
-505
-422
-339
-256
-173
-90
-7
76
159
241
325
408
491
574
656
739
823
905
988
1071
1154
1238
1320
1403
1486
1569
1652
1735
1818
1901
1984
2067
2150
2233
2316
2399
2482
2565
2648
2730
2813
2897
2980
3063
3145
3228
3311
3394
3477
3560
3643
3726
3809
3892
3975
4058
4141
4224
4307
550
633
716
799
882
964
1048
1131
1214
1297
1379
1463
1546
1628
1711
1794
1877
1960
2043
2126
2209
2292
2375
2458
2541
2624
2707
2790
2873
2956
3039
3121
3205
3288
3371
3454
3537
3620
3703
3786
3868
111
195
277
360
443
526
610
692
775
858
941
1024
1107
1190
-2567
-2484
-2401
-2318
-2235
-2153
-2069
-1986
-1903
-1820
-1737
-1654
-1571
-1489
-1405
-1323
-1239
-1156
-1074
-991
-908
-825
-741
-659
-576
-493
-410
-327
-244
-161
-78
5
88
171
-3586
-3503
-3420
-3337
-3254
-3171
-3088
-3006
-2922
-2839
-2756
-2674
-2590
-2507
-2425
-2342
-2259
-2176
-2092
-2010
-3847
-3764
-3681
-3597
-3515
-3432
-3349
-3267
-3183
-3100
-3017
-2934
-2851
-2768
-2685
-2602
-2520
-2436
-2353
-2270
-2187
-2105
-2022
-1939
-1856
-1773
-1690
-1607
-1524
-1441
-1358
-1275
-1192
-1109
-1026
-943
-861
-778
-694
-611
-528
-446
-363
-279
-196
-113
-31
53
136
219
301
384
467
551
633
716
799
882
966
1048
1131
1214
-623
-540
-457
-374
-291
-208
-126
-42
41
123
207
290
373
456
539
622
705
787
870
953
1036
1119
1202
1285
1368
1451
1534
1617
1700
1783
1866
1949
2032
2115
2197
2281
2364
2447
2530
692
776
859
942
1025
1107
1190
1273
-2484
-2401
-2318
-2235
-2152
-2069
-1986
-1903
-1820
-1737
-1654
-1571
-1488
-1405
-1322
-1239
-1156
-1073
-991
-907
-824
-741
-659
-576
-492
-409
-327
-244
-161
-78
5
88
171
254
337
420
503
586
669
752
835
918
1000
1083
1167
1250
1333
1415
1498
1582
1665
1748
1830
1913
77
159
242
325
408
491
574
657
740
823
906
989
1072
1155
1238
1320
1404
1487
1570
1652
1736
1819
1902
1984
2067
2151
2234
2317
2399
-1358
-1274
-1192
-1109
-1026
-943
-860
-777
-694
-611
-528
-445
-362
-279
-196
-114
-30
53
136
219
302
385
468
551
633
716
-1121
-1037
-954
-872
-789
-706
-623
-540
-457
-374
-290
-208
-125
-42
41
124
207
290
372
455
539
622
705
787
870
954
1037
1120
1202
1285
1369
1451
1534
1617
1700
1783
1866
-1891
-1808
-1725
-1642
-1559
-1476
-1393
-1310
-1227
-1144
-1061
-978
-895
-812
-729
-646
-564
-480
-398
-314
-231
-148
-66
17
100
183
266
349
432
515
598
681
764
847
930
1013
1096
1178
1261
1345
1428
1510
1593
1677
1760
1842
1925
2008
2092
2175
2258
2340
2423
2506
2589
2672
2755
2838
2921
3004
3087
3170
3253
3336
3419
3502
1665
1748
1831
1914
1997
2080
-1677
-1595
-1511
-1428
-1345
-1263
-1180
-1097
-1014
-931
-848
-765
-682
-598
-516
-433
-350
-267
-184
-101
-3858
-3775
-3692
-3609
-3527
-3444
-3360
-3277
-3194
-3111
-3029
-2945
-2863
-2779
-2697
-2614
-2530
-2448
-2365
-2282
-2199
-2116
-2033
-1950
-1867
-1784
-1701
-1618
-1535
-1452
-1369
-1286
-1203
-1120
-1037
-955
-871
-788
-705
-622
-540
-457
-374
-290
-208
-125
-42
41
124
207
290
373
456
539
622
705
788
871
954
1037
1120
1203
-634
-551
-468
-385
-302
-220
-137
-54
29
113
195
279
361
444
527
610
693
776
859
942
1025
1108
1191
1274
1357
1440
1523
-314
-232
-148
-65
18
101
183
266
349
433
515
598
682
764
847
-2910
-2827
-2744
-2661
-2578
-2495
-2412
-2329
-2246
-2163
-2080
-1997
-1914
-1831
-1748
-1665
-1582
-1499
-1416
-1333
-1251
-1168
-1085
-1001
-918
-835
-753
-670
-587
-504
-421
-338
-255
-172
-89
-6
77
160
243
326
409
491
575
658
741
823
906
990
1073
1156
1238
1321
1405
1488
1571
1653
1736
1819
1902
1985
2068
2151
2234
2317
2400
2483
2566
2649
2732
2815
2898
2980
3063
3146
3230
3313
3396
3478
3561
1725
1808
1890
1973
2056
2140
2222
2305
2388
2471
2555
2637
2720
2803
2886
-871
-788
-705
-622
-539
-456
-374
-291
-207
-124
-41
42
124
208
290
374
456
539
-3218
-3135
-3052
-2969
-2886
-2803
-2720
-2637
-2554
-2471
-2388
-2305
-2222
-2139
-2056
-1973
-1891
-1807
-3644
-3561
-3478
-3395
-3312
-3229
-3146
-3064
-2981
-2898
-2815
-2732
-2649
-2566
-2483
-2400
-2317
-2234
-2151
-2068
-1985
-1902
-1819
-1736
-1653
-1570
-1487
-1404
-1321
-1238
-1155
-1072
-989
-907
-824
-741
-658
-574
-492
-409
-326
-243
-160
-77
6
89
172
255
338
421
504
587
670
753
836
919
1001
1085
1168
1251
1334
1416
1499
1582
1666
1748
1832
1914
1997
2080
2163
2246
2329
492
575
658
741
824
907
990
1073
1156
1239
1321
1404
1488
1571
1654
1736
1819
1902
1985
2068
2151
2235
2317
2400
2483
2566
2649
2732
2815
2898
2981
3064
3147
3230
3313
3396
3479
3562
3644
3728
3811
3894
3977
4059
4143
4226
4308
4391
4474
4557
4641
4723
4806
4889
4972
5055
1298
1381
1464
1547
-2210
-2127
-2044
-1961
-3798
-3715
-3632
-3549
-3466
-3383
-3301
-3217
-3134
-3051
-2968
-2886
-2802
-2719
-2637
-2554
-2471
-2387
-2305
-2222
-2139
-2056
-1973
-1890
-1807
-1724
-1641
-1558
-1475
-1392
-1309
-1226
-1144
-1061
-978
-894
-811
-728
-645
-562
-479
-397
-314
-231
-148
-3904
-3822
-3739
-3656
-3573
-3490
-3407
-3324
-3241
-3158
-3075
-2992
-2909
-2826
-2743
-2660
-2578
-2495
-2411
-2328
-2245
-2162
-2079
-1996
-1914
-1831
-1748
-1664
-1581
-1499
-1416
-1333
-1250
-1167
-1084
-1001
-918
-835
-752
-669
-586
-503
-420
-337
-255
-171
-88
-6
78
161
244
326
409
492
576
659
741
824
907
990
1073
1156
1239
1322
1405
1488
1571
1654
1737
1820
1903
1986
2069
2151
2234
2318
2401
564
647
729
812
895
978
1061
1144
1228
1311
1393
1476
1559
1642
1725
1808
1891
1974
2057
2140
2223
2306
2389
2472
2555
2637
2721
2803
2887
2969
3052
3135
-2541
-2458
-2376
-2293
-2209
-2127
-2043
-1961
-1878
-1795
-1712
-1629
-1546
-1463
-1380
-1297
-1214
-1131
-1048
-965
-882
-800
-716
-633
-550
-2388
-2304
-2221
-2139
-2056
-1973
-1889
-1806
-1724
-1641
-1558
-1475
-1392
-1309
-1226
-1143
-1060
-977
-894
-811
-728
-645
-562
-479
-396
-314
-230
-148
-65
18
101
185
267
350
433
516
599
682
765
848
931
1014
1097
1180
1263
1346
1429
1512
1595
1678
1761
1844
1927
2010
2092
2175
2259
2342
2424
2507
2590
2674
2757
2839
2922
3005
3088
3171
3254
3337
3420
3503
3586
-171
-88
-5
78
161
244
327
410
493
575
658
741
-3015
-2932
-2849
-2766
-2684
-2600
-2518
-2435
-2352
-2269
-2186
-2103
-2020
-1937
-1854
-1771
-1688
-1605
-1522
-1439
-1356
-1273
-1190
-1107
-1024
-942
-858
-775
-693
-610
-526
-443
-360
-278
-195
-112
-28
54
137
220
304
386
469
552
-1285
-1202
-1119
-1036
-953
-870
-787
-704
-621
-539
-456
-372
-289
-206
-123
-40
42
125
208
291
374
457
541
623
706
789
872
955
1038
1121
1204
1287
1370
1453
1536
1619
1702
1785
1868
1950
2033
2117
2200
2283
2365
2448
2531
2615
2698
2780
2863
2946
3029
3112
3195
-562
-479
-396
-313
-230
-147
-64
19
102
185
-1652
-1569
-1486
-1403
-1320
-1238
-1155
-1071
-988
-2826
-2743
-2660
-2576
-2493
-2411
-2328
-2245
-2162
-2079
-1996
-1913
-1830
-1747
-1664
-1581
-1498
-1415
-1332
-1249
-1166
-1083
-1001
-917
-835
-752
-669
-586
-502
-420
-337
-254
-171
-88
-5
78
161
244
327
410
493
576
659
742
825
908
991
1074
1157
1240
1323
1405
1488
1571
1655
1738
1820
1903
1986
2069
2152
2235
2318
2402
2485
2567
2650
2733
2816
2899
2982
3065
3147
3231
3314
3397
3480
3563
3646
3729
3811
54
137
221
304
387
469
552
635
718
801
884
967
1050
1133
1216
1299
1381
1465
1548
-2209
-2126
-2044
-1960
-1877
-1794
-1711
-1629
-1545
-1462
-1379
-1297
-1214
-1130
-1047
-965
-882
-799
-715
-632
-550
-467
-384
-301
-218
-135
-52
31
114
-3643
-3560
-3477
-3394
-3311
-3228
-3146
-3063
-2980
-2896
-2813
-2730
-2647
-2564
-2482
-2399
-2316
-2233
-2149
-2066
-1983
-1901
-1818
-1736
-1652
-1569
-1486
-1403
-1321
-1237
-1154
-1071
-988
-906
-822
-2659
-2577
-2494
-2411
-2327
-2244
-2162
-2079
-1996
-1912
-1830
-1747
-1664
-1581
-1497
-1415
-1332
-1249
-1166
-1083
-1000
-917
-834
-751
-668
-585
-502
-419
-337
-253
-170
-88
-4
78
162
245
328
410
493
577
660
743
825
908
991
-846
-763
-680
-597
-514
-431
-348
-265
-183
-99
-16
67
150
232
316
399
481
564
647
731
814
896
979
1062
1146
1228
-609
-526
-443
-360
-277
-194
-111
-28
54
138
221
304
387
470
553
636
718
801
884
968
1051
1134
1216
1299
-538
-455
-372
-289
-205
-123
-40
43
126
209
292
375
458
540
624
707
790
873
955
1039
1121
1204
1287
1370
1454
1537
1620
1702
1785
1868
1951
2034
2117
2200
2283
2366
2449
2532
2614
2698
2781
2864
2947
3029
3113
3196
3279
3362
3444
3528
3610
3694
3776
3859
3943
4025
4108
4191
4274
518
600
683
766
849
932
1015
1098
1181
1264
1347
1430
1513
1596
1678
1762
1844
1927
2010
2093
2176
2259
2343
2426
2508
2591
2674
2757
2840
2923
-834
-751
-668
-585
-503
-419
-336
-253
-170
-87
-4
79
162
245
327
411
494
576
659
742
826
908
991
1074
1157
1240
1323
1406
1489
1572
1656
1738
1821
1904
1987
2070
2153
2236
2319
2401
2485
-5112
-5029
-4946
-4863
-4781
-4697
-4614
-4531
-4449
-4366
-4282
-4200
-4117
-4034
-3951
-3867
-3784
-3701
-3619
-3536
-3453
-3370
-3287
-3204
-3121
-3038
-2955
-2872
-2790
-2706
-2623
-2540
-2457
-2375
-2291
-2208
-2126
-2043
-3880
-3797
-3713
-3631
-3548
-3465
-3382
-3299
-3216
-3133
-3050
-2967
-2884
-2801
-2718
-2635
-2552
-2469
-2386
-2303
-2220
-2137
-2054
-1971
-1888
-1806
-1723
-1640
-1556
-1473
-1391
-1308
-1225
-1141
-1059
-976
-893
-810
-727
-644
-561
-478
-395
-312
-229
-147
-63
20
103
186
269
352
434
517
600
683
767
849
933
1015
1098
1182
1264
1347
1430
1513
1596
1679
1762
1845
1928
2011
2094
2177
2260
2342
2426
2509
2592
2675
2757
2840
2923
3007
3089
3172
3256
3338
3421
3504
3587
3670
1833
1916
1999
2082
2165
2248
2331
2414
2497
2580
2663
2746
909
992
1075
1158
1241
-2516
-2434
-2351
-2268
-2184
-2101
-2018
-3856
-3773
-3690
-3607
-3524
-3441
-3358
-3275
-3192
-3110
-3026
-2943
-2860
-2777
-2694
-2611
-2528
-2445
-2362
-2280
-2196
-2113
-2030
-1948
-1865
-1781
-1699
-1615
-1533
-1450
-1367
-1284
-1200
-1118
-1035
-952
-869
-786
-703
-620
-537
-454
-371
-288
-206
-122
-40
44
127
209
293
375
459
542
624
707
790
874
956
1039
1122
1205
1288
1371
1454
1537
1620
1703
1786
1869
1952
2035
2118
2200
2283
2367
2450
2533
2616
2698
2782
2864
2947
3030
3113
3197
3279
3362
3445
3528
3612
3694
3777
3860
3943
4026
4109
4192
4275
4358
4441
4523
2687
2770
2853
-904
-822
-738
-655
-573
-490
-407
-323
-240
-158
-75
8
91
174
257
340
423
506
589
672
755
838
921
1004
1087
1170
1253
1336
1419
1501
1585
1667
1750
1833
1916
2000
2082
2166
2248
2331
2414
2497
2580
2663
2746
2829
2912
2995
3078
3161
-596
-513
-430
-347
-264
-181
-98
-15
68
150
233
316
400
483
565
649
-3109
-3025
-2943
-2860
-2777
-2694
-2611
-2528
-2445
-2362
-2279
-2196
-2113
-2030
-1947
-1864
-1781
-1698
-1615
-1532
-1449
-1366
-1283
-1201
-1117
-1035
-952
-868
-786
-702
-620
-537
-454
-371
-287
-205
-122
-39
44
127
-3630
-3547
-3464
-3381
-3298
-3215
-3132
-3049
-2967
-2883
-2800
-2718
-2634
-2552
-2468
-2386
-2302
-2220
-2137
-2054
-1971
-1888
-1805
-1722
-3558
-3476
-3393
-3310
-3227
-3144
-3061
-2978
-2895
-2812
-2729
-2647
-2563
-2480
-2397
-2314
-2232
-2148
-2066
-1983
-1900
-1817
-1733
-1651
-1568
-1485
-1402
-1318
-1236
-1153
-1070
-987
-904
-821
-738
-655
-572
-489
-407
-324
-240
-157
-74
9
92
175
257
340
423
506
590
672
755
838
921
1005
1087
1170
1253
1336
1419
1502
1585
1668
1751
1834
1916
2000
2083
2166
2249
2332
2415
2497
660
743
826
909
992
1075
1158
1241
1324
1407
1490
-347
-264
-181
-98
-15
68
151
234
316
399
483
566
649
731
815
898
980
1063
1146
1229
1312
1395
1478
1561
1644
1728
1810
1893
1976
2059
2142
2225
2308
2391
2474
637
720
803
885
969
1052
1135
1218
1300
1383
-2373
-2291
-2208
-2125
-2042
-1958
-1876
-1793
-1710
-1627
-1544
-1461
-1378
-1295
-1212
-1129
-1046
-963
-880
-797
-714
-631
-548
-465
-382
-299
-217
-134
-50
32
116
198
281
365
447
531
613
696
779
862
945
1028
1111
1194
1277
1360
1443
1526
1609
1692
1775
1858
1941
2024
2106
2190
2272
2355
2438
2521
2605
2687
2770
2853
-903
-821
-738
-655
-572
-489
-406
-323
-240
-158
-74
9
92
175
258
341
424
506
590
672
756
839
921
1004
1087
1170
1253
1336
1419
1502
1585
1668
1751
1834
-1923
-1840
-1757
-1674
-1591
-1508
-1425
-1342
-1259
-1176
-1094
-1011
-927
-844
-761
-679
-596
-512
-430
-346
-264
-181
-97
-15
68
151
234
318
400
483
565
649
-1188
-1105
-1022
-939
-856
-773
-691
-607
-525
-441
-358
-275
-192
-110
-27
56
139
222
305
388
471
554
637
720
803
886
969
1052
1135
1218
1301
1384
1467
1550
1632
1716
1799
1882
1964
2048
2131
2213
2296
-1461
-3298
-3215
-3132
-3049
-2966
-2883
-2800
-2717
-2634
-2551
-2468
-2385
-2302
-2219
-2136
-2053
-1970
-1887
-1804
-1722
-1638
-1556
-1472
-1389
-1306
-1224
-1141
-1058
-975
-892
-809
-725
-643
-560
-477
-394
-311
-228
-145
-62
21
104
187
270
352
436
519
602
685
767
851
934
1017
1100
1182
1265
1349
1431
1514
1597
1680
1763
1846
1929
2012
2095
2178
2261
2344
2427
2510
2593
2676
2759
2842
2924
3008
3091
1254
1337
1419
1503
1586
1669
1751
-2006
-1922
-1840
-1757
-1674
-1591
-1508
-1425
-1342
-1259
-1176
-1093
-1010
-927
-845
-761
-678
-595
-512
-430
-346
-263
-180
-98
-3855
-3771
-3688
-3606
-3523
-3440
-3356
-3273
-3191
-3108
-3025
-2942
-2858
-2776
-2693
-2610
-2527
-2444
-2361
-2278
-2195
-2112
-2029
-1946
-1863
-1781
-1697
-1614
-1531
-1448
-1365
-1283
-1199
-1117
-1034
-951
-868
-784
-702
-619
-536
-453
-369
-287
-204
-122
-39
45
128
211
294
377
460
542
625
708
791
875
958
1041
1123
1206
1289
1372
1455
1538
1621
1704
1787
1870
1953
2036
2119
2202
365
448
530
614
697
780
862
946
1029
1112
1195
1277
1360
1444
1526
1609
1692
1775
1859
1941
2024
2107
2190
2274
2356
2439
2522
2605
2688
2771
2854
2937
1100
1183
1266
-571
-488
-406
-322
-239
-156
-73
9
92
175
258
341
424
507
590
-3167
-3084
-3001
-2918
-2835
-2752
-2669
-2586
-2503
-2420
-2337
-2255
-2172
-2088
-2005
-1922
-1840
-1757
-1673
-1590
-1507
-1425
-1342
-1259
-1176
-1093
-1010
-927
-843
-761
-678
-595
-512
-429
-346
-263
-180
-97
-14
69
152
235
318
401
484
567
650
732
815
899
981
1064
1147
1230
1313
1397
1479
1562
1645
1728
1811
1894
1977
2060
2143
2226
2308
2391
2475
2558
2641
2723
2806
2890
2973
3056
3138
3221
3304
3387
3470
3553
3636
3719
3802
3885
3968
4051
4134
4217
4300
4383
4466
4548
792
875
958
1040
1124
1207
1290
1373
1455
1538
1622
1705
1787
1870
1953
2036
2120
2202
-1555
-1471
-1389
-1306
-1223
-1140
-1057
-974
-891
-809
-726
-642
-559
-476
-393
-310
-227
-144
-61
21
104
-3652
-3569
-3486
-3404
-3321
-3238
-3155
-3072
-2989
-2906
-2823
-2740
-2657
-2574
-2491
-2408
-2325
-2242
-2159
-2077
-1993
-3830
-3747
-3664
-3582
-3499
-3415
-3332
-3249
-3167
-3083
-3000
-2917
-2835
-2752
-2668
-2586
-2502
-2420
-2337
-2253
-2171
-2088
-2005
-1922
-1839
-1756
-1673
-1590
-1507
-1424
-1341
-1258
-1175
-1093
-1009
-926
-843
-760
-677
-595
-512
-429
-346
-263
-180
-97
-13
69
152
-1685
-1602
-1519
-1436
-1353
-1270
-1187
-1104
-1021
-939
-855
-772
-689
-607
-524
-440
-358
-274
-192
-109
-26
57
140
223
306
389
472
555
638
721
804
887
970
1053
1136
1218
1302
1385
-452
-369
-287
-203
-120
-37
45
128
212
294
377
460
543
626
709
792
875
958
1041
1124
1207
1290
1373
1456
1539
1621
1704
1788
1871
1954
2036
2119
2203
2286
2368
2451
2534
2617
2700
2783
2866
2949
3032
3115
3198
3281
3364
3447
3530
3613
3696
3779
3862
3945
4028
4111
4194
4277
4360
4443
4526
4608
4691
4775
4857
4941
5023
1266
1349
1432
1515
-2242
-2159
-2076
-1993
-1910
-3747
-3664
-3581
-3498
-3415
-3332
-3249
-3166
-3083
-3000
-2917
-2834
-2751
-2669
-2586
-2502
-2419
-2337
-2254
-2171
-2088
-2005
-1922
-1839
-1756
-1673
-1590
-1507
-1424
-1341
-1258
-1175
-1092
-1009
-926
-843
-760
-677
-594
-511
-429
-346
-263
-179
-96
-14
69
152
236
318
401
484
567
650
-3107
-3024
-2941
-2858
-2775
-2692
-2609
-2526
-2443
-2360
-2277
-2194
-2111
-2028
-1945
-1862
-1780
-1696
-1613
-1530
-1447
-1365
-1282
-1199
-1116
-1033
-950
-867
-784
-701
-618
-535
-452
-369
-286
-203
-120
-37
46
129
211
294
378
461
544
626
709
793
876
958
-879
-796
-713
-630
-547
-464
-381
-298
-215
-132
-49
34
117
200
283
366
449
532
615
698
781
864
946
1029
1113
1196
1279
1361
1444
1527
1610
1693
1776
1859
1942
2025
2108
2191
2274
2357
2440
2523
686
769
852
935
1017
1100
1184
1267
1349
1432
1516
1598
1682
1764
1847
1930
2013
2096
2179
2262
2345
2428
2511
2594
2677
2760
2843
2926
3009
3092
3175
3257
3340
3424
3507
3590
3673
-84
-1921
-1839
-1756
-1673
-1589
-1506
-1424
-1341
-1258
-1175
-1092
-1009
-926
-843
-760
-677
-594
-511
-428
-345
-262
-179
-96
-13
70
153
236
319
401
-3356
-3273
-3190
-3106
-3023
-2940
-2858
-2775
-2692
-2609
-2526
-2443
-2360
-2277
-2194
-2111
-2028
-1945
-1862
-1779
-1696
-1613
-1530
-1447
-1364
-1281
-1198
-1115
-1033
-950
-866
-783
-701
-617
-534
-451
-369
-286
-203
-120
-37
46
129
212
295
378
461
544
627
710
792
876
959
1042
1124
1207
1291
1373
1457
1539
1622
1706
1789
1871
1954
2037
2120
2203
2286
2369
2452
2535
2618
2701
2784
2867
2950
3033
3116
3199
3282
3365
3447
3531
3614
3696
3780
22
106
189
272
354
437
520
603
686
769
852
935
1018
1101
-2656
-2573
-2490
-2407
-2324
-2241
-2158
-2075
-3912
-3830
-3746
-3663
-3580
-3498
-3415
-3331
-3248
-3165
-3083
-3000
-2917
-2834
-2751
-2668
-2585
-2502
-2419
-2336
-2253
-2170
-2087
-2004
-1921
-1838
-1755
-1672
-1590
-1506
-1423
-1340
-1257
-1175
-1091
-1008
-925
-843
-760
-676
-594
-511
-428
-345
-262
-2099
-2016
-1933
-1850
-1767
-1684
-1601
-1518
-1435
-1352
-1270
-1187
-1104
-1020
-937
-854
-772
-689
-605
-523
-440
-357
-274
-191
-108
-25
58
141
224
307
390
473
556
639
722
805
888
971
1053
1137
1220
1303
1385
1469
1552
1635
1717
1800
1883
1967
2050
2132
2215
2298
2381
2464
2547
2630
2713
2796
2879
2962
3045
3128
-629
-546
-463
-380
-297
-214
-131
-48
35
117
201
283
-1554
-1470
-1388
-1305
-1222
-1139
-1056
-973
-890
-807
-724
-2561
-2478
-2395
-2312
-2229
-2146
-2063
-1980
-1897
-1815
-1732
-1648
-1565
-1482
-1400
-1317
-1234
-1150
-1067
-985
-901
-819
-736
-653
-570
-487
-404
-321
-238
-155
-72
11
94
177
260
343
426
509
592
674
758
840
924
1007
1089
1172
1255
1339
1422
1504
1587
1670
1753
1836
1919
2002
2085
2168
2251
2334
2417
2500
2583
2666
2749
2831
2914
2998
3081
3163
3246
3329
3413
3495
3578
3661
3744
3827
3910
3993
4076
4159
4242
4325
4408
4491
2654
2737
2820
2903
2986
3069
3152
3235
3318
3400
-357
-273
-190
-107
-25
58
142
225
307
390
473
556
639
722
805
888
971
1054
1137
1220
1303
1386
1469
-2288
-2205
-2122
-2039
-1957
-1874
-1791
-1707
-1624
-1541
-1458
-1376
-1293
-1210
-1127
-1044
-961
-878
-794
-712
-629
-546
-463
-380
-297
-214
-131
-48
35
118
201
284
366
450
533
-3225
-3142
-3058
-2975
-2892
-2809
-2727
-2644
-2560
-2477
-2395
-2312
-2229
-2146
-2063
-1980
-1897
-1814
-1731
-1648
-1565
-1482
-1399
-1316
-1233
-1150
-1067
-984
-902
-818
-735
-652
-569
-486
-404
-321
-238
-155
-71
12
94
177
-3580
-3497
-3414
-3331
-3248
-3166
-3082
-2999
-2916
-2833
-2751
-2667
-2584
-2501
-2419
-2336
-2252
-2169
-2086
-2004
-1921
-1837
-1754
-1672
-1589
-1506
-1422
-1340
-1257
-1174
-1091
-1008
-925
-842
-759
-676
-593
-510
-427
-344
-261
-178
-95
-12
71
153
237
320
402
485
568
652
735
-1102
-1020
-938
-854
-771
-688
-605
-522
-439
-356
-273
-190
-107
-24
59
142
225
307
391
474
557
639
722
806
888
971
1054
1137
1221
1303
1386
-451
-368
-285
-202
-119
-36
47
130
213
296
379
462
545
628
711
794
876
960
1043
1126
1209
1291
1375
1458
1540
-297
-214
-131
-48
-1885
-1802
-1719
-1636
-1553
-1470
-1387
-1305
-1221
-1138
-1055
-972
-889
-806
-724
-641
-558
-475
-391
-309
-225
-143
-60
23
106
189
272
355
438
521
604
687
770
853
936
1019
1102
1184
1268
1351
1434
1517
1599
1683
1766
1849
1931
2014
2098
2181
2263
2346
2429
2513
2596
2679
2761
2844
2927
3010
3093
3176
3259
3342
3425
3508
3591
3674
3757
3840
82
165
248
332
415
498
581
663
746
829
912
995
1078
1161
1244
1327
1410
1492
1576
1659
1742
1825
1907
1991
2074
2157
2240
2322
2406
2489
2572
2654
2737
2821
2904
-854
-771
-688
-604
-521
-439
-356
-273
-190
-107
-24
59
142
225
308
391
474
557
640
723
806
889
971
1055
1138
1221
1304
1386
1470
1553
1635
1718
1801
1884
1968
2051
2133
2215
2299
2382
2465
2548
2631
2714
2797
2880
2963
3046
3129
-4468
-4385
-4302
-4220
-4136
-4053
-3970
-3888
-3805
-3721
-3638
-3556
-3473
-3390
-3306
-3223
-3141
-3058
-2975
-2892
-2809
-2726
-2643
-2560
-2477
-2394
-2311
-2228
-2145
-2062
-1979
-1896
-1813
-1731
-1648
-1564
-1481
-1398
-1316
-1233
-1149
-1066
-983
-901
-818
-2655
-2572
-2489
-2406
-2323
-2240
-2157
-2074
-1991
-1908
-1825
-1742
-1659
-1576
-1493
-3330
-3248
-3165
-3082
-2998
-2916
-2832
-2749
-2667
-2583
-2501
-2418
-2335
-2252
-2168
-2086
-2003
-1920
-1837
-1754
-1671
-1588
-1505
-1423
-1339
-1256
-1173
-1090
-1008
-925
-842
-758
-676
-593
-510
-427
-343
-261
-178
-95
-12
72
154
237
320
403
486
569
652
735
818
901
984
1067
1150
1233
1316
1399
1481
1565
1647
1730
1814
1896
1979
2062
2145
2228
2311
2394
2477
2560
2643
2726
2809
2892
2975
3058
3140
3224
3307
3390
3473
3555
3639
3722
3805
3887
3970
4054
4136
4220
4302
4385
2548
2631
2715
2797
2880
2963
3046
3129
3212
3295
3378
3461
3544
3627
3710
-47
36
119
202
285
368
-3389
-3306
-3223
-3141
-3057
-2974
-2892
-2809
-2726
-4563
-4479
-4396
-4314
-4231
-4148
-4065
-3982
-3899
-3816
-3733
-3650
-3567
-3484
-3402
-3318
-3235
-3152
-3069
-2987
-2903
-2820
-2737
-2655
-2572
-2488
-2405
-2323
-2240
-2157
-2073
-1991
-1908
-1825
-1742
-1659
-1576
-1493
-1410
-1327
-1244
-1161
-1078
-995
-912
-829
-746
-663
-580
-498
-415
-332
-248
-165
-83
0
83
167
249
332
415
498
581
664
747
830
913
996
1079
1162
1245
1328
1411
1494
1577
1660
1742
1825
1908
1991
2075
2157
2241
2324
2406
2489
2572
2655
2738
2821
2904
2987
3070
3153
1316
1399
1482
1565
1648
1731
1814
1897
1980
2063
2145
2228
2311
2395
2478
2560
2644
2726
2810
2892
2975
3058
3141
3225
3307
3390
3473
1636
1719
1802
1885
-1872
-1789
-1706
-1623
-1540
-1457
-1374
-1291
-1209
-1126
-1043
-960
-876
-793
-711
-627
-545
-462
-379
-296
-212
-130
-47
36
119
202
285
368
451
534
617
700
783
866
948
1032
1114
1197
1280
1363
1447
1529
1613
1695
1778
1861
1944
2028
2110
2193
2276
2359
2442
2525
2608
2691
2774
2857
-900
-817
-734
-651
-568
-485
-402
-319
-237
-153
-70
12
96
178
262
344
427
510
593
677
-3081
-2998
-2915
-2832
-2749
-2666
-2583
-2500
-2417
-2334
-2251
-2169
-2085
-2002
-1919
-1836
-1754
-1670
-1588
-1504
-1422
-1339
-1255
-1173
-1090
-1007
-924
-840
-758
-675
-592
-509
-426
-343
-260
-177
-94
-11
71
155
238
321
404
487
570
653
735
818
-2939
-2855
-2772
-2690
-2607
-2524
-2440
-2357
-2275
-2192
-2109
-2026
-1943
-1860
-1777
-1694
-1611
-1528
-1446
-1362
-1279
-1196
-1113
-1030
-947
-864
-781
-699
-2536
-2452
-2370
-2286
-2204
-2121
-2038
-1955
-1872
-1789
-1706
-1623
-1540
-1457
-1374
-1291
-1208
-1125
-1042
-959
-876
-793
-710
-627
-544
-462
-379
-296
-212
-129
-47
37
119
-1717
-1635
-1552
-1469
-1386
-1303
-1219
-1137
-1054
-971
-888
-805
-722
-639
-556
-473
-390
-307
-224
-141
-58
25
107
191
273
356
440
523
605
688
771
854
937
1021
1103
1186
1269
1352
1435
1518
1601
1684
1767
1850
1933
2016
2099
2182
2265
2348
2430
2513
2596
2680
2762
926
1008
1091
1174
1257
1340
1423
1506
1589
1672
1755
1838
1921
84
167
250
333
416
499
581
664
748
831
914
996
1079
1162
1245
1328
1411
1494
1577
1660
1743
1826
1909
1992
2075
2158
2241
2324
2407
2490
2573
2656
2739
2822
2904
2988
3071
3154
3236
3319
3403
-355
-272
-189
-106
-22
60
143
226
309
393
475
558
-3199
-3116
-3033
-2950
-2867
-2784
-2701
-2618
-2535
-2452
-2369
-2286
-2203
-2121
-2037
-1955
-1872
-1788
-1706
-1623
-1540
-1457
-1374
-1291
-1208
-1125
-1042
-959
-876
-793
-710
-627
-544
-461
-378
-295
-213
-129
-46
37
119
203
286
368
452
534
617
701
783
866
949
1032
1116
1198
1281
1364
1447
1530
1613
1696
1779
1862
1945
2028
2111
2193
2277
2360
2443
2526
2609
2692
2774
2857
2940
3023
3106
-650
-568
-485
-402
-319
-236
-153
-70
13
96
179
262
345
428
511
594
677
760
843
926
-911
-828
-745
-663
-580
-496
-414
-331
-248
-165
-81
1
84
167
250
333
416
499
582
665
-3092
-3009
-2926
-2843
-2760
-2677
-2594
-2511
-2428
-2345
-2262
-2179
-2097
-2014
-1931
-1847
-1765
-1681
-1599
-1516
-1433
-1350
-1267
-1184
-1101
-1017
-935
-852
-770
-686
-603
-520
-437
-354
-271
-188
-105
-1942
-1860
-1776
-1693
-1610
-1528
-1445
-1362
-1278
-1196
-1113
-1030
-947
-863
-781
-698
-615
-532
-449
-366
-283
-200
-117
-34
49
132
214
297
381
464
547
630
712
795
878
962
1044
1127
1210
1293
1376
1459
1542
1626
1708
1791
1874
1957
2040
2123
2206
2289
-1468
-3305
-3222
-3139
-3057
-2973
-2890
-2807
-2724
-2642
-2559
-2476
-2393
-2310
-2227
-2144
-2061
-1978
-1895
-1812
-1729
-1646
-1563
-1480
-1397
-1314
-1231
-1148
-1065
-982
-900
-816
-733
-650
-568
-484
-401
-318
-236
-153
-70
14
96
179
262
345
428
511
594
677
760
843
926
1009
1092
1175
1258
1341
1424
1506
1590
1673
1756
1839
1922
2005
2087
2170
2253
2336
2419
2502
2585
2668
2751
2834
2917
3000
3083
3166
3249
3332
3415
3498
3580
3663
3747
3830
3913
3995
4078
4162
4245
4328
2490
2573
2657
2739
2822
2905
2988
3071
3154
-603
-520
-437
-354
-271
-188
-105
-1942
-1859
-1776
-1693
-1610
-1527
-1444
-1361
-1278
-1195
-1112
-1029
-947
-863
-781
-698
-615
-532
-448
-366
-4123
-4040
-3957
-3874
-3791
-3708
-3625
-3542
-3459
-3377
-3294
-3210
-3127
-3044
-2961
-2879
-2795
-2712
-2629
-2547
-2464
-2380
-2297
-2215
-2132
-2049
-1965
-1883
-1800
-1717
-1634
-1551
-1468
-1385
-1302
-1219
-1136
-1053
-970
-887
-804
-721
-638
-555
-472
-389
-306
-223
-140
-58
25
109
191
275
357
440
524
606
689
772
855
939
1021
1104
1186
1269
1353
1436
1519
1602
1685
1768
1851
1934
2016
2099
2183
2265
2348
2431
2514
2598
2680
2763
2846
2929
3012
3095
3178
-579
-496
-413
-330
-247
-164
-81
2
85
168
251
333
416
500
583
665
748
831
914
998
1080
1163
1246
1329
1412
1495
1578
1662
1744
1827
1910
1993
2076
2159
2242
2325
2408
2491
654
737
819
-1018
-934
-851
-768
-685
-603
-520
-437
-354
-271
-188
-105
-22
61
144
227
310
393
-3364
-3281
-3198
-3115
-3032
-2949
-2866
-2784
-2700
-2617
-2534
-2451
-2369
-2285
-2202
-2119
-2037
-1954
-1871
-1788
-1704
-1622
-1539
-1455
-1373
-1290
-1207
-1124
-1041
-958
-875
-792
-709
-626
-543
-460
-377
-294
-211
-128
-45
38
120
204
287
370
452
535
618
701
-1135
-1053
-970
-887
-804
-721
-638
-555
-472
-389
-306
-224
-141
-57
26
109
192
274
358
441
523
606
689
773
856
938
1021
1104
1187
1270
1353
1436
1519
1602
1685
1768
1851
1934
2017
2100
2183
2266
2349
2432
2515
2598
2680
2764
2846
2930
3013
3096
3178
3261
3344
3428
3510
3593
3676
3759
3842
3925
168
251
334
417
500
583
666
749
832
915
998
1081
1164
1247
1329
1412
1496
1579
1662
1744
1827
-1930
-1847
-1764
-1681
-1598
-1515
-1432
-1349
-1266
-1183
-1100
-1017
-934
-851
-768
-685
-602
-519
-436
-354
-271
-187
-104
-21
61
144
-3612
-3529
-3447
-3364
-3281
-3198
-3114
-3032
-2949
-2866
-2783
-2699
-2617
-2534
-2451
-2368
-2285
-2202
-2119
-2036
-1953
-1870
-1788
-1705
-3541
-3458
-3375
-3293
-3210
-3127
-3044
-2961
-2878
-2795
-2712
-2629
-2545
-2463
-2380
-2297
-2214
-2131
-2048
-1965
-1882
-1799
-1716
-1633
-1551
-1467
-1384
-1301
-1219
-1136
-1052
-969
-886
-804
-721
-638
-555
-472
-389
-306
-223
-140
-57
26
109
192
275
358
441
524
607
689
773
856
939
1022
1104
1188
1271
-566
-483
-401
-318
-235
-152
-69
14
97
180
263
346
429
512
595
678
761
844
927
1010
1092
1176
1259
1342
1425
1508
-330
-246
-163
-81
2
85
168
251
334
417
500
583
666
749
832
915
998
1081
1164
-673
-590
-507
-424
-341
-258
-175
-92
-9
74
156
239
323
406
489
571
654
737
820
903
986
1069
1152
1235
1318
1401
1484
1567
1650
1733
1815
1899
1982
2065
2148
2231
2314
2397
2479
2562
2645
2729
2812
2894
2977
3060
3143
3226
3309
3392
3475
3558
3641
3724
3807
3890
3973
4056
4139
4222
4305
4388
4471
4554
4637
4719
4802
4885
4969
5052
5135
5217
5300
5383
5466
5549
5632
5715
5798
5881
2124
2207
2290
2373
-1384
-1301
-1218
-1135
-1052
-969
-4726
-4643
-4560
-4477
-4394
-4312
-4228
-4146
-4062
-3979
-3896
-3814
-3731
-3648
-3565
-3482
-3399
-3316
-3232
-3150
-3066
-2984
-2901
-2818
-2735
-2652
-2569
-2486
-2403
-2320
-2238
-2154
-2071
-1988
-1905
-1823
-1739
-1656
-1573
-1491
-1407
-1325
-1242
-1159
-1076
-993
-910
-827
-744
-661
-578
-495
-412
-329
-246
-163
-80
3
86
169
252
335
417
500
584
-3173
-3090
-3008
-2925
-2842
-2759
-2676
-2593
-2510
-2427
-2344
-2261
-2178
-2095
-2012
-1929
-1846
-1763
-1680
-1597
-1515
-1431
-1348
-1265
-1182
-1100
-1016
-933
-850
-768
-684
-601
-519
-436
-353
-270
-187
-104
-21
62
145
228
311
394
-1443
-1360
-1277
-1195
-1112
-1028
-945
-862
-779
-696
-613
-530
-447
-365
-282
-2118
-2036
-1953
-1870
-1787
-1704
-1621
-1538
-1455
-1372
-1289
-1206
-1123
-1040
-957
-874
-792
-708
-625
-542
-459
-376
-293
-210
-127
-45
38
121
205
288
370
453
536
619
702
785
868
951
1034
1117
1200
1283
1366
1449
1532
1615
1697
1781
1864
27
110
193
276
358
441
525
607
691
773
856
939
1022
1105
1188
1271
1354
1437
1520
1603
1686
1769
1852
1935
2018
2100
2183
2267
2350
2433
2515
2598
2681
2765
2848
2930
3014
3096
3180
3262
3345
3428
3511
3594
3677
-80
-1917
-1834
-1751
-1668
-1585
-1502
-1419
-1336
-1253
-1170
-1088
-1005
-921
-838
-756
-673
-590
-506
-423
-340
-258
-175
-92
-9
74
157
240
323
406
489
572
655
738
821
904
-2853
-2770
-2687
-2604
-2522
-2438
-2355
-2272
-2189
-2107
-2023
-1940
-1857
-1775
-1692
-1609
-1526
-1443
-1360
-1277
-1194
-1111
-1028
-945
-862
-779
-696
-613
-530
-447
-364
-282
-198
-115
-32
51
133
217
300
382
465
548
631
714
797
880
963
1046
1129
1212
1295
1378
1461
1544
1627
1710
1793
1876
1958
2041
2125
2208
2291
2374
2457
2539
2623
2705
2788
2871
2954
3037
3120
1283
1366
1449
1532
1615
1698
1781
1864
1947
2030
2113
2196
2279
2362
2444
2528
2611
2693
2777
2860
2943
3025
3108
3191
3275
3358
3440
3523
3606
3689
-68
15
98
181
264
347
430
513
596
679
762
845
927
1011
1094
1177
-2580
-2497
-2414
-2331
-2249
-2166
-2083
-1999
-1917
-1833
-1751
-3588
-3505
-3422
-3339
-3256
-3173
-3090
-3007
-2924
-2841
-2758
-2675
-2592
-2509
-2426
-2343
-2261
-2177
-2094
-2011
-1929
-1846
-1762
-1679
-1596
-1514
-1431
-1347
-1265
-1182
-1099
-1016
-933
-850
-767
-684
-601
-518
-435
-352
-269
-186
-103
-20
63
146
229
312
395
478
560
643
-3113
-3030
-2947
-2864
-2782
-2699
-2616
-2533
-2450
-2367
-2284
-2201
-2118
-2035
-1953
-1869
-1786
-1703
-1621
-1538
-1454
-1371
-1289
-1206
-1123
-1039
-956
-874
-791
-708
-624
-541
-459
-376
-293
-210
-127
-44
39
122
205
288
371
454
537
620
703
786
869
951
1035
1118
1201
1284
1366
1450
1533
1616
1698
1781
1865
1947
2030
2113
2196
2279
2362
2445
2528
2610
2694
2777
2860
2943
3026
3109
3192
-566
-483
-399
-316
-233
-151
-68
15
99
181
264
347
430
513
596
-1241
-1158
-1075
-992
-909
-826
-743
-660
-577
-494
-411
-328
-2166
-2082
-1999
-1916
-1833
-3670
-3587
-3504
-3421
-3339
-3256
-3172
-3089
-3007
-2924
-2841
-2758
-2675
-2592
-2509
-2426
-2343
-2260
-2177
-2094
-2011
-1928
-1845
-1762
-1679
-1596
-1513
-1430
-1347
-1264
-1181
-1098
-1016
-933
-850
-767
-683
-600
-518
-435
-352
-269
-186
-103
-20
63
146
229
312
395
477
561
644
727
810
892
976
1059
1142
1224
1307
1390
1474
1556
1639
1722
1806
1888
1971
2054
2137
2220
2303
2386
2469
2552
2635
2718
2801
2884
2966
3050
3133
3216
3299
3381
3465
3548
3630
3713
3796
3880
3963
4046
4128
4210
4294
4377
2540
2623
2706
2789
2872
2955
3038
3120
3204
3287
3370
3452
-305
-221
-138
-56
27
110
194
276
359
442
525
609
691
774
857
940
1023
1106
1189
1272
1355
1438
1521
1604
1687
1770
1853
-1904
-1821
-1738
-1656
-1572
-1489
-1406
-1323
-1241
-1157
-1074
-991
-908
-826
-743
-660
-577
-494
-411
-328
-245
-162
-79
3
87
170
253
336
419
502
585
667
750
833
917
1000
1082
1165
1248
1332
1414
1497
-2260
-2177
-2094
-2011
-1928
-1845
-1762
-1679
-1596
-1513
-1430
-1347
-1264
-1181
-1098
-1015
-932
-850
-767
-684
-600
-518
-434
-351
-268
-186
-103
-20
64
147
229
312
395
478
561
644
727
810
893
976
-861
-778
-695
-612
-529
-446
-364
-280
-198
-3954
-3871
-3789
-3705
-3623
-3540
-3457
-3374
-3290
-3207
-3124
-3042
-2959
-2876
-2793
-2710
-2627
-2544
-2461
-2378
-2295
-2212
-2129
-2046
-1963
-1880
-1798
-1715
-1631
-1548
-1465
-1383
-1300
-1217
-1133
-1050
-968
-885
-801
-718
-636
-553
-470
-387
-304
-221
-138
-55
28
111
194
277
360
443
526
609
692
774
857
941
1023
1106
1189
-648
-564
-482
-398
-316
-233
-150
-67
16
99
182
265
348
431
513
597
680
763
846
928
1012
1095
1178
1260
1343
1427
1509
1593
1675
1758
1841
1925
2007
2090
2173
2256
2339
-1418
-1335
-1252
-1169
-1086
-1003
-920
-837
-754
-671
-588
-505
-423
-340
-257
-173
-90
-8
75
158
242
325
407
490
573
656
739
822
905
-932
-849
-766
-684
-600
-2437
-2354
-2271
-2189
-2105
-2022
-1940
-1857
-1774
-1690
-1607
-1524
-1441
-1358
-1276
-1193
-1110
-1027
-944
-861
-778
-695
-612
-529
-446
-363
-280
-197
-114
-31
52
135
218
300
383
466
550
633
715
799
882
965
1047
1130
1213
1296
1379
1462
1545
1628
1711
1794
1877
1960
2043
2126
2209
2292
2375
2458
2541
2623
2707
2789
2873
2955
3039
3122
3204
3287
3370
3453
3536
3619
3703
1865
1948
2031
2114
2197
2280
2363
2446
-1311
-1228
-1145
-1062
-979
-896
-813
-731
-647
-564
-482
-398
-316
-232
-150
-67
16
99
183
265
348
431
514
597
680
763
846
929
1012
1095
1178
1261
1344
1427
1510
1593
1676
1758
1842
1925
2007
2091
-1667
-1584
-1501
-1418
-1334
-1252
-1168
-1086
-1003
-920
-837
-754
-671
-588
-505
-422
-339
-256
-173
-90
-7
76
159
241
324
408
491
573
656
740
822
905
988
1071
1155
1237
1321
1403
1486
1569
1652
1735
1818
1901
1984
2066
2150
2233
2316
2399
2481
2565
2648
2730
2814
2896
2980
3063
3145
-4452
-4369
-4285
-4202
-4120
-4037
-3954
-3871
-3788
-3705
-3622
-3539
-3456
-3373
-3291
-3207
-3124
-3041
-2958
-2875
-2792
-2709
-2627
-2544
-2461
-2377
-2295
-2211
-2128
-2046
-1962
-1880
-1797
-1714
-1631
-1547
-1465
-1382
-1299
-1216
-1133
-1050
-967
-884
-801
-718
-635
-552
-469
-386
-303
-221
-138
-54
-1891
-1808
-1726
-1642
-1559
-1477
-1394
-1311
-1227
-1144
-1062
-979
-896
-813
-730
-647
-564
-2401
-2318
-2235
-2152
-2069
-1986
-1903
-1820
-1738
-1654
-1572
-1488
-1405
-1323
-1239
-1157
-1074
-991
-908
-824
-742
-659
-576
-493
-410
-327
-244
-161
-78
5
88
171
254
337
420
503
586
668
-1169
-1086
-1003
-919
-837
-754
-671
-588
-504
-422
-339
-255
-173
-90
-7
76
159
242
325
408
491
574
657
740
823
906
989
1071
1154
1237
1320
1404
1486
1569
1652
1735
1819
1901
1984
2068
2151
2233
2316
2399
2482
2565
2648
2731
2814
2897
2979
3063
3146
3229
3312
3394
3478
3560
3644
3726
3809
3893
3975
4058
4141
4224
4308
4390
4473
4556
4639
4722
4805
4888
3051
3134
3217
3299
3383
3466
3549
3632
3715
3798
3880
3963
4046
4129
4212
4295
4378
4461
704
787
871
953
1036
1119
1202
-2555
-2472
-2389
-2306
-2223
-2140
-2058
-1974
-1891
-1808
-5565
-5482
-5399
-5316
-5233
-5151
-5068
-4984
-4902
-4818
-4735
-4653
-4569
-4487
-4404
-4321
-4238
-4155
-4072
-3989
-3906
-3823
-3740
-3657
-3574
-3491
-3408
-3325
-3242
-3159
-3076
-2993
-2910
-2828
-2745
-2661
-2579
-2495
-2413
-2330
-2246
-2164
-2081
-1998
-1915
-1832
-1749
-1666
-1583
-1500
-1417
-1334
-1251
-1168
-1085
-1002
-919
-836
-753
-670
-588
-505
-421
-339
-256
-173
-90
-6
76
159
242
325
409
491
574
657
740
823
906
989
1072
1155
1238
1321
1404
1487
1570
1653
1735
1818
1901
1984
2068
2150
2234
2317
2399
2482
2565
2648
2731
2814
2897
2980
3063
3146
3229
3312
3395
1558
1640
1724
-113
-30
53
135
218
301
384
467
550
633
717
799
882
965
1048
1132
1214
1297
1380
1463
1546
1629
1712
1795
1878
1961
2044
2127
2210
2293
2376
2459
622
704
787
871
953
-2803
-2721
-2638
-2554
-2472
-2389
-2306
-2223
-2140
-2057
-1974
-1891
-1808
-1725
-1642
-1559
-1476
-1393
-1310
-1227
-1144
-1061
-978
-895
-812
-729
-647
-564
-480
-398
-315
-232
-149
-65
17
100
183
266
349
432
515
598
681
764
847
930
1013
1096
1179
1262
1345
1428
1511
1594
1677
1759
1842
1925
2009
2091
2175
2257
2340
2424
2506
2589
2672
2755
2839
-919
-836
-753
-670
-587
-504
-421
-338
-255
-172
-89
-6
77
160
243
325
408
491
574
657
740
823
906
989
-2768
-2685
-2602
-2519
-2436
-2353
-2270
-2187
-2105
-2021
-1938
-1855
-1772
-1690
-1606
-1523
-1440
-1357
-1275
-1192
-1108
-1026
-943
-860
-777
-693
-611
-528
-445
-362
-278
-196
-113
-30
53
136
219
302
385
468
551
634
717
800
883
966
1048
1131
1214
1297
1381
1463
1547
1629
1712
1795
1878
-1879
-1796
-1713
-1629
-1547
-1464
-1381
-1298
-1215
-1132
-1049
-967
-884
-800
-717
-634
-552
-469
-385
-302
-220
-137
-54
30
113
195
278
361
-1475
-1393
-1310
-1227
-1144
-2980
-2898
-2815
-2732
-2649
-2566
-2483
-2400
-2317
-2234
-2151
-2068
-1985
-1903
-1820
-1737
-1654
-1570
-1488
-1405
-1321
-1239
-1156
-1073
-990
-906
-824
-741
-658
-575
-492
-409
-326
-243
-160
-77
6
89
171
254
-1582
-1499
-1416
-1334
-1251
-1167
-1085
-1002
-919
-835
-753
-670
-587
-504
-421
-338
-255
-172
-89
-6
77
160
243
326
409
492
575
658
741
824
907
990
1073
1155
1238
1321
1404
1487
1570
1653
1736
1819
1902
1985
2068
2151
2234
2317
2400
2483
2566
2649
2732
2814
2897
2981
3064
3147
3229
3312
3396
3478
3561
3644
-112
-30
53
136
219
302
385
468
551
634
716
800
883
966
1049
1132
1215
-622
-539
-456
-373
-290
-207
-124
-42
41
124
207
291
373
456
539
622
705
788
871
954
1037
1120
1203
1286
1369
1452
1535
1618
1701
1784
1867
1950
2033
2116
2199
2281
2364
2447
2530
2613
2696
2780
2862
2945
3028
3111
3194
3277
3360
-396
-314
-231
-148
-66
18
101
184
266
350
433
516
599
681
-3076
-2992
-2910
-2827
-2744
-2661
-2577
-2495
-2412
-2329
-2246
-2162
-2080
-1997
-1914
-1831
-1748
-1665
-1582
-1499
-1416
-1333
-1250
-1167
-1084
-1002
-918
-835
-752
-669
-2507
-2424
-2341
-2257
-2175
-2092
-2009
-1926
-1843
-1760
-1677
-1594
-1511
-1428
-1345
-1263
-1179
-1096
-1013
-930
-847
-764
-681
-598
-516
-433
-349
-266
-183
-100
-18
66
148
231
314
397
481
563
646
729
812
895
978
1061
1144
1227
1310
1393
1476
1559
1641
1724
1808
1891
1974
2056
2140
2223
2306
2388
2471
-1286
-1203
-1119
-1037
-954
-871
-788
-704
-622
-539
-456
-373
-290
-207
-124
-41
42
125
207
290
374
457
540
623
-1214
-1132
-1048
-966
-883
-800
-717
-634
-551
-468
-385
-302
-219
-136
-53
30
113
196
279
362
445
528
611
694
-3063
-2981
-2897
-2814
-2731
-2649
-2565
-2483
-2400
-2317
-2234
-2151
-2068
-1985
-1902
-1819
-1736
-1653
-1570
-1487
-1404
-1321
-1238
-1155
-1072
-989
-906
-823
-740
-657
-574
-491
-408
-325
-243
-160
-77
6
89
173
255
338
421
504
-1333
-1250
-1167
-1084
-1001
-918
-835
-752
-669
-586
-503
-420
-337
-254
-171
-88
-6
77
160
243
326
409
492
575
658
741
824
907
990
1073
1156
1239
1322
1405
1487
1571
1654
1737
1820
1903
1986
2069
2152
2235
2318
2401
2483
2566
2649
2732
2815
2898
2981
3064
3147
3231
3313
3396
3479
3562
3646
3728
-1950
-1866
-1783
-3620
-3537
-3454
-3371
-3288
-3205
-3123
-3040
-2956
-2873
-2790
-2708
-2625
-2542
-2459
-2376
-2293
-2210
-2127
-2044
-1961
-1878
-1795
-1712
-1629
-1546
-1463
-1380
-1297
-1214
-1131
-1048
-966
-883
-799
-716
-633
-550
-467
-384
-301
-219
-136
-53
30
114
196
279
362
445
528
611
694
777
860
943
1026
1109
1192
1275
1358
1440
1523
1607
1690
1773
1855
1938
2021
2104
2187
2270
2353
2436
2519
2602
2685
2768
2851
2934
3017
3100
3183
3266
3349
3432
3515
3597
3681
3764
3847
3930
4012
4096
4179
4262
4344
4427
4510
4593
4677
4759
4842
4925
5008
5091
5174
5257
5340
1583
1666
1749
1832
1915
1998
2081
2164
2247
2330
-1428
-1344
-1261
-1178
-1095
-1013
-929
-847
-2684
-2601
-2518
-2435
-2352
-2269
-2186
-2103
-2020
-1937
-1854
-1771
-1688
-1605
-1522
-1439
-1356
-1273
-1190
-1107
-1024
-941
-858
-775
-693
-4450
-4366
-4284
-4201
-4118
-4035
-3952
-3869
-3785
-3703
-3620
-3537
-3454
-3371
-3288
-3205
-3122
-3039
-2957
-2873
-2790
-2707
-2624
-2541
-2458
-2375
-2292
-2210
-2126
-2043
-1961
-1878
-1795
-1712
-1629
-1546
-1463
-1380
-1297
-1214
-1131
-1048
-965
-882
-799
-716
-633
-550
-467
-384
-301
-218
-135
-52
30
113
197
280
363
445
528
611
694
778
860
943
-894
-811
-728
-645
-562
-479
-396
-314
-230
-147
-64
19
102
185
268
351
433
516
600
683
766
849
931
1014
1097
1180
1263
1346
1429
1512
1595
1678
1761
1844
1927
2010
2093
2176
2259
-1498
-1415
-1332
-1249
-1167
-1084
-1000
-917
-834
-751
-668
-586
-503
-420
-337
-254
-171
-88
-5
78
161
244
327
410
493
576
659
742
825
908
991
1074
1156
1240
1323
1405
1488
1572
1655
1738
1820
1903
1986
2070
2152
315
398
481
564
-1273
-1190
-1107
-1024
-941
-858
-775
-692
-609
-526
-443
-360
-277
-194
-112
-28
55
138
220
303
386
-3371
-3288
-3205
-3122
-3039
-2956
-2873
-2790
-2707
-2624
-2541
-2458
-2375
-2292
-2209
-2126
-2043
-1960
-1877
-1794
-1711
-1628
-1545
-1462
-1379
-1297
-1213
-1131
-1048
-965
-882
-799
-716
-633
-550
-467
-384
-301
-218
-135
-52
31
114
196
280
363
446
529
612
694
778
861
943
1026
1109
1192
1275
1358
1441
-396
-313
-230
-147
-64
19
102
185
268
351
434
516
600
683
766
849
932
1015
1098
1180
1263
1346
1430
1513
1595
1678
1761
1844
1927
2010
2093
2176
2259
2342
2425
2508
2591
2674
2757
2839
2923
3006
3089
3172
3255
3338
3421
3503
3586
3669
1833
1915
1999
2081
2164
2247
2330
2413
2496
2579
2662
2745
2828
2911
2994
3077
3160
3243
3326
3409
3491
3574
3658
3741
-16
66
149
233
316
399
481
564
647
730
813
896
979
1062
1145
1228
1311
1394
1477
1560
1643
1726
1809
1892
1975
-1782
-1699
-1616
-1533
-1450
-1367
-1285
-1202
-1118
-1035
-952
-869
-787
-704
-621
-538
-455
-372
-289
-206
-123
-40
43
126
209
292
375
457
541
624
707
-3050
-2967
-2884
-2801
-2719
-2636
-2552
-2469
-2386
-2304
-2221
-2138
-2055
-1972
-1889
-1806
-1723
-1640
-1557
-1474
-1391
-1308
-1225
-1142
-1059
-976
-893
-810
-727
-4484
-4401
-4319
-4235
-4152
-4069
-3986
-3904
-3820
-3737
-3655
-3572
-3489
-3406
-3323
-3240
-3157
-3074
-2991
-2908
-2825
-2742
-2659
-2576
-2493
-2411
-2327
-2244
-2161
-2078
-1995
-1912
-1829
-1746
-1663
-1581
-1498
-1414
-1332
-1249
-1166
-1083
-1000
-917
-834
-751
-668
-585
-502
-419
-336
-253
-170
-87
-4
79
162
245
328
411
494
577
659
743
826
909
991
1074
1157
-680
-597
-514
-431
-348
-265
-182
-99
-16
67
150
233
315
399
482
565
648
731
814
897
979
1062
1145
1229
1312
1395
1477
1560
1643
1726
1809
1892
55
138
221
304
387
470
553
636
-1201
-1118
-1035
-953
-869
-786
-703
-621
-538
-454
-371
-288
-206
-122
-40
-1877
-1794
-1711
-1628
-1545
-1462
-1379
-1296
-1213
-1130
-1047
-964
-881
-798
-715
-632
-549
-466
-383
-300
-217
-134
-52
31
115
198
281
363
446
529
612
695
778
861
944
1027
1110
1193
1276
1359
1442
1525
1608
1690
1774
1857
1939
2022
2105
2189
2272
2354
2437
2520
2604
2686
2769
2852
2935
3018
3101
3184
3267
3350
3433
3516
3599
3682
3765
3848
3931
4014
4097
4179
4262
4346
4429
4512
4594
4678
4761
4844
4926
5009
5093
5175
5258
5341
5424
5507
5590
5673
5756
5838
2082
2165
2248
2331
2413
2497
-1260
-1177
-1095
-1012
-928
-845
-4603
-4520
-4436
-4353
-4270
-4188
-4105
-4022
-3939
-3856
-3773
-3690
-3607
-3523
-3441
-3358
-3275
-3192
-3109
-3026
-2943
-2860
-2777
-2694
-2611
-2528
-2445
-2363
-2279
-2196
-2113
-2030
-1948
-1864
-1781
-1699
-1616
-1533
-1450
-1367
-1284
-1201
-1118
-1035
-952
-869
-786
-703
-620
-537
-454
-372
-289
-205
-122
-39
44
126
210
292
375
458
541
625
708
790
873
956
1039
1122
1205
1288
1370
1454
1537
1620
1703
-2054
-1971
-1888
-1805
-1722
-1640
-1556
-1473
-1390
-1307
-1225
-1142
-1058
-976
-893
-810
-726
-643
-561
-478
-2315
-2232
-2149
-2066
-1983
-1900
-1817
-1734
-1651
-1568
-1485
-1402
-1319
-1236
-1153
-1071
-987
-904
-821
-739
-656
-573
-489
-406
-323
-241
-158
-75
8
91
174
257
340
-1497
-1414
-1332
-1248
-1165
-1082
-999
-916
-833
-750
-667
-585
-502
-418
-336
-253
-170
-87
-1923
-1840
-1758
-1675
-1592
-1509
-1426
-1343
-1260
-1177
-1094
-1011
-928
-845
-762
-679
-596
-513
-430
-348
-264
-182
-98
-15
67
151
233
317
399
482
566
648
731
814
897
980
1063
1146
1229
1311
1395
1478
1561
1644
1727
1810
1892
1976
2058
2141
2225
2308
2391
2473
2556
2640
2722
2805
2888
-869
-786
-703
-620
-537
-454
-371
-288
-205
-122
-39
44
127
210
293
375
459
541
625
708
790
874
957
1040
1122
1205
1288
1371
1455
1537
1620
1703
1786
1869
1952
2035
2118
2201
2284
2367
2450
2533
2616
2699
2781
2864
2948
3031
3114
3197
3279
3363
3445
-312
-2149
-2066
-1982
-1900
-1817
-1734
-1651
-1568
-1485
-1402
-1319
-1236
-1153
-1070
-987
-904
-821
-738
-655
-572
-489
-407
-323
-240
-157
-74
8
91
175
258
340
423
506
590
672
755
838
921
1004
1087
1170
-2587
-2504
-2421
-2338
-2255
-2173
-2089
-2006
-1923
-1840
-1758
-1674
-1592
-1509
-3346
-3263
-3179
-3097
-3013
-2930
-2848
-2765
-2682
-2599
-2516
-2433
-2350
-2267
-2184
-2101
-2019
-1935
-1852
-1769
-1686
-1604
-1520
-1437
-1354
-1271
-1189
-1106
-1023
-939
-857
-774
-690
-607
-524
-442
-359
-276
-193
-110
-27
56
139
222
305
388
471
554
637
720
803
885
969
1051
1134
1218
1300
1384
1466
1550
1633
1715
1798
1881
1964
2047
2130
2213
2296
2379
2462
2544
2628
2711
874
957
1039
1123
1206
1289
1371
1454
1538
1621
1704
1786
1869
1953
2035
2118
2201
2284
2367
2450
2533
2616
2699
2782
2865
2948
3031
3114
3197
3280
3363
3446
3528
3611
3694
-62
21
103
187
270
353
436
518
601
684
767
850
933
1016
1099
1182
1265
1348
1431
-2326
-2243
-2160
-2077
-1994
-1911
-1828
-1745
-1663
-1579
-1496
-1413
-1330
-3168
-3084
-3002
-2919
-2836
-2753
-2669
-2587
-2504
-2421
-2338
-2255
-2172
-2089
-2006
-1923
-1840
-1757
-1674
-1591
-1508
-1425
-1342
-1259
-1176
-1094
-1010
-928
-844
-761
-679
-596
-513
-429
-346
-264
-180
-98
-15
68
151
234
317
400
483
566
649
732
815
898
981
1064
1146
1230
1312
1395
1479
1561
1645
1727
1810
1894
-1864
-1781
-1697
-1615
-1532
-1449
-1366
-1283
-1200
-1117
-1034
-951
-868
-785
-702
-2539
-2456
-2373
-2291
-2207
-2125
-2041
-1958
-1876
-1792
-1710
-1626
-1544
-1461
-1377
-1295
-1211
-1129
-1046
-963
-880
-797
-714
-631
-548
-465
-382
-299
-216
-133
-50
33
116
199
282
364
448
531
613
696
779
863
946
1028
1111
1194
1277
1360
1443
1526
1609
1692
1775
1857
1941
2024
2107
2190
2273
2356
2438
2521
2604
2687
2771
2853
2937
3019
3102
3185
3268
3351
3434
3517
3600
3683
3766
9
92
175
258
340
424
507
590
673
756
839
922
1005
1087
1170
1254
1336
-500
-418
-335
-251
-169
-86
-3
80
163
246
329
412
495
578
661
-3096
-3013
-2930
-2847
-2764
-2681
-4518
-4435
-4353
-4270
-4186
-4104
-4020
-3938
-3855
-3771
-3689
-3606
-3523
-3440
-3356
-3274
-3191
-3108
-3025
-2942
-2859
-2776
-2693
-2610
-2527
-2444
-2361
-2278
-2195
-2112
-2030
-1947
-1864
-1781
-1697
-1615
-1531
-1448
-1366
-1283
-1200
-1117
-1034
-951
-868
-785
-702
-619
-536
-453
-370
-287
-204
-121
-38
45
128
211
293
377
459
542
625
708
792
875
957
1040
1123
1207
1289
1372
1455
1538
1621
1704
1787
1870
1953
2036
2119
2202
2285
2368
2451
2534
2617
2699
2782
2866
2948
3032
3114
3197
3281
3363
3446
3529
3612
3696
3778
3861
3944
2107
2190
2273
2356
2439
2522
2605
2688
2771
2854
2937
3020
3103
1265
1348
1431
1515
1597
1680
1763
1846
1930
2012
2095
2178
2261
2344
-1413
-1330
-1247
-1164
-1081
-998
-915
-832
-749
-666
-583
-500
-417
-334
-251
-169
-86
-3
80
164
246
330
412
495
579
661
744
827
910
993
1076
1159
-2598
-2515
-2432
-2349
-2266
-2183
-2100
-2017
-1934
-1851
-1768
-1685
-1602
-1520
-1437
-1353
-1271
-1187
-1105
-1022
-938
-856
-773
-690
-607
-523
-441
-358
-275
-192
-109
-26
57
140
223
305
389
472
555
638
720
803
887
969
1053
1135
1218
1302
1384
1467
-2290
-2207
-2123
-2041
-1958
-1875
-1792
-1709
-1626
-1543
-1460
-1377
-1294
-1211
-1128
-1045
-962
-879
-796
-713
-631
-548
-464
-382
-298
-216
-133
-50
33
116
199
282
366
448
531
614
697
780
863
946
1029
1112
1195
1278
1361
1443
1527
1610
-228
-145
-62
21
105
188
270
353
436
519
-3238
-3155
-3072
-2989
-2906
-2823
-2740
-2657
-2574
-2491
-2408
-2325
-2242
-2159
-2076
-1993
-1910
-1827
-1745
-1661
-1579
-1495
-1413
-1330
-1246
-1164
-1081
-998
-915
-831
-749
-665
-583
-500
-417
-334
-251
-168
-85
-2
81
164
246
330
413
496
579
661
744
828
910
-927
-844
-761
-678
-595
-512
-429
-346
-263
-180
-97
-14
69
152
235
318
401
484
567
650
733
816
899
982
1064
-772
-690
-607
-524
-441
-357
-275
-192
-109
-26
58
140
223
306
389
472
555
638
721
804
887
970
1053
1136
1219
1302
1385
1467
1551
1633
1716
1799
1882
1966
2048
2132
2214
2297
2380
2463
2546
2629
2712
-1045
-962
-879
-796
-713
-630
-547
-464
-381
-298
-215
-132
-49
33
116
199
282
366
448
531
615
698
780
863
946
1030
1112
1195
1278
1361
1444
1527
1610
1693
1776
1859
22
105
188
271
354
-3404
-3320
-3238
-3155
-3071
-2989
-2905
-2823
-2740
-2657
-2574
-2491
-2408
-2325
-2242
-2159
-2076
-1993
-1911
-1827
-1744
-1661
-1578
-1496
-1412
-1329
-1246
-1164
-1081
-997
-915
-831
-749
-666
-582
-499
-417
-334
-251
-167
-85
-2
81
164
247
330
413
496
579
662
745
828
911
994
1077
1160
1243
1325
1408
1492
1574
1657
1740
1823
1907
1989
2072
2155
2238
2321
2404
2488
2570
2652
2736
2819
2902
2985
3068
3151
3234
3317
3399
3482
3566
3649
3731
3814
3897
2061
2144
2226
2309
2392
2475
2558
2641
2724
2807
-950
-867
-784
-701
-618
-535
-452
-369
-286
-203
-2040
-1957
-1874
-1791
-1709
-1625
-1542
-1459
-1377
-1294
-1211
-1128
-1044
-962
-879
-796
-713
-629
-547
-464
-381
-298
-215
-132
-49
34
117
200
283
365
449
532
615
698
781
864
946
1029
1112
1195
-2561
-2479
-2395
-2313
-2230
-2147
-2064
-1981
-1898
-1815
-1732
-1649
-1566
-1483
-1400
-1318
-1234
-1151
-1068
-985
-902
-819
-736
-653
-571
-488
-405
-321
-239
-156
-73
11
94
176
259
342
425
509
591
674
757
840
923
1006
1088
1172
1255
1338
1421
1504
1587
1670
1753
1835
1918
2001
2084
2168
2250
2333
2416
2499
2582
2665
2748
2831
2914
2997
3080
-677
-4434
-4351
-4268
-4185
-4103
-4019
-3936
-3853
-3770
-3688
-3604
-3522
-3438
-3356
-3273
-3189
-3106
-3024
-2941
-2858
-2774
-2692
-2609
-2526
-2443
-2360
-2277
-2194
-2111
-2028
-1945
-1862
-1779
-1696
-1613
-1531
-1447
-1364
-1281
-1199
-1116
-1033
-949
-867
-784
-701
-618
-535
-452
-369
-286
-203
-119
-37
45
129
212
295
378
461
544
627
710
793
-1045
-961
-878
-796
-713
-630
-547
-463
-381
-298
-215
-132
-49
34
117
200
283
366
449
532
-1305
-1222
-1139
-1056
-973
-890
-807
-724
-641
-558
-475
-393
-309
-226
-144
-61
22
105
189
271
354
437
520
604
686
-1151
-1068
-985
-902
-819
-736
-653
-570
-487
-404
-322
-238
-155
-72
11
94
177
259
342
425
508
-1329
-1245
-1162
-1080
-997
-914
-831
-748
-665
-582
-499
-416
-333
-250
-167
-84
-1
82
165
248
331
414
497
579
662
745
828
911
994
1077
1160
1243
1326
1409
1492
1575
1658
1741
1824
1907
1990
2073
2156
2239
2322
2405
2488
2571
2654
2737
2820
2902
2985
3068
3151
3234
3317
3400
3483
3566
3649
3732
3815
3898
3981
4064
4147
4230
4313
4395
4479
4562
4645
4728
4810
4893
4977
5060
5142
5225
5308
5391
5474
5557
5640
5723
5806
5889
2132
2215
2298
2381
2464
2547
2630
2713
2795
2879
2962
3045
3128
3211
3294
3377
3460
3543
3625
3709
3791
34
117
200
283
366
450
532
615
-3142
-3059
-2976
-2893
-2810
-2727
-2644
-2561
-2478
-2395
-2312
-2229
-5986
-5903
-5820
-5737
-5654
-5571
-5488
-5405
-5322
-5240
-5157
-5074
-4990
-4908
-4825
-4742
-4659
-4576
-4493
-4410
-4327
-4244
-4161
-4078
-3995
-3912
-3829
-3746
-3663
-3580
-3497
-3414
-3332
-3248
-3165
-3082
-2999
-2916
-2833
-2751
-2667
-2585
-2502
-2418
-2336
-2253
-2170
-2087
-2003
-1921
-1838
-1755
-1672
-1589
-1506
-1423
-1340
-1257
-1174
-1091
-1009
-925
-842
-759
-676
-593
-510
-428
-2265
-2182
-2099
-2016
-1933
-1850
-1767
-1684
-1601
-1518
-1435
-1352
-1269
-1186
-1103
-1020
-937
-854
-771
-689
-606
-522
-439
-356
-273
-190
-107
-25
58
141
225
307
390
473
556
640
722
805
888
971
1054
1137
1220
1303
1386
1469
1552
1635
1718
1801
1884
1967
2050
2133
2215
2299
2381
2464
2547
2630
2713
2796
959
1042
1125
1208
-629
-546
-463
-380
-297
-214
-131
-48
35
118
201
284
367
450
533
616
698
782
864
947
1030
1113
1196
1279
1363
1445
1528
1611
1694
1777
1860
1943
2026
2109
2192
2275
2358
2441
604
687
770
853
936
-2821
-2738
-2655
-2573
-2489
-2407
-2324
-2241
-2158
-2075
-1992
-1909
-1826
-1742
-1660
-1577
-1494
-1411
-1328
-1245
-1162
-1079
-996
-914
-830
-747
-664
-581
-499
-415
-332
-250
-167
-84
-1
82
165
248
331
414
497
580
663
746
829
912
995
1078
1161
1244
1327
1410
1493
1576
1659
1741
1824
1908
1991
2073
2156
2239
2322
2405
2488
2571
2654
2737
2820
2903
2986
3069
3152
3235
3318
3401
3484
3567
3649
3733
3816
3898
3981
224
308
391
474
557
640
722
805
888
971
1054
1137
1220
1303
1386
1469
1552
1635
1718
1801
1884
1967
2050
2133
2216
2299
461
544
-3213
-3129
-3046
-2963
-2880
-2797
-2714
-2632
-2549
-2466
-2383
-2300
-2217
-2134
-2051
-1968
-1885
-1802
-1719
-1636
-1553
-1470
-1387
-1304
-1221
-1138
-1055
-972
-889
-806
-723
-640
-557
-474
-391
-309
-226
-143
-60
23
106
189
272
355
438
521
604
687
770
853
936
1019
1102
1185
1268
1351
1434
1517
1600
1683
1766
1849
1932
2015
2097
2180
2263
-1494
-1411
-1328
-1245
-1162
-1079
-996
-913
-830
-747
-664
-581
-498
-415
-333
-249
-166
-83
0
83
166
249
331
414
497
581
664
746
829
912
995
1078
1161
1244
-593
-510
-427
-344
-261
-178
-3935
-3852
-3769
-3686
-3603
-3521
-3437
-3354
-3271
-3188
-3106
-3022
-2939
-2856
-2773
-2691
-2608
-2525
-2442
-2359
-2276
-2193
-2110
-2027
-1944
-1861
-1778
-1695
-1612
-1529
-1447
-1363
-1280
-1197
-1114
-1031
-948
-866
-783
-700
-616
-533
-450
-368
-285
-202
-119
-1956
-1873
-1790
-1707
-1624
-1541
-1458
-1375
-1292
-1209
-1126
-1043
-960
-877
-794
-711
-628
-546
-463
-379
-296
-214
-131
-48
36
119
201
284
367
450
533
616
699
782
865
948
1031
1114
1197
1280
1363
1445
1529
1612
1695
1778
1860
1943
2027
2110
2193
2276
2359
2441
2524
2607
2690
2773
2856
2939
3022
3105
1268
1351
1434
1517
1600
1683
1766
1849
1932
2015
2098
2180
2264
2347
2430
-1328
-1244
-1161
-1078
-996
-913
-830
-747
-664
-581
-498
-415
-332
-249
-166
-83
0
83
166
249
-1588
-1505
-1422
-1339
-1256
-1173
-1090
-1008
-924
-841
-758
-676
-593
-510
-427
-344
-261
-178
-95
-12
71
154
237
320
403
486
569
652
735
817
900
983
1067
1150
1233
1316
1398
1482
1565
1647
1730
1813
1897
1979
2062
2145
2228
2311
2394
2477
2560
2643
2726
2809
2892
2975
3058
3141
-616
-533
-450
-367
-284
-201
-118
-35
47
131
214
297
379
462
545
628
-3129
-3046
-2963
-2880
-2797
-2714
-2631
-2548
-2465
-2382
-2299
-2216
-2134
-2050
-1967
-1884
-1801
-1719
-1635
-1552
-1470
-1387
-1304
-1220
-1138
-1055
-972
-889
-805
-723
-640
-557
-474
-391
-308
-225
-2062
-1979
-1896
-1813
-1730
-1647
-1565
-1481
-1398
-1315
-1232
-1149
-1066
-983
-900
-818
-735
-652
-569
-486
-403
-320
-237
-154
-71
12
95
178
261
344
427
509
593
676
759
842
924
1008
1090
1173
1256
1339
1423
1506
1589
1672
1754
1837
1920
2003
2086
2169
2252
2335
2418
2501
2583
2667
2750
2833
2916
2998
3082
3165
3248
3331
3413
3497
3580
3663
3745
3828
3912
-1765
-1682
-1600
-1517
-1434
-1351
-1268
-1185
-1102
-1018
-936
-853
-770
-687
-604
-521
-438
-355
-273
-189
-107
-23
60
142
225
308
392
475
557
-1279
-1197
-1114
-1031
-948
-865
-782
-699
-616
-533
-450
-367
-284
-201
-118
-35
48
131
214
296
379
463
546
629
711
794
878
961
-2797
-2714
-2630
-2548
-2465
-2382
-2299
-2216
-2133
-2050
-1967
-1884
-1801
-1718
-1635
-1552
-1469
-1386
-1303
-1220
-1137
-1055
-971
-888
-805
-722
-640
-556
-473
-390
-307
-225
-142
-59
24
107
190
273
356
439
522
605
688
771
854
937
1019
1103
1186
1269
1352
1434
-2322
-2239
-2157
-2074
-1991
-1907
-1824
-1742
-1659
-1576
-1493
-1410
-1327
-1244
-1161
-1078
-995
-912
-829
-746
-663
-580
-497
-414
-332
-248
-165
-82
0
83
166
250
333
416
499
582
665
747
830
913
996
1079
1162
1245
1328
1411
1494
1577
1660
1743
1826
1909
1992
2075
2158
2241
2324
2406
2489
2572
2656
2739
2822
2905
2987
3070
3153
3236
3319
3402
3485
3568
3651
3734
-1943
-1860
-1777
-3614
-3531
-3449
-3365
-3282
-3199
-3116
-3034
-2950
-2868
-2784
-2702
-2619
-2535
-2452
-2369
-2287
-2204
-2121
-2038
-1955
-1872
-1789
-1706
-1623
-1540
-1457
-1374
-1291
-1208
-1125
-1042
-2879
-2796
-2713
-2630
-2547
-2465
-2381
-2299
-2215
-2132
-2050
-1966
-1884
-1801
-1718
-1635
-1552
-1469
-1386
-1303
-1220
-1137
-1054
-971
-888
-805
-722
-639
-556
-473
-391
-307
-224
-141
-58
24
108
190
274
356
439
522
605
688
771
854
937
1020
1103
1186
1269
1352
1435
1518
1601
1684
1766
1849
1933
2016
2098
2181
2265
2348
2431
2513
2596
2679
2762
2845
2928
3011
3094
3177
3260
3343
3426
3509
3592
3675
3758
3841
3924
4007
4090
4172
4256
4338
4422
4505
4587
4671
4754
4836
4919
5002
5085
5168
1411
1494
1577
1660
1743
1826
1909
1992
2075
2158
2241
2324
-1433
-1350
-1268
-1184
-1101
-1018
-935
-852
-769
-2606
-2524
-2441
-2358
-2274
-2191
-2109
-2026
-1943
-1860
-1777
-1694
-1611
-1528
-1445
-1362
-1279
-1196
-1113
-1030
-947
-865
-781
-698
-615
-532
-450
-366
-283
-201
-3958
-3874
-3791
-3709
-3625
-3542
-3460
-3377
-3294
-3211
-3128
-3045
-2962
-2879
-2796
-2713
-2630
-2547
-2464
-2381
-2298
-2216
-2132
-2050
-1966
-1883
-1801
-1717
-1635
-1551
-1468
-1386
-1302
-1220
-1136
-1053
-971
-888
-805
-722
-639
-556
-473
-390
-307
-224
-141
-58
25
108
191
273
357
439
523
606
688
772
854
938
1021
1103
1186
1269
1352
1435
1518
1601
1684
1767
-70
12
96
179
262
345
428
511
594
-1243
-1161
-1078
-994
-912
-828
-746
-663
-579
-497
-413
-331
-248
-165
-82
1
84
167
250
333
416
499
582
665
748
831
914
997
1080
1162
1246
1329
1411
1495
1577
1661
1744
1826
1909
1992
2076
2158
2241
2324
2407
2490
-1267
-1184
-1101
-1018
-935
-852
-769
-686
-603
-520
-437
-355
-272
-189
-105
-23
60
144
226
309
392
475
559
641
724
807
890
973
1056
1139
1222
1305
1388
1471
1554
1637
1720
1803
1885
1969
2052
2134
2218
2300
2384
2467
2549
2632
2715
2798
2882
2964
3048
3130
-627
-544
-461
-378
-2215
-2132
-2049
-1966
-1883
-1800
-1717
-1634
-1551
-1468
-1386
-1302
-1220
-1137
-1053
-970
-888
-805
-722
-638
-556
-473
-390
-307
-224
-141
-3898
-3815
-3732
-3649
-3566
-3483
-3400
-3317
-3234
-3151
-3068
-2985
-2903
-2819
-2737
-2653
-2570
-2487
-2404
-2322
-2238
-2155
-2073
-1989
-1907
-1823
-1741
-1658
-1575
-1492
-1409
-1326
-1243
-1160
-1077
-994
-911
-828
-745
-662
-579
-496
-414
-330
-248
-165
-81
1
85
167
251
334
416
500
582
665
748
831
914
997
1080
1163
1246
1329
1412
1495
1578
1661
1744
1826
-10
73
155
239
321
405
488
570
654
-1184
-1101
-1018
-935
-852
-769
-686
-603
-520
-437
-354
-271
-188
-105
-22
61
144
227
310
393
475
558
641
724
808
890
973
1057
1139
1223
1305
1388
1471
1554
1637
1720
1803
1886
1969
2052
2135
2218
2301
2384
2467
2550
2633
2716
2798
2882
1044
1128
1210
1294
1377
1459
1542
1625
1708
1792
1874
1957
2040
2123
2206
2289
2372
2455
2538
2621
2704
2787
2870
2953
3036
3118
3201
3284
3367
-389
-307
-224
-140
-58
25
108
191
274
357
441
523
606
689
772
855
938
1021
1104
1187
1270
1353
1436
1519
1602
1685
1767
1850
1933
2016
-1740
-1658
-1575
-1492
-1409
-1325
-1243
-1160
-1077
-994
-910
-828
-745
-662
-579
-496
-413
-330
-247
-164
-81
2
85
168
251
334
416
500
582
665
749
831
914
997
1080
1164
-2594
-2510
-2428
-2345
-2262
-2179
-2096
-2013
-1930
-1847
-1764
-1681
-1599
-1515
-1432
-1349
-1266
-1184
-1100
-1017
-934
-852
-769
-686
-602
-520
-437
-354
-271
-187
-105
-22
61
144
227
-3530
-3447
-3364
-3281
-3198
-3115
-3032
-2949
-2866
-2783
-2700
-2617
-2534
-2451
-2368
-2286
-2202
-2120
-2037
-1953
-1871
-1787
-1705
-1622
-1539
-1456
-1373
-1290
-1207
-1124
-1041
-958
-876
-792
-709
-626
-543
-460
-2297
-2214
-2131
-2049
-1966
-1883
-1799
-1717
-1634
-1551
-1468
-1384
-1302
-1219
-1136
-1053
-970
-887
-804
-721
-638
-555
-472
-389
-306
-223
-140
-57
26
108
191
275
357
441
523
606
690
772
856
938
1021
1104
1187
1270
-567
-484
-401
-318
-235
-152
-69
14
97
180
263
346
429
511
595
677
760
844
926
1010
1092
1176
1259
1341
1424
1507
1590
1674
1756
1839
1922
2005
2088
2171
2254
2337
2419
2503
666
749
832
914
998
1080
1163
1246
1329
1413
-425
-341
-259
-176
-93
-10
73
156
239
322
405
488
571
654
737
820
903
-2854
-2771
-2688
-2605
-2522
-2439
-2356
-2273
-2191
-2107
-2025
-1942
-1859
-1776
-1693
-1610
-1527
-1444
-1361
-1278
-1195
-1112
-1029
-946
-863
-780
-697
-614
-531
-448
-366
-282
-199
-116
-33
49
132
216
298
381
464
547
631
713
796
879
962
1046
1128
1211
1294
1377
1460
1543
1626
1709
1791
1875
1958
2041
2124
2207
2290
2372
2456
2538
2621
2704
2787
2871
2953
3036
3119
3202
3285
3368
3451
3534
3617
3700
3783
3866
3949
4032
4115
4197
4280
4364
4447
4530
4613
4695
4779
4861
4944
5027
5110
5194
5276
5359
5442
5525
5608
5691
5774
5857
5940
6023
6106
4269
4352
4435
678
761
844
927
1009
1093
1176
-2581
-2498
-2416
-2333
-2250
-2166
-2084
-2001
-5757
-5674
-5591
-5509
-5426
-5342
-5260
-5176
-5094
-5011
-4928
-4845
-4762
-4679
-4596
-4513
-4430
-4347
-4264
-4181
-4098
-4015
-3932
-3850
-3767
-3683
-3601
-3517
-3435
-3351
-3268
-3186
-3103
-3020
-2937
-2853
-2771
-2688
-2605
-2522
-2439
-2356
-2273
-2190
-2107
-2024
-1941
-1858
-1775
-1693
-1609
-1527
-1443
-1361
-1278
-1195
-1111
-1028
-946
-863
-779
-697
-613
-531
-448
-365
-282
-199
-116
-33
50
133
216
299
382
465
548
631
714
797
879
962
1046
1128
1211
1294
1377
1460
1543
1626
1709
-2048
-1964
-1882
-1799
-1716
-1633
-1550
-1467
-1384
-1301
-1218
-1135
-1052
-969
-886
-803
-720
-638
-555
-472
-388
-305
-223
-140
-1977
-1894
-1811
-1728
-1645
-1561
-1478
-1396
-1313
-1230
-1147
-1064
-981
-898
-815
-732
-649
-566
-483
-400
-317
-234
-151
-69
14
97
180
264
346
429
512
595
679
761
844
927
1010
1093
1176
-661
-578
-495
-412
-330
-246
-163
-80
3
86
169
252
334
417
500
583
666
750
832
915
998
-838
-756
-673
-590
-507
-424
-341
-258
-175
-92
-9
74
157
240
323
406
489
572
655
737
820
903
987
1069
1152
-685
-602
-519
-436
-353
-270
-187
-104
-21
62
145
228
311
394
477
560
643
726
809
892
974
1058
1140
1223
1306
1389
1472
1555
1638
1721
1804
1887
1970
2053
2136
2219
2302
2385
2468
2551
2634
2717
2800
2883
2965
-791
-708
-625
-542
-460
-377
-294
-210
-128
-45
38
122
205
287
370
453
536
619
702
785
868
951
1034
1117
1200
1283
1366
1449
1532
1615
1698
1781
1864
1947
2029
2112
2195
2278
2361
2444
2527
2610
2693
2776
2859
2942
3025
3108
3191
3274
3356
3440
3523
3606
3689
3772
3855
3938
4021
4103
4187
4270
4353
595
-3161
-3079
-2995
-2912
-2830
-2747
-2664
-2581
-2497
-2415
-2332
-2249
-2166
-2083
-2000
-1917
-1834
-1751
-1668
-1585
-1502
-1419
-1337
-1253
-1170
-1087
-1004
-922
-838
-756
-673
-590
-507
-423
-341
-258
-175
-92
-8
74
158
240
323
406
489
572
655
738
821
903
-2854
-2770
-2687
-2604
-2521
-2438
-2355
-2273
-2189
-2107
-2024
-1941
-1858
-1774
-1692
-1609
-3446
-3363
-3280
-3197
-3114
-3031
-2948
-2865
-2782
-2699
-2616
-2533
-2450
-2367
-2284
-2201
-2118
-2035
-1952
-1869
-1787
-1704
-1621
-1538
-1455
-1372
-1289
-1206
-1123
-1040
-957
-874
-791
-708
-625
-542
-459
-376
-293
-210
-127
-44
39
122
-1715
-1632
-1549
-1466
-1384
-1301
-1218
-1135
-1052
-969
-886
-803
-720
-637
-554
-471
-388
-305
-222
-139
-56
27
110
193
276
358
441
525
608
691
773
857
939
1022
1105
1188
1271
1354
1438
1520
1603
1686
1769
1852
15
98
181
264
347
430
513
596
679
762
845
928
1011
1094
1177
1260
1342
1425
1508
1591
1674
1757
1840
1923
2006
2089
2172
2255
2338
2421
2504
2587
2670
2753
2836
2919
3002
3085
3168
3251
3334
-424
-340
-257
-174
-91
-9
74
157
240
323
406
489
572
655
738
821
904
987
1070
1153
1236
1319
1402
1485
-2272
-2189
-2106
-2024
-1940
-1857
-1774
-1691
-1608
-1526
-1443
-1360
-1277
-1194
-3031
-2948
-2865
-2782
-2699
-2615
-2533
-2450
-2367
-2284
-2201
-2118
-2035
-1952
-1869
-1786
-1703
-1621
-1537
-1454
-1371
-1288
-1206
-1122
-1040
-956
-874
-791
-708
-625
-542
-459
-375
-293
-210
-127
-44
39
122
205
287
371
454
537
620
703
786
869
952
1035
1117
1201
1284
1366
1449
1532
1615
1698
1781
1864
1947
2030
2113
2196
2279
2362
2445
2528
2611
2694
2777
2860
2943
3026
3109
-648
-565
-482
-399
-316
-233
-151
-68
15
98
181
264
347
430
513
596
679
-1158
-1075
-992
-2829
-2746
-2663
-2580
-2497
-2414
-2331
-2249
-2165
-2082
-1999
-1916
-1833
-1751
-1668
-1585
-1502
-1419
-1336
-1253
-1170
-1087
-1004
-921
-838
-755
-672
-589
-506
-423
-340
-257
-174
-91
-8
75
158
241
324
407
489
572
655
738
821
904
987
1071
1154
1236
1319
1402
1485
1568
1651
1734
1817
1900
1983
2066
2149
2232
2314
2398
2481
2564
2647
2729
2812
2896
2979
3061
3144
3227
3310
3393
3476
3559
3642
3725
3808
3891
3974
4057
4140
4222
4306
4388
4472
715
798
881
964
1047
1130
1212
1295
1379
1462
1545
1627
1710
1793
1876
1959
2042
2125
2208
2291
-1466
-1383
-1300
-1217
-1134
-1051
-968
-885
-802
-719
-636
-553
-470
-387
-304
-221
-138
-56
-3812
-3729
-3647
-3564
-3481
-3398
-3315
-5152
-5069
-4986
-4903
-4820
-4737
-4654
-4571
-4488
-4405
-4322
-4239
-4156
-4073
-3990
-3907
-3824
-3741
-3658
-3575
-3492
-3409
-3326
-3243
-3161
-3078
-2995
-2912
-2828
-2746
-2663
-2580
-2497
-2414
-2331
-2248
-2165
-2082
-1999
-1916
-1833
-1750
-1667
-1584
-1501
-1418
-1335
-1252
-1169
-1086
-1003
-921
-838
-755
-672
-589
-506
-423
-340
-257
-174
-91
-8
75
158
241
324
407
490
573
656
739
822
905
988
1071
1154
1237
1320
1403
1485
1568
1651
1734
-103
-20
63
146
229
312
395
478
561
644
727
810
893
975
1059
1142
1225
1307
1390
1474
1557
1640
1722
1805
1888
1972
2054
2137
2220
2303
2387
2469
2552
2635
2718
2801
2884
2967
3050
1212
1295
1379
1462
1545
1628
1711
1794
1877
1960
2042
2126
2209
2292
2374
537
620
703
786
869
952
1035
1118
1201
1284
1367
1450
1533
1616
1699
1781
1865
-1892
-1809
-1726
-1643
-1560
-1477
-1395
-1312
-1229
-1145
-1062
-980
-897
-814
-730
-648
-565
-482
-399
-316
-233
-150
-67
16
99
182
265
348
431
514
597
680
763
845
929
1012
1095
1178
-2580
-2496
-2413
-2331
-2248
-2165
-2082
-1999
-1916
-1833
-1750
-1667
-1584
-1501
-1418
-1336
-1252
-1169
-1086
-1003
-920
-837
-754
-671
-589
-506
-422
-339
-257
-174
-91
-8
75
158
241
324
408
490
573
656
739
822
905
988
1071
1153
1237
1320
1403
1486
1568
1652
1735
1818
1900
1983
2067
2150
2232
-1525
-1442
-1359
-1276
-1193
-1110
-1027
-944
-861
-778
-695
-612
-529
-446
-363
-280
-197
-114
-31
52
135
218
301
384
467
550
633
715
798
881
964
1047
1130
1213
1296
1379
1462
1545
1628
1711
1794
1877
1960
2043
2126
2208
2291
2375
2458
2541
703
786
870
953
1036
1118
1201
-636
-553
-470
-387
-304
-220
-138
-55
28
111
194
277
360
-3397
-3314
-3231
-3148
-3065
-2982
-2899
-2816
-2733
-2650
-2567
-2485
-2401
-2318
-2235
-2153
-2070
-1987
-1904
-1821
-1738
-1655
-1572
-1489
-1406
-1323
-1240
-1157
-1074
-991
-909
-826
-742
-659
-576
-493
-411
-327
-244
-162
-79
4
88
171
254
336
419
503
585
668
751
834
917
1000
1083
1166
1249
1332
1415
1498
-339
-257
-173
-90
-7
76
158
242
325
408
491
573
657
739
822
905
988
1071
1154
1237
1320
1403
1486
1569
1652
1735
1818
1901
1984
-1773
-1690
-1608
-1524
-1442
-1359
-1276
-1193
-1109
-1027
-943
-860
-778
-694
-612
-529
-446
-363
-280
-197
-114
-31
52
135
218
301
384
467
550
633
716
799
881
965
1047
1131
1213
1296
1380
1463
1545
1628
1711
1794
1877
1960
2043
2126
2209
2292
2375
2458
-1299
-1216
-1133
-1050
-967
-885
-801
-718
-635
-552
-470
-386
-304
-220
-137
-54
29
111
194
277
360
443
526
609
692
775
858
941
1024
1107
1190
1273
1356
1439
1522
1604
1688
1771
1854
1937
2019
2103
266
349
431
514
597
680
763
-2994
-2911
-2827
-2744
-2662
-2579
-2496
-2413
-4250
-4167
-4084
-4001
-3918
-3835
-3752
-3669
-3587
-3503
-3420
-3337
-3254
-3171
-3089
-3005
-2923
-2840
-2757
-2674
-2591
-2508
-2425
-2342
-2259
-2176
-2093
-2010
-1927
-1844
-1761
-1678
-1596
-1513
-1429
-1346
-1263
-1180
-1098
-1014
-931
-848
-766
-683
-599
-516
-434
-351
-268
-185
-102
-19
64
147
230
313
396
479
562
645
728
810
894
976
1060
1143
1226
1309
1391
1474
1557
1641
1724
1806
1889
1972
2055
2138
2221
2304
2387
2470
2553
2636
2719
2802
2885
2968
3050
3133
3217
3300
3383
3465
3549
3632
3715
1877
1960
2044
2127
2210
2292
2375
2458
2541
2624
2707
2790
-967
-884
-801
-718
-635
-552
-469
-386
-303
-221
-137
-54
29
-1808
-1726
-1642
-1560
-1476
-1393
-1311
-1227
-1144
-1062
-979
-896
-813
-730
-647
-564
-481
-398
-315
-232
-149
-66
17
100
183
266
348
432
515
598
681
763
847
930
1013
1096
1178
1262
1344
1427
1510
1593
1676
1759
1842
1925
2008
-1749
-1666
-1583
-1500
-1417
-1334
-1251
-1168
-1085
-1003
-919
-836
-753
-670
-588
-504
-421
-338
-256
-173
-89
-7
76
159
242
325
408
491
574
657
740
823
906
989
1072
1155
1237
1321
1404
1486
1570
1652
1735
1819
1901
1984
2067
2151
2234
397
479
562
645
728
811
894
977
1060
1143
1226
1309
1392
1475
1558
1640
1724
1806
1890
1973
2056
2139
2221
2304
2387
2470
2554
2636
2720
2802
2885
2968
3051
-706
-4463
-4380
-4297
-4214
-4131
-4048
-3965
-3882
-3799
-3716
-3633
-3551
-3467
-3385
-3301
-3218
-3136
-3053
-2970
-2886
-2803
-2721
-2638
-2555
-2472
-2389
-2306
-2223
-2140
-2057
-1974
-1891
-1808
-1725
-1642
-1559
-1476
-1393
-1311
-1227
-1144
-1062
-978
-895
-812
-730
-647
-563
-481
-397
-314
-232
-149
-66
17
100
183
266
349
432
515
598
681
764
847
930
1013
1096
1178
1262
1345
1427
1510
1593
1677
1760
-1998
-1914
-1832
-1748
-1666
-1583
-1500
-1417
-1334
-1251
-1168
-1085
-1002
-919
-836
-753
-670
-587
-505
-421
-339
-255
-172
-89
-1926
-1844
-1760
-1678
-1595
-1511
-1429
-1345
-1263
-1180
-1097
-1014
-931
-848
-765
-682
-598
-516
-433
-350
-267
-184
-101
-18
65
148
230
314
396
-1440
-1357
-1275
-1191
-1109
-1025
-943
-860
-777
-694
-611
-528
-445
-362
-279
-196
-113
-30
53
136
219
302
385
468
550
-1286
-1204
-1120
-1037
-955
-871
-789
-706
-622
-540
-457
-374
-291
-208
-125
-42
41
124
207
290
373
456
539
622
705
788
871
953
1037
1119
1203
-634
-552
-468
-386
-302
-220
-137
-53
29
112
195
278
361
444
527
610
693
776
859
942
1025
1108
1191
1273
1356
1439
1523
1606
1688
1772
1855
1937
2021
2103
2186
2269
2352
2436
2518
2601
2684
2767
2850
2933
3016
3099
3182
3265
3348
3431
3514
3596
3680
3762
3845
3928
4011
4095
4178
4260
4343
4426
4509
4592
4675
4758
4841
4924
5007
5090
5173
5256
5339
5422
1665
1748
1831
1914
1997
2080
2163
2245
2329
2411
2495
2578
2660
2744
2826
2909
2993
3075
3159
3241
3324
3407
3490
3573
3656
-101
-18
65
148
231
314
397
480
563
646
-3111
-3028
-2946
-2862
-2780
-2697
-2614
-2531
-2447
-2365
-2282
-2199
-2115
-2032
-5790
-5707
-5624
-5541
-5458
-5375
-5292
-5209
-5126
-5043
-4960
-4877
-4794
-4711
-4628
-4545
-4462
-4379
-4297
-4213
-4131
-4047
-3964
-3882
-3798
-3716
-3632
-3549
-3467
-3383
-3301
-3218
-3135
-3052
-2969
-2886
-2803
-2720
-2637
-2554
-2471
-2388
-2305
-2222
-2139
-2056
-1973
-1891
-1808
-1724
-1641
-1558
-1476
-1393
-1309
-1227
-1144
-1061
-978
-895
-812
-729
-646
-563
-479
-397
-314
-231
-148
-65
18
101
184
267
350
432
516
598
681
765
-1073
-989
-907
-824
-740
-658
-574
-492
-409
-326
-243
-160
-77
6
89
-1748
-1665
-1582
-1499
-1416
-1333
-1251
-1168
-1085
-1001
-919
-835
-753
-669
-587
-504
-421
-338
-255
-172
-89
-6
77
160
243
326
409
492
575
658
741
824
907
990
1073
1155
1239
1321
1404
1488
1571
1654
1736
1819
1903
1985
2069
2151
2234
2317
2400
2483
2566
2649
2732
2815
2898
2981
3064
1227
1310
1393
1476
1559
-278
-196
-112
-30
54
137
219
302
385
468
551
634
718
800
883
966
1049
1132
1215
1298
1381
1464
1547
1630
1713
1796
1879
1962
2044
2127
2211
2294
2377
2459
2542
2626
2708
2791
2874
2957
3041
3123
3206
3289
3372
-385
-302
-219
-136
-53
30
-3727
-3644
-3561
-3478
-3395
-3312
-3229
-3147
-3064
-2980
-2898
-2814
-2732
-2648
-2565
-2483
-2399
-2317
-2234
-2151
-2068
-1985
-1902
-1819
-1736
-1653
-1570
-1488
-1404
-1321
-1238
-1155
-1073
-989
-906
-824
-741
-658
-575
-491
-408
-326
-243
-160
-76
6
89
172
255
338
421
504
587
670
753
836
919
1002
1085
1168
1251
1334
1416
1499
1583
1665
1749
1831
1914
1998
2080
2164
2246
2329
2413
2495
2578
2661
2744
2827
2910
2993
3076
3158
3242
3325
3408
3491
3574
3657
3739
3822
3905
3988
4072
4154
4238
4320
4403
647
729
812
895
-942
-858
-776
-693
-610
-527
-444
-361
-278
-195
-112
-29
54
137
220
302
386
468
552
634
717
801
884
967
1049
1132
1216
-622
-538
-4296
-4213
-4129
-4047
-3964
-3881
-3798
-3715
-3632
-3549
-3466
-3383
-3300
-3217
-3134
-3051
-2969
-2885
-2803
-2719
-2637
-2553
-2470
-2388
-2305
-2222
-2139
-2056
-1973
-1889
-1807
-1724
-1641
-1558
-1475
-1392
-1309
-1226
-1143
-1060
-977
-895
-811
-728
-645
-562
-480
-397
-313
-230
-148
-65
18
101
184
267
350
434
517
599
682
765
848
931
1014
1097
1180
1263
1346
1429
1512
1595
1678
1761
1844
1926
2009
2092
2175
2259
-1499
-1416
-1333
-1250
-1166
-1084
-1001
-918
-835
-752
-669
-586
-503
-420
-337
-255
-172
-88
-5
78
161
244
326
410
493
575
659
741
825
907
990
1073
1156
1239
1322
1405
1488
1571
1654
1737
1820
-17
66
149
232
315
398
481
-3276
-3193
-3110
-3028
-2945
-2862
-2778
-2696
-2613
-2529
-2447
-2363
-2281
-2198
-2115
-2032
-1948
-1866
-1783
-1700
-1617
-1534
-1451
-1368
-1285
-1202
-1119
-1036
-953
-870
-787
-704
-622
-539
-455
-372
-289
-207
-124
-40
42
125
208
291
375
457
540
623
706
789
872
955
1038
1121
1204
1287
-550
-467
-384
-302
-219
-2055
-1973
-1890
-1806
-1723
-1640
-1558
-1475
-1392
-1309
-1225
-1143
-1060
-977
-894
-811
-728
-645
-562
-479
-396
-313
-230
-147
-64
19
101
185
267
350
434
516
599
682
765
848
931
1014
1097
1180
1264
1346
1429
1512
1595
1678
1761
1844
1927
2010
2093
2176
2258
2342
2425
2508
2590
2673
2756
2840
2923
3005
3088
3171
3254
3338
3420
3503
1666
1749
1832
1915
1998
2081
2164
2247
2330
2413
2496
2579
2662
2745
2828
2911
2994
3077
-681
-598
-515
-432
-348
-266
-183
-100
-17
66
149
232
315
398
481
564
647
730
813
896
979
1061
1145
-2612
-2529
-2446
-2364
-2281
-2197
-2114
-2032
-1949
-1866
-1782
-1700
-1617
-1534
-1451
-1367
-1285
-1202
-1119
-1036
-953
-870
-787
-704
-621
-538
-455
-372
-289
-206
-123
-40
43
126
208
291
374
457
540
623
706
790
872
955
1038
1121
1204
1287
1370
1453
1536
1619
1702
1785
1868
1951
2034
2117
2200
2283
2366
2449
2531
2614
2697
2781
2863
2946
3029
-728
-645
-562
-479
-396
-313
-230
-147
-64
19
102
185
268
351
434
517
600
683
766
849
-2908
-2825
-2742
-2660
-2577
-2494
-2410
-2327
-2244
-2162
-2079
-1996
-1912
-1830
-1747
-1664
-1581
-1498
-1415
-1332
-3169
-3086
-3003
-2920
-2837
-2754
-2671
-2588
-2505
-2422
-2339
-2257
-2173
-2091
-2008
-1925
-1842
-1759
-1676
-1593
-1510
-1427
-1343
-3181
-3098
-3015
-2932
-2849
-2766
-2683
-2600
-2517
-2434
-2351
-2268
-2185
-2102
-2019
-1936
-1854
-1771
-1687
-1604
-1522
-1439
-1356
-1273
-1189
-1107
-1024
-941
-858
-775
-692
-609
-526
-443
-360
-277
-194
-111
-28
55
138
221
304
386
470
552
635
718
801
884
967
1050
1133
1216
1299
1382
1465
1548
1631
1714
1797
1880
1963
2046
2129
2212
2294
2377
2461
2544
2627
2710
2792
2875
2959
3041
3124
3207
3290
3373
3456
3539
3622
3705
3788
