0
0
937
1874
2804
3723
4632
5526
6401
7253
8083
8886
9659
10400
11106
11776
12407
12996
13543
14044
14499
14907
15263
15570
15826
16028
16178
16274
16315
16303
16237
16116
15943
15717
15437
15108
14728
14299
13823
13301
12734
12127
11478
10791
10068
9313
8526
7711
6870
6007
5123
4223
3308
2384
1450
512
-428
-1365
-2299
-3226
-4142
-5042
-5928
-6793
-7637
-8453
-9243
-10002
-10728
-11417
-12071
-12682
-13253
-13779
-14259
-14692
-15078
-15411
-15694
-15927
-16104
-16230
-16302
-16318
-16282
-16192
-16046
-15848
-15599
-15296
-14944
-14541
-14091
-13594
-13051
-12465
-11839
-11172
-10468
-9731
-8961
-8161
-7334
-6482
-5610
-4718
-3811
-2891
-1963
-1026
-87
853
1788
2719
3641
4551
5445
6322
7177
8010
8813
9590
10334
11044
11717
12352
12945
13496
14001
14460
14871
15234
15544
15805
16012
16166
16267
16314
16306
16245
16130
15960
15739
15465
15140
14765
14340
13868
13351
12788
12183
11539
10855
10135
9383
8599
7786
6948
6086
5205
4306
3392
2467
1536
598
-342
-1280
-2214
-3142
-4059
-4962
-5848
-6715
-7560
-8381
-9172
-9934
-10664
-11356
-12012
-12628
-13202
-13733
-14217
-14655
-15044
-15384
-15671
-15908
-16091
-16220
-16298
-16319
-16287
-16202
-16062
-15868
-15624
-15325
-14978
-14580
-14133
-13640
-13103
-12520
-11897
-11234
-10535
-9799
-9032
-8234
-7410
-6561
-5689
-4799
-3895
-2975
-2046
-1111
-173
767
1704
2636
3558
4468
5365
6244
7100
7934
8743
9520
10267
10981
11657
12295
12893
13447
13957
14420
14835
15202
15519
15783
15995
16154
16260
16312
16309
16252
16143
15978
15761
15493
15171
14801
14382
13912
13399
12842
12240
11599
10919
10202
9453
8671
7860
7025
6165
5285
4387
3476
2552
1620
682
-255
-1195
-2130
-3059
-3975
-4880
-5768
-6638
-7484
-8307
-9102
-9866
-10598
-11295
-11954
-12575
-13152
-13686
-14175
-14617
-15010
-15355
-15647
-15888
-16077
-16211
-16292
-16320
-16292
-16211
-16077
-15888
-15648
-15356
-15011
-14618
-14176
-13687
-13153
-12576
-11955
-11296
-10599
-9868
-9103
-8308
-7485
-6640
-5770
-4881
-3977
-3060
-2132
-1196
-257
681
1619
2551
3475
4386
5283
6164
7024
7859
8670
9451
10201
10917
11598
12239
12841
13398
13912
14381
14800
15171
15492
15761
15978
16143
16252
16309
16313
16260
16155
15996
15783
15519
15203
14836
14421
13958
13448
12893
12296
11659
10982
10269
9521
8744
7936
7102
6244
5366
4470
3559
2638
1706
768
-171
-1109
-2045
-2974
-3893
-4798
-5688
-6560
-7409
-8233
-9031
-9798
-10533
-11233
-11895
-12519
-13102
-13639
-14132
-14580
-14977
-15325
-15623
-15868
-16062
-16201
-16287
-16319
-16298
-16221
-16091
-15908
-15671
-15384
-15045
-14655
-14218
-13734
-13203
-12629
-12013
-11358
-10665
-9935
-9173
-8383
-7562
-6717
-5849
-4963
-4060
-3143
-2215
-1282
-343
596
1534
2466
3391
4304
5204
6084
6947
7785
8598
9382
10134
10854
11539
12182
12787
13350
13867
14339
14765
15139
15464
15739
15960
16130
16245
16306
16314
16267
16166
16013
15805
15545
15234
14872
14460
14002
13497
12946
12353
11718
11045
10336
9591
8815
8011
7179
6323
5446
4553
3643
2721
1789
854
-85
-1024
-1961
-2889
-3809
-4717
-5609
-6481
-7332
-8160
-8960
-9729
-10467
-11171
-11838
-12464
-13050
-13593
-14090
-14540
-14943
-15296
-15598
-15848
-16046
-16191
-16282
-16318
-16302
-16230
-16105
-15928
-15695
-15412
-15078
-14693
-14260
-13779
-13254
-12683
-12072
-11418
-10729
-10003
-9244
-8455
-7638
-6795
-5929
-5044
-4143
-3227
-2301
-1367
-429
510
1449
2383
3307
4221
5122
6006
6868
7709
8525
9312
10067
10790
11477
12126
12733
13300
13822
14298
14727
15107
15437
15717
15942
16116
16237
16303
16315
16274
16178
16028
15827
15570
15264
14907
14500
14045
13544
12997
12408
11777
11107
10401
9661
8887
8085
7255
6402
5527
4634
3725
2805
1875
938
0
-939
-1876
-2806
-3725
-4634
-5528
-6403
-7255
-8085
-8888
-9661
-10402
-11108
-11778
-12409
-12998
-13545
-14046
-14501
-14909
-15265
-15572
-15828
-16030
-16180
-16276
-16317
-16305
-16239
-16118
-15945
-15719
-15439
-15110
-14730
-14301
-13825
-13303
-12736
-12129
-11480
-10793
-10070
-9315
-8528
-7713
-6872
-6009
-5125
-4225
-3310
-2386
-1452
-514
426
1363
2297
3224
4140
5040
5926
6791
7635
8451
9241
10000
10726
11415
12069
12680
13251
13777
14257
14690
15076
15409
15692
15925
16102
16228
16300
16316
16280
16190
16044
15846
15597
15294
14942
14539
14089
13592
13049
12463
11837
11170
10467
9729
8959
8159
7332
6480
5608
4717
3809
2889
1961
1024
85
-855
-1790
-2721
-3643
-4553
-5447
-6324
-7179
-8012
-8815
-9592
-10336
-11046
-11719
-12354
-12947
-13498
-14003
-14462
-14873
-15236
-15546
-15807
-16014
-16168
-16269
-16316
-16308
-16247
-16132
-15962
-15741
-15467
-15142
-14767
-14342
-13870
-13353
-12790
-12185
-11540
-10857
-10137
-9385
-8601
-7788
-6950
-6088
-5207
-4308
-3394
-2469
-1538
-600
340
1278
2212
3140
4057
4960
5846
6713
7558
8379
9170
9932
10662
11355
12010
12626
13200
13731
14215
14653
15042
15382
15669
15906
16089
16218
16296
16317
16285
16200
16060
15866
15622
15323
14976
14578
14131
13638
13101
12518
11895
11232
10533
9798
9030
8232
7408
6559
5687
4797
3893
2973
2044
1109
171
-769
-1706
-2638
-3560
-4470
-5367
-6246
-7102
-7936
-8745
-9522
-10269
-10983
-11659
-12297
-12895
-13449
-13959
-14422
-14837
-15204
-15521
-15785
-15997
-16156
-16262
-16314
-16311
-16254
-16145
-15980
-15763
-15495
-15173
-14803
-14384
-13914
-13401
-12844
-12242
-11601
-10921
-10204
-9455
-8673
-7862
-7027
-6167
-5287
-4389
-3478
-2554
-1622
-684
254
1193
2128
3057
3973
4878
5766
6636
7482
8305
9100
9865
10596
11293
11952
12573
13150
13684
14173
14615
15008
15353
15645
15886
16075
16209
16290
16319
16290
16209
16075
15886
15646
15354
15009
14616
14174
13685
13151
12574
11953
11294
10597
9866
9101
8306
7483
6638
5768
4879
3975
3058
2130
1194
255
-683
-1621
-2553
-3477
-4388
-5285
-6166
-7026
-7861
-8671
-9453
-10203
-10919
-11600
-12241
-12843
-13400
-13914
-14383
-14802
-15173
-15494
-15763
-15980
-16145
-16254
-16311
-16315
-16262
-16157
-15998
-15785
-15521
-15205
-14838
-14423
-13960
-13450
-12895
-12298
-11661
-10984
-10271
-9523
-8746
-7938
-7104
-6246
-5368
-4472
-3561
-2640
-1708
-770
169
1107
2043
2972
3891
4796
5686
6558
7407
8231
9029
9796
10531
11231
11893
12517
13100
13637
14130
14578
14975
15323
15621
15866
16060
16199
16285
16317
16296
16219
16089
15906
15669
15382
15043
14653
14216
13732
13201
12627
12011
11356
10663
9933
9171
8381
7560
6715
5847
4961
4058
3141
2213
1280
341
-598
-1536
-2468
-3393
-4306
-5206
-6086
-6949
-7787
-8600
-9384
-10136
-10856
-11540
-12184
-12789
-13352
-13869
-14341
-14767
-15141
-15466
-15741
-15962
-16132
-16247
-16308
-16316
-16269
-16168
-16015
-15807
-15547
-15236
-14874
-14462
-14004
-13499
-12948
-12355
-11720
-11047
-10338
-9593
-8817
-8013
-7181
-6325
-5448
-4555
-3645
-2723
-1791
-856
83
1022
1959
2887
3807
4715
5607
6479
7330
8158
8958
9728
10465
11169
11836
12462
13048
13591
14088
14538
14941
15294
15596
15846
16044
16189
16280
16316
16300
16228
16103
15926
15693
15410
15076
14691
14258
13777
13252
12681
12070
11416
10727
10002
9242
8453
7636
6793
5927
5042
4141
3225
2299
1365
427
-512
-1451
-2385
-3309
-4223
-5124
-6008
-6870
-7711
-8527
-9314
-10069
-10792
-11479
-12128
-12735
-13302
-13824
-14300
-14729
-15109
-15439
-15718
-15944
-16118
-16239
-16305
-16317
-16276
-16180
-16030
-15829
-15572
-15266
-14909
-14502
-14047
-13546
-12999
-12410
-11779
-11109
-10403
-9663
-8889
-8087
-7257
-6404
-5529
-4636
-3727
-2807
-1877
-940
0
937
1874
2804
3723
4632
5526
6401
7253
8083
8886
9659
10400
11106
11776
12407
12996
13543
14044
14499
14907
15263
15570
15826
16028
16178
16274
16315
16303
16237
16116
15943
15717
15437
15108
14728
14299
13823
13301
12734
12127
11478
10791
10068
9313
8526
7711
6870
6007
5123
4223
3308
2384
1450
512
-428
-1365
-2299
-3226
-4142
-5042
-5928
-6793
-7637
-8453
-9243
-10002
-10728
-11417
-12071
-12682
-13253
-13779
-14259
-14692
-15078
-15411
-15694
-15927
-16104
-16230
-16302
-16318
-16282
-16192
-16046
-15848
-15599
-15296
-14944
-14541
-14091
-13594
-13051
-12465
-11839
-11172
-10468
-9731
-8961
-8161
-7334
-6482
-5610
-4718
-3811
-2891
-1963
-1026
-87
853
1788
2719
3641
4551
5445
6322
7177
8010
8813
9590
10334
11044
11717
12352
12945
13496
14001
14460
14871
15234
15544
15805
16012
16166
16267
16314
16306
16245
16130
15960
15739
15465
15140
14765
14340
13868
13351
12788
12183
11539
10855
10135
9383
8599
7786
6948
6086
5205
4306
3392
2467
1536
598
-342
-1280
-2214
-3142
-4059
-4962
-5848
-6715
-7560
-8381
-9172
-9934
-10664
-11356
-12012
-12628
-13202
-13733
-14217
-14655
-15044
-15384
-15671
-15908
-16091
-16220
-16298
-16319
-16287
-16202
-16062
-15868
-15624
-15325
-14978
-14580
-14133
-13640
-13103
-12520
-11897
-11234
-10535
-9799
-9032
-8234
-7410
-6561
-5689
-4799
-3895
-2975
-2046
-1111
-173
767
1704
2636
3558
4468
5365
6244
7100
7934
8743
9520
10267
10981
11657
12295
12893
13447
13957
14420
14835
15202
15519
15783
15995
16154
16260
16312
16309
16252
16143
15978
15761
15493
15171
14801
14382
13912
13399
12842
12240
11599
10919
10202
9453
8671
7860
7025
6165
5285
4387
3476
2552
1620
682
-255
-1195
-2130
-3059
-3975
-4880
-5768
-6638
-7484
-8307
-9102
-9866
-10598
-11295
-11954
-12575
-13152
-13686
-14175
-14617
-15010
-15355
-15647
-15888
-16077
-16211
-16292
-16320
-16292
-16211
-16077
-15888
-15648
-15356
-15011
-14618
-14176
-13687
-13153
-12576
-11955
-11296
-10599
-9868
-9103
-8308
-7485
-6640
-5770
-4881
-3977
-3060
-2132
-1196
-257
681
1619
2551
3475
4386
5283
6164
7024
7859
8670
9451
10201
10917
11598
12239
12841
13398
13912
14381
14800
15171
15492
15761
15978
16143
16252
16309
16313
16260
16155
15996
15783
15519
15203
14836
14421
13958
13448
12893
12296
11659
10982
10269
9521
8744
7936
7102
6244
5366
4470
3559
2638
1706
768
-171
-1109
-2045
-2974
-3893
-4798
-5688
-6560
-7409
-8233
-9031
-9798
-10533
-11233
-11895
-12519
-13102
-13639
-14132
-14580
-14977
-15325
-15623
-15868
-16062
-16201
-16287
-16319
-16298
-16221
-16091
-15908
-15671
-15384
-15045
-14655
-14218
-13734
-13203
-12629
-12013
-11358
-10665
-9935
-9173
-8383
-7562
-6717
-5849
-4963
-4060
-3143
-2215
-1282
-343
596
1534
2466
3391
4304
5204
6084
6947
7785
8598
9382
10134
10854
11539
12182
12787
13350
13867
14339
14765
15139
15464
15739
15960
16130
16245
16306
16314
16267
16166
16013
15805
15545
15234
14872
14460
14002
13497
12946
12353
11718
11045
10336
9591
8815
8011
7179
6323
5446
4553
3643
2721
1789
854
-85
-1024
-1961
-2889
-3809
-4717
-5609
-6481
-7332
-8160
-8960
-9729
-10467
-11171
-11838
-12464
-13050
-13593
-14090
-14540
-14943
-15296
-15598
-15848
-16046
-16191
-16282
-16318
-16302
-16230
-16105
-15928
-15695
-15412
-15078
-14693
-14260
-13779
-13254
-12683
-12072
-11418
-10729
-10003
-9244
-8455
-7638
-6795
-5929
-5044
-4143
-3227
-2301
-1367
-429
510
1449
2383
3307
4221
5122
6006
6868
7709
8525
9312
10067
10790
11477
12126
12733
13300
13822
14298
14727
15107
15437
15717
15942
16116
16237
16303
16315
16274
16178
16028
15827
15570
15264
14907
14500
14045
13544
12997
12408
11777
11107
10401
9661
8887
8085
7255
6402
5527
4634
3725
2805
1875
938
0
-939
-1876
-2806
-3725
-4634
-5528
-6403
-7255
-8085
-8888
-9661
-10402
-11108
-11778
-12409
-12998
-13545
-14046
-14501
-14909
-15265
-15572
-15828
-16030
-16180
-16276
-16317
-16305
-16239
-16118
-15945
-15719
-15439
-15110
-14730
-14301
-13825
-13303
-12736
-12129
-11480
-10793
-10070
-9315
-8528
-7713
-6872
-6009
-5125
-4225
-3310
-2386
-1452
-514
426
1363
2297
3224
4140
5040
5926
6791
7635
8451
9241
10000
10726
11415
12069
12680
13251
13777
14257
14690
15076
15409
15692
15925
16102
16228
16300
16316
16280
16190
16044
15846
15597
15294
14942
14539
14089
13592
13049
12463
11837
11170
10467
9729
8959
8159
7332
6480
5608
4717
3809
2889
1961
1024
85
-855
-1790
-2721
-3643
-4553
-5447
-6324
-7179
-8012
-8815
-9592
-10336
-11046
-11719
-12354
-12947
-13498
-14003
-14462
-14873
-15236
-15546
-15807
-16014
-16168
-16269
-16316
-16308
-16247
-16132
-15962
-15741
-15467
-15142
-14767
-14342
-13870
-13353
-12790
-12185
-11540
-10857
-10137
-9385
-8600
-7788
-6950
-6088
-5207
-4308
-3394
-2469
-1538
-600
340
1278
2212
3140
4057
4960
5846
6713
7558
8379
9170
9932
10662
11355
12010
12626
13200
13731
14215
14653
15042
15382
15669
15906
16089
16218
16296
16317
16285
16200
16060
15866
15622
15323
14976
14578
14131
13638
13101
12518
11895
11232
10533
9798
9030
8232
7408
6559
5687
4797
3893
2973
2044
1109
171
-769
-1706
-2638
-3560
-4470
-5367
-6246
-7102
-7936
-8745
-9523
-10269
-10983
-11659
-12297
-12895
-13449
-13959
-14422
-14837
-15204
-15521
-15785
-15997
-16156
-16262
-16314
-16311
-16254
-16145
-15980
-15763
-15495
-15173
-14803
-14384
-13914
-13401
-12844
-12242
-11601
-10921
-10204
-9455
-8673
-7862
-7027
-6167
-5287
-4389
-3478
-2554
-1622
-684
254
1193
2128
3057
3973
4878
5766
6636
7482
8305
9100
9865
10596
11293
11952
12573
13150
13684
14173
14615
15008
15353
15645
15886
16075
16209
16290
16319
16290
16209
16075
15886
15646
15354
15009
14616
14174
13685
13151
12574
11953
11294
10597
9866
9101
8306
7483
6638
5768
4879
3975
3058
2130
1194
255
-683
-1621
-2553
-3477
-4388
-5285
-6166
-7026
-7861
-8671
-9453
-10203
-10919
-11600
-12241
-12843
-13400
-13914
-14383
-14802
-15173
-15494
-15763
-15980
-16145
-16254
-16311
-16315
-16262
-16157
-15998
-15785
-15521
-15205
-14838
-14423
-13960
-13450
-12895
-12298
-11661
-10984
-10271
-9523
-8746
-7938
-7104
-6246
-5368
-4472
-3561
-2638
-1708
-770
169
1107
2043
2972
3891
4796
5686
6558
7407
8231
9029
9796
10531
11231
11893
12517
13100
13637
14130
14578
14975
15323
15621
15866
16060
16199
16285
16317
16296
16219
16089
15906
15669
15382
15043
14653
14216
13732
13201
12627
12011
11356
10663
9933
9171
8381
7560
6715
5847
4961
4058
3141
2213
1280
341
-598
-1536
-2468
-3393
-4306
-5206
-6086
-6949
-7787
-8600
-9384
-10136
-10856
-11540
-12184
-12789
-13352
-13870
-14341
-14767
-15141
-15466
-15741
-15962
-16132
-16247
-16308
-16316
-16269
-16168
-16015
-15807
-15547
-15236
-14874
-14462
-14004
-13499
-12948
-12355
-11720
-11047
-10338
-9593
-8817
-8013
-7181
-6325
-5448
-4555
-3645
-2723
-1791
-856
83
1022
1959
2887
3807
4715
5607
6479
7330
8158
8958
9728
10465
11169
11836
12462
13048
13591
14088
14538
14941
15294
15596
15846
16044
16189
16280
16316
16300
16228
16103
15926
15693
15410
15076
14691
14258
13777
13251
12681
12070
11416
10727
10002
9242
8453
7636
6793
5927
5042
4141
3225
2299
1365
427
-512
-1451
-2385
-3309
-4223
-5124
-6008
-6870
-7711
-8527
-9314
-10069
-10792
-11479
-12128
-12735
-13302
-13824
-14300
-14729
-15109
-15439
-15718
-15944
-16118
-16239
-16305
-16317
-16276
-16180
-16030
-15829
-15572
-15266
-14909
-14502
-14047
-13546
-12999
-12410
-11779
-11109
-10403
-9663
-8889
-8087
-7257
-6404
-5529
-4636
-3727
-2807
-1877
-940
0
937
1874
2804
3725
4632
5526
6401
7253
8083
8886
9659
10400
11106
11776
12407
12996
13543
14044
14499
14907
15263
15570
15826
16028
16178
16274
16315
16303
16237
16116
15943
15717
15437
15108
14728
14299
13823
13301
12734
12127
11478
10791
10068
9313
8526
7711
6870
6007
5123
4223
3308
2384
1450
512
-428
-1365
-2299
-3226
-4142
-5042
-5928
-6793
-7637
-8453
-9243
-10002
-10728
-11417
-12071
-12682
-13253
-13779
-14259
-14692
-15078
-15411
-15694
-15927
-16105
-16230
-16302
-16318
-16282
-16192
-16046
-15848
-15599
-15296
-14944
-14541
-14091
-13594
-13051
-12465
-11839
-11172
-10468
-9731
-8961
-8161
-7334
-6482
-5610
-4718
-3811
-2891
-1963
-1026
-87
853
1788
2719
3641
4551
5445
6322
7177
8010
8813
9590
10334
11044
11717
12352
12945
13496
14001
14460
14871
15234
15544
15805
16012
16166
16267
16314
16306
16245
16130
15960
15739
15465
15140
14765
14340
13868
13351
12788
12183
11539
10855
10135
9383
8598
7786
6948
6086
5205
4306
3392
2467
1536
598
-342
-1280
-2214
-3142
-4059
-4962
-5848
-6715
-7560
-8381
-9172
-9934
-10664
-11356
-12012
-12628
-13202
-13733
-14217
-14655
-15044
-15384
-15671
-15908
-16091
-16220
-16298
-16319
-16287
-16202
-16062
-15868
-15624
-15325
-14978
-14580
-14133
-13640
-13103
-12520
-11897
-11234
-10535
-9799
-9032
-8234
-7410
-6561
-5689
-4799
-3895
-2975
-2046
-1111
-173
767
1704
2636
3558
4468
5365
6244
7100
7934
8743
9521
10267
10981
11657
12295
12893
13447
13957
14420
14835
15202
15519
15783
15995
16154
16260
16312
16309
16252
16143
15978
15761
15493
15171
14801
14382
13912
13399
12842
12240
11599
10919
10202
9453
8671
7860
7025
6165
5285
4387
3476
2552
1620
682
-255
-1195
-2130
-3059
-3975
-4880
-5768
-6638
-7484
-8307
-9102
-9866
-10598
-11295
-11954
-12575
-13152
-13686
-14175
-14617
-15010
-15355
-15647
-15888
-16077
-16211
-16292
-16320
-16292
-16211
-16077
-15888
-15648
-15356
-15011
-14618
-14176
-13687
-13153
-12576
-11955
-11296
-10599
-9868
-9103
-8308
-7485
-6640
-5770
-4881
-3977
-3060
-2132
-1196
-257
681
1619
2551
3475
4386
5283
6164
7024
7859
8670
9451
10201
10917
11598
12239
12841
13398
13912
14381
14800
15171
15492
15761
15978
16143
16252
16309
16313
16260
16155
15996
15783
15519
15203
14836
14421
13958
13448
12893
12296
11659
10982
10269
9521
8744
7936
7102
6244
5366
4470
3559
2636
1706
768
-171
-1109
-2045
-2974
-3893
-4798
-5688
-6560
-7409
-8233
-9031
-9798
-10533
-11233
-11895
-12519
-13102
-13639
-14132
-14580
-14977
-15325
-15623
-15868
-16062
-16201
-16287
-16319
-16298
-16221
-16091
-15908
-15671
-15384
-15045
-14655
-14218
-13734
-13203
-12629
-12013
-11358
-10665
-9935
-9173
-8383
-7562
-6717
-5849
-4963
-4060
-3143
-2215
-1282
-343
596
1534
2466
3391
4304
5204
6084
6947
7785
8598
9382
10134
10854
11539
12182
12787
13350
13868
14339
14765
15139
15464
15739
15960
16130
16245
16306
16314
16267
16166
16013
15805
15545
15234
14872
14460
14002
13497
12946
12353
11718
11045
10336
9591
8815
8011
7179
6323
5446
4553
3643
2721
1789
854
-85
-1024
-1961
-2889
-3809
-4717
-5609
-6481
-7332
-8160
-8960
-9729
-10467
-11171
-11838
-12464
-13050
-13593
-14090
-14540
-14943
-15296
-15598
-15848
-16046
-16191
-16282
-16318
-16302
-16230
-16105
-15928
-15695
-15412
-15078
-14693
-14260
-13779
-13253
-12683
-12072
-11418
-10729
-10003
-9244
-8455
-7638
-6795
-5929
-5044
-4143
-3227
-2301
-1367
-429
510
1449
2383
3307
4221
5122
6006
6868
7709
8525
9312
10067
10790
11477
12126
12733
13300
13822
14298
14727
15107
15437
15717
15942
16116
16237
16303
16315
16274
16178
16028
15827
15570
15264
14907
14500
14045
13544
12997
12408
11777
11107
10401
9661
8887
8085
7255
6402
5527
4634
3725
2805
1875
938
0
-939
-1876
-2806
-3727
-4634
-5528
-6403
-7255
-8085
-8888
-9661
-10402
-11108
-11778
-12409
-12998
-13545
-14046
-14501
-14909
-15265
-15572
-15828
-16030
-16180
-16276
-16317
-16305
-16239
-16118
-15945
-15719
-15439
-15110
-14730
-14301
-13825
-13303
-12736
-12129
-11480
-10793
-10070
-9315
-8528
-7713
-6872
-6009
-5125
-4225
-3310
-2386
-1452
-514
426
1363
2297
3224
4140
5040
5926
6791
7635
8451
9241
10000
10726
11415
12069
12680
13251
13777
14257
14690
15076
15409
15692
15925
16103
16228
16300
16316
16280
16190
16044
15846
15597
15294
14942
14539
14089
13592
13049
12463
11837
11170
10467
9729
8959
8159
7332
6480
5608
4717
3809
2889
1961
1024
85
-855
-1790
-2721
-3643
-4553
-5447
-6324
-7179
-8012
-8815
-9592
-10336
-11046
-11719
-12354
-12947
-13498
-14003
-14462
-14873
-15236
-15546
-15807
-16014
-16168
-16269
-16316
-16308
-16247
-16132
-15962
-15741
-15467
-15142
-14767
-14342
-13870
-13353
-12790
-12185
-11540
-10857
-10137
-9385
-8600
-7788
-6950
-6088
-5207
-4308
-3394
-2469
-1538
-600
340
1278
2212
3140
4057
4960
5846
6713
7558
8379
9170
9932
10662
11355
12010
12626
13200
13731
14215
14653
15042
15382
15669
15906
16089
16218
16296
16317
16285
16200
16060
15866
15622
15323
14976
14578
14131
13638
13101
12518
11895
11232
10533
9798
9030
8232
7408
6559
5687
4797
3893
2973
2044
1109
171
-769
-1706
-2638
-3560
-4470
-5367
-6246
-7102
-7936
-8745
-9523
-10269
-10983
-11659
-12297
-12895
-13449
-13959
-14422
-14837
-15204
-15521
-15785
-15997
-16156
-16262
-16314
-16311
-16254
-16145
-15980
-15763
-15495
-15173
-14803
-14384
-13914
-13401
-12844
-12242
-11601
-10921
-10204
-9455
-8673
-7862
-7027
-6167
-5287
-4389
-3478
-2554
-1622
-684
254
1193
2128
3057
3973
4878
5766
6636
7482
8305
9100
9865
10596
11293
11952
12573
13150
13684
14173
14615
15008
15353
15645
15886
16075
16209
16290
16319
16290
16209
16075
15886
15646
15354
15009
14616
14174
13685
13151
12574
11953
11294
10597
9866
9101
8306
7483
6638
5768
4879
3975
3058
2130
1194
255
-683
-1621
-2553
-3477
-4388
-5285
-6166
-7026
-7861
-8671
-9453
-10203
-10919
-11600
-12241
-12843
-13400
-13914
-14383
-14802
-15173
-15494
-15763
-15980
-16145
-16254
-16311
-16315
-16262
-16157
-15998
-15785
-15521
-15205
-14838
-14423
-13960
-13450
-12895
-12298
-11661
-10984
-10271
-9523
-8746
-7938
-7104
-6246
-5368
-4472
-3561
-2638
-1708
-770
169
1107
2043
2972
3891
4796
5686
6558
7407
8231
9029
9796
10531
11231
11893
12517
13100
13637
14130
14578
14975
15323
15621
15866
16060
16199
16285
16317
16296
16219
16089
15906
15669
15382
15043
14653
14216
13732
13201
12627
12011
11356
10663
9933
9171
8381
7560
6715
5847
4961
4058
3141
2213
1280
341
-598
-1536
-2468
-3393
-4306
-5206
-6086
-6949
-7787
-8600
-9384
-10136
-10856
-11540
-12184
-12789
-13352
-13870
-14341
-14767
-15141
-15466
-15741
-15962
-16132
-16247
-16308
-16316
-16269
-16168
-16015
-15807
-15547
-15236
-14874
-14462
-14004
-13499
-12948
-12355
-11720
-11047
-10338
-9593
-8817
-8013
-7181
-6325
-5448
-4555
-3645
-2723
-1791
-856
83
1022
1959
2887
3807
4715
5607
6479
7330
8158
8958
9728
10465
11169
11836
12462
13048
13591
14088
14538
14941
15294
15596
15846
16044
16189
16280
16316
16300
16228
16103
15926
15693
15410
15076
14691
14258
13777
13251
12681
12070
11416
10727
10002
9242
8453
7636
6793
5927
5042
4141
3225
2299
1365
427
-512
-1451
-2385
-3309
-4223
-5124
-6008
-6870
-7711
-8527
-9314
-10069
-10792
-11479
-12128
-12735
-13302
-13824
-14300
-14729
-15109
-15439
-15718
-15944
-16118
-16239
-16305
-16317
-16276
-16180
-16030
-15829
-15572
-15266
-14909
-14502
-14047
-13546
-12999
-12410
-11779
-11109
-10403
-9663
-8889
-8087
-7257
-6404
-5529
-4636
-3727
-2807
-1877
-940
0
937
1874
2804
3725
4632
5526
6401
7253
8083
8886
9659
10400
11106
11776
12407
12996
13543
14044
14499
14907
15263
15570
15826
16028
16178
16274
16315
16303
16237
16116
15943
15717
15437
15108
14728
14299
13823
13301
12734
12127
11478
10791
10068
9313
8526
7711
6870
6007
5123
4223
3308
2384
1450
512
-428
-1365
-2299
-3226
-4142
-5042
-5928
-6793
-7637
-8453
-9243
-10002
-10728
-11417
-12071
-12682
-13253
-13779
-14259
-14692
-15078
-15411
-15694
-15927
-16105
-16230
-16302
-16318
-16282
-16192
-16046
-15848
-15599
-15296
-14944
-14541
-14091
-13594
-13051
-12465
-11839
-11172
-10468
-9731
-8961
-8161
-7334
-6482
-5610
-4718
-3811
-2891
-1963
-1026
-87
853
1788
2719
3641
4551
5445
6322
7177
8010
8813
9590
10334
11044
11717
12352
12945
13496
14001
14460
14871
15234
15544
15805
16012
16166
16267
16314
16306
16245
16130
15960
15739
15465
15140
14765
14340
13868
13351
12788
12183
11539
10855
10135
9383
8598
7786
6948
6086
5205
4306
3392
2467
1536
598
-342
-1280
-2214
-3142
-4059
-4962
-5848
-6715
-7560
-8381
-9172
-9934
-10664
-11356
-12012
-12628
-13202
-13733
-14217
-14655
-15044
-15384
-15671
-15908
-16091
-16220
-16298
-16319
-16287
-16202
-16062
-15868
-15624
-15325
-14978
-14580
-14133
-13640
-13103
-12520
-11897
-11234
-10535
-9799
-9032
-8234
-7410
-6561
-5689
-4799
-3895
-2975
-2046
-1111
-173
767
1704
2636
3558
4468
5365
6244
7100
7934
8743
9521
10267
10981
11657
12295
12893
13447
13957
14420
14835
15202
15519
15783
15995
16154
16260
16312
16309
16252
16143
15978
15761
15493
15171
14801
14382
13912
13399
12842
12240
11599
10919
10202
9453
8671
7860
7025
6165
5285
4387
3476
2552
1620
682
-255
-1195
-2130
-3059
-3975
-4880
-5768
-6638
-7484
-8307
-9102
-9866
-10598
-11295
-11954
-12575
-13152
-13686
-14175
-14617
-15010
-15355
-15647
-15888
-16077
-16211
-16292
-16320
-16292
-16211
-16077
-15888
-15648
-15356
-15011
-14617
-14176
-13687
-13153
-12576
-11955
-11296
-10599
-9868
-9103
-8308
-7485
-6640
-5770
-4881
-3977
-3060
-2132
-1196
-257
681
1619
2551
3475
4386
5283
6164
7024
7859
8670
9451
10201
10917
11598
12239
12841
13398
13912
14381
14800
15171
15492
15761
15978
16143
16252
16309
16313
16260
16155
15996
15783
15519
15203
14836
14421
13958
13448
12893
12296
11659
10982
10269
9521
8744
7936
7102
6244
5366
4470
3559
2636
1706
768
-171
-1111
-2045
-2974
-3893
-4798
-5688
-6560
-7409
-8233
-9031
-9798
-10533
-11233
-11895
-12519
-13102
-13639
-14132
-14580
-14977
-15325
-15623
-15868
-16062
-16201
-16287
-16319
-16298
-16221
-16091
-15908
-15671
-15384
-15045
-14655
-14218
-13734
-13203
-12629
-12013
-11358
-10665
-9935
-9173
-8383
-7562
-6717
-5849
-4963
-4060
-3143
-2215
-1282
-343
596
1534
2466
3391
4304
5204
6084
6947
7785
8598
9382
10134
10854
11539
12182
12787
13350
13868
14339
14765
15139
15465
15739
15960
16130
16245
16306
16314
16267
16166
16013
15805
15545
15234
14872
14460
14002
13497
12946
12353
11718
11045
10336
9591
8815
8011
7179
6323
5446
4553
3643
2721
1789
854
-85
-1024
-1961
-2889
-3809
-4717
-5609
-6481
-7332
-8160
-8960
-9729
-10467
-11171
-11838
-12464
-13050
-13593
-14090
-14540
-14943
-15296
-15598
-15848
-16046
-16191
-16282
-16318
-16302
-16230
-16105
-15928
-15695
-15412
-15078
-14693
-14260
-13779
-13253
-12683
-12072
-11418
-10728
-10003
-9244
-8455
-7638
-6795
-5929
-5044
-4143
-3227
-2301
-1367
-429
510
1449
2383
3307
4221
5122
6006
6868
7709
8525
9312
10067
10790
11477
12126
12733
13300
13822
14298
14727
15107
15437
15717
15942
16116
16237
16303
16315
16274
16178
16028
15827
15570
15264
14907
14500
14045
13544
12997
12408
11777
11107
10401
9661
8887
8085
7255
6402
5527
4634
3725
2805
1875
938
0
-939
-1876
-2806
-3727
-4634
-5528
-6403
-7257
-8085
-8888
-9661
-10402
-11108
-11778
-12409
-12998
-13545
-14046
-14501
-14909
-15265
-15572
-15828
-16030
-16180
-16276
-16317
-16305
-16239
-16118
-15945
-15719
-15439
-15110
-14730
-14301
-13825
-13303
-12736
-12129
-11480
-10793
-10070
-9315
-8528
-7713
-6872
-6009
-5125
-4225
-3310
-2386
-1452
-514
426
1363
2297
3224
4140
5040
5926
6791
7635
8451
9241
10000
10726
11415
12069
12680
13251
13777
14257
14690
15076
15409
15692
15925
16103
16228
16300
16316
16280
16190
16044
15846
15597
15294
14942
14539
14089
13592
13049
12463
11837
11170
10467
9729
8959
8159
7332
6480
5608
4717
3809
2889
1961
1024
85
-855
-1790
-2721
-3643
-4553
-5447
-6324
-7179
-8012
-8815
-9592
-10336
-11046
-11719
-12354
-12947
-13498
-14003
-14462
-14873
-15236
-15546
-15807
-16014
-16168
-16269
-16316
-16308
-16247
-16132
-15962
-15741
-15467
-15142
-14767
-14342
-13870
-13353
-12790
-12185
-11540
-10857
-10137
-9385
-8600
-7788
-6950
-6088
-5206
-4308
-3394
-2469
-1538
-600
340
1278
2212
3140
4057
4960
5846
6713
7558
8379
9170
9932
10662
11355
12010
12626
13200
13731
14215
14653
15042
15382
15669
15906
16089
16218
16296
16317
16285
16200
16060
15866
15622
15323
14976
14578
14131
13638
13101
12518
11895
11232
10533
9798
9030
8232
7408
6559
5687
4797
3893
2973
2044
1109
171
-769
-1706
-2638
-3560
-4470
-5367
-6246
-7102
-7936
-8745
-9523
-10269
-10983
-11659
-12298
-12895
-13449
-13959
-14422
-14837
-15204
-15521
-15785
-15997
-16156
-16262
-16314
-16311
-16254
-16145
-15980
-15763
-15495
-15173
-14803
-14384
-13914
-13401
-12844
-12242
-11601
-10921
-10204
-9455
-8673
-7862
-7027
-6167
-5287
-4389
-3478
-2554
-1622
-684
254
1193
2128
3057
3973
4878
5766
6636
7482
8305
9100
9865
10596
11293
11952
12573
13150
13684
14173
14615
15008
15353
15645
15886
16075
16209
16290
16319
16290
16209
16075
15886
15646
15354
15009
14615
14174
13685
13151
12574
11953
11294
10597
9866
9101
8306
7483
6638
5768
4879
3975
3058
2130
1194
255
-683
-1621
-2553
-3477
-4388
-5285
-6166
-7026
-7861
-8671
-9453
-10203
-10919
-11600
-12241
-12843
-13400
-13914
-14383
-14802
-15173
-15494
-15763
-15980
-16145
-16254
-16311
-16315
-16262
-16157
-15998
-15785
-15521
-15205
-14838
-14423
-13960
-13450
-12895
-12298
-11661
-10984
-10271
-9523
-8746
-7938
-7104
-6246
-5368
-4472
-3561
-2638
-1708
-770
169
1109
2043
2972
3891
4796
5686
6558
7407
8231
9029
9796
10531
11231
11893
12517
13100
13637
14130
14578
14975
15323
15621
15866
16060
16199
16285
16317
16296
16219
16089
15906
15669
15382
15043
14653
14216
13732
13201
12627
12011
11356
10663
9933
9171
8381
7560
6715
5847
4961
4058
3141
2213
1280
341
-598
-1536
-2468
-3393
-4306
-5206
-6086
-6949
-7787
-8600
-9384
-10136
-10856
-11540
-12184
-12789
-13352
-13870
-14341
-14767
-15141
-15467
-15741
-15962
-16132
-16247
-16308
-16316
-16269
-16168
-16015
-15807
-15547
-15236
-14874
-14462
-14004
-13499
-12948
-12355
-11720
-11047
-10338
-9593
-8817
-8013
-7181
-6325
-5448
-4555
-3645
-2723
-1791
-856
83
1022
1959
2887
3807
4715
5607
6479
7330
8158
8958
9728
10465
11169
11836
12462
13048
13591
14088
14538
14941
15294
15596
15846
16044
16189
16280
16316
16300
16228
16103
15926
15693
15410
15076
14691
14258
13777
13251
12681
12070
11416
10726
10002
9242
8453
7636
6793
5927
5042
4141
3225
2299
1365
427
-512
-1451
-2385
-3309
-4223
-5124
-6008
-6870
-7711
-8527
-9314
-10069
-10792
-11479
-12128
-12735
-13302
-13824
-14300
-14729
-15109
-15439
-15718
-15944
-16118
-16239
-16305
-16317
-16276
-16180
-16030
-15829
-15572
-15266
-14909
-14502
-14047
-13546
-12999
-12410
-11779
-11109
-10403
-9663
-8889
-8087
-7257
-6404
-5529
-4636
-3727
-2807
-1877
-940
0
937
1874
2804
3725
4632
5526
6401
7255
8083
8886
9659
10400
11106
11776
12407
12996
13543
14044
14499
14907
15263
15570
15826
16028
16178
16274
16315
16303
16237
16116
15943
15717
15437
15108
14728
14299
13823
13301
12734
12127
11478
10791
10068
9313
8526
7711
6870
6007
5123
4223
3308
2384
1450
512
-428
-1365
-2299
-3226
-4142
-5042
-5928
-6793
-7637
-8453
-9243
-10002
-10728
-11417
-12071
-12682
-13253
-13779
-14259
-14692
-15078
-15411
-15694
-15927
-16105
-16230
-16302
-16318
-16282
-16192
-16046
-15848
-15599
-15296
-14944
-14541
-14091
-13594
-13051
-12465
-11839
-11172
-10468
-9731
-8961
-8161
-7334
-6482
-5610
-4718
-3811
-2891
-1963
-1026
-87
853
1788
2719
3641
4551
5445
6322
7177
8010
8813
9590
10334
11044
11717
12352
12945
13496
14001
14460
14871
15234
15544
15805
16012
16166
16267
16314
16306
16245
16130
15960
15739
15465
15140
14765
14340
13868
13351
12788
12183
11539
10855
10135
9383
8598
7786
6948
6086
5204
4306
3392
2467
1536
598
-342
-1280
-2214
-3142
-4059
-4962
-5848
-6715
-7560
-8381
-9172
-9934
-10664
-11356
-12012
-12628
-13202
-13733
-14217
-14655
-15044
-15384
-15671
-15908
-16091
-16220
-16298
-16319
-16287
-16202
-16062
-15868
-15624
-15325
-14978
-14580
-14133
-13640
-13103
-12520
-11897
-11234
-10535
-9799
-9032
-8234
-7410
-6561
-5689
-4799
-3895
-2975
-2046
-1111
-173
767
1704
2636
3558
4468
5365
6244
7100
7934
8743
9521
10267
10981
11657
12296
12893
13447
13957
14420
14835
15202
15519
15783
15995
16154
16260
16312
16309
16252
16143
15978
15761
15493
15171
14801
14382
13912
13399
12842
12240
11599
10919
10202
9453
8671
7860
7025
6165
5285
4387
3476
2552
1620
682
-255
-1195
-2130
-3059
-3975
-4880
-5768
-6638
-7484
-8307
-9102
-9866
-10598
-11295
-11954
-12575
-13152
-13686
-14175
-14617
-15010
-15355
-15647
-15888
-16077
-16211
-16292
-16320
-16292
-16211
-16077
-15888
-15648
-15356
-15011
-14617
-14176
-13687
-13153
-12576
-11955
-11296
-10599
-9868
-9103
-8308
-7485
-6640
-5770
-4881
-3977
-3060
-2132
-1196
-257
681
1619
2551
3475
4386
5283
6164
7024
7859
8670
9451
10201
10917
11598
12239
12841
13398
13912
14381
14800
15171
15492
15761
15978
16143
16252
16309
16313
16260
16155
15996
15783
15519
15203
14836
14421
13958
13448
12893
12296
11659
10982
10269
9521
8744
7936
7102
6244
5366
4470
3559
2636
1706
768
-171
-1111
-2045
-2974
-3893
-4798
-5688
-6560
-7409
-8233
-9031
-9798
-10533
-11233
-11895
-12519
-13102
-13639
-14132
-14580
-14977
-15325
-15623
-15868
-16062
-16201
-16287
-16319
-16298
-16221
-16091
-15908
-15671
-15384
-15045
-14655
-14218
-13734
-13203
-12629
-12013
-11358
-10665
-9935
-9173
-8383
-7562
-6717
-5849
-4963
-4060
-3143
-2215
-1282
-343
596
1534
2466
3391
4304
5204
6084
6947
7785
8598
9382
10134
10854
11539
12182
12787
13350
13868
14339
14765
15139
15465
15739
15960
16130
16245
16306
16314
16267
16166
16013
15805
15545
15234
14872
14460
14002
13497
12946
12353
11718
11045
10336
9591
8815
8011
7179
6323
5446
4553
3643
2721
1789
854
-85
-1024
-1961
-2889
-3809
-4717
-5609
-6481
-7332
-8160
-8960
-9729
-10467
-11171
-11838
-12464
-13050
-13593
-14090
-14540
-14943
-15296
-15598
-15848
-16046
-16191
-16282
-16318
-16302
-16230
-16105
-15928
-15695
-15412
-15078
-14693
-14260
-13779
-13253
-12683
-12072
-11418
-10728
-10003
-9244
-8455
-7638
-6795
-5929
-5044
-4143
-3227
-2301
-1367
-429
510
1449
2383
3307
4221
5122
6006
6868
7709
8525
9312
10067
10790
11477
12126
12733
13300
13822
14298
14727
15107
15437
15717
15942
16116
16237
16303
16315
16274
16178
16028
15827
15570
15264
14907
14500
14045
13544
12997
12408
11777
11107
10401
9661
8887
8085
7255
6402
5527
4634
3725
2805
1875
938
0
-939
-1876
-2806
-3727
-4634
-5528
-6403
-7257
-8085
-8888
-9661
-10402
-11108
-11778
-12409
-12998
-13545
-14046
-14501
-14909
-15265
-15572
-15828
-16030
-16180
-16276
-16317
-16305
-16239
-16118
-15945
-15719
-15439
-15110
-14730
-14301
-13825
-13303
-12736
-12129
-11480
-10793
-10070
-9315
-8528
-7713
-6872
-6009
-5125
-4225
-3310
-2386
-1452
-514
426
1363
2297
3224
4140
5040
5926
6791
7635
8451
9241
10000
10726
11415
12069
12680
13251
13777
14257
14690
15076
15409
15692
15925
16103
16228
16300
16316
16280
16190
16044
15846
15597
15294
14942
14539
14089
13592
13049
12463
11837
11170
10467
9729
8959
8159
7332
6480
5608
4717
3809
2889
1961
1024
85
-855
-1790
-2721
-3643
-4553
-5447
-6324
-7179
-8012
-8815
-9592
-10336
-11046
-11719
-12354
-12947
-13498
-14003
-14462
-14873
-15236
-15546
-15807
-16014
-16168
-16269
-16316
-16308
-16247
-16132
-15962
-15741
-15467
-15142
-14767
-14342
-13870
-13353
-12790
-12185
-11540
-10857
-10137
-9385
-8600
-7788
-6950
-6088
-5206
-4308
-3394
-2469
-1538
-600
340
1278
2212
3140
4057
4960
5846
6713
7558
8379
9170
9932
10662
11355
12010
12626
13200
13731
14215
14653
15042
15382
15669
15906
16089
16218
16296
16317
16285
16200
16060
15866
15622
15323
14976
14578
14131
13638
13101
12518
11895
11232
10533
9798
9030
8232
7408
6559
5687
4797
3893
2973
2044
1109
171
-769
-1706
-2638
-3560
-4470
-5367
-6246
-7102
-7936
-8745
-9523
-10269
-10983
-11659
-12298
-12895
-13449
-13959
-14422
-14837
-15204
-15521
-15785
-15997
-16156
-16262
-16314
-16311
-16254
-16145
-15980
-15763
-15495
-15173
-14803
-14384
-13914
-13401
-12844
-12242
-11601
-10921
-10204
-9455
-8673
-7862
-7027
-6167
-5287
-4389
-3478
-2554
-1622
-684
254
1193
2128
3057
3973
4878
5766
6636
7482
8305
9100
9865
10596
11293
11952
12573
13150
13684
14173
14615
15008
15353
15645
15886
16075
16209
16290
16319
16290
16209
16075
15886
15646
15354
15009
14615
14174
13685
13151
12574
11953
11294
10597
9866
9101
8306
7483
6638
5768
4879
3975
3058
2130
1194
255
-683
-1621
-2553
-3477
-4388
-5285
-6166
-7026
-7861
-8671
-9453
-10203
-10919
-11600
-12241
-12843
-13400
-13914
-14383
-14802
-15173
-15494
-15763
-15980
-16145
-16254
-16311
-16315
-16262
-16157
-15998
-15785
-15521
-15205
-14838
-14423
-13960
-13450
-12895
-12298
-11661
-10984
-10271
-9523
-8746
-7938
-7104
-6246
-5368
-4472
-3561
-2638
-1708
-770
169
1109
2043
2972
3891
4797
5686
6558
7407
8231
9029
9796
10531
11231
11893
12517
13100
13637
14130
14578
14975
15323
15621
15866
16060
16199
16285
16317
16296
16219
16089
15906
15669
15382
15043
14653
14216
13732
13201
12627
12011
11356
10663
9933
9171
8381
7560
6715
5847
4961
4058
3141
2213
1280
341
-598
-1536
-2468
-3393
-4306
-5206
-6086
-6949
-7787
-8600
-9384
-10136
-10856
-11540
-12184
-12789
-13352
-13870
-14341
-14767
-15141
-15467
-15741
-15962
-16132
-16247
-16308
-16316
-16269
-16168
-16015
-15807
-15547
-15236
-14874
-14462
-14004
-13499
-12948
-12355
-11720
-11047
-10338
-9593
-8817
-8013
-7181
-6325
-5448
-4555
-3645
-2723
-1791
-856
83
1022
1959
2887
3807
4715
5607
6479
7330
8158
8958
9728
10465
11169
11836
12462
13048
13591
14088
14538
14941
15294
15596
15846
16044
16189
16280
16316
16300
16228
16103
15926
15693
15410
15076
14691
14258
13777
13251
12681
12070
11416
10726
10002
9242
8453
7635
6793
5927
5042
4141
3225
2299
1365
427
-512
-1451
-2385
-3309
-4223
-5124
-6008
-6870
-7711
-8527
-9314
-10069
-10792
-11479
-12128
-12735
-13302
-13824
-14300
-14729
-15109
-15439
-15718
-15944
-16118
-16239
-16305
-16317
-16276
-16180
-16030
-15829
-15572
-15266
-14909
-14502
-14047
-13546
-12999
-12410
-11779
-11109
-10403
-9663
-8889
-8087
-7257
-6404
-5529
-4636
-3727
-2807
-1877
-940
0
937
1874
2804
3725
4632
5526
6401
7255
8083
8886
9659
10401
11106
11776
12407
12996
13543
14044
14499
14907
15263
15570
15826
16028
16178
16274
16315
16303
16237
16116
15943
15717
15437
15108
14728
14299
13823
13301
12734
12127
11478
10791
10068
9313
8526
7711
6870
6007
5123
4223
3308
2384
1450
512
-428
-1365
-2299
-3226
-4142
-5042
-5928
-6793
-7637
-8453
-9243
-10002
-10728
-11417
-12071
-12682
-13253
-13779
-14259
-14692
-15078
-15411
-15694
-15927
-16105
-16230
-16302
-16318
-16282
-16192
-16046
-15848
-15598
-15296
-14944
-14541
-14091
-13594
-13051
-12465
-11839
-11172
-10468
-9731
-8961
-8161
-7334
-6482
-5610
-4718
-3811
-2891
-1963
-1026
-87
853
1788
2719
3641
4551
5445
6322
7177
8010
8813
9590
10334
11044
11717
12352
12945
13496
14001
14460
14871
15234
15544
15805
16012
16166
16267
16314
16306
16245
16130
15960
15739
15465
15140
14765
14340
13868
13351
12788
12183
11539
10855
10135
9383
8598
7786
6948
6086
5204
4306
3392
2467
1534
598
-342
-1280
-2214
-3142
-4059
-4962
-5848
-6715
-7560
-8381
-9172
-9934
-10664
-11356
-12012
-12628
-13202
-13733
-14217
-14655
-15044
-15384
-15671
-15908
-16091
-16220
-16298
-16319
-16287
-16202
-16062
-15868
-15624
-15325
-14978
-14580
-14133
-13640
-13103
-12520
-11897
-11234
-10535
-9799
-9032
-8234
-7410
-6561
-5689
-4799
-3895
-2975
-2046
-1111
-173
767
1704
2636
3558
4468
5365
6244
7100
7934
8743
9521
10267
10981
11657
12296
12893
13447
13957
14421
14835
15202
15519
15783
15995
16154
16260
16312
16309
16252
16143
15978
15761
15493
15171
14801
14382
13912
13399
12842
12240
11599
10919
10202
9453
8671
7860
7025
6165
5285
4387
3476
2552
1620
682
-255
-1195
-2130
-3059
-3975
-4880
-5768
-6638
-7484
-8307
-9102
-9866
-10598
-11295
-11954
-12575
-13152
-13686
-14175
-14617
-15010
-15355
-15647
-15888
-16077
-16211
-16292
-16320
-16292
-16211
-16077
-15888
-15648
-15356
-15011
-14617
-14176
-13687
-13153
-12575
-11955
-11296
-10599
-9868
-9103
-8308
-7485
-6640
-5770
-4881
-3977
-3060
-2132
-1196
-257
681
1619
2551
3475
4386
5283
6164
7024
7859
8670
9451
10201
10917
11598
12239
12841
13398
13912
14381
14800
15171
15492
15761
15978
16143
16252
16309
16313
16260
16155
15996
15783
15519
15203
14836
14421
13958
13448
12893
12296
11659
10982
10269
9521
8744
7936
7102
6244
5366
4470
3559
2636
1706
768
-171
-1111
-2045
-2974
-3893
-4799
-5688
-6560
-7409
-8233
-9031
-9798
-10533
-11233
-11895
-12519
-13102
-13639
-14132
-14580
-14977
-15325
-15623
-15868
-16062
-16201
-16287
-16319
-16298
-16221
-16091
-15908
-15671
-15384
-15045
-14655
-14218
-13734
-13203
-12629
-12013
-11358
-10665
-9935
-9173
-8383
-7562
-6717
-5849
-4963
-4060
-3143
-2215
-1282
-343
596
1534
2466
3391
4304
5204
6084
6947
7785
8598
9382
10134
10854
11539
12182
12787
13350
13868
14339
14765
15139
15465
15739
15960
16130
16245
16306
16314
16267
16166
16013
15805
15545
15234
14872
14460
14002
13497
12946
12353
11718
11045
10336
9591
8815
8011
7179
6323
5446
4553
3643
2721
1789
854
-85
-1024
-1961
-2889
-3809
-4717
-5609
-6481
-7332
-8160
-8960
-9729
-10467
-11171
-11838
-12464
-13050
-13593
-14090
-14540
-14943
-15296
-15598
-15848
-16046
-16191
-16282
-16318
-16302
-16230
-16105
-15928
-15695
-15412
-15078
-14693
-14260
-13779
-13253
-12683
-12072
-11418
-10728
-10003
-9244
-8455
-7637
-6795
-5929
-5044
-4143
-3227
-2301
-1367
-429
510
1449
2383
3307
4221
5122
6006
6868
7709
8525
9312
10067
10790
11477
12126
12733
13300
13822
14298
14727
15107
15437
15717
15942
16116
16237
16303
16315
16274
16178
16028
15827
15570
15264
14907
14500
14045
13544
12997
12408
11777
11107
10401
9661
8887
8085
7255
6402
5527
4634
3725
2805
1875
938
0
-939
-1876
-2806
-3727
-4634
-5528
-6403
-7257
-8085
-8888
-9661
-10403
-11108
-11778
-12409
-12998
-13545
-14046
-14501
-14909
-15265
-15572
-15828
-16030
-16180
-16276
-16317
-16305
-16239
-16118
-15945
-15719
-15439
-15110
-14730
-14301
-13825
-13303
-12736
-12129
-11480
-10793
-10070
-9315
-8528
-7713
-6872
-6009
-5125
-4225
-3310
-2386
-1452
-514
426
1363
2297
3224
4140
5040
5926
6791
7635
8451
9241
10000
10726
11415
12069
12680
13251
13777
14257
14690
15076
15409
15692
15925
16103
16228
16300
16316
16280
16190
16044
15846
15596
15294
14942
14539
14089
13592
13049
12463
11837
11170
10467
9729
8959
8159
7332
6480
5608
4717
3809
2889
1961
1024
85
-855
-1790
-2721
-3643
-4553
-5447
-6324
-7179
-8012
-8815
-9592
-10336
-11046
-11719
-12354
-12947
-13498
-14003
-14462
-14873
-15236
-15546
-15807
-16014
-16168
-16269
-16316
-16308
-16247
-16132
-15962
-15741
-15467
-15142
-14767
-14342
-13870
-13353
-12790
-12185
-11540
-10857
-10137
-9385
-8600
-7788
-6950
-6088
-5206
-4308
-3394
-2469
-1536
-600
340
1278
2212
3140
4057
4960
5846
6713
7558
8379
9170
9932
10662
11355
12010
12626
13200
13731
14215
14653
15042
15382
15669
15906
16089
16218
16296
16317
16285
16200
16060
15866
15622
15323
14976
14578
14131
13638
13101
12518
11895
11232
10533
9798
9030
8232
7408
6559
5687
4797
3893
2973
2044
1109
171
-769
-1706
-2638
-3560
-4470
-5367
-6246
-7102
-7936
-8745
-9523
-10269
-10983
-11659
-12298
-12895
-13449
-13959
-14423
-14837
-15204
-15521
-15785
-15997
-16156
-16262
-16314
-16311
-16254
-16145
-15980
-15763
-15495
-15173
-14803
-14384
-13914
-13401
-12844
-12242
-11601
-10921
-10204
-9455
-8673
-7862
-7027
-6167
-5287
-4389
-3478
-2554
-1622
-684
254
1193
2128
3057
3973
4878
5766
6636
7482
8305
9100
9865
10596
11293
11952
12573
13150
13684
14173
14615
15008
15353
15645
15886
16075
16209
16290
16319
16290
16209
16075
15886
15646
15354
15009
14615
14174
13685
13151
12573
11953
11294
10597
9866
9101
8306
7483
6638
5768
4879
3975
3058
2130
1194
255
-683
-1621
-2553
-3477
-4388
-5285
-6166
-7026
-7861
-8671
-9453
-10203
-10919
-11600
-12241
-12843
-13400
-13914
-14383
-14802
-15173
-15494
-15763
-15980
-16145
-16254
-16311
-16315
-16262
-16157
-15998
-15785
-15521
-15205
-14838
-14423
-13960
-13450
-12895
-12298
-11661
-10984
-10271
-9523
-8746
-7938
-7104
-6246
-5368
-4472
-3561
-2638
-1708
-770
169
1109
2043
2972
3891
4797
5686
6558
7407
8231
9029
9796
10531
11231
11893
12517
13100
13637
14130
14578
14975
15323
15621
15866
16060
16199
16285
16317
16296
16219
16089
15906
15669
15382
15043
14653
14216
13732
13201
12627
12011
11356
10663
9933
9171
8381
7560
6715
5847
4961
4058
3141
2213
1280
341
-598
-1536
-2468
-3393
-4306
-5206
-6086
-6949
-7787
-8600
-9384
-10136
-10856
-11540
-12184
-12789
-13352
-13870
-14341
-14767
-15141
-15467
-15741
-15962
-16132
-16247
-16308
-16316
-16269
-16168
-16015
-15807
-15547
-15236
-14874
-14462
-14004
-13499
-12948
-12355
-11720
-11047
-10338
-9593
-8817
-8013
-7181
-6325
-5448
-4555
-3645
-2723
-1791
-856
83
1022
1959
2887
3807
4715
5607
6479
7330
8158
8958
9728
10465
11169
11836
12462
13048
13591
14088
14538
14941
15294
15596
15846
16044
16189
16280
16316
16300
16228
16103
15926
15693
15410
15076
14691
14258
13777
13251
12681
12070
11416
10726
10002
9242
8453
7635
6793
5927
5042
4141
3225
2299
1365
427
-512
-1451
-2385
-3309
-4223
-5124
-6008
-6870
-7711
-8527
-9314
-10069
-10792
-11479
-12128
-12735
-13302
-13824
-14300
-14729
-15109
-15439
-15718
-15944
-16118
-16239
-16305
-16317
-16276
-16180
-16030
-15829
-15572
-15266
-14909
-14502
-14047
-13546
-12999
-12410
-11779
-11109
-10403
-9663
-8889
-8087
-7257
-6404
-5529
-4636
-3727
-2807
-1877
-940
0
937
1874
2804
3725
4632
5526
6401
7255
8083
8886
9659
10401
11106
11776
12407
12996
13543
14044
14499
14907
15263
15570
15826
16028
16178
16274
16315
16303
16237
16116
15943
15717
15437
15108
14728
14299
13823
13301
12734
12127
11478
10791
10068
9313
8526
7711
6870
6007
5123
4223
3308
2384
1450
512
-428
-1365
-2299
-3226
-4142
-5042
-5928
-6793
-7637
-8453
-9243
-10002
-10728
-11417
-12071
-12682
-13253
-13779
-14259
-14692
-15078
-15411
-15694
-15927
-16105
-16230
-16302
-16318
-16282
-16192
-16046
-15848
-15598
-15296
-14944
-14541
-14091
-13594
-13051
-12465
-11839
-11172
-10468
-9731
-8961
-8161
-7334
-6482
-5610
-4718
-3811
-2891
-1963
-1026
-87
853
1788
2719
3641
4551
5445
6322
7177
8010
8813
9590
10334
11044
11717
12352
12945
13496
14001
14460
14871
15234
15544
15805
16012
16166
16267
16314
16306
16245
16130
15960
15739
15465
15140
14765
14340
13868
13351
12788
12183
11539
10855
10135
9383
8598
7786
6948
6086
5204
4306
3392
2467
1534
598
-342
-1280
-2214
-3142
-4059
-4962
-5848
-6715
-7560
-8381
-9172
-9934
-10664
-11356
-12012
-12628
-13202
-13733
-14217
-14655
-15044
-15384
-15671
-15908
-16091
-16220
-16298
-16319
-16287
-16202
-16062
-15868
-15624
-15325
-14978
-14580
-14133
-13640
-13103
-12520
-11897
-11234
-10535
-9799
-9032
-8234
-7410
-6561
-5689
-4799
-3895
-2975
-2046
-1111
-173
767
1704
2636
3558
4468
5365
6244
7100
7934
8743
9521
10267
10981
11657
12296
12893
13447
13957
14421
14835
15202
15519
15783
15995
16154
16260
16312
16309
16252
16143
15978
15761
15493
15171
14801
14382
13912
13399
12842
12240
11599
10919
10202
9453
8671
7860
7025
6165
5285
4387
3476
2552
1620
682
-255
-1195
-2130
-3059
-3975
-4880
-5768
-6638
-7484
-8307
-9102
-9866
-10598
-11295
-11954
-12575
-13152
-13686
-14175
-14617
-15010
-15355
-15647
-15888
-16077
-16211
-16292
-16320
-16292
-16211
-16077
-15888
-15648
-15356
-15011
-14617
-14176
-13687
-13153
-12575
-11955
-11296
-10599
-9868
-9103
-8308
-7485
-6640
-5770
-4881
-3977
-3060
-2132
-1196
-257
681
1619
2551
3475
4386
5283
6164
7024
7859
8670
9451
10201
10917
11598
12239
12841
13398
13912
14381
14800
15171
15492
15761
15978
16143
16252
16309
16313
16260
16155
15996
15783
15519
15203
14836
14421
13958
13448
12893
12296
11659
10982
10269
9521
8744
7936
7102
6244
5366
4470
3559
2636
1706
768
-171
-1111
-2045
-2974
-3893
-4799
-5688
-6560
-7409
-8233
-9031
-9798
-10533
-11233
-11895
-12519
-13102
-13639
-14132
-14580
-14977
-15325
-15623
-15868
-16062
-16201
-16287
-16319
-16298
-16221
-16091
-15908
-15671
-15384
-15045
-14655
-14218
-13734
-13203
-12629
-12013
-11358
-10665
-9935
-9173
-8383
-7562
-6717
-5849
-4963
-4060
-3143
-2215
-1282
-343
596
1534
2466
3391
4304
5204
6084
6947
7785
8598
9382
10134
10854
11539
12182
12787
13350
13868
14339
14765
15139
15465
15739
15960
16130
16245
16306
16314
16267
16166
16013
15805
15545
15234
14872
14460
14002
13497
12946
12353
11718
11045
10336
9591
8815
8011
7179
6323
5446
4553
3643
2721
1789
854
-85
-1024
-1961
-2889
-3809
-4717
-5609
-6481
-7332
-8160
-8960
-9729
-10467
-11171
-11838
-12464
-13050
-13593
-14090
-14540
-14943
-15296
-15598
-15848
-16046
-16191
-16282
-16318
-16302
-16230
-16105
-15928
-15695
-15412
-15078
-14693
-14260
-13779
-13253
-12683
-12072
-11418
-10728
-10003
-9244
-8455
-7637
-6795
-5929
-5044
-4142
-3227
-2301
-1367
-429
510
1449
2383
3307
4221
5122
6006
6868
7709
8525
9312
10067
10790
11477
12126
12733
13300
13822
14298
14727
15107
15437
15717
15942
16116
16237
16303
16315
16274
16178
16028
15827
15570
15264
14907
14500
14045
13544
12997
12408
11777
11107
10401
9661
8887
8085
7255
6402
5527
4634
3725
2805
1875
938
0
-939
-1876
-2806
-3727
-4634
-5528
-6403
-7257
-8085
-8888
-9661
-10403
-11108
-11778
-12409
-12999
-13545
-14046
-14501
-14909
-15265
-15572
-15828
-16030
-16180
-16276
-16317
-16305
-16239
-16118
-15945
-15719
-15439
-15110
-14730
-14301
-13825
-13303
-12736
-12129
-11480
-10793
-10070
-9315
-8528
-7713
-6872
-6009
-5125
-4225
-3310
-2386
-1452
-514
426
1363
2297
3224
4140
5040
5926
6791
7635
8451
9241
10000
10726
11415
12069
12680
13251
13777
14257
14690
15076
15409
15692
15925
16103
16228
16300
16316
16280
16190
16044
15846
15596
15294
14942
14539
14088
13592
13049
12463
11837
11170
10467
9729
8959
8159
7332
6480
5608
4717
3809
2889
1961
1024
85
-855
-1790
-2721
-3643
-4553
-5447
-6324
-7179
-8012
-8815
-9592
-10336
-11046
-11719
-12354
-12947
-13498
-14003
-14462
-14873
-15236
-15546
-15807
-16014
-16168
-16269
-16316
-16308
-16247
-16132
-15962
-15741
-15467
-15142
-14767
-14342
-13870
-13353
-12790
-12185
-11540
-10857
-10137
-9385
-8600
-7788
-6950
-6088
-5206
-4308
-3394
-2469
-1536
-600
340
1278
2213
3140
4057
4960
5846
6713
7558
8379
9170
9932
10662
11355
12010
12626
13200
13731
14215
14653
15042
15382
15669
15906
16089
16218
16296
16317
16285
16200
16060
15866
15622
15323
14976
14578
14131
13638
13101
12518
11895
11232
10533
9798
9030
8232
7408
6559
5687
4797
3893
2973
2044
1109
171
-769
-1706
-2638
-3560
-4470
-5367
-6246
-7102
-7936
-8745
-9523
-10269
-10983
-11659
-12298
-12895
-13449
-13959
-14423
-14837
-15204
-15521
-15785
-15997
-16156
-16262
-16314
-16311
-16254
-16145
-15980
-15763
-15495
-15173
-14803
-14384
-13914
-13401
-12844
-12242
-11601
-10921
-10204
-9455
-8673
-7862
-7027
-6167
-5287
-4389
-3478
-2554
-1622
-684
254
1193
2128
3057
3973
4878
5766
6636
7482
8305
9100
9865
10596
11293
11952
12573
13150
13684
14173
14615
15008
15353
15645
15886
16075
16209
16290
16319
16290
16209
16075
15886
15646
15354
15009
14615
14174
13685
13151
12573
11953
11294
10597
9865
9101
8306
7483
6638
5768
4879
3975
3058
2130
1194
255
-683
-1621
-2553
-3477
-4388
-5285
-6166
-7026
-7861
-8671
-9453
-10203
-10919
-11600
-12241
-12843
-13400
-13914
-14383
-14802
-15173
-15494
-15763
-15980
-16145
-16254
-16311
-16315
-16262
-16157
-15998
-15785
-15521
-15205
-14838
-14423
-13960
-13450
-12895
-12298
-11661
-10984
-10271
-9523
-8746
-7938
-7104
-6246
-5368
-4472
-3561
-2638
-1708
-770
169
1109
2043
2972
3891
4797
5686
6558
7407
8232
9029
9796
10531
11231
11893
12517
13100
13637
14130
14578
14975
15323
15621
15866
16060
16199
16285
16317
16296
16219
16089
15906
15669
15382
15043
14653
14216
13732
13201
12627
12011
11356
10663
9933
9171
8381
7560
6715
5847
4961
4058
3141
2213
1280
341
-598
-1536
-2468
-3393
-4306
-5206
-6086
-6949
-7787
-8600
-9384
-10136
-10856
-11540
-12184
-12789
-13352
-13870
-14341
-14767
-15141
-15467
-15741
-15962
-16132
-16247
-16308
-16316
-16269
-16168
-16015
-15807
-15547
-15236
-14874
-14462
-14004
-13499
-12948
-12355
-11720
-11047
-10338
-9593
-8817
-8013
-7181
-6325
-5448
-4555
-3645
-2723
-1791
-856
83
1022
1959
2887
3807
4715
5607
6479
7330
8158
8958
9728
10465
11169
11836
12462
13048
13591
14088
14538
14941
15294
15596
15846
16044
16189
16280
16316
16300
16228
16103
15926
15693
15410
15076
14691
14258
13777
13251
12681
12070
11416
10726
10002
9242
8453
7635
6793
5927
5042
4140
3225
2299
1365
427
-512
-1451
-2385
-3309
-4223
-5124
-6008
-6870
-7711
-8527
-9314
-10069
-10792
-11479
-12128
-12735
-13302
-13824
-14300
-14729
-15109
-15439
-15718
-15944
-16118
-16239
-16305
-16317
-16276
-16180
-16030
-15829
-15572
-15266
-14909
-14502
-14047
-13546
-12999
-12410
-11779
-11109
-10403
-9663
-8889
-8087
-7257
-6404
-5529
-4636
-3727
-2807
-1877
-940
0
937
1874
2804
3725
4632
5526
6401
7255
8083
8886
9659
10401
11106
11776
12407
12997
13543
14044
14499
14907
15263
15570
15826
16028
16178
16274
16315
16303
16237
16116
15943
15717
15437
15108
14728
14299
13823
13301
12734
12127
11478
10791
10068
9313
8526
7711
6870
6007
5123
4223
3308
2384
1450
512
-428
-1365
-2299
-3226
-4142
-5042
-5928
-6793
-7637
-8453
-9243
-10002
-10728
-11417
-12071
-12682
-13253
-13779
-14259
-14692
-15078
-15411
-15694
-15927
-16105
-16230
-16302
-16318
-16282
-16192
-16046
-15848
-15598
-15296
-14944
-14541
-14090
-13594
-13051
-12465
-11839
-11172
-10468
-9731
-8961
-8161
-7334
-6482
-5610
-4718
-3811
-2891
-1963
-1026
-87
853
1788
2719
3641
4551
5445
6322
7177
8010
8813
9590
10334
11044
11717
12352
12945
13496
14001
14460
14871
15234
15544
15805
16012
16166
16267
16314
16306
16245
16130
15960
15739
15465
15140
14765
14340
13868
13351
12788
12183
11539
10855
10135
9383
8598
7786
6948
6086
5204
4306
3392
2467
1534
598
-342
-1280
-2215
-3142
-4059
-4962
-5848
-6715
-7560
-8381
-9172
-9934
-10664
-11356
-12012
-12628
-13202
-13733
-14217
-14655
-15044
-15384
-15671
-15908
-16091
-16220
-16298
-16319
-16287
-16202
-16062
-15868
-15624
-15325
-14978
-14580
-14133
-13640
-13103
-12520
-11897
-11234
-10535
-9799
-9032
-8234
-7410
-6561
-5689
-4799
-3895
-2975
-2046
-1111
-173
767
1704
2636
3558
4468
5365
6244
7100
7934
8743
9521
10267
10981
11657
12296
12893
13447
13957
14421
14835
15202
15519
15783
15995
16154
16260
16312
16309
16252
16143
15978
15761
15493
15171
14801
14382
13912
13399
12842
12240
11599
10919
10202
9453
8671
7860
7025
6165
5285
4387
3476
2552
1620
682
-255
-1195
-2130
-3059
-3975
-4880
-5768
-6638
-7484
-8307
-9102
-9866
-10598
-11295
-11954
-12575
-13152
-13686
-14175
-14617
-15010
-15355
-15647
-15888
-16077
-16211
-16292
-16320
-16292
-16211
-16077
-15888
-15648
-15356
-15011
-14617
-14176
-13687
-13153
-12575
-11955
-11296
-10599
-9866
-9103
-8308
-7485
-6640
-5770
-4881
-3977
-3060
-2132
-1196
-257
681
1619
2551
3475
4386
5283
6164
7024
7859
8670
9451
10201
10917
11598
12239
12841
13398
13912
14381
14800
15171
15492
15761
15978
16143
16252
16309
16313
16260
16155
15996
15783
15519
15203
14836
14421
13958
13448
12893
12296
11659
10982
10269
9521
8744
7936
7102
6244
5366
4470
3559
2636
1706
768
-171
-1111
-2045
-2974
-3893
-4799
-5688
-6560
-7409
-8234
-9031
-9798
-10533
-11233
-11895
-12519
-13102
-13639
-14132
-14580
-14977
-15325
-15623
-15868
-16062
-16201
-16287
-16319
-16298
-16221
-16091
-15908
-15671
-15384
-15045
-14655
-14218
-13734
-13203
-12629
-12013
-11358
-10665
-9935
-9173
-8383
-7562
-6717
-5849
-4963
-4060
-3143
-2215
-1282
-343
596
1534
2466
3391
4304
5204
6084
6947
7785
8598
9382
10134
10854
11539
12182
12787
13350
13868
14339
14765
15139
15465
15739
15960
16130
16245
16306
16314
16267
16166
16013
15805
15545
15234
14872
14460
14002
13497
12946
12353
11718
11045
10336
9591
8815
8011
7179
6323
5446
4553
3643
2721
1789
854
-85
-1024
-1961
-2889
-3809
-4717
-5609
-6481
-7332
-8160
-8960
-9729
-10467
-11171
-11838
-12464
-13050
-13593
-14090
-14540
-14943
-15296
-15598
-15848
-16046
-16191
-16282
-16318
-16302
-16230
-16105
-15928
-15695
-15412
-15078
-14693
-14260
-13779
-13253
-12683
-12072
-11418
-10728
-10003
-9244
-8455
-7637
-6795
-5929
-5044
-4142
-3227
-2301
-1367
-429
510
1449
2383
3307
4221
5122
6006
6868
7709
8525
9312
10067
10790
11477
12126
12733
13300
13822
14298
14727
15107
15437
15717
15942
16116
16237
16303
16315
16274
16178
16028
15827
15570
15264
14907
14500
14045
13544
12997
12408
11777
11107
10401
9661
8887
8085
7255
6402
5527
4634
3725
2805
1875
938
0
-939
-1876
-2806
-3727
-4634
-5528
-6403
-7257
-8085
-8888
-9661
-10403
-11108
-11778
-12409
-12999
-13545
-14046
-14501
-14909
-15265
-15572
-15828
-16030
-16180
-16276
-16317
-16305
-16239
-16118
-15945
-15719
-15439
-15110
-14730
-14301
-13825
-13303
-12736
-12129
-11480
-10793
-10070
-9315
-8528
-7713
-6872
-6009
-5125
-4225
-3310
-2386
-1452
-514
426
1363
2297
3224
4140
5040
5926
6791
7635
8451
9241
10000
10726
11415
12069
12680
13251
13777
14257
14690
15076
15409
15692
15925
16103
16228
16300
16316
16280
16190
16044
15846
15596
15294
14942
14539
14088
13592
13049
12463
11837
11170
10467
9729
8959
8159
7332
6480
5608
4717
3809
2889
1961
1024
85
-855
-1790
-2721
-3643
-4553
-5447
-6324
-7179
-8012
-8815
-9592
-10336
-11046
-11719
-12354
-12947
-13498
-14003
-14462
-14873
-15236
-15546
-15807
-16014
-16168
-16269
-16316
-16308
-16247
-16132
-15962
-15741
-15467
-15142
-14767
-14342
-13870
-13353
-12790
-12185
-11540
-10857
-10137
-9385
-8600
-7788
-6950
-6088
-5206
-4308
-3394
-2469
-1536
-600
340
1278
2213
3140
4057
4960
5846
6713
7558
8379
9170
9932
10662
11355
12010
12626
13200
13731
14215
14653
15042
15382
15669
15906
16089
16218
16296
16317
16285
16200
16060
15866
15622
15323
14976
14578
14131
13638
13101
12518
11895
11232
10533
9798
9030
8232
7408
6559
5687
4797
3893
2973
2044
1109
171
-769
-1706
-2638
-3560
-4470
-5367
-6246
-7102
-7936
-8745
-9523
-10269
-10983
-11659
-12298
-12895
-13449
-13959
-14423
-14837
-15204
-15521
-15785
-15997
-16156
-16262
-16314
-16311
-16254
-16145
-15980
-15763
-15495
-15173
-14803
-14384
-13914
-13401
-12844
-12242
-11601
-10921
-10204
-9455
-8673
-7862
-7027
-6167
-5287
-4389
-3478
-2554
-1622
-684
254
1193
2128
3057
3973
4878
5766
6636
7482
8305
9100
9865
10596
11293
11952
12573
13150
13684
14173
14615
15008
15353
15645
15886
16075
16209
16290
16319
16290
16209
16075
15886
15646
15354
15009
14615
14174
13685
13151
12573
11953
11294
10597
9865
9101
8306
7483
6638
5768
4879
3975
3058
2130
1194
255
-683
-1621
-2553
-3477
-4388
-5285
-6166
-7026
-7861
-8671
-9453
-10203
-10919
-11600
-12241
-12843
-13400
-13914
-14383
-14802
-15173
-15494
-15763
-15980
-16145
-16254
-16311
-16315
-16262
-16157
-15998
-15785
-15521
-15205
-14838
-14423
-13960
-13450
-12895
-12298
-11661
-10984
-10271
-9523
-8746
-7938
-7104
-6246
-5368
-4472
-3561
-2638
-1708
-770
169
1109
2043
2972
3891
4797
5686
6558
7407
8232
9029
9796
10531
11231
11893
12517
13100
13637
14130
14578
14975
15323
15621
15866
16060
16199
16285
16317
16296
16219
16089
15906
15669
15382
15043
14653
14216
13732
13201
12627
12011
11356
10663
9933
9171
8381
7560
6715
5847
4961
4058
3141
2213
1280
341
-598
-1536
-2468
-3393
-4306
-5206
-6086
-6949
-7787
-8600
-9384
-10136
-10856
-11540
-12184
-12789
-13352
-13870
-14341
-14767
-15141
-15467
-15741
-15962
-16132
-16247
-16308
-16316
-16269
-16168
-16015
-15807
-15547
-15236
-14874
-14462
-14004
-13499
-12948
-12355
-11720
-11047
-10338
-9593
-8817
-8013
-7181
-6325
-5448
-4555
-3645
-2723
-1791
-856
83
1022
1959
2887
3807
4715
5607
6479
7330
8158
8958
9728
10465
11169
11836
12462
13048
13591
14088
14538
14941
15294
15596
15846
16044
16189
16280
16316
16300
16228
16103
15926
15693
15410
15076
14691
14258
13777
13251
12681
12070
11416
10726
10002
9242
8453
7635
6793
5927
5042
4140
3225
2299
1365
427
-512
-1451
-2385
-3309
-4223
-5124
-6008
-6870
-7711
-8527
-9314
-10069
-10792
-11479
-12128
-12735
-13302
-13824
-14300
-14729
-15109
-15439
-15718
-15944
-16118
-16239
-16305
-16317
-16276
-16180
-16030
-15829
-15572
-15266
-14909
-14502
-14047
-13546
-12999
-12410
-11779
-11109
-10403
-9663
-8889
-8087
-7257
-6404
-5529
-4636
-3727
-2807
-736
-1476
0
1470
2938
4398
5842
7266
8668
10040
11380
12680
13938
15152
16314
17420
18472
19462
20388
21244
22030
22744
23382
23942
24424
24826
25142
25376
25528
25592
25574
25470
25280
25008
24654
24216
23700
23102
22430
21684
20864
19974
19022
18004
16926
15792
14610
13374
12096
10776
9424
8036
6624
5188
3740
2274
802
-672
-2140
-3606
-5060
-6498
-7910
-9298
-10656
-11980
-13260
-14498
-15690
-16830
-17910
-18934
-19894
-20788
-21614
-22368
-23048
-23652
-24174
-24618
-24984
-25262
-25458
-25572
-25598
-25540
-25398
-25170
-24860
-24468
-23994
-23442
-22810
-22102
-21324
-20472
-19552
-18570
-17526
-16422
-15264
-14056
-12802
-11504
-10168
-8800
-7402
-5978
-4534
-3080
-1610
-136
1338
2804
4266
5712
7138
8540
9916
11258
12564
13824
15042
16210
17324
18378
19374
20306
21170
21962
22682
23328
23896
24382
24792
25116
25358
25516
25590
25578
25482
25302
25036
24688
24258
23750
23160
22494
21752
20942
20060
19110
18100
17028
15898
14718
13486
12214
10898
9546
8162
6754
5320
3870
2406
938
-536
-2008
-3476
-4928
-6366
-7784
-9176
-10534
-11860
-13148
-14388
-15582
-16728
-17814
-18842
-19810
-20710
-21542
-22302
-22988
-23598
-24132
-24582
-24954
-25240
-25444
-25566
-25598
-25548
-25416
-25194
-24892
-24508
-24040
-23494
-22872
-22170
-21396
-20554
-19640
-18662
-17622
-16526
-15372
-14168
-12916
-11624
-10292
-8924
-7528
-6110
-4668
-3210
-1742
-272
1202
2674
4134
5580
7010
8416
9794
11138
12446
13714
14934
16106
17226
18286
19288
20224
21092
21892
22620
23270
23846
24342
24758
25090
25340
25506
25588
25582
25494
25322
25064
24724
24302
23798
23216
22560
21824
21018
20144
19200
18194
17128
16004
14828
13602
12330
11020
9670
8290
6882
5452
4004
2542
1070
-400
-1874
-3342
-4798
-6236
-7654
-9048
-10414
-11740
-13030
-14278
-15476
-16624
-17718
-18752
-19726
-20630
-21468
-22236
-22930
-23546
-24086
-24544
-24922
-25218
-25430
-25556
-25600
-25556
-25430
-25220
-24922
-24546
-24088
-23548
-22930
-22238
-21470
-20632
-19726
-18754
-17720
-16626
-15476
-14280
-13034
-11742
-10414
-9050
-7658
-6238
-4800
-3344
-1876
-404
1068
2538
4002
5450
6880
8288
9668
11018
12328
13600
14826
16002
17124
18192
19198
20142
21016
21822
22558
23216
23796
24302
24724
25064
25322
25494
25582
25588
25506
25340
25092
24758
24344
23848
23272
22620
21894
21094
20224
19288
18288
17228
16108
14934
13716
12448
11140
9794
8418
7012
5582
4134
2676
1206
-268
-1742
-3208
-4666
-6108
-7528
-8922
-10290
-11622
-12916
-14166
-15370
-16522
-17622
-18660
-19638
-20552
-21394
-22168
-22870
-23494
-24040
-24508
-24892
-25194
-25414
-25548
-25598
-25566
-25444
-25242
-24954
-24582
-24132
-23600
-22988
-22304
-21544
-20712
-19812
-18844
-17816
-16730
-15584
-14390
-13150
-11862
-10536
-9176
-7786
-6368
-4930
-3476
-2012
-538
934
2406
3868
5318
6752
8162
9544
10896
12212
13486
14716
15896
17026
18100
19108
20058
20942
21752
22492
23160
23748
24258
24688
25036
25302
25482
25578
25590
25516
25358
25118
24792
24384
23896
23328
22682
21964
21170
20306
19376
18380
17326
16214
15044
13828
12566
11260
9918
8542
7142
5714
4268
2806
1340
-134
-1608
-3076
-4532
-5976
-7400
-8798
-10166
-11502
-12800
-14054
-15262
-16420
-17524
-18570
-19550
-20472
-21322
-22102
-22808
-23440
-23994
-24468
-24860
-25170
-25398
-25540
-25598
-25572
-25458
-25262
-24984
-24620
-24176
-23652
-23048
-22368
-21616
-20788
-19896
-18936
-17912
-16830
-15692
-14500
-13262
-11980
-10658
-9300
-7912
-6498
-5062
-3610
-2144
-672
800
2272
3738
5186
6620
8034
9420
10774
12092
13372
14606
15792
16924
18002
19020
19974
20864
21682
22428
23102
23698
24214
24654
25008
25280
25470
25574
25592
25528
25376
25142
24826
24424
23944
23384
22746
22032
21246
20388
19464
18474
17424
16314
15154
13940
12682
11380
10042
8670
7268
5842
4400
2942
1472
0
-1472
-2942
-4402
-5846
-7270
-8672
-10044
-11384
-12684
-13942
-15154
-16318
-17424
-18476
-19466
-20390
-21248
-22034
-22748
-23386
-23946
-24426
-24830
-25144
-25380
-25532
-25596
-25576
-25474
-25284
-25012
-24658
-24218
-23702
-23106
-22434
-21686
-20868
-19978
-19026
-18008
-16930
-15796
-14612
-13378
-12098
-10780
-9426
-8040
-6628
-5192
-3744
-2278
-806
668
2138
3602
5056
6494
7906
9296
10652
11976
13256
14496
15686
16826
17906
18932
19890
20784
21610
22364
23044
23650
24170
24616
24980
25260
25456
25568
25594
25536
25396
25166
24856
24464
23990
23438
22806
22098
21320
20468
19550
18566
17522
16418
15260
14052
12798
11500
10164
8796
7398
5974
4532
3076
1606
132
-1340
-2808
-4268
-5716
-7142
-8544
-9920
-11262
-12568
-13828
-15046
-16214
-17328
-18382
-19378
-20308
-21172
-21966
-22686
-23330
-23900
-24386
-24794
-25120
-25362
-25520
-25594
-25582
-25486
-25304
-25040
-24692
-24262
-23752
-23164
-22498
-21756
-20946
-20062
-19114
-18102
-17032
-15902
-14722
-13490
-12218
-10902
-9550
-8166
-6758
-5324
-3874
-2410
-940
532
2006
3472
4924
6364
7780
9172
10530
11856
13144
14384
15580
16724
17812
18838
19806
20706
21538
22298
22984
23596
24128
24578
24950
25238
25440
25562
25596
25546
25412
25192
24888
24504
24036
23492
22868
22166
21392
20550
19636
18658
17618
16522
15368
14164
12914
11620
10288
8920
7524
6106
4664
3206
1738
268
-1206
-2676
-4138
-5584
-7012
-8418
-9798
-11140
-12450
-13718
-14938
-16108
-17230
-18290
-19290
-20228
-21096
-21896
-22624
-23274
-23850
-24346
-24762
-25094
-25344
-25508
-25592
-25586
-25498
-25326
-25068
-24726
-24306
-23800
-23220
-22562
-21826
-21022
-20148
-19204
-18198
-17130
-16008
-14832
-13604
-12334
-11024
-9674
-8294
-6886
-5456
-4008
-2544
-1074
398
1870
3338
4794
6232
7652
9046
10410
11736
13028
14274
15474
16620
17714
18748
19722
20628
21464
22232
22926
23542
24082
24542
24920
25216
25426
25552
25598
25552
25426
25216
24920
24542
24084
23544
22926
22234
21466
20628
19722
18750
17716
16624
15474
14276
13030
11738
10410
9048
7654
6234
4796
3340
1874
400
-1072
-2542
-4004
-5454
-6884
-8290
-9672
-11022
-12330
-13602
-14830
-16006
-17128
-18196
-19202
-20146
-21020
-21826
-22562
-23220
-23800
-24304
-24726
-25066
-25326
-25498
-25586
-25592
-25508
-25344
-25094
-24762
-24348
-23850
-23276
-22624
-21898
-21098
-20228
-19290
-18292
-17230
-16112
-14938
-13718
-12452
-11144
-9798
-8422
-7016
-5586
-4138
-2680
-1208
266
1738
3204
4662
6104
7524
8918
10286
11618
12914
14162
15366
16520
17618
18656
19634
20550
21392
22164
22866
23490
24036
24504
24888
25192
25410
25544
25596
25562
25442
25238
24950
24578
24128
23596
22984
22300
21540
20708
19808
18840
17814
16726
15582
14386
13146
11858
10532
9172
7782
6366
4928
3472
2008
534
-938
-2410
-3872
-5322
-6754
-8166
-9548
-10900
-12216
-13490
-14720
-15900
-17030
-18102
-19112
-20062
-20944
-21756
-22496
-23164
-23750
-24262
-24692
-25040
-25304
-25486
-25582
-25594
-25520
-25362
-25122
-24796
-24386
-23900
-23332
-22686
-21968
-21174
-20310
-19380
-18384
-17330
-16216
-15048
-13830
-12570
-11264
-9922
-8546
-7144
-5718
-4272
-2810
-1344
130
1604
3074
4528
5972
7396
8794
10162
11498
12796
14052
15260
16416
17520
18566
19548
20468
21320
22098
22804
23436
23990
24464
24856
25166
25394
25536
25594
25568
25456
25260
24982
24616
24172
23650
23044
22364
21612
20784
19892
18932
17908
16826
15688
14498
13260
11976
10656
9298
7908
6494
5060
3606
2140
668
-804
-2276
-3740
-5190
-6624
-8038
-9424
-10776
-12096
-13376
-14610
-15794
-16928
-18006
-19024
-19976
-20866
-21686
-22432
-23104
-23700
-24218
-24656
-25012
-25284
-25474
-25576
-25596
-25532
-25380
-25146
-24830
-24428
-23948
-23386
-22748
-22036
-21250
-20390
-19468
-18478
-17426
-16318
-15158
-13944
-12686
-11384
-10046
-8674
-7272
-5846
-4404
-2944
-1476
0
1470
2938
4398
5842
7266
8668
10040
11380
12680
13938
15152
16314
17420
18472
19462
20388
21244
22030
22744
23384
23942
24424
24826
25142
25376
25528
25592
25574
25470
25280
25008
24654
24216
23700
23102
22430
21684
20864
19974
19022
18004
16926
15792
14610
13374
12096
10776
9424
8036
6624
5188
3740
2274
802
-672
-2140
-3606
-5060
-6498
-7910
-9298
-10656
-11980
-13260
-14498
-15690
-16830
-17910
-18934
-19894
-20788
-21614
-22368
-23048
-23652
-24174
-24618
-24984
-25262
-25458
-25572
-25598
-25540
-25398
-25170
-24860
-24468
-23994
-23442
-22810
-22102
-21324
-20472
-19552
-18570
-17526
-16422
-15264
-14056
-12802
-11504
-10168
-8800
-7402
-5978
-4534
-3080
-1610
-136
1338
2804
4266
5712
7138
8540
9916
11258
12564
13824
15042
16210
17324
18378
19374
20306
21170
21962
22682
23328
23896
24382
24792
25116
25358
25516
25590
25578
25482
25302
25036
24688
24258
23750
23160
22494
21752
20942
20060
19110
18100
17028
15898
14718
13486
12214
10898
9546
8162
6754
5320
3870
2406
938
-536
-2008
-3476
-4928
-6366
-7784
-9176
-10534
-11860
-13148
-14388
-15582
-16728
-17814
-18842
-19810
-20710
-21542
-22302
-22988
-23598
-24132
-24582
-24954
-25240
-25444
-25566
-25598
-25548
-25416
-25194
-24892
-24508
-24040
-23494
-22872
-22170
-21396
-20554
-19640
-18662
-17622
-16526
-15372
-14168
-12916
-11624
-10292
-8924
-7528
-6110
-4668
-3210
-1742
-272
1202
2674
4134
5580
7010
8416
9794
11138
12446
13714
14934
16106
17226
18286
19288
20224
21092
21892
22620
23270
23846
24342
24758
25090
25340
25506
25588
25582
25494
25322
25064
24724
24302
23798
23216
22560
21824
21018
20144
19200
18194
17128
16004
14828
13602
12330
11020
9670
8290
6882
5452
4004
2542
1070
-400
-1874
-3342
-4798
-6236
-7654
-9048
-10414
-11740
-13030
-14278
-15476
-16624
-17718
-18752
-19726
-20630
-21468
-22236
-22930
-23546
-24086
-24544
-24922
-25218
-25430
-25556
-25600
-25556
-25430
-25220
-24922
-24546
-24088
-23548
-22930
-22238
-21470
-20632
-19726
-18754
-17720
-16626
-15476
-14280
-13034
-11742
-10414
-9050
-7658
-6238
-4800
-3344
-1876
-404
1068
2538
4002
5450
6880
8288
9668
11018
12328
13600
14826
16002
17124
18192
19198
20142
21016
21822
22558
23216
23796
24302
24724
25064
25322
25494
25582
25588
25506
25340
25092
24758
24344
23848
23272
22620
21894
21094
20224
19288
18288
17228
16108
14934
13716
12448
11140
9794
8418
7012
5582
4134
2676
1206
-268
-1742
-3208
-4666
-6108
-7528
-8922
-10290
-11622
-12916
-14166
-15370
-16522
-17622
-18660
-19638
-20552
-21394
-22168
-22870
-23494
-24040
-24508
-24892
-25194
-25414
-25548
-25598
-25566
-25444
-25242
-24954
-24582
-24132
-23600
-22988
-22304
-21544
-20712
-19812
-18844
-17816
-16730
-15584
-14390
-13150
-11862
-10536
-9176
-7786
-6368
-4930
-3476
-2012
-538
934
2406
3868
5318
6752
8162
9544
10896
12212
13486
14716
15896
17026
18100
19108
20058
20942
21752
22492
23160
23748
24258
24688
25036
25302
25482
25578
25590
25516
25358
25118
24792
24384
23896
23328
22682
21964
21170
20306
19376
18380
17326
16214
15044
13828
12566
11260
9918
8542
7142
5714
4268
2806
1340
-134
-1608
-3076
-4532
-5976
-7400
-8798
-10166
-11502
-12800
-14054
-15262
-16420
-17524
-18570
-19550
-20472
-21322
-22102
-22808
-23440
-23994
-24468
-24860
-25170
-25398
-25540
-25598
-25572
-25458
-25262
-24984
-24620
-24176
-23652
-23048
-22368
-21616
-20788
-19896
-18936
-17912
-16830
-15692
-14500
-13262
-11980
-10658
-9300
-7912
-6498
-5062
-3610
-2144
-672
800
2272
3738
5186
6620
8034
9420
10774
12092
13372
14606
15792
16924
18002
19020
19974
20864
21682
22428
23102
23698
24214
24654
25008
25280
25470
25574
25592
25528
25376
25142
24826
24424
23944
23384
22746
22032
21246
20388
19464
18474
17424
16314
15154
13940
12682
11380
10042
8670
7268
5842
4400
2942
1472
0
-1472
-2942
-4402
-5846
-7270
-8672
-10044
-11384
-12684
-13942
-15154
-16318
-17424
-18476
-19466
-20390
-21248
-22034
-22748
-23386
-23946
-24426
-24830
-25144
-25380
-25532
-25596
-25576
-25474
-25284
-25012
-24658
-24218
-23702
-23106
-22434
-21686
-20868
-19978
-19026
-18008
-16930
-15796
-14612
-13378
-12098
-10780
-9426
-8040
-6628
-5192
-3744
-2278
-806
668
2138
3602
5056
6494
7906
9296
10652
11976
13256
14496
15686
16826
17906
18932
19890
20784
21610
22364
23044
23650
24170
24616
24980
25260
25456
25568
25594
25536
25396
25166
24856
24464
23990
23438
22806
22098
21320
20468
19550
18566
17522
16418
15260
14052
12798
11500
10164
8796
7398
5974
4532
3076
1606
132
-1340
-2808
-4268
-5716
-7142
-8544
-9920
-11262
-12568
-13828
-15046
-16214
-17328
-18382
-19378
-20308
-21172
-21966
-22686
-23330
-23900
-24386
-24794
-25120
-25362
-25520
-25594
-25582
-25486
-25304
-25040
-24692
-24262
-23752
-23164
-22498
-21756
-20946
-20062
-19114
-18102
-17032
-15902
-14722
-13490
-12218
-10902
-9550
-8166
-6758
-5324
-3874
-2410
-940
532
2006
3472
4924
6364
7780
9172
10530
11856
13144
14386
15580
16724
17812
18838
19806
20706
21538
22298
22984
23596
24128
24578
24950
25238
25440
25562
25596
25546
25412
25192
24888
24504
24036
23492
22868
22166
21392
20550
19636
18658
17618
16522
15368
14164
12914
11620
10288
8920
7524
6106
4664
3206
1738
268
-1206
-2676
-4138
-5584
-7012
-8418
-9798
-11140
-12450
-13718
-14938
-16108
-17230
-18290
-19290
-20228
-21096
-21896
-22624
-23274
-23850
-24346
-24762
-25094
-25344
-25508
-25592
-25586
-25498
-25326
-25066
-24726
-24306
-23800
-23220
-22562
-21826
-21022
-20148
-19204
-18198
-17130
-16008
-14832
-13604
-12334
-11024
-9674
-8294
-6886
-5456
-4008
-2544
-1074
398
1870
3338
4794
6232
7652
9046
10410
11736
13028
14274
15474
16620
17714
18748
19722
20628
21464
22232
22926
23542
24082
24542
24920
25216
25426
25552
25598
25552
25426
25216
24920
24542
24084
23544
22926
22234
21466
20628
19722
18750
17716
16624
15474
14276
13030
11738
10410
9048
7654
6234
4794
3340
1874
400
-1072
-2542
-4004
-5454
-6884
-8290
-9672
-11022
-12330
-13602
-14830
-16006
-17128
-18196
-19202
-20146
-21020
-21826
-22562
-23220
-23800
-24304
-24726
-25066
-25326
-25498
-25586
-25592
-25508
-25344
-25094
-24762
-24348
-23850
-23276
-22624
-21898
-21098
-20228
-19290
-18292
-17230
-16112
-14938
-13718
-12452
-11144
-9798
-8422
-7016
-5586
-4138
-2680
-1208
266
1738
3204
4662
6104
7524
8918
10286
11618
12914
14162
15366
16520
17618
18656
19634
20550
21392
22164
22866
23490
24036
24504
24888
25192
25410
25544
25596
25562
25442
25238
24950
24578
24128
23596
22984
22300
21540
20708
19808
18840
17814
16726
15582
14386
13146
11858
10532
9172
7782
6366
4928
3472
2008
534
-938
-2410
-3872
-5322
-6754
-8166
-9548
-10900
-12216
-13490
-14720
-15900
-17030
-18102
-19112
-20062
-20944
-21756
-22496
-23164
-23750
-24262
-24692
-25040
-25304
-25486
-25582
-25594
-25520
-25362
-25122
-24796
-24386
-23900
-23332
-22686
-21968
-21172
-20310
-19380
-18384
-17330
-16216
-15048
-13830
-12570
-11264
-9922
-8546
-7144
-5718
-4272
-2810
-1344
130
1604
3074
4528
5972
7396
8794
10162
11498
12796
14052
15260
16416
17520
18566
19548
20468
21320
22098
22804
23436
23990
24464
24856
25166
25394
25536
25594
25568
25456
25260
24982
24616
24172
23650
23044
22364
21612
20784
19892
18932
17908
16826
15688
14498
13260
11976
10656
9298
7908
6494
5060
3606
2140
668
-804
-2276
-3740
-5192
-6624
-8038
-9424
-10776
-12096
-13376
-14610
-15794
-16928
-18006
-19024
-19976
-20866
-21686
-22432
-23104
-23700
-24218
-24656
-25012
-25284
-25474
-25576
-25596
-25532
-25380
-25146
-24830
-24428
-23948
-23386
-22748
-22036
-21250
-20390
-19468
-18478
-17426
-16318
-15158
-13944
-12686
-11384
-10046
-8674
-7272
-5846
-4404
-2944
-1476
0
1470
2938
4398
5842
7266
8668
10040
11380
12680
13938
15152
16314
17420
18472
19462
20388
21244
22030
22744
23384
23942
24424
24826
25142
25376
25528
25592
25574
25470
25280
25008
24654
24216
23700
23102
22430
21684
20864
19974
19022
18004
16926
15792
14610
13374
12096
10776
9424
8036
6624
5188
3740
2274
802
-672
-2140
-3606
-5060
-6498
-7910
-9298
-10656
-11980
-13260
-14498
-15690
-16830
-17910
-18934
-19894
-20788
-21614
-22368
-23048
-23652
-24174
-24618
-24984
-25262
-25458
-25572
-25598
-25540
-25398
-25170
-24860
-24468
-23994
-23442
-22810
-22102
-21324
-20472
-19552
-18570
-17526
-16422
-15264
-14054
-12802
-11504
-10168
-8800
-7402
-5978
-4534
-3080
-1610
-136
1338
2804
4266
5712
7138
8540
9916
11258
12564
13824
15042
16210
17324
18378
19374
20306
21170
21962
22682
23328
23896
24382
24792
25116
25358
25516
25590
25578
25482
25302
25036
24688
24258
23750
23160
22494
21752
20942
20060
19110
18100
17028
15898
14718
13486
12214
10898
9546
8162
6754
5320
3870
2406
938
-536
-2008
-3476
-4928
-6366
-7784
-9176
-10534
-11860
-13148
-14390
-15582
-16728
-17814
-18842
-19810
-20710
-21542
-22302
-22988
-23598
-24132
-24582
-24954
-25240
-25444
-25566
-25598
-25548
-25416
-25194
-24892
-24508
-24040
-23494
-22872
-22170
-21396
-20554
-19640
-18662
-17622
-16526
-15372
-14168
-12916
-11624
-10292
-8924
-7528
-6110
-4668
-3210
-1742
-272
1202
2674
4134
5580
7010
8416
9794
11138
12446
13714
14934
16106
17226
18286
19288
20224
21092
21892
22620
23270
23846
24342
24758
25090
25340
25506
25588
25582
25494
25322
25064
24724
24302
23798
23216
22560
21824
21018
20144
19200
18194
17128
16004
14828
13602
12330
11020
9670
8290
6882
5452
4004
2542
1070
-400
-1874
-3342
-4798
-6236
-7654
-9048
-10414
-11740
-13030
-14278
-15476
-16624
-17718
-18752
-19726
-20630
-21468
-22236
-22930
-23546
-24086
-24544
-24922
-25218
-25430
-25556
-25600
-25556
-25430
-25220
-24922
-24546
-24088
-23548
-22930
-22238
-21470
-20632
-19726
-18754
-17720
-16626
-15476
-14280
-13034
-11742
-10414
-9050
-7658
-6238
-4798
-3344
-1876
-404
1068
2538
4002
5450
6880
8288
9668
11018
12328
13600
14826
16002
17124
18192
19198
20142
21016
21822
22558
23216
23796
24302
24724
25064
25322
25494
25582
25588
25506
25340
25092
24758
24344
23848
23272
22620
21894
21094
20224
19288
18288
17228
16108
14934
13716
12448
11140
9794
8418
7012
5582
4134
2676
1206
-268
-1742
-3208
-4666
-6108
-7528
-8922
-10290
-11622
-12916
-14166
-15370
-16522
-17622
-18660
-19638
-20552
-21396
-22168
-22870
-23494
-24040
-24508
-24892
-25194
-25414
-25548
-25598
-25566
-25444
-25242
-24954
-24582
-24132
-23600
-22988
-22304
-21544
-20712
-19812
-18844
-17816
-16730
-15584
-14390
-13150
-11862
-10536
-9176
-7786
-6368
-4930
-3476
-2012
-538
934
2406
3868
5318
6752
8162
9544
10896
12212
13486
14716
15896
17026
18100
19108
20058
20942
21752
22492
23160
23748
24258
24688
25036
25302
25482
25578
25590
25516
25358
25118
24792
24384
23896
23328
22682
21964
21170
20306
19376
18380
17326
16214
15044
13828
12566
11260
9918
8542
7142
5714
4268
2806
1340
-134
-1608
-3076
-4532
-5976
-7400
-8798
-10166
-11502
-12800
-14054
-15262
-16420
-17524
-18570
-19550
-20472
-21322
-22102
-22808
-23440
-23994
-24468
-24860
-25170
-25398
-25540
-25598
-25572
-25458
-25262
-24984
-24620
-24176
-23652
-23048
-22368
-21616
-20788
-19896
-18936
-17912
-16830
-15692
-14500
-13262
-11980
-10658
-9300
-7912
-6498
-5062
-3610
-2144
-672
800
2272
3738
5188
6620
8034
9420
10774
12092
13372
14606
15792
16924
18002
19020
19974
20864
21682
22428
23102
23698
24214
24654
25008
25280
25470
25574
25592
25528
25376
25142
24826
24424
23944
23384
22746
22032
21246
20388
19464
18474
17424
16314
15154
13940
12682
11380
10042
8670
7268
5842
4400
2942
1472
0
-1472
-2942
-4402
-5846
-7270
-8672
-10044
-11384
-12684
-13942
-15154
-16318
-17424
-18476
-19466
-20390
-21248
-22034
-22748
-23386
-23946
-24426
-24830
-25146
-25380
-25532
-25596
-25576
-25474
-25284
-25012
-24658
-24218
-23702
-23106
-22434
-21686
-20868
-19978
-19026
-18008
-16930
-15796
-14612
-13378
-12098
-10780
-9426
-8040
-6628
-5192
-3744
-2278
-806
668
2138
3602
5056
6494
7906
9296
10652
11976
13256
14496
15686
16826
17906
18932
19890
20784
21610
22364
23044
23650
24170
24616
24980
25260
25456
25568
25594
25536
25396
25166
24856
24464
23990
23438
22806
22098
21320
20468
19550
18566
17522
16418
15260
14052
12798
11500
10164
8796
7398
5974
4532
3076
1606
132
-1340
-2808
-4268
-5716
-7142
-8544
-9920
-11262
-12568
-13828
-15046
-16214
-17328
-18382
-19378
-20308
-21172
-21966
-22686
-23330
-23900
-24386
-24794
-25120
-25362
-25520
-25594
-25582
-25486
-25304
-25040
-24692
-24262
-23752
-23164
-22498
-21756
-20946
-20062
-19114
-18102
-17032
-15902
-14722
-13490
-12218
-10902
-9550
-8166
-6758
-5324
-3874
-2410
-940
532
2006
3472
4924
6364
7780
9172
10530
11856
13144
14386
15580
16724
17812
18838
19806
20706
21538
22298
22984
23596
24128
24578
24950
25238
25440
25562
25596
25546
25412
25192
24888
24504
24036
23492
22868
22166
21392
20550
19636
18658
17618
16522
15368
14164
12914
11620
10288
8920
7524
6106
4664
3206
1738
268
-1206
-2676
-4138
-5584
-7012
-8418
-9798
-11140
-12450
-13718
-14938
-16108
-17230
-18290
-19290
-20228
-21096
-21896
-22624
-23274
-23850
-24346
-24762
-25094
-25344
-25508
-25592
-25586
-25498
-25326
-25066
-24726
-24306
-23800
-23220
-22562
-21826
-21022
-20148
-19204
-18198
-17130
-16008
-14832
-13604
-12334
-11024
-9674
-8294
-6886
-5456
-4008
-2544
-1074
398
1870
3338
4794
6232
7652
9046
10410
11736
13028
14274
15474
16620
17714
18748
19722
20628
21464
22232
22926
23542
24082
24542
24920
25216
25426
25552
25598
25552
25426
25216
24920
24542
24084
23544
22926
22234
21466
20628
19722
18750
17716
16624
15474
14276
13030
11738
10410
9048
7654
6234
4794
3340
1874
400
-1072
-2542
-4004
-5454
-6884
-8290
-9672
-11022
-12330
-13602
-14830
-16006
-17128
-18196
-19202
-20146
-21020
-21826
-22562
-23220
-23800
-24304
-24726
-25066
-25326
-25498
-25586
-25592
-25508
-25344
-25094
-24762
-24348
-23850
-23276
-22624
-21898
-21098
-20228
-19290
-18292
-17230
-16112
-14938
-13718
-12452
-11144
-9798
-8422
-7016
-5586
-4138
-2680
-1208
266
1738
3204
4662
6104
7524
8918
10286
11618
12914
14162
15366
16520
17618
18656
19634
20550
21392
22164
22866
23490
24036
24504
24888
25192
25410
25544
25596
25562
25442
25238
24950
24578
24128
23596
22984
22300
21540
20708
19808
18840
17814
16726
15582
14386
13146
11858
10532
9172
7782
6366
4928
3472
2008
534
-938
-2410
-3872
-5322
-6754
-8166
-9548
-10900
-12216
-13490
-14720
-15900
-17030
-18102
-19112
-20062
-20944
-21756
-22496
-23164
-23750
-24262
-24692
-25040
-25304
-25486
-25582
-25594
-25520
-25362
-25122
-24796
-24386
-23900
-23332
-22686
-21968
-21172
-20310
-19380
-18384
-17330
-16216
-15048
-13830
-12570
-11264
-9922
-8546
-7144
-5718
-4272
-2810
-1344
130
1604
3074
4528
5972
7396
8794
10162
11498
12796
14052
15260
16416
17520
18566
19548
20468
21320
22098
22804
23436
23990
24464
24856
25166
25394
25536
25594
25568
25456
25260
24982
24616
24172
23650
23044
22364
21612
20784
19892
18932
17908
16826
15688
14498
13260
11976
10656
9298
7908
6494
5060
3606
2140
668
-804
-2276
-3740
-5192
-6624
-8038
-9424
-10776
-12096
-13376
-14610
-15794
-16928
-18006
-19024
-19976
-20866
-21686
-22432
-23104
-23700
-24218
-24656
-25012
-25284
-25474
-25576
-25596
-25532
-25380
-25146
-24830
-24428
-23948
-23386
-22748
-22036
-21250
-20390
-19468
-18478
-17426
-16318
-15158
-13944
-12686
-11384
-10046
-8674
-7272
-5846
-4404
-2944
-1476
0
1470
2938
4398
5842
7266
8668
10040
11380
12680
13938
15152
16314
17420
18472
19462
20388
21244
22030
22744
23384
23942
24424
24826
25142
25376
25528
25592
25574
25470
25280
25008
24654
24216
23700
23102
22430
21684
20864
19974
19022
18004
16926
15792
14610
13374
12096
10776
9424
8036
6624
5188
3740
2274
802
-672
-2140
-3606
-5060
-6498
-7910
-9298
-10656
-11980
-13260
-14498
-15690
-16830
-17910
-18934
-19894
-20788
-21614
-22368
-23048
-23652
-24174
-24618
-24984
-25262
-25458
-25572
-25598
-25540
-25398
-25170
-24860
-24468
-23994
-23442
-22810
-22102
-21324
-20472
-19552
-18570
-17526
-16422
-15264
-14054
-12802
-11504
-10168
-8800
-7402
-5978
-4534
-3080
-1610
-136
1338
2804
4266
5712
7138
8540
9916
11258
12564
13824
15042
16210
17324
18378
19374
20306
21170
21962
22682
23328
23896
24382
24792
25116
25358
25516
25590
25578
25482
25302
25036
24688
24258
23750
23160
22494
21752
20942
20060
19110
18100
17028
15898
14718
13486
12214
10898
9546
8162
6754
5320
3870
2406
938
-536
-2008
-3476
-4928
-6366
-7784
-9176
-10534
-11860
-13148
-14390
-15582
-16728
-17814
-18842
-19810
-20710
-21542
-22302
-22988
-23598
-24132
-24582
-24954
-25240
-25444
-25566
-25598
-25548
-25416
-25194
-24892
-24508
-24040
-23494
-22872
-22170
-21396
-20554
-19640
-18662
-17622
-16526
-15372
-14168
-12916
-11624
-10292
-8924
-7528
-6110
-4668
-3210
-1742
-272
1202
2674
4134
5580
7010
8416
9794
11138
12446
13714
14934
16106
17226
18286
19288
20224
21092
21892
22620
23270
23846
24342
24758
25090
25340
25506
25588
25582
25494
25322
25064
24724
24302
23798
23216
22560
21824
21018
20144
19200
18194
17128
16004
14828
13602
12330
11020
9670
8290
6882
5452
4004
2542
1070
-400
-1874
-3342
-4798
-6236
-7654
-9048
-10414
-11740
-13030
-14278
-15476
-16624
-17718
-18752
-19726
-20630
-21468
-22236
-22930
-23546
-24086
-24544
-24922
-25218
-25430
-25556
-25600
-25556
-25430
-25220
-24922
-24546
-24088
-23548
-22930
-22238
-21470
-20632
-19726
-18754
-17720
-16626
-15476
-14280
-13034
-11742
-10414
-9050
-7658
-6238
-4798
-3344
-1876
-404
1070
2538
4002
5450
6880
8288
9668
11018
12328
13600
14826
16002
17124
18192
19198
20142
21016
21822
22558
23216
23796
24302
24724
25064
25322
25494
25582
25588
25506
25340
25092
24758
24344
23848
23272
22620
21894
21094
20224
19288
18288
17228
16108
14934
13716
12448
11140
9794
8418
7012
5582
4134
2676
1206
-268
-1742
-3208
-4666
-6108
-7528
-8922
-10290
-11622
-12916
-14166
-15370
-16522
-17622
-18660
-19638
-20552
-21396
-22168
-22870
-23494
-24040
-24508
-24892
-25194
-25414
-25548
-25598
-25566
-25444
-25242
-24954
-24582
-24132
-23600
-22988
-22304
-21544
-20712
-19812
-18844
-17816
-16730
-15584
-14390
-13150
-11862
-10536
-9176
-7786
-6368
-4930
-3476
-2012
-538
934
2406
3868
5318
6752
8162
9544
10896
12212
13486
14716
15896
17026
18100
19108
20058
20942
21752
22492
23160
23748
24258
24688
25036
25302
25482
25578
25590
25516
25358
25118
24792
24384
23896
23328
22682
21964
21170
20306
19376
18380
17324
16214
15044
13828
12566
11260
9918
8542
7142
5714
4268
2806
1340
-134
-1608
-3076
-4532
-5976
-7400
-8798
-10166
-11502
-12800
-14054
-15262
-16420
-17524
-18570
-19550
-20472
-21322
-22102
-22808
-23440
-23994
-24468
-24860
-25170
-25398
-25540
-25598
-25572
-25458
-25262
-24984
-24620
-24176
-23652
-23048
-22368
-21616
-20788
-19896
-18936
-17912
-16830
-15692
-14500
-13262
-11980
-10658
-9300
-7912
-6498
-5062
-3610
-2144
-672
800
2272
3738
5188
6620
8034
9420
10776
12092
13372
14606
15792
16924
18002
19020
19974
20864
21682
22428
23102
23698
24214
24654
25008
25280
25470
25574
25592
25528
25376
25142
24826
24424
23944
23384
22746
22032
21246
20388
19464
18474
17424
16314
15154
13940
12682
11380
10042
8670
7268
5842
4400
2942
1472
0
-1472
-2942
-4402
-5846
-7270
-8672
-10044
-11384
-12684
-13942
-15154
-16318
-17424
-18476
-19466
-20390
-21248
-22034
-22748
-23386
-23946
-24426
-24830
-25146
-25380
-25532
-25596
-25576
-25474
-25284
-25012
-24658
-24218
-23702
-23106
-22434
-21686
-20868
-19978
-19026
-18008
-16930
-15796
-14612
-13378
-12098
-10780
-9426
-8040
-6628
-5192
-3744
-2278
-806
668
2138
3602
5056
6494
7906
9296
10652
11976
13256
14496
15686
16826
17906
18932
19890
20784
21610
22364
23044
23650
24170
24616
24980
25260
25456
25568
25594
25536
25396
25166
24856
24464
23990
23438
22806
22098
21320
20468
19550
18566
17522
16418
15260
14052
12798
11500
10164
8794
7398
5974
4532
3076
1606
132
-1340
-2808
-4268
-5716
-7142
-8544
-9920
-11262
-12568
-13828
-15046
-16214
-17328
-18382
-19378
-20308
-21172
-21966
-22686
-23330
-23900
-24386
-24794
-25120
-25362
-25520
-25594
-25582
-25486
-25304
-25040
-24692
-24262
-23752
-23164
-22498
-21756
-20946
-20062
-19114
-18102
-17032
-15902
-14722
-13490
-12218
-10902
-9550
-8166
-6758
-5324
-3874
-2410
-940
532
2006
3472
4924
6364
7780
9172
10530
11856
13144
14386
15580
16724
17812
18840
19806
20706
21538
22298
22984
23596
24128
24578
24950
25238
25440
25562
25596
25546
25412
25192
24888
24504
24036
23492
22868
22166
21392
20550
19636
18658
17618
16522
15368
14164
12914
11620
10288
8920
7524
6106
4664
3206
1738
268
-1206
-2676
-4138
-5584
-7012
-8418
-9798
-11140
-12450
-13718
-14938
-16108
-17230
-18290
-19290
-20228
-21096
-21896
-22624
-23274
-23850
-24346
-24762
-25094
-25344
-25508
-25592
-25586
-25498
-25326
-25066
-24726
-24306
-23800
-23220
-22562
-21826
-21022
-20148
-19204
-18198
-17130
-16008
-14832
-13604
-12334
-11024
-9674
-8294
-6886
-5456
-4008
-2544
-1074
398
1870
3338
4794
6232
7652
9046
10410
11736
13028
14274
15474
16620
17714
18748
19722
20628
21464
22232
22926
23542
24082
24542
24920
25216
25426
25552
25598
25552
25426
25216
24920
24542
24084
23544
22926
22234
21466
20628
19722
18750
17716
16624
15474
14276
13030
11738
10410
9048
7654
6234
4794
3340
1874
400
-1074
-2542
-4004
-5454
-6884
-8290
-9672
-11022
-12330
-13602
-14830
-16006
-17128
-18196
-19202
-20146
-21020
-21826
-22562
-23220
-23800
-24304
-24726
-25066
-25326
-25498
-25586
-25592
-25508
-25344
-25094
-24762
-24348
-23850
-23276
-22624
-21898
-21098
-20228
-19290
-18292
-17230
-16112
-14938
-13718
-12452
-11144
-9798
-8422
-7016
-5586
-4138
-2680
-1208
266
1738
3204
4662
6104
7524
8918
10286
11618
12914
14162
15366
16520
17618
18656
19634
20550
21392
22164
22866
23490
24036
24504
24888
25192
25410
25544
25596
25562
25442
25238
24950
24578
24128
23596
22984
22300
21540
20708
19808
18840
17814
16726
15582
14386
13146
11858
10532
9172
7782
6366
4928
3472
2008
534
-938
-2410
-3872
-5322
-6754
-8166
-9548
-10900
-12216
-13490
-14720
-15900
-17030
-18102
-19112
-20062
-20944
-21756
-22496
-23164
-23750
-24262
-24692
-25040
-25304
-25486
-25582
-25594
-25520
-25362
-25122
-24796
-24386
-23900
-23332
-22686
-21968
-21172
-20310
-19380
-18384
-17328
-16216
-15048
-13830
-12570
-11264
-9922
-8546
-7144
-5718
-4272
-2810
-1344
130
1604
3074
4528
5972
7396
8794
10162
11498
12796
14052
15260
16416
17520
18566
19548
20468
21320
22098
22804
23436
23990
24464
24856
25166
25394
25536
25594
25568
25456
25260
24982
24616
24172
23650
23044
22364
21612
20784
19892
18932
17908
16826
15688
14498
13260
11976
10656
9298
7908
6494
5060
3606
2140
668
-804
-2276
-3740
-5192
-6624
-8038
-9424
-10780
-12096
-13376
-14610
-15794
-16928
-18006
-19024
-19976
-20866
-21686
-22432
-23104
-23700
-24218
-24656
-25012
-25284
-25474
-25576
-25596
-25532
-25380
-25146
-24830
-24428
-23948
-23386
-22748
-22036
-21250
-20390
-19468
-18478
-17426
-16318
-15158
-13944
-12686
-11384
-10046
-8674
-7272
-5846
-4404
-2944
-1476
0
1470
2938
4398
5842
7266
8668
10040
11380
12680
13938
15152
16314
17420
18472
19462
20388
21244
22030
22744
23384
23942
24424
24826
25142
25376
25528
25592
25574
25470
25280
25008
24654
24216
23700
23102
22430
21684
20864
19974
19022
18004
16926
15792
14610
13374
12096
10776
9424
8036
6624
5188
3740
2274
802
-672
-2140
-3606
-5060
-6498
-7910
-9298
-10656
-11980
-13260
-14498
-15690
-16830
-17910
-18934
-19894
-20788
-21614
-22368
-23048
-23652
-24174
-24618
-24984
-25262
-25458
-25572
-25598
-25540
-25398
-25170
-24860
-24468
-23994
-23442
-22810
-22102
-21324
-20472
-19552
-18570
-17526
-16422
-15264
-14054
-12802
-11504
-10168
-8798
-7402
-5978
-4534
-3080
-1610
-136
1338
2804
4266
5712
7138
8540
9916
11258
12564
13824
15042
16210
17324
18378
19374
20306
21170
21962
22682
23328
23896
24382
24792
25116
25358
25516
25590
25578
25482
25302
25036
24688
24258
23750
23160
22494
21752
20942
20060
19110
18100
17028
15898
14718
13486
12214
10898
9546
8162
6754
5320
3870
2406
938
-536
-2008
-3476
-4928
-6366
-7784
-9176
-10534
-11860
-13148
-14390
-15582
-16728
-17814
-18844
-19810
-20710
-21542
-22302
-22988
-23598
-24132
-24582
-24954
-25240
-25444
-25566
-25598
-25548
-25416
-25194
-24892
-24508
-24040
-23494
-22872
-22170
-21396
-20554
-19640
-18662
-17622
-16526
-15372
-14168
-12916
-11624
-10292
-8924
-7528
-6110
-4668
-3210
-1742
-272
1202
2674
4134
5580
7010
8416
9794
11138
12446
13714
14934
16106
17226
18286
19288
20224
21092
21892
22620
23270
23846
24342
24758
25090
25340
25506
25588
25582
25494
25322
25064
24724
24302
23798
23216
22560
21824
21018
20144
19200
18194
17128
16004
14828
13602
12330
11020
9670
8290
6882
5452
4004
2542
1070
-400
-1874
-3342
-4798
-6236
-7654
-9048
-10414
-11740
-13030
-14278
-15476
-16624
-17718
-18752
-19726
-20630
-21468
-22236
-22930
-23546
-24086
-24544
-24922
-25218
-25430
-25556
-25600
-25556
-25430
-25220
-24922
-24546
-24088
-23548
-22930
-22238
-21470
-20632
-19726
-18754
-17720
-16626
-15476
-14280
-13034
-11742
-10414
-9050
-7658
-6238
-4798
-3344
-1876
-404
1070
2538
4002
5450
6880
8288
9668
11018
12328
13600
14826
16002
17124
18192
19198
20142
21016
21822
22558
23216
23796
24302
24724
25064
25322
25494
25582
25588
25506
25340
25092
24758
24344
23848
23272
22620
21894
21094
20224
19288
18288
17228
16108
14934
13716
12448
11140
9794
8418
7012
5582
4134
2676
1206
-268
-1742
-3208
-4666
-6108
-7528
-8922
-10290
-11622
-12916
-14166
-15370
-16522
-17622
-18660
-19638
-20552
-21396
-22168
-22870
-23494
-24040
-24508
-24892
-25194
-25414
-25548
-25598
-25566
-25444
-25242
-24954
-24582
-24132
-23600
-22988
-22304
-21544
-20712
-19812
-18844
-17816
-16730
-15584
-14390
-13150
-11862
-10536
-9176
-7786
-6368
-4930
-3476
-2012
-538
934
2406
3868
5318
6752
8162
9544
10896
12212
13486
14716
15896
17026
18100
19108
20058
20942
21752
22492
23160
23748
24258
24688
25036
25302
25482
25578
25590
25516
25358
25118
24792
24384
23896
23328
22682
21964
21170
20306
19376
18380
17324
16214
15044
13828
12566
11260
9918
8542
7142
5714
4268
2806
1340
-134
-1608
-3076
-4532
-5976
-7400
-8798
-10166
-11502
-12800
-14054
-15262
-16420
-17524
-18570
-19550
-20472
-21322
-22102
-22808
-23440
-23994
-24468
-24860
-25170
-25398
-25540
-25598
-25572
-25458
-25262
-24984
-24620
-24176
-23652
-23048
-22368
-21616
-20788
-19896
-18936
-17912
-16830
-15692
-14500
-13262
-11980
-10658
-9300
-7912
-6498
-5062
-3610
-2144
-672
800
2272
3738
5188
6620
8034
9420
10776
12092
13372
14606
15792
16924
18002
19020
19974
20864
21682
22428
23102
23698
24214
24654
25008
25280
25470
25574
25592
25528
25376
25142
24826
24424
23944
23384
22746
22032
21246
20388
19464
18474
17424
16314
15154
13940
12682
11380
10042
8670
7268
5842
4400
2942
1472
0
-1472
-2942
-4402
-5846
-7270
-8672
-10044
-11384
-12684
-13942
-15154
-16318
-17424
-18476
-19466
-20390
-21248
-22034
-22748
-23386
-23946
-24426
-24830
-25146
-25380
-25532
-25596
-25576
-25474
-25284
-25012
-24658
-24218
-23702
-23106
-22434
-21686
-20868
-19978
-19026
-18008
-16930
-15796
-14612
-13378
-12098
-10780
-9426
-8040
-6628
-5192
-3744
-2278
-806
668
2138
3602
5056
6494
7906
9296
10652
11976
13256
14496
15686
16826
17906
18932
19890
20784
21610
22364
23044
23650
24170
24616
24980
25260
25456
25568
25594
25536
25396
25166
24856
24464
23990
23438
22806
22098
21320
20468
19550
18566
17522
16418
15260
14052
12798
11500
10164
8794
7398
5974
4532
3076
1606
132
-1340
-2808
-4268
-5716
-7142
-8544
-9920
-11262
-12568
-13828
-15046
-16214
-17328
-18382
-19378
-20308
-21172
-21966
-22686
-23330
-23900
-24386
-24794
-25120
-25362
-25520
-25594
-25582
-25486
-25304
-25040
-24692
-24262
-23752
-23164
-22498
-21756
-20946
-20062
-19114
-18102
-17032
-15902
-14722
-13490
-12218
-10902
-9550
-8166
-6758
-5324
-3874
-2410
-940
532
2006
3472
4924
6364
7780
9172
10530
11856
13144
14386
15580
16724
17812
18840
19806
20706
21538
22298
22984
23596
24128
24578
24950
25238
25440
25562
25596
25546
25412
25192
24888
24504
24036
23492
22868
22166
21392
20550
19636
18658
17618
16522
15368
14164
12914
11620
10288
8920
7524
6106
4664
3206
1738
268
-1206
-2676
-4138
-5584
-7012
-8418
-9798
-11140
-12450
-13718
-14938
-16108
-17230
-18290
-19290
-20228
-21096
-21896
-22624
-23274
-23850
-24346
-24762
-25094
-25344
-25508
-25592
-25586
-25498
-25326
-25066
-24726
-24306
-23800
-23220
-22562
-21826
-21022
-20148
-19204
-18198
-17130
-16008
-14832
-13604
-12334
-11024
-9674
-8294
-6886
-5456
-4008
-2544
-1074
398
1870
3338
4794
6232
7652
9046
10410
11736
13028
14274
15474
16620
17714
18748
19722
20628
21464
22232
22926
23542
24082
24542
24920
25216
25426
25552
25598
25552
25426
25216
24920
24542
24084
23544
22926
22234
21466
20628
19722
18750
17716
16624
15474
14276
13030
11738
10410
9048
7654
6234
4794
3340
1874
400
-1074
-2542
-4004
-5454
-6884
-8290
-9672
-11022
-12330
-13602
-14830
-16006
-17128
-18196
-19202
-20146
-21020
-21826
-22562
-23220
-23800
-24304
-24726
-25066
-25326
-25498
-25586
-25592
-25508
-25344
-25094
-24762
-24348
-23850
-23276
-22624
-21898
-21098
-20228
-19290
-18292
-17230
-16112
-14938
-13718
-12452
-11144
-9798
-8422
-7016
-5586
-4138
-2680
-1208
266
1738
3204
4662
6104
7524
8918
10286
11618
12914
14162
15366
16520
17618
18656
19634
20550
21392
22164
22866
23490
24036
24504
24888
25192
25410
25544
25596
25562
25442
25238
24950
24578
24128
23596
22984
22300
21540
20708
19808
18840
17814
16726
15582
14386
13146
11858
10532
9172
7782
6366
4928
3472
2008
534
-938
-2410
-3872
-5322
-6754
-8166
-9548
-10900
-12216
-13490
-14720
-15900
-17030
-18102
-19112
-20062
-20944
-21756
-22496
-23164
-23750
-24262
-24692
-25040
-25304
-25486
-25582
-25594
-25520
-25362
-25122
-24796
-24386
-23900
-23332
-22686
-21968
-21172
-20310
-19380
-18384
-17328
-16216
-15048
-13830
-12568
-11264
-9922
-8546
-7144
-5718
-4272
-2810
-1344
130
1604
3074
4528
5972
7396
8794
10162
11498
12796
14052
15260
16416
17520
18566
19548
20468
21320
22098
22804
23436
23990
24464
24856
25166
25394
25536
25594
25568
25456
25260
24982
24616
24172
23650
23044
22364
21612
20784
19892
18932
17908
16826
15688
14498
13260
11976
10656
9298
7908
6494
5060
3606
2140
668
-804
-2276
-3740
-5192
-6624
-8038
-9424
-10780
-12096
-13376
-14610
-15796
-16928
-18006
-19024
-19976
-20866
-21686
-22432
-23104
-23700
-24218
-24656
-25012
-25284
-25474
-25576
-25596
-25532
-25380
-25146
-24830
-24428
-23948
-23386
-22748
-22036
-21250
-20390
-19468
-18478
-17426
-16318
-15158
-13944
-12686
-11384
-10046
-8674
-7272
-5846
-4404
-2944
-1476
0
1470
2938
4398
5842
7266
8668
10040
11380
12680
13938
15152
16314
17420
18472
19462
20388
21244
22030
22744
23384
23942
24424
24826
25142
25376
25528
25592
25574
25470
25280
25008
24654
24216
23700
23102
22430
21684
20864
19974
19022
18004
16926
15792
14610
13374
12096
10776
9424
8036
6624
5188
3740
2274
802
-672
-2140
-3606
-5060
-6498
-7910
-9298
-10656
-11980
-13260
-14498
-15690
-16830
-17910
-18934
-19894
-20788
-21614
-22368
-23048
-23652
-24174
-24618
-24984
-25262
-25458
-25572
-25598
-25540
-25398
-25170
-24860
-24468
-23994
-23442
-22810
-22102
-21324
-20472
-19552
-18570
-17526
-16422
-15264
-14054
-12802
-11504
-10168
-8798
-7402
-5978
-4534
-3076
-1610
-136
1338
2804
4266
5712
7138
8540
9916
11258
12564
13824
15042
16210
17324
18378
19374
20306
21170
21962
22682
23328
23896
24382
24792
25116
25358
25516
25590
25578
25482
25302
25036
24688
24258
23750
23160
22494
21752
20942
20060
19110
18100
17028
15898
14718
13486
12214
10898
9546
8162
6754
5320
3870
2406
938
-536
-2008
-3476
-4928
-6366
-7784
-9176
-10534
-11860
-13148
-14390
-15582
-16728
-17814
-18844
-19810
-20710
-21542
-22304
-22988
-23598
-24132
-24582
-24954
-25240
-25444
-25566
-25598
-25548
-25416
-25194
-24892
-24508
-24040
-23494
-22872
-22170
-21396
-20554
-19640
-18662
-17622
-16526
-15372
-14168
-12916
-11624
-10292
-8924
-7528
-6110
-4668
-3210
-1742
-272
1202
2674
4134
5580
7010
8416
9794
11138
12446
13714
14934
16106
17226
18286
19288
20224
21092
21892
22620
23270
23846
24342
24758
25090
25340
25506
25588
25582
25494
25322
25064
24724
24302
23798
23216
22560
21824
21018
20142
19200
18194
17128
16004
14828
13602
12330
11020
9670
8290
6882
5452
4004
2542
1070
-400
-1874
-3342
-4798
-6236
-7654
-9048
-10414
-11740
-13030
-14278
-15476
-16624
-17718
-18752
-19726
-20630
-21468
-22236
-22930
-23546
-24086
-24544
-24922
-25218
-25430
-25556
-25600
-25556
-25430
-25220
-24922
-24546
-24088
-23548
-22930
-22238
-21470
-20632
-19726
-18754
-17720
-16626
-15476
-14280
-13034
-11742
-10414
-9050
-7658
-6238
-4798
-3344
-1876
-404
1070
2538
4002
5450
6882
8288
9668
11018
12328
13600
14826
16002
17124
18192
19198
20142
21016
21822
22558
23216
23796
24302
24724
25064
25322
25494
25582
25588
25506
25340
25092
24758
24344
23848
23272
22620
21894
21094
20224
19288
18288
17228
16108
14934
13716
12448
11140
9794
8418
7012
5582
4134
2676
1206
-268
-1742
-3208
-4666
-6108
-7528
-8922
-10290
-11622
-12916
-14166
-15370
-16522
-17622
-18660
-19638
-20552
-21396
-22168
-22870
-23494
-24040
-24508
-24892
-25194
-25416
-25548
-25598
-25566
-25444
-25242
-24954
-24582
-24132
-23600
-22988
-22304
-21544
-20712
-19812
-18844
-17816
-16730
-15584
-14390
-13150
-11862
-10536
-9176
-7786
-6368
-4930
-3476
-2012
-538
934
2406
3868
5318
6752
8162
9544
10896
12212
13486
14716
15896
17026
18100
19108
20058
20942
21752
22492
23160
23748
24258
24688
25036
25302
25482
25578
25590
25516
25358
25118
24792
24384
23896
23328
22682
21964
21170
20306
19376
18380
17324
16214
15044
13828
12564
11260
9918
8542
7142
5714
4268
2806
1340
-134
-1608
-3076
-4532
-5976
-7400
-8798
-10166
-11502
-12800
-14054
-15262
-16420
-17524
-18570
-19550
-20472
-21322
-22102
-22808
-23440
-23994
-24468
-24860
-25170
-25398
-25540
-25598
-25572
-25458
-25262
-24984
-24620
-24176
-23652
-23048
-22368
-21616
-20788
-19896
-18936
-17912
-16830
-15692
-14500
-13262
-11980
-10658
-9300
-7912
-6498
-5062
-3610
-2144
-672
800
2272
3738
5188
6620
8034
9420
10776
12092
13372
14606
15792
16924
18002
19020
19974
20864
21682
22428
23102
23698
24214
24654
25008
25280
25470
25574
25592
25528
25376
25142
24826
24424
23944
23384
22746
22032
21246
20388
19464
18474
17424
16314
15154
13940
12682
11380
10042
8670
7268
5842
4400
2942
1472
0
-1472
-2942
-4402
-5846
-7270
-8672
-10044
-11384
-12684
-13942
-15154
-16318
-17424
-18476
-19466
-20390
-21248
-22034
-22748
-23386
-23946
-24426
-24830
-25146
-25380
-25532
-25596
-25576
-25474
-25284
-25012
-24656
-24218
-23702
-23106
-22434
-21686
-20868
-19978
-19026
-18008
-16930
-15796
-14612
-13378
-12098
-10780
-9426
-8040
-6628
-5192
-3744
-2278
-806
668
2138
3602
5056
6494
7906
9296
10652
11976
13256
14496
15686
16826
17906
18932
19890
20784
21610
22364
23044
23650
24170
24616
24980
25260
25456
25568
25594
25536
25396
25166
24856
24464
23990
23438
22806
22098
21320
20468
19550
18566
17522
16418
15260
14052
12798
11500
10164
8794
7398
5974
4532
3074
1606
132
-1340
-2808
-4268
-5716
-7142
-8544
-9920
-11262
-12568
-13828
-15046
-16214
-17328
-18382
-19378
-20308
-21172
-21966
-22686
-23330
-23900
-24386
-24794
-25120
-25362
-25520
-25594
-25582
-25486
-25304
-25040
-24692
-24262
-23752
-23164
-22498
-21756
-20946
-20062
-19114
-18102
-17032
-15902
-14722
-13490
-12218
-10902
-9550
-8166
-6758
-5324
-3874
-2410
-940
532
2006
3472
4924
6364
7780
9172
10530
11856
13144
14386
15580
16724
17812
18840
19806
20706
21538
22300
22984
23596
24128
24578
24950
25238
25440
25562
25596
25546
25412
25192
24888
24504
24036
23492
22868
22166
21392
20550
19636
18658
17618
16522
15368
14164
12914
11620
10288
8920
7524
6106
4664
3206
1738
268
-1206
-2676
-4138
-5584
-7012
-8418
-9798
-11140
-12450
-13718
-14938
-16108
-17230
-18290
-19290
-20228
-21096
-21896
-22624
-23274
-23850
-24346
-24762
-25094
-25344
-25508
-25592
-25586
-25498
-25326
-25066
-24726
-24306
-23800
-23220
-22562
-21826
-21022
-20146
-19204
-18198
-17130
-16008
-14832
-13604
-12334
-11024
-9674
-8294
-6886
-5456
-4008
-2544
-1074
398
1870
3338
4794
6232
7652
9046
10410
11736
13028
14274
15474
16620
17714
18748
19722
20628
21464
22232
22926
23542
24082
24542
24920
25216
25426
25552
25598
25552
25426
25216
24920
24542
24084
23544
22926
22234
21466
20628
19722
18750
17716
16624
15474
14276
13030
11738
10410
9048
7654
6234
4794
3340
1874
400
-1074
-2542
-4004
-5454
-6886
-8290
-9672
-11022
-12330
-13602
-14830
-16006
-17128
-18196
-19202
-20146
-21020
-21826
-22562
-23220
-23800
-24304
-24726
-25066
-25326
-25498
-25586
-25592
-25508
-25344
-25094
-24762
-24348
-23850
-23276
-22624
-21898
-21098
-20228
-19290
-18292
-17230
-16112
-14938
-13718
-12452
-11144
-9798
-8422
-7016
-5586
-4138
-2680
-1208
266
1738
3204
4662
6104
7524
8918
10286
11618
12914
14162
15366
16520
17618
18656
19634
20550
21392
22164
22866
23490
24036
24504
24888
25192
25412
25544
25596
25562
25442
25238
24950
24578
24128
23596
22984
22300
21540
20708
19808
18840
17814
16726
15582
14386
13146
11858
10532
9172
7782
6366
4928
3472
2008
534
-938
-2410
-3872
-5322
-6754
-8166
-9548
-10900
-12216
-13490
-14720
-15900
-17030
-18102
-19112
-20062
-20944
-21756
-22496
-23164
-23750
-24262
-24692
-25040
-25304
-25486
-25582
-25594
-25520
-25362
-25122
-24796
-24386
-23900
-23332
-22686
-21968
-21172
-20310
-19380
-18384
-17328
-16216
-15048
-13830
-12568
-11264
-9922
-8546
-7144
-5718
-4272
-2810
-1344
130
1604
3074
4528
5972
7396
8794
10162
11498
12796
14052
15260
16416
17520
18566
19548
20468
21320
22098
22804
23436
23990
24464
24856
25166
25394
25536
25594
25568
25456
25260
24982
24616
24172
23650
23044
22364
21612
20784
19892
18932
17908
16826
15688
14498
13260
11976
10656
9298
7908
6494
5060
3606
2140
668
-804
-2276
-3740
-5192
-6624
-8038
-9424
-10780
-12096
-13376
-14610
-15796
-16928
-18006
-19024
-19976
-20866
-21686
-22432
-23104
-23700
-24218
-24656
-25012
-25284
-25474
-25576
-25596
-25532
-25380
-25146
-24830
-24428
-23948
-23386
-22748
-22036
-21250
-20390
-19468
-18478
-17426
-16318
-15158
-13944
-12686
-11384
-10046
-8674
-7272
-5846
-4404
-2944
-1476
0
1470
2938
4398
5842
7266
8668
10040
11380
12680
13938
15152
16314
17420
18472
19462
20388
21244
22030
22744
23384
23942
24424
24826
25142
25376
25528
25592
25574
25470
25280
25008
24654
24216
23700
23102
22430
21684
20864
19974
19022
18004
16926
15792
14610
13374
12096
10776
9424
8036
6624
5188
3740
2274
802
-672
-2140
-3606
-5060
-6498
-7910
-9298
-10656
-11980
-13260
-14498
-15690
-16830
-17910
-18934
-19894
-20788
-21614
-22368
-23048
-23652
-24174
-24618
-24984
-25262
-25458
-25572
-25598
-25540
-25398
-25170
-24860
-24468
-23994
-23442
-22810
-22102
-21324
-20472
-19552
-18570
-17526
-16422
-15264
-14054
-12802
-11504
-10168
-8798
-7402
-5978
-4534
-3076
-1610
-136
1338
2804
4266
5712
7138
8540
9916
11258
12564
13824
15042
16210
17324
18378
19374
20306
21170
21962
22682
23328
23896
24382
24792
25116
25358
25516
25590
25578
25482
25302
25036
24688
24258
23750
23160
22494
21752
20942
20060
19110
18100
17028
15898
14718
13486
12214
10898
9546
8162
6754
5320
3870
2406
938
-536
-2008
-3476
-4928
-6366
-7784
-9176
-10534
-11860
-13148
-14390
-15582
-16728
-17814
-18844
-19810
-20710
-21542
-22304
-22988
-23598
-24132
-24582
-24954
-25240
-25444
-25566
-25598
-25548
-25416
-25194
-24892
-24508
-24040
-23494
-22872
-22170
-21396
-20554
-19640
-18662
-17622
-16526
-15372
-14168
-12916
-11624
-10292
-8924
-7528
-6110
-4668
-3210
-1742
-272
1202
2674
4134
5580
7010
8416
9794
11138
12446
13714
14934
16106
17226
18286
19288
20224
21092
21892
22620
23270
23846
24342
24758
25090
25340
25506
25588
25582
25494
25322
25064
24724
24302
23798
23216
22560
21824
21018
20142
19200
18194
17128
16004
14828
13602
12330
11020
9670
8290
6882
5452
4004
2542
1070
-400
-1874
-3342
-4798
-6236
-7654
-9048
-10414
-11740
-13030
-14278
-15476
-16624
-17718
-18752
-19726
-20630
-21468
-22236
-22930
-23546
-24086
-24544
-24922
-25218
-25430
-25556
-25600
-25556
-25430
-25220
-24922
-24546
-24088
-23548
-22930
-22238
-21470
-20632
-19726
-18754
-17720
-16626
-15476
-14280
-13034
-11742
-10414
-9050
-7658
-6238
-4798
-3344
-1876
-404
1070
2538
4002
5450
6882
8288
9668
11018
12328
13600
14826
16002
17124
18192
19198
20142
21016
21822
22558
23216
23796
24302
24724
25064
25322
25494
25582
25588
25506
25340
25092
24758
24344
23848
23272
22620
21894
21094
20224
19288
18288
17228
16108
14934
13716
12448
11140
9794
8418
7012
5582
4134
2676
1206
-268
-1742
-3208
-4666
-6108
-7528
-8922
-10290
-11622
-12916
-14166
-15370
-16522
-17622
-18660
-19638
-20552
-21396
-22168
-22870
-23494
-24040
-24508
-24892
-25194
-25416
-25548
-25598
-25566
-25444
-25242
-24954
-24582
-24132
-23600
-22988
-22304
-21544
-20712
-19812
-18844
-17816
-16730
-15584
-14390
-13150
-11862
-10536
-9176
-7786
-6368
-4930
-3476
-2012
-538
934
2406
3868
5318
6752
8162
9544
10896
12212
13486
14716
15896
17026
18100
19108
20058
20942
21752
22492
23160
23748
24258
24688
25036
25302
25482
25578
25590
25516
25358
25118
24792
24384
23896
23328
22682
21964
21170
20306
19376
18380
17324
16214
15044
13828
12564
11260
9918
8542
7142
5714
4268
2806
1340
-134
-1608
-3076
-4532
-5976
-7400
-8798
-10166
-11502
-12800
-14054
-15262
-16420
-17524
-18570
-19550
-20472
-21322
-22102
-22808
-23440
-23994
-24468
-24860
-25170
-25398
-25540
-25598
-25572
-25458
-25262
-24984
-24620
-24176
-23652
-23048
-22368
-21616
-20788
-19896
-18936
-17912
-16830
-15692
-14500
-13262
-11980
-10658
-9300
-7912
-6498
-5062
-3610
-2144
-672
800
2272
3738
5188
6620
8034
9420
10776
12092
13372
14606
15792
16924
18002
19020
19974
20864
21682
22428
23102
23698
24214
24654
25008
25280
25470
25574
25592
25528
25376
25142
24826
24424
23944
23384
22746
22032
21246
20388
19464
18474
17424
16314
15154
13940
12682
11380
10042
8670
7268
5842
4400
2942
1472
0
-1472
-2942
-4402
-5846
-7270
-8672
-10044
-11384
-12684
-13942
-15154
-16318
-17424
-18476
-19466
-20390
-21248
-22034
-22748
-23386
-23946
-24426
-24830
-25146
-25380
-25532
-25596
-25576
-25474
-25284
-25012
-24656
-24218
-23702
-23106
-22432
-21686
-20868
-19978
-19026
-18008
-16930
-15796
-14612
-13378
-12098
-10780
-9426
-8040
-6628
-5192
-3744
-2278
-806
668
2138
3602
5056
6494
7906
9296
10652
11976
13256
14496
15686
16826
17906
18932
19890
20784
21610
22364
23044
23650
24170
24616
24980
25260
25456
25568
25594
25536
25396
25166
24856
24464
23990
23438
22806
22098
21320
20468
19550
18566
17522
16418
15260
14052
12798
11500
10164
8794
7398
5974
4532
3074
1606
132
-1340
-2810
-4268
-5716
-7142
-8544
-9920
-11262
-12568
-13828
-15046
-16214
-17328
-18382
-19378
-20308
-21172
-21966
-22686
-23330
-23900
-24386
-24794
-25120
-25362
-25520
-25594
-25582
-25486
-25304
-25040
-24692
-24262
-23752
-23164
-22498
-21756
-20946
-20062
-19114
-18102
-17032
-15902
-14722
-13490
-12218
-10902
-9550
-8166
-6758
-5324
-3874
-2410
-940
532
2006
3472
4924
6364
7780
9172
10530
11856
13144
14386
15580
16724
17812
18840
19806
20706
21538
22300
22984
23596
24128
24578
24950
25238
25440
25562
25596
25546
25412
25192
24888
24504
24036
23492
22868
22166
21392
20550
19636
18658
17618
16522
15368
14164
12914
11620
10288
8920
7524
6106
4664
3206
1738
268
-1206
-2676
-4138
-5584
-7012
-8418
-9798
-11140
-12450
-13718
-14938
-16108
-17230
-18290
-19290
-20228
-21096
-21896
-22624
-23274
-23850
-24346
-24762
-25094
-25344
-25508
-25592
-25586
-25498
-25326
-25066
-24726
-24306
-23800
-23220
-22562
-21826
-21022
-20146
-19204
-18198
-17130
-16006
-14832
-13604
-12334
-11024
-9674
-8294
-6886
-5456
-4008
-2544
-1074
398
1870
3338
4794
6232
7652
9046
10410
11736
13028
14274
15474
16620
17714
18748
19722
20628
21464
22232
22926
23542
24082
24542
24920
25216
25426
25552
25598
25552
25426
25216
24920
24542
24084
23544
22926
22234
21466
20628
19722
18750
17716
16624
15474
14276
13030
11738
10410
9048
7654
6234
4794
3340
1874
400
-1074
-2542
-4004
-5454
-6886
-8290
-9672
-11022
-12334
-13602
-14830
-16006
-17128
-18196
-19202
-20146
-21020
-21826
-22562
-23220
-23800
-24304
-24726
-25066
-25326
-25498
-25586
-25592
-25508
-25344
-25094
-24762
-24348
-23850
-23276
-22624
-21898
-21098
-20228
-19290
-18292
-17230
-16112
-14938
-13718
-12452
-11144
-9798
-8422
-7016
-5586
-4138
-2680
-1208
266
1738
3204
4662
6104
7524
8918
10286
11618
12914
14162
15366
16520
17618
18656
19634
20550
21392
22164
22866
23490
24036
24504
24888
25192
25412
25544
25596
25562
25440
25238
24950
24578
24128
23596
22984
22300
21540
20708
19808
18840
17814
16726
15582
14386
13146
11858
10532
9172
7782
6366
4928
3472
2008
534
-938
-2410
-3872
-5322
-6754
-8166
-9548
-10900
-12216
-13490
-14720
-15900
-17030
-18102
-19112
-20062
-20944
-21756
-22496
-23164
-23750
-24262
-24692
-25040
-25304
-25486
-25582
-25594
-25520
-25362
-25122
-24796
-24386
-23900
-23332
-22686
-21968
-21172
-20310
-19380
-18384
-17328
-16216
-15048
-13830
-12568
-11264
-9922
-8546
-7142
-5718
-4272
-2810
-1344
130
1604
3074
4528
5972
7396
8794
10162
11498
12796
14052
15260
16416
17520
18566
19548
20468
21320
22098
22804
23436
23990
24464
24856
25166
25394
25536
25594
25568
25456
25260
24982
24616
24172
23650
23044
22364
21612
20784
19892
18932
17908
16826
15688
14498
13260
11976
10656
9298
7908
6494
5060
3606
2140
668
-804
-2276
-3740
-5192
-6624
-8038
-9424
-10780
-12096
-13376
-14610
-15796
-16928
-18006
-19024
-19978
-20866
-21686
-22432
-23104
-23700
-24218
-24656
-25012
-25284
-25474
-25576
-25596
-25532
-25380
-25146
-24830
-24428
-23948
-23386
-22748
-22036
-21250
-20390
-19468
-18478
-17426
-16318
-15158
-13944
-12686
-11384
-10046
-8674
-7272
-5846
-4404
-2944
-1476
0
1470
2938
4398
5842
7266
8668
10040
11380
12680
13938
15152
16314
17420
18472
19462
20388
21244
22030
22744
23384
23942
24424
24826
25142
25376
25528
25592
25574
25470
25280
25008
24654
24216
23700
23102
22428
21684
20864
19974
19022
18004
16926
15792
14610
13374
12096
10776
9424
8036
6624
5188
3740
2274
802
-672
-2140
-3606
-5060
-6498
-7910
-9298
-10656
-11980
-13260
-14498
-15690
-16830
-17910
-18934
-19894
-20788
-21614
-22368
-23048
-23652
-24174
-24618
-24984
-25262
-25458
-25572
-25598
-25540
-25398
-25170
-24860
-24468
-23994
-23442
-22810
-22102
-21324
-20472
-19552
-18570
-17526
-16422
-15264
-14054
-12802
-11504
-10168
-8798
-7402
-5978
-4534
-3076
-1610
-136
1338
2806
4266
5712
7138
8540
9916
11258
12564
13824
15042
16210
17324
18378
19374
20306
21170
21962
22682
23328
23896
24382
24792
25116
25358
25516
25590
25578
25482
25302
25036
24688
24258
23750
23160
22494
21752
20942
20060
19110
18100
17028
15898
14718
13486
12214
10898
9546
8162
6754
5320
3870
2406
938
-536
-2008
-3476
-4928
-6366
-7784
-9176
-10534
-11860
-13148
-14390
-15582
-16728
-17814
-18844
-19810
-20710
-21542
-22304
-22988
-23598
-24132
-24582
-24954
-25240
-25444
-25566
-25598
-25548
-25416
-25194
-24892
-24508
-24040
-23494
-22872
-22170
-21396
-20554
-19640
-18662
-17622
-16526
-15372
-14168
-12916
-11624
-10292
-8924
-7528
-6110
-4668
-3210
-1742
-272
1202
2674
4134
5580
7010
8416
9794
11138
12446
13714
14934
16106
17226
18286
19288
20224
21092
21892
22620
23270
23846
24342
24758
25090
25340
25506
25588
25582
25494
25322
25064
24724
24302
23798
23216
22560
21824
21018
20142
19200
18194
17128
16002
14828
13602
12330
11020
9670
8290
6882
5452
4004
2542
1070
-400
-1874
-3342
-4798
-6236
-7654
-9048
-10414
-11740
-13030
-14278
-15476
-16624
-17718
-18752
-19726
-20630
-21468
-22236
-22930
-23546
-24086
-24544
-24922
-25218
-25430
-25556
-25600
-25556
-25430
-25220
-24922
-24546
-24088
-23548
-22930
-22238
-21470
-20632
-19726
-18754
-17720
-16626
-15476
-14280
-13034
-11742
-10414
-9050
-7658
-6238
-4798
-3344
-1876
-404
1070
2538
4002
5450
6882
8288
9668
11018
12330
13600
14826
16002
17124
18192
19198
20142
21016
21822
22558
23216
23796
24302
24724
25064
25322
25494
25582
25588
25506
25340
25092
24758
24344
23848
23272
22620
21894
21094
20224
19288
18288
17228
16108
14934
13716
12448
11140
9794
8418
7012
5582
4134
2676
1206
-268
-1742
-3208
-4666
-6108
-7528
-8922
-10290
-11622
-12916
-14166
-15370
-16522
-17622
-18660
-19638
-20552
-21396
-22168
-22870
-23494
-24040
-24508
-24892
-25194
-25416
-25548
-25598
-25566
-25444
-25242
-24954
-24582
-24132
-23600
-22988
-22304
-21544
-20712
-19812
-18844
-17816
-16730
-15584
-14390
-13150
-11862
-10536
-9176
-7786
-6368
-4930
-3476
-2012
-538
934
2406
3868
5318
6752
8162
9544
10896
12212
13486
14716
15896
17026
18100
19108
20058
20942
21752
22492
23160
23748
24258
24688
25036
25302
25482
25578
25590
25516
25358
25118
24792
24384
23896
23328
22682
21964
21170
20306
19376
18380
17324
16214
15044
13828
12564
11260
9918
8542
7138
5714
4268
2806
1340
-134
-1608
-3076
-4532
-5976
-7400
-8798
-10166
-11502
-12800
-14054
-15262
-16420
-17524
-18570
-19550
-20472
-21322
-22102
-22808
-23440
-23994
-24468
-24860
-25170
-25398
-25540
-25598
-25572
-25458
-25262
-24984
-24620
-24176
-23652
-23048
-22368
-21616
-20788
-19896
-18936
-17912
-16830
-15692
-14500
-13262
-11980
-10658
-9300
-7912
-6498
-5062
-3610
-2144
-672
800
2272
3738
5188
6620
8034
9420
10776
12092
13372
14606
15792
16924
18002
19020
19974
20864
21682
22428
23102
23698
24214
24654
25008
25280
25470
25574
25592
25528
25376
25142
24826
24424
23944
23384
22746
22032
21246
20388
19464
18474
17424
16314
15154
13940
12682
11380
10042
8670
7268
5842
4400
2942
1472
0
-1472
-2942
-4402
-5846
-7270
-8672
-10044
-11384
-12684
-13942
-15154
-16318
-17424
-18476
-19466
-20390
-21248
-22034
-22748
-23386
-23946
-24426
-24830
-25146
-25380
-25532
-25596
-25576
-25474
-25284
-25012
-24656
-24218
-23702
-23106
-22432
-21686
-20868
-19978
-19026
-18008
-16930
-15796
-14612
-13378
-12098
-10780
-9426
-8040
-6628
-5192
-3744
-2278
-806
668
2138
3602
5056
6494
7906
9296
10652
11976
13256
14496
15686
16826
17906
18932
19890
20784
21610
22364
23044
23650
24170
24616
24980
25260
25456
25568
25594
25536
25396
25166
24856
24464
23990
23438
22806
22098
21320
20468
19550
18566
17522
16418
15260
14052
12798
11500
10164
8794
7398
5974
4532
3074
1606
132
-1340
-2810
-4268
-5716
-7142
-8544
-9920
-11262
-12568
-13828
-15046
-16214
-17328
-18382
-19378
-20308
-21172
-21966
-22686
-23330
-23900
-24386
-24794
-25120
-25362
-25520
-25594
-25582
-25486
-25304
-25040
-24692
-24262
-23752
-23164
-22498
-21756
-20946
-20062
-19114
-18102
-17032
-15902
-14722
-13490
-12218
-10902
-9550
-8166
-6758
-5324
-3874
-2410
-940
532
2006
3472
4924
6364
7780
9172
10530
11856
13144
14386
15580
16724
17812
18840
19806
20706
21538
22300
22984
23596
24128
24578
24950
25238
25440
25562
25596
25546
25412
25192
24888
24504
24036
23492
22868
22166
21392
20550
19636
18658
17618
16522
15368
14164
12914
11620
10288
8920
7524
6106
4664
3206
1738
268
-1206
-2676
-4138
-5584
-7012
-8418
-9798
-11140
-12450
-13718
-14938
-16108
-17230
-18290
-19290
-20228
-21096
-21896
-22624
-23274
-23850
-24346
-24762
-25094
-25344
-25508
-25592
-25586
-25498
-25326
-25066
-24726
-24306
-23800
-23220
-22562
-21826
-21022
-20146
-19204
-18198
-17130
-16006
-14832
-13604
-12334
-11024
-9674
-8294
-6886
-5456
-4008
-2544
-1074
398
1870
3338
4794
6232
7652
9046
10410
11736
13028
14274
15474
16620
17714
18748
19722
20628
21464
22232
22926
23542
24082
24542
24920
25216
25426
25552
25598
25552
25426
25216
24920
24542
24084
23544
22926
22234
21466
20628
19722
18750
17716
16624
15474
14276
13030
11738
10410
9048
7654
6234
4794
3340
1874
400
-1074
-2542
-4004
-5454
-6886
-8290
-9672
-11022
-12334
-13602
-14830
-16006
-17128
-18196
-19202
-20146
-21020
-21826
-22562
-23220
-23800
-24304
-24726
-25066
-25326
-25498
-25586
-25592
-25508
-25344
-25094
-24762
-24348
-23850
-23276
-22624
-21898
-21098
-20228
-19290
-18292
-17230
-16112
-14938
-13718
-12452
-11144
-9798
-8422
-7016
-5586
-4138
-2680
-1208
266
1738
3204
4662
6104
7524
8918
10286
11618
12914
14162
15366
16520
17618
18656
19634
20550
21392
22164
22866
23490
24036
24504
24888
25192
25412
25544
25596
25562
25440
25238
24950
24578
24128
23596
22984
22300
21540
20708
19808
18840
17814
16726
15582
14386
13146
11858
10532
9172
7782
6366
4928
3472
2008
534
-938
-2410
-3872
-5322
-6754
-8166
-9548
-10900
-12216
-13490
-14720
-15900
-17030
-18102
-19112
-20062
-20944
-21756
-22496
-23164
-23750
-24262
-24692
-25040
-25304
-25486
-25582
-25594
-25520
-25362
-25122
-24796
-24386
-23900
-23332
-22686
-21968
-21172
-20310
-19380
-18384
-17328
-16216
-15048
-13830
-12568
-11264
-9922
-8546
-7142
-5718
-4272
-2810
-1344
130
1604
3074
4528
5972
7396
8794
10162
11498
12796
14052
15260
16416
17520
18566
19548
20468
21320
22098
22804
23436
23990
24464
24856
25166
25394
25536
25594
25568
25456
25260
24982
24616
24172
23650
23044
22364
21612
20784
19892
18932
17908
16826
15688
14498
13260
11976
10656
9298
7908
6494
5060
3606
2140
668
-804
-2276
-3740
-5192
-6624
-8038
-9424
-10780
-12096
-13376
-14610
-15796
-16928
-18006
-19024
-19978
-20866
-21686
-22432
-23104
-23700
-24218
-24656
-25012
-25284
-25474
-25576
-25596
-25532
-25380
-25146
-24830
-24428
-23948
-23386
-22748
-22036
-21250
-20390
-19468
-18478
-17426
-16318
-15158
-13944
-12686
-11384
-10046
-8674
-7272
-5846
-4404
-7508
-7520
0
7496
14992
22436
29800
32767
32767
32767
32767
32767
32767
32767
32767
32767
32767
32767
32767
32767
32767
32767
32767
32767
32767
32767
32767
32767
32767
32767
32767
32767
32767
32767
32767
32767
32767
32767
32767
32767
32767
32767
32767
32767
32767
32767
32767
32767
32767
32767
32767
32767
32767
26468
19076
11604
4096
-3420
-10916
-18388
-25804
-32768
-32768
-32768
-32768
-32768
-32768
-32768
-32768
-32768
-32768
-32768
-32768
-32768
-32768
-32768
-32768
-32768
-32768
-32768
-32768
-32768
-32768
-32768
-32768
-32768
-32768
-32768
-32768
-32768
-32768
-32768
-32768
-32768
-32768
-32768
-32768
-32768
-32768
-32768
-32768
-32768
-32768
-32768
-32768
-32768
-32768
-30488
-23124
-15688
-8208
-692
6824
14316
21756
29132
32767
32767
32767
32767
32767
32767
32767
32767
32767
32767
32767
32767
32767
32767
32767
32767
32767
32767
32767
32767
32767
32767
32767
32767
32767
32767
32767
32767
32767
32767
32767
32767
32767
32767
32767
32767
32767
32767
32767
32767
32767
32767
32767
32767
32767
32767
27140
19740
12276
4784
-2732
-10240
-17720
-25132
-32468
-32768
-32768
-32768
-32768
-32768
-32768
-32768
-32768
-32768
-32768
-32768
-32768
-32768
-32768
-32768
-32768
-32768
-32768
-32768
-32768
-32768
-32768
-32768
-32768
-32768
-32768
-32768
-32768
-32768
-32768
-32768
-32768
-32768
-32768
-32768
-32768
-32768
-32768
-32768
-32768
-32768
-32768
-32768
-32768
-32768
-31156
-23800
-16368
-8884
-1380
6136
13636
21088
28464
32767
32767
32767
32767
32767
32767
32767
32767
32767
32767
32767
32767
32767
32767
32767
32767
32767
32767
32767
32767
32767
32767
32767
32767
32767
32767
32767
32767
32767
32767
32767
32767
32767
32767
32767
32767
32767
32767
32767
32767
32767
32767
32767
32767
32767
32767
27812
20420
12964
5460
-2040
-9556
-17040
-24468
-31800
-32768
-32768
-32768
-32768
-32768
-32768
-32768
-32768
-32768
-32768
-32768
-32768
-32768
-32768
-32768
-32768
-32768
-32768
-32768
-32768
-32768
-32768
-32768
-32768
-32768
-32768
-32768
-32768
-32768
-32768
-32768
-32768
-32768
-32768
-32768
-32768
-32768
-32768
-32768
-32768
-32768
-32768
-32768
-32768
-32768
-31812
-24468
-17052
-9568
-2056
5460
12952
20408
27800
32767
32767
32767
32767
32767
32767
32767
32767
32767
32767
32767
32767
32767
32767
32767
32767
32767
32767
32767
32767
32767
32767
32767
32767
32767
32767
32767
32767
32767
32767
32767
32767
32767
32767
32767
32767
32767
32767
32767
32767
32767
32767
32767
32767
32767
32767
28476
21088
13648
6148
-1368
-8884
-16356
-23788
-31144
-32768
-32768
-32768
-32768
-32768
-32768
-32768
-32768
-32768
-32768
-32768
-32768
-32768
-32768
-32768
-32768
-32768
-32768
-32768
-32768
-32768
-32768
-32768
-32768
-32768
-32768
-32768
-32768
-32768
-32768
-32768
-32768
-32768
-32768
-32768
-32768
-32768
-32768
-32768
-32768
-32768
-32768
-32768
-32768
-32768
-32480
-25144
-17720
-10252
-2744
4772
12276
19728
27128
32767
32767
32767
32767
32767
32767
32767
32767
32767
32767
32767
32767
32767
32767
32767
32767
32767
32767
32767
32767
32767
32767
32767
32767
32767
32767
32767
32767
32767
32767
32767
32767
32767
32767
32767
32767
32767
32767
32767
32767
32767
32767
32767
32767
32767
32767
29144
21768
14316
6824
-680
-8192
-15688
-23112
-30472
-32768
-32768
-32768
-32768
-32768
-32768
-32768
-32768
-32768
-32768
-32768
-32768
-32768
-32768
-32768
-32768
-32768
-32768
-32768
-32768
-32768
-32768
-32768
-32768
-32768
-32768
-32768
-32768
-32768
-32768
-32768
-32768
-32768
-32768
-32768
-32768
-32768
-32768
-32768
-32768
-32768
-32768
-32768
-32768
-32768
-32768
-25816
-18404
-10932
-3420
4080
11592
19064
26468
32767
32767
32767
32767
32767
32767
32767
32767
32767
32767
32767
32767
32767
32767
32767
32767
32767
32767
32767
32767
32767
32767
32767
32767
32767
32767
32767
32767
32767
32767
32767
32767
32767
32767
32767
32767
32767
32767
32767
32767
32767
32767
32767
32767
32767
32767
29800
22444
15004
7508
0
-7508
-15004
-22444
-29812
-32768
-32768
-32768
-32768
-32768
-32768
-32768
-32768
-32768
-32768
-32768
-32768
-32768
-32768
-32768
-32768
-32768
-32768
-32768
-32768
-32768
-32768
-32768
-32768
-32768
-32768
-32768
-32768
-32768
-32768
-32768
-32768
-32768
-32768
-32768
-32768
-32768
-32768
-32768
-32768
-32768
-32768
-32768
-32768
-32768
-32768
-26480
-19088
-11616
-4108
3408
10904
18376
25792
32767
32767
32767
32767
32767
32767
32767
32767
32767
32767
32767
32767
32767
32767
32767
32767
32767
32767
32767
32767
32767
32767
32767
32767
32767
32767
32767
32767
32767
32767
32767
32767
32767
32767
32767
32767
32767
32767
32767
32767
32767
32767
32767
32767
32767
32767
30476
23112
15676
8196
680
-6836
-14328
-21768
-29144
-32768
-32768
-32768
-32768
-32768
-32768
-32768
-32768
-32768
-32768
-32768
-32768
-32768
-32768
-32768
-32768
-32768
-32768
-32768
-32768
-32768
-32768
-32768
-32768
-32768
-32768
-32768
-32768
-32768
-32768
-32768
-32768
-32768
-32768
-32768
-32768
-32768
-32768
-32768
-32768
-32768
-32768
-32768
-32768
-32768
-32768
-27152
-19752
-12288
-4796
2720
10228
17708
25120
32456
32767
32767
32767
32767
32767
32767
32767
32767
32767
32767
32767
32767
32767
32767
32767
32767
32767
32767
32767
32767
32767
32767
32767
32767
32767
32767
32767
32767
32767
32767
32767
32767
32767
32767
32767
32767
32767
32767
32767
32767
32767
32767
32767
32767
32767
31144
23788
16356
8872
1368
-6148
-13648
-21100
-28476
-32768
-32768
-32768
-32768
-32768
-32768
-32768
-32768
-32768
-32768
-32768
-32768
-32768
-32768
-32768
-32768
-32768
-32768
-32768
-32768
-32768
-32768
-32768
-32768
-32768
-32768
-32768
-32768
-32768
-32768
-32768
-32768
-32768
-32768
-32768
-32768
-32768
-32768
-32768
-32768
-32768
-32768
-32768
-32768
-32768
-32768
-27824
-20432
-12976
-5472
2032
9544
17028
24456
31788
32767
32767
32767
32767
32767
32767
32767
32767
32767
32767
32767
32767
32767
32767
32767
32767
32767
32767
32767
32767
32767
32767
32767
32767
32767
32767
32767
32767
32767
32767
32767
32767
32767
32767
32767
32767
32767
32767
32767
32767
32767
32767
32767
32767
32767
31800
24456
17040
9556
2044
-5472
-12964
-20420
-27812
-32768
-32768
-32768
-32768
-32768
-32768
-32768
-32768
-32768
-32768
-32768
-32768
-32768
-32768
-32768
-32768
-32768
-32768
-32768
-32768
-32768
-32768
-32768
-32768
-32768
-32768
-32768
-32768
-32768
-32768
-32768
-32768
-32768
-32768
-32768
-32768
-32768
-32768
-32768
-32768
-32768
-32768
-32768
-32768
-32768
-32768
-28488
-21100
-13660
-6160
1356
8872
16344
23776
31132
32767
32767
32767
32767
32767
32767
32767
32767
32767
32767
32767
32767
32767
32767
32767
32767
32767
32767
32767
32767
32767
32767
32767
32767
32767
32767
32767
32767
32767
32767
32767
32767
32767
32767
32767
32767
32767
32767
32767
32767
32767
32767
32767
32767
32767
32468
25132
17708
10240
2732
-4784
-12288
-19740
-27140
-32768
-32768
-32768
-32768
-32768
-32768
-32768
-32768
-32768
-32768
-32768
-32768
-32768
-32768
-32768
-32768
-32768
-32768
-32768
-32768
-32768
-32768
-32768
-32768
-32768
-32768
-32768
-32768
-32768
-32768
-32768
-32768
-32768
-32768
-32768
-32768
-32768
-32768
-32768
-32768
-32768
-32768
-32768
-32768
-32768
-32768
-29156
-21780
-14328
-6836
668
8180
15676
23100
30460
32767
32767
32767
32767
32767
32767
32767
32767
32767
32767
32767
32767
32767
32767
32767
32767
32767
32767
32767
32767
32767
32767
32767
32767
32767
32767
32767
32767
32767
32767
32767
32767
32767
32767
32767
32767
32767
32767
32767
32767
32767
32767
32767
32767
32767
32767
25804
18392
10920
3408
-4092
-11604
-19076
-26480
-32768
-32768
-32768
-32768
-32768
-32768
-32768
-32768
-32768
-32768
-32768
-32768
-32768
-32768
-32768
-32768
-32768
-32768
-32768
-32768
-32768
-32768
-32768
-32768
-32768
-32768
-32768
-32768
-32768
-32768
-32768
-32768
-32768
-32768
-32768
-32768
-32768
-32768
-32768
-32768
-32768
-32768
-32768
-32768
-32768
-32768
-29812
-22456
-15016
-7520
0
7496
14992
22436
29800
32767
32767
32767
32767
32767
32767
32767
32767
32767
32767
32767
32767
32767
32767
32767
32767
32767
32767
32767
32767
32767
32767
32767
32767
32767
32767
32767
32767
32767
32767
32767
32767
32767
32767
32767
32767
32767
32767
32767
32767
32767
32767
32767
32767
32767
32767
26468
19076
11604
4096
-3420
-10916
-18388
-25804
-32768
-32768
-32768
-32768
-32768
-32768
-32768
-32768
-32768
-32768
-32768
-32768
-32768
-32768
-32768
-32768
-32768
-32768
-32768
-32768
-32768
-32768
-32768
-32768
-32768
-32768
-32768
-32768
-32768
-32768
-32768
-32768
-32768
-32768
-32768
-32768
-32768
-32768
-32768
-32768
-32768
-32768
-32768
-32768
-32768
-32768
-30488
-23124
-15688
-8208
-692
6824
14316
21756
29132
32767
32767
32767
32767
32767
32767
32767
32767
32767
32767
32767
32767
32767
32767
32767
32767
32767
32767
32767
32767
32767
32767
32767
32767
32767
32767
32767
32767
32767
32767
32767
32767
32767
32767
32767
32767
32767
32767
32767
32767
32767
32767
32767
32767
32767
32767
27140
19740
12276
4784
-2732
-10240
-17720
-25132
-32468
-32768
-32768
-32768
-32768
-32768
-32768
-32768
-32768
-32768
-32768
-32768
-32768
-32768
-32768
-32768
-32768
-32768
-32768
-32768
-32768
-32768
-32768
-32768
-32768
-32768
-32768
-32768
-32768
-32768
-32768
-32768
-32768
-32768
-32768
-32768
-32768
-32768
-32768
-32768
-32768
-32768
-32768
-32768
-32768
-32768
-31156
-23800
-16368
-8884
-1380
6136
13636
21088
28464
32767
32767
32767
32767
32767
32767
32767
32767
32767
32767
32767
32767
32767
32767
32767
32767
32767
32767
32767
32767
32767
32767
32767
32767
32767
32767
32767
32767
32767
32767
32767
32767
32767
32767
32767
32767
32767
32767
32767
32767
32767
32767
32767
32767
32767
32767
27812
20420
12964
5460
-2040
-9556
-17040
-24468
-31800
-32768
-32768
-32768
-32768
-32768
-32768
-32768
-32768
-32768
-32768
-32768
-32768
-32768
-32768
-32768
-32768
-32768
-32768
-32768
-32768
-32768
-32768
-32768
-32768
-32768
-32768
-32768
-32768
-32768
-32768
-32768
-32768
-32768
-32768
-32768
-32768
-32768
-32768
-32768
-32768
-32768
-32768
-32768
-32768
-32768
-31812
-24468
-17052
-9568
-2056
5460
12952
20408
27800
32767
32767
32767
32767
32767
32767
32767
32767
32767
32767
32767
32767
32767
32767
32767
32767
32767
32767
32767
32767
32767
32767
32767
32767
32767
32767
32767
32767
32767
32767
32767
32767
32767
32767
32767
32767
32767
32767
32767
32767
32767
32767
32767
32767
32767
32767
28476
21088
13648
6148
-1368
-8884
-16356
-23788
-31144
-32768
-32768
-32768
-32768
-32768
-32768
-32768
-32768
-32768
-32768
-32768
-32768
-32768
-32768
-32768
-32768
-32768
-32768
-32768
-32768
-32768
-32768
-32768
-32768
-32768
-32768
-32768
-32768
-32768
-32768
-32768
-32768
-32768
-32768
-32768
-32768
-32768
-32768
-32768
-32768
-32768
-32768
-32768
-32768
-32768
-32480
-25144
-17720
-10252
-2744
4772
12276
19728
27128
32767
32767
32767
32767
32767
32767
32767
32767
32767
32767
32767
32767
32767
32767
32767
32767
32767
32767
32767
32767
32767
32767
32767
32767
32767
32767
32767
32767
32767
32767
32767
32767
32767
32767
32767
32767
32767
32767
32767
32767
32767
32767
32767
32767
32767
32767
29144
21768
14316
6824
-680
-8192
-15688
-23112
-30472
-32768
-32768
-32768
-32768
-32768
-32768
-32768
-32768
-32768
-32768
-32768
-32768
-32768
-32768
-32768
-32768
-32768
-32768
-32768
-32768
-32768
-32768
-32768
-32768
-32768
-32768
-32768
-32768
-32768
-32768
-32768
-32768
-32768
-32768
-32768
-32768
-32768
-32768
-32768
-32768
-32768
-32768
-32768
-32768
-32768
-32768
-25816
-18404
-10932
-3420
4080
11592
19064
26468
32767
32767
32767
32767
32767
32767
32767
32767
32767
32767
32767
32767
32767
32767
32767
32767
32767
32767
32767
32767
32767
32767
32767
32767
32767
32767
32767
32767
32767
32767
32767
32767
32767
32767
32767
32767
32767
32767
32767
32767
32767
32767
32767
32767
32767
32767
29800
22444
15004
7508
0
-7508
-15004
-22444
-29812
-32768
-32768
-32768
-32768
-32768
-32768
-32768
-32768
-32768
-32768
-32768
-32768
-32768
-32768
-32768
-32768
-32768
-32768
-32768
-32768
-32768
-32768
-32768
-32768
-32768
-32768
-32768
-32768
-32768
-32768
-32768
-32768
-32768
-32768
-32768
-32768
-32768
-32768
-32768
-32768
-32768
-32768
-32768
-32768
-32768
-32768
-26480
-19088
-11616
-4108
3408
10904
18376
25792
32767
32767
32767
32767
32767
32767
32767
32767
32767
32767
32767
32767
32767
32767
32767
32767
32767
32767
32767
32767
32767
32767
32767
32767
32767
32767
32767
32767
32767
32767
32767
32767
32767
32767
32767
32767
32767
32767
32767
32767
32767
32767
32767
32767
32767
32767
30476
23112
15676
8196
680
-6836
-14328
-21768
-29144
-32768
-32768
-32768
-32768
-32768
-32768
-32768
-32768
-32768
-32768
-32768
-32768
-32768
-32768
-32768
-32768
-32768
-32768
-32768
-32768
-32768
-32768
-32768
-32768
-32768
-32768
-32768
-32768
-32768
-32768
-32768
-32768
-32768
-32768
-32768
-32768
-32768
-32768
-32768
-32768
-32768
-32768
-32768
-32768
-32768
-32768
-27152
-19752
-12288
-4796
2720
10228
17708
25120
32456
32767
32767
32767
32767
32767
32767
32767
32767
32767
32767
32767
32767
32767
32767
32767
32767
32767
32767
32767
32767
32767
32767
32767
32767
32767
32767
32767
32767
32767
32767
32767
32767
32767
32767
32767
32767
32767
32767
32767
32767
32767
32767
32767
32767
32767
31144
23788
16356
8872
1368
-6148
-13648
-21100
-28476
-32768
-32768
-32768
-32768
-32768
-32768
-32768
-32768
-32768
-32768
-32768
-32768
-32768
-32768
-32768
-32768
-32768
-32768
-32768
-32768
-32768
-32768
-32768
-32768
-32768
-32768
-32768
-32768
-32768
-32768
-32768
-32768
-32768
-32768
-32768
-32768
-32768
-32768
-32768
-32768
-32768
-32768
-32768
-32768
-32768
-32768
-27812
-20432
-12976
-5472
2032
9544
17028
24456
31788
32767
32767
32767
32767
32767
32767
32767
32767
32767
32767
32767
32767
32767
32767
32767
32767
32767
32767
32767
32767
32767
32767
32767
32767
32767
32767
32767
32767
32767
32767
32767
32767
32767
32767
32767
32767
32767
32767
32767
32767
32767
32767
32767
32767
32767
31800
24456
17040
9556
2044
-5472
-12964
-20420
-27812
-32768
-32768
-32768
-32768
-32768
-32768
-32768
-32768
-32768
-32768
-32768
-32768
-32768
-32768
-32768
-32768
-32768
-32768
-32768
-32768
-32768
-32768
-32768
-32768
-32768
-32768
-32768
-32768
-32768
-32768
-32768
-32768
-32768
-32768
-32768
-32768
-32768
-32768
-32768
-32768
-32768
-32768
-32768
-32768
-32768
-32768
-28488
-21100
-13660
-6160
1356
8872
16344
23776
31132
32767
32767
32767
32767
32767
32767
32767
32767
32767
32767
32767
32767
32767
32767
32767
32767
32767
32767
32767
32767
32767
32767
32767
32767
32767
32767
32767
32767
32767
32767
32767
32767
32767
32767
32767
32767
32767
32767
32767
32767
32767
32767
32767
32767
32767
32468
25132
17708
10240
2732
-4784
-12288
-19740
-27140
-32768
-32768
-32768
-32768
-32768
-32768
-32768
-32768
-32768
-32768
-32768
-32768
-32768
-32768
-32768
-32768
-32768
-32768
-32768
-32768
-32768
-32768
-32768
-32768
-32768
-32768
-32768
-32768
-32768
-32768
-32768
-32768
-32768
-32768
-32768
-32768
-32768
-32768
-32768
-32768
-32768
-32768
-32768
-32768
-32768
-32768
-29156
-21780
-14328
-6836
668
8180
15676
23112
30460
32767
32767
32767
32767
32767
32767
32767
32767
32767
32767
32767
32767
32767
32767
32767
32767
32767
32767
32767
32767
32767
32767
32767
32767
32767
32767
32767
32767
32767
32767
32767
32767
32767
32767
32767
32767
32767
32767
32767
32767
32767
32767
32767
32767
32767
32767
25804
18392
10920
3408
-4092
-11604
-19076
-26480
-32768
-32768
-32768
-32768
-32768
-32768
-32768
-32768
-32768
-32768
-32768
-32768
-32768
-32768
-32768
-32768
-32768
-32768
-32768
-32768
-32768
-32768
-32768
-32768
-32768
-32768
-32768
-32768
-32768
-32768
-32768
-32768
-32768
-32768
-32768
-32768
-32768
-32768
-32768
-32768
-32768
-32768
-32768
-32768
-32768
-32768
-29812
-22456
-15016
-7520
0
7496
14992
22436
29800
32767
32767
32767
32767
32767
32767
32767
32767
32767
32767
32767
32767
32767
32767
32767
32767
32767
32767
32767
32767
32767
32767
32767
32767
32767
32767
32767
32767
32767
32767
32767
32767
32767
32767
32767
32767
32767
32767
32767
32767
32767
32767
32767
32767
32767
32767
26468
19076
11604
4096
-3420
-10916
-18388
-25804
-32768
-32768
-32768
-32768
-32768
-32768
-32768
-32768
-32768
-32768
-32768
-32768
-32768
-32768
-32768
-32768
-32768
-32768
-32768
-32768
-32768
-32768
-32768
-32768
-32768
-32768
-32768
-32768
-32768
-32768
-32768
-32768
-32768
-32768
-32768
-32768
-32768
-32768
-32768
-32768
-32768
-32768
-32768
-32768
-32768
-32768
-30488
-23124
-15688
-8208
-692
6824
14316
21756
29132
32767
32767
32767
32767
32767
32767
32767
32767
32767
32767
32767
32767
32767
32767
32767
32767
32767
32767
32767
32767
32767
32767
32767
32767
32767
32767
32767
32767
32767
32767
32767
32767
32767
32767
32767
32767
32767
32767
32767
32767
32767
32767
32767
32767
32767
32767
27140
19740
12276
4784
-2732
-10240
-17720
-25132
-32468
-32768
-32768
-32768
-32768
-32768
-32768
-32768
-32768
-32768
-32768
-32768
-32768
-32768
-32768
-32768
-32768
-32768
-32768
-32768
-32768
-32768
-32768
-32768
-32768
-32768
-32768
-32768
-32768
-32768
-32768
-32768
-32768
-32768
-32768
-32768
-32768
-32768
-32768
-32768
-32768
-32768
-32768
-32768
-32768
-32768
-31156
-23800
-16368
-8884
-1380
6136
13636
21088
28464
32767
32767
32767
32767
32767
32767
32767
32767
32767
32767
32767
32767
32767
32767
32767
32767
32767
32767
32767
32767
32767
32767
32767
32767
32767
32767
32767
32767
32767
32767
32767
32767
32767
32767
32767
32767
32767
32767
32767
32767
32767
32767
32767
32767
32767
32767
27800
20420
12964
5460
-2040
-9556
-17040
-24468
-31800
-32768
-32768
-32768
-32768
-32768
-32768
-32768
-32768
-32768
-32768
-32768
-32768
-32768
-32768
-32768
-32768
-32768
-32768
-32768
-32768
-32768
-32768
-32768
-32768
-32768
-32768
-32768
-32768
-32768
-32768
-32768
-32768
-32768
-32768
-32768
-32768
-32768
-32768
-32768
-32768
-32768
-32768
-32768
-32768
-32768
-31812
-24468
-17052
-9568
-2056
5460
12952
20408
27800
32767
32767
32767
32767
32767
32767
32767
32767
32767
32767
32767
32767
32767
32767
32767
32767
32767
32767
32767
32767
32767
32767
32767
32767
32767
32767
32767
32767
32767
32767
32767
32767
32767
32767
32767
32767
32767
32767
32767
32767
32767
32767
32767
32767
32767
32767
28476
21088
13648
6148
-1368
-8884
-16356
-23788
-31144
-32768
-32768
-32768
-32768
-32768
-32768
-32768
-32768
-32768
-32768
-32768
-32768
-32768
-32768
-32768
-32768
-32768
-32768
-32768
-32768
-32768
-32768
-32768
-32768
-32768
-32768
-32768
-32768
-32768
-32768
-32768
-32768
-32768
-32768
-32768
-32768
-32768
-32768
-32768
-32768
-32768
-32768
-32768
-32768
-32768
-32480
-25144
-17720
-10252
-2744
4772
12276
19728
27128
32767
32767
32767
32767
32767
32767
32767
32767
32767
32767
32767
32767
32767
32767
32767
32767
32767
32767
32767
32767
32767
32767
32767
32767
32767
32767
32767
32767
32767
32767
32767
32767
32767
32767
32767
32767
32767
32767
32767
32767
32767
32767
32767
32767
32767
32767
29144
21768
14316
6824
-680
-8192
-15688
-23124
-30472
-32768
-32768
-32768
-32768
-32768
-32768
-32768
-32768
-32768
-32768
-32768
-32768
-32768
-32768
-32768
-32768
-32768
-32768
-32768
-32768
-32768
-32768
-32768
-32768
-32768
-32768
-32768
-32768
-32768
-32768
-32768
-32768
-32768
-32768
-32768
-32768
-32768
-32768
-32768
-32768
-32768
-32768
-32768
-32768
-32768
-32768
-25816
-18404
-10932
-3420
4080
11592
19064
26468
32767
32767
32767
32767
32767
32767
32767
32767
32767
32767
32767
32767
32767
32767
32767
32767
32767
32767
32767
32767
32767
32767
32767
32767
32767
32767
32767
32767
32767
32767
32767
32767
32767
32767
32767
32767
32767
32767
32767
32767
32767
32767
32767
32767
32767
32767
29800
22444
15004
7508
0
-7508
-15004
-22444
-29812
-32768
-32768
-32768
-32768
-32768
-32768
-32768
-32768
-32768
-32768
-32768
-32768
-32768
-32768
-32768
-32768
-32768
-32768
-32768
-32768
-32768
-32768
-32768
-32768
-32768
-32768
-32768
-32768
-32768
-32768
-32768
-32768
-32768
-32768
-32768
-32768
-32768
-32768
-32768
-32768
-32768
-32768
-32768
-32768
-32768
-32768
-26480
-19088
-11616
-4108
3408
10904
18376
25792
32767
32767
32767
32767
32767
32767
32767
32767
32767
32767
32767
32767
32767
32767
32767
32767
32767
32767
32767
32767
32767
32767
32767
32767
32767
32767
32767
32767
32767
32767
32767
32767
32767
32767
32767
32767
32767
32767
32767
32767
32767
32767
32767
32767
32767
32767
30476
23112
15676
8196
680
-6836
-14328
-21768
-29144
-32768
-32768
-32768
-32768
-32768
-32768
-32768
-32768
-32768
-32768
-32768
-32768
-32768
-32768
-32768
-32768
-32768
-32768
-32768
-32768
-32768
-32768
-32768
-32768
-32768
-32768
-32768
-32768
-32768
-32768
-32768
-32768
-32768
-32768
-32768
-32768
-32768
-32768
-32768
-32768
-32768
-32768
-32768
-32768
-32768
-32768
-27152
-19752
-12288
-4796
2720
10228
17708
25120
32456
32767
32767
32767
32767
32767
32767
32767
32767
32767
32767
32767
32767
32767
32767
32767
32767
32767
32767
32767
32767
32767
32767
32767
32767
32767
32767
32767
32767
32767
32767
32767
32767
32767
32767
32767
32767
32767
32767
32767
32767
32767
32767
32767
32767
32767
31144
23788
16356
8872
1368
-6148
-13648
-21100
-28476
-32768
-32768
-32768
-32768
-32768
-32768
-32768
-32768
-32768
-32768
-32768
-32768
-32768
-32768
-32768
-32768
-32768
-32768
-32768
-32768
-32768
-32768
-32768
-32768
-32768
-32768
-32768
-32768
-32768
-32768
-32768
-32768
-32768
-32768
-32768
-32768
-32768
-32768
-32768
-32768
-32768
-32768
-32768
-32768
-32768
-32768
-27812
-20432
-12976
-5472
2032
9544
17028
24456
31788
32767
32767
32767
32767
32767
32767
32767
32767
32767
32767
32767
32767
32767
32767
32767
32767
32767
32767
32767
32767
32767
32767
32767
32767
32767
32767
32767
32767
32767
32767
32767
32767
32767
32767
32767
32767
32767
32767
32767
32767
32767
32767
32767
32767
32767
31800
24456
17040
9556
2044
-5472
-12964
-20420
-27812
-32768
-32768
-32768
-32768
-32768
-32768
-32768
-32768
-32768
-32768
-32768
-32768
-32768
-32768
-32768
-32768
-32768
-32768
-32768
-32768
-32768
-32768
-32768
-32768
-32768
-32768
-32768
-32768
-32768
-32768
-32768
-32768
-32768
-32768
-32768
-32768
-32768
-32768
-32768
-32768
-32768
-32768
-32768
-32768
-32768
-32768
-28488
-21100
-13660
-6160
1356
8872
16344
23776
31132
32767
32767
32767
32767
32767
32767
32767
32767
32767
32767
32767
32767
32767
32767
32767
32767
32767
32767
32767
32767
32767
32767
32767
32767
32767
32767
32767
32767
32767
32767
32767
32767
32767
32767
32767
32767
32767
32767
32767
32767
32767
32767
32767
32767
32767
32468
25132
17708
10240
2732
-4784
-12288
-19740
-27140
-32768
-32768
-32768
-32768
-32768
-32768
-32768
-32768
-32768
-32768
-32768
-32768
-32768
-32768
-32768
-32768
-32768
-32768
-32768
-32768
-32768
-32768
-32768
-32768
-32768
-32768
-32768
-32768
-32768
-32768
-32768
-32768
-32768
-32768
-32768
-32768
-32768
-32768
-32768
-32768
-32768
-32768
-32768
-32768
-32768
-32768
-29156
-21780
-14328
-6836
668
8180
15676
23112
30460
32767
32767
32767
32767
32767
32767
32767
32767
32767
32767
32767
32767
32767
32767
32767
32767
32767
32767
32767
32767
32767
32767
32767
32767
32767
32767
32767
32767
32767
32767
32767
32767
32767
32767
32767
32767
32767
32767
32767
32767
32767
32767
32767
32767
32767
32767
25804
18392
10920
3408
-4092
-11604
-19076
-26480
-32768
-32768
-32768
-32768
-32768
-32768
-32768
-32768
-32768
-32768
-32768
-32768
-32768
-32768
-32768
-32768
-32768
-32768
-32768
-32768
-32768
-32768
-32768
-32768
-32768
-32768
-32768
-32768
-32768
-32768
-32768
-32768
-32768
-32768
-32768
-32768
-32768
-32768
-32768
-32768
-32768
-32768
-32768
-32768
-32768
-32768
-29812
-22456
-15016
-7520
0
7496
14992
22436
29800
32767
32767
32767
32767
32767
32767
32767
32767
32767
32767
32767
32767
32767
32767
32767
32767
32767
32767
32767
32767
32767
32767
32767
32767
32767
32767
32767
32767
32767
32767
32767
32767
32767
32767
32767
32767
32767
32767
32767
32767
32767
32767
32767
32767
32767
32767
26468
19076
11604
4096
-3420
-10916
-18388
-25804
-32768
-32768
-32768
-32768
-32768
-32768
-32768
-32768
-32768
-32768
-32768
-32768
-32768
-32768
-32768
-32768
-32768
-32768
-32768
-32768
-32768
-32768
-32768
-32768
-32768
-32768
-32768
-32768
-32768
-32768
-32768
-32768
-32768
-32768
-32768
-32768
-32768
-32768
-32768
-32768
-32768
-32768
-32768
-32768
-32768
-32768
-30488
-23124
-15688
-8208
-692
6824
14316
21756
29132
32767
32767
32767
32767
32767
32767
32767
32767
32767
32767
32767
32767
32767
32767
32767
32767
32767
32767
32767
32767
32767
32767
32767
32767
32767
32767
32767
32767
32767
32767
32767
32767
32767
32767
32767
32767
32767
32767
32767
32767
32767
32767
32767
32767
32767
32767
27140
19740
12276
4784
-2732
-10240
-17720
-25132
-32468
-32768
-32768
-32768
-32768
-32768
-32768
-32768
-32768
-32768
-32768
-32768
-32768
-32768
-32768
-32768
-32768
-32768
-32768
-32768
-32768
-32768
-32768
-32768
-32768
-32768
-32768
-32768
-32768
-32768
-32768
-32768
-32768
-32768
-32768
-32768
-32768
-32768
-32768
-32768
-32768
-32768
-32768
-32768
-32768
-32768
-31156
-23800
-16368
-8884
-1380
6136
13636
21088
28464
32767
32767
32767
32767
32767
32767
32767
32767
32767
32767
32767
32767
32767
32767
32767
32767
32767
32767
32767
32767
32767
32767
32767
32767
32767
32767
32767
32767
32767
32767
32767
32767
32767
32767
32767
32767
32767
32767
32767
32767
32767
32767
32767
32767
32767
32767
27800
20420
12964
5460
-2040
-9556
-17040
-24468
-31800
-32768
-32768
-32768
-32768
-32768
-32768
-32768
-32768
-32768
-32768
-32768
-32768
-32768
-32768
-32768
-32768
-32768
-32768
-32768
-32768
-32768
-32768
-32768
-32768
-32768
-32768
-32768
-32768
-32768
-32768
-32768
-32768
-32768
-32768
-32768
-32768
-32768
-32768
-32768
-32768
-32768
-32768
-32768
-32768
-32768
-31812
-24468
-17052
-9568
-2056
5460
12952
20408
27800
32767
32767
32767
32767
32767
32767
32767
32767
32767
32767
32767
32767
32767
32767
32767
32767
32767
32767
32767
32767
32767
32767
32767
32767
32767
32767
32767
32767
32767
32767
32767
32767
32767
32767
32767
32767
32767
32767
32767
32767
32767
32767
32767
32767
32767
32767
28476
21088
13648
6148
-1368
-8884
-16356
-23788
-31144
-32768
-32768
-32768
-32768
-32768
-32768
-32768
-32768
-32768
-32768
-32768
-32768
-32768
-32768
-32768
-32768
-32768
-32768
-32768
-32768
-32768
-32768
-32768
-32768
-32768
-32768
-32768
-32768
-32768
-32768
-32768
-32768
-32768
-32768
-32768
-32768
-32768
-32768
-32768
-32768
-32768
-32768
-32768
-32768
-32768
-32480
-25144
-17720
-10252
-2744
4772
12276
19728
27128
32767
32767
32767
32767
32767
32767
32767
32767
32767
32767
32767
32767
32767
32767
32767
32767
32767
32767
32767
32767
32767
32767
32767
32767
32767
32767
32767
32767
32767
32767
32767
32767
32767
32767
32767
32767
32767
32767
32767
32767
32767
32767
32767
32767
32767
32767
29144
21768
14316
6824
-680
-8192
-15688
-23124
-30472
-32768
-32768
-32768
-32768
-32768
-32768
-32768
-32768
-32768
-32768
-32768
-32768
-32768
-32768
-32768
-32768
-32768
-32768
-32768
-32768
-32768
-32768
-32768
-32768
-32768
-32768
-32768
-32768
-32768
-32768
-32768
-32768
-32768
-32768
-32768
-32768
-32768
-32768
-32768
-32768
-32768
-32768
-32768
-32768
-32768
-32768
-25816
-18404
-10932
-3420
4080
11592
19064
26468
32767
32767
32767
32767
32767
32767
32767
32767
32767
32767
32767
32767
32767
32767
32767
32767
32767
32767
32767
32767
32767
32767
32767
32767
32767
32767
32767
32767
32767
32767
32767
32767
32767
32767
32767
32767
32767
32767
32767
32767
32767
32767
32767
32767
32767
32767
29800
22444
15004
7508
0
-7508
-15004
-22444
-29812
-32768
-32768
-32768
-32768
-32768
-32768
-32768
-32768
-32768
-32768
-32768
-32768
-32768
-32768
-32768
-32768
-32768
-32768
-32768
-32768
-32768
-32768
-32768
-32768
-32768
-32768
-32768
-32768
-32768
-32768
-32768
-32768
-32768
-32768
-32768
-32768
-32768
-32768
-32768
-32768
-32768
-32768
-32768
-32768
-32768
-32768
-26480
-19088
-11616
-4108
3408
10904
18376
25792
32767
32767
32767
32767
32767
32767
32767
32767
32767
32767
32767
32767
32767
32767
32767
32767
32767
32767
32767
32767
32767
32767
32767
32767
32767
32767
32767
32767
32767
32767
32767
32767
32767
32767
32767
32767
32767
32767
32767
32767
32767
32767
32767
32767
32767
32767
30476
23112
15676
8196
680
-6836
-14328
-21768
-29144
-32768
-32768
-32768
-32768
-32768
-32768
-32768
-32768
-32768
-32768
-32768
-32768
-32768
-32768
-32768
-32768
-32768
-32768
-32768
-32768
-32768
-32768
-32768
-32768
-32768
-32768
-32768
-32768
-32768
-32768
-32768
-32768
-32768
-32768
-32768
-32768
-32768
-32768
-32768
-32768
-32768
-32768
-32768
-32768
-32768
-32768
-27152
-19752
-12288
-4796
2720
10228
17708
25120
32456
32767
32767
32767
32767
32767
32767
32767
32767
32767
32767
32767
32767
32767
32767
32767
32767
32767
32767
32767
32767
32767
32767
32767
32767
32767
32767
32767
32767
32767
32767
32767
32767
32767
32767
32767
32767
32767
32767
32767
32767
32767
32767
32767
32767
32767
31144
23788
16356
8872
1368
-6148
-13648
-21100
-28476
-32768
-32768
-32768
-32768
-32768
-32768
-32768
-32768
-32768
-32768
-32768
-32768
-32768
-32768
-32768
-32768
-32768
-32768
-32768
-32768
-32768
-32768
-32768
-32768
-32768
-32768
-32768
-32768
-32768
-32768
-32768
-32768
-32768
-32768
-32768
-32768
-32768
-32768
-32768
-32768
-32768
-32768
-32768
-32768
-32768
-32768
-27812
-20432
-12976
-5472
2044
9544
17028
24456
31788
32767
32767
32767
32767
32767
32767
32767
32767
32767
32767
32767
32767
32767
32767
32767
32767
32767
32767
32767
32767
32767
32767
32767
32767
32767
32767
32767
32767
32767
32767
32767
32767
32767
32767
32767
32767
32767
32767
32767
32767
32767
32767
32767
32767
32767
31800
24456
17040
9556
2044
-5472
-12964
-20420
-27812
-32768
-32768
-32768
-32768
-32768
-32768
-32768
-32768
-32768
-32768
-32768
-32768
-32768
-32768
-32768
-32768
-32768
-32768
-32768
-32768
-32768
-32768
-32768
-32768
-32768
-32768
-32768
-32768
-32768
-32768
-32768
-32768
-32768
-32768
-32768
-32768
-32768
-32768
-32768
-32768
-32768
-32768
-32768
-32768
-32768
-32768
-28488
-21100
-13660
-6160
1356
8872
16344
23776
31132
32767
32767
32767
32767
32767
32767
32767
32767
32767
32767
32767
32767
32767
32767
32767
32767
32767
32767
32767
32767
32767
32767
32767
32767
32767
32767
32767
32767
32767
32767
32767
32767
32767
32767
32767
32767
32767
32767
32767
32767
32767
32767
32767
32767
32767
32468
25132
17708
10240
2732
-4784
-12288
-19740
-27140
-32768
-32768
-32768
-32768
-32768
-32768
-32768
-32768
-32768
-32768
-32768
-32768
-32768
-32768
-32768
-32768
-32768
-32768
-32768
-32768
-32768
-32768
-32768
-32768
-32768
-32768
-32768
-32768
-32768
-32768
-32768
-32768
-32768
-32768
-32768
-32768
-32768
-32768
-32768
-32768
-32768
-32768
-32768
-32768
-32768
-32768
-29156
-21780
-14328
-6836
668
8180
15676
23112
30460
32767
32767
32767
32767
32767
32767
32767
32767
32767
32767
32767
32767
32767
32767
32767
32767
32767
32767
32767
32767
32767
32767
32767
32767
32767
32767
32767
32767
32767
32767
32767
32767
32767
32767
32767
32767
32767
32767
32767
32767
32767
32767
32767
32767
32767
32767
25804
18392
10920
3408
-4092
-11604
-19076
-26480
-32768
-32768
-32768
-32768
-32768
-32768
-32768
-32768
-32768
-32768
-32768
-32768
-32768
-32768
-32768
-32768
-32768
-32768
-32768
-32768
-32768
-32768
-32768
-32768
-32768
-32768
-32768
-32768
-32768
-32768
-32768
-32768
-32768
-32768
-32768
-32768
-32768
-32768
-32768
-32768
-32768
-32768
-32768
-32768
-32768
-32768
-29812
-22456
-15016
-7520
0
7496
14992
22436
29800
32767
32767
32767
32767
32767
32767
32767
32767
32767
32767
32767
32767
32767
32767
32767
32767
32767
32767
32767
32767
32767
32767
32767
32767
32767
32767
32767
32767
32767
32767
32767
32767
32767
32767
32767
32767
32767
32767
32767
32767
32767
32767
32767
32767
32767
32767
26468
19076
11604
4096
-3420
-10916
-18388
-25804
-32768
-32768
-32768
-32768
-32768
-32768
-32768
-32768
-32768
-32768
-32768
-32768
-32768
-32768
-32768
-32768
-32768
-32768
-32768
-32768
-32768
-32768
-32768
-32768
-32768
-32768
-32768
-32768
-32768
-32768
-32768
-32768
-32768
-32768
-32768
-32768
-32768
-32768
-32768
-32768
-32768
-32768
-32768
-32768
-32768
-32768
-30488
-23124
-15688
-8208
-692
6824
14316
21756
29132
32767
32767
32767
32767
32767
32767
32767
32767
32767
32767
32767
32767
32767
32767
32767
32767
32767
32767
32767
32767
32767
32767
32767
32767
32767
32767
32767
32767
32767
32767
32767
32767
32767
32767
32767
32767
32767
32767
32767
32767
32767
32767
32767
32767
32767
32767
27140
19740
12276
4784
-2732
-10240
-17720
-25132
-32468
-32768
-32768
-32768
-32768
-32768
-32768
-32768
-32768
-32768
-32768
-32768
-32768
-32768
-32768
-32768
-32768
-32768
-32768
-32768
-32768
-32768
-32768
-32768
-32768
-32768
-32768
-32768
-32768
-32768
-32768
-32768
-32768
-32768
-32768
-32768
-32768
-32768
-32768
-32768
-32768
-32768
-32768
-32768
-32768
-32768
-31156
-23800
-16368
-8884
-1380
6136
13636
21088
28464
32767
32767
32767
32767
32767
32767
32767
32767
32767
32767
32767
32767
32767
32767
32767
32767
32767
32767
32767
32767
32767
32767
32767
32767
32767
32767
32767
32767
32767
32767
32767
32767
32767
32767
32767
32767
32767
32767
32767
32767
32767
32767
32767
32767
32767
32767
27800
20420
12964
5460
-2056
-9556
-17040
-24468
-31800
-32768
-32768
-32768
-32768
-32768
-32768
-32768
-32768
-32768
-32768
-32768
-32768
-32768
-32768
-32768
-32768
-32768
-32768
-32768
-32768
-32768
-32768
-32768
-32768
-32768
-32768
-32768
-32768
-32768
-32768
-32768
-32768
-32768
-32768
-32768
-32768
-32768
-32768
-32768
-32768
-32768
-32768
-32768
-32768
-32768
-31812
-24468
-17052
-9568
-2056
5460
12952
20408
27800
32767
32767
32767
32767
32767
32767
32767
32767
32767
32767
32767
32767
32767
32767
32767
32767
32767
32767
32767
32767
32767
32767
32767
32767
32767
32767
32767
32767
32767
32767
32767
32767
32767
32767
32767
32767
32767
32767
32767
32767
32767
32767
32767
32767
32767
32767
28476
21088
13648
6148
-1368
-8884
-16356
-23788
-31144
-32768
-32768
-32768
-32768
-32768
-32768
-32768
-32768
-32768
-32768
-32768
-32768
-32768
-32768
-32768
-32768
-32768
-32768
-32768
-32768
-32768
-32768
-32768
-32768
-32768
-32768
-32768
-32768
-32768
-32768
-32768
-32768
-32768
-32768
-32768
-32768
-32768
-32768
-32768
-32768
-32768
-32768
-32768
-32768
-32768
-32480
-25144
-17720
-10252
-2744
4772
12276
19728
27128
32767
32767
32767
32767
32767
32767
32767
32767
32767
32767
32767
32767
32767
32767
32767
32767
32767
32767
32767
32767
32767
32767
32767
32767
32767
32767
32767
32767
32767
32767
32767
32767
32767
32767
32767
32767
32767
32767
32767
32767
32767
32767
32767
32767
32767
32767
29144
21768
14316
6824
-680
-8192
-15688
-23124
-30472
-32768
-32768
-32768
-32768
-32768
-32768
-32768
-32768
-32768
-32768
-32768
-32768
-32768
-32768
-32768
-32768
-32768
-32768
-32768
-32768
-32768
-32768
-32768
-32768
-32768
-32768
-32768
-32768
-32768
-32768
-32768
-32768
-32768
-32768
-32768
-32768
-32768
-32768
-32768
-32768
-32768
-32768
-32768
-32768
-32768
-32768
-25816
-18404
-10932
-3420
4080
11592
19064
26468
32767
32767
32767
32767
32767
32767
32767
32767
32767
32767
32767
32767
32767
32767
32767
32767
32767
32767
32767
32767
32767
32767
32767
32767
32767
32767
32767
32767
32767
32767
32767
32767
32767
32767
32767
32767
32767
32767
32767
32767
32767
32767
32767
32767
32767
32767
29800
22444
15004
7508
0
-7508
-15004
-22444
-29812
-32768
-32768
-32768
-32768
-32768
-32768
-32768
-32768
-32768
-32768
-32768
-32768
-32768
-32768
-32768
-32768
-32768
-32768
-32768
-32768
-32768
-32768
-32768
-32768
-32768
-32768
-32768
-32768
-32768
-32768
-32768
-32768
-32768
-32768
-32768
-32768
-32768
-32768
-32768
-32768
-32768
-32768
-32768
-32768
-32768
-32768
-26480
-19088
-11616
-4108
3408
10904
18376
25792
32767
32767
32767
32767
32767
32767
32767
32767
32767
32767
32767
32767
32767
32767
32767
32767
32767
32767
32767
32767
32767
32767
32767
32767
32767
32767
32767
32767
32767
32767
32767
32767
32767
32767
32767
32767
32767
32767
32767
32767
32767
32767
32767
32767
32767
32767
30476
23112
15676
8196
680
-6836
-14328
-21768
-29144
-32768
-32768
-32768
-32768
-32768
-32768
-32768
-32768
-32768
-32768
-32768
-32768
-32768
-32768
-32768
-32768
-32768
-32768
-32768
-32768
-32768
-32768
-32768
-32768
-32768
-32768
-32768
-32768
-32768
-32768
-32768
-32768
-32768
-32768
-32768
-32768
-32768
-32768
-32768
-32768
-32768
-32768
-32768
-32768
-32768
-32768
-27152
-19752
-12288
-4796
2720
10228
17708
25120
32456
32767
32767
32767
32767
32767
32767
32767
32767
32767
32767
32767
32767
32767
32767
32767
32767
32767
32767
32767
32767
32767
32767
32767
32767
32767
32767
32767
32767
32767
32767
32767
32767
32767
32767
32767
32767
32767
32767
32767
32767
32767
32767
32767
32767
32767
31144
23788
16356
8872
1368
-6148
-13648
-21100
-28476
-32768
-32768
-32768
-32768
-32768
-32768
-32768
-32768
-32768
-32768
-32768
-32768
-32768
-32768
-32768
-32768
-32768
-32768
-32768
-32768
-32768
-32768
-32768
-32768
-32768
-32768
-32768
-32768
-32768
-32768
-32768
-32768
-32768
-32768
-32768
-32768
-32768
-32768
-32768
-32768
-32768
-32768
-32768
-32768
-32768
-32768
-27812
-20432
-12976
-5472
2044
9544
17028
24456
31788
32767
32767
32767
32767
32767
32767
32767
32767
32767
32767
32767
32767
32767
32767
32767
32767
32767
32767
32767
32767
32767
32767
32767
32767
32767
32767
32767
32767
32767
32767
32767
32767
32767
32767
32767
32767
32767
32767
32767
32767
32767
32767
32767
32767
32767
31800
24456
17040
9556
2044
-5472
-12964
-20420
-27812
-32768
-32768
-32768
-32768
-32768
-32768
-32768
-32768
-32768
-32768
-32768
-32768
-32768
-32768
-32768
-32768
-32768
-32768
-32768
-32768
-32768
-32768
-32768
-32768
-32768
-32768
-32768
-32768
-32768
-32768
-32768
-32768
-32768
-32768
-32768
-32768
-32768
-32768
-32768
-32768
-32768
-32768
-32768
-32768
-32768
-32768
-28488
-21100
-13660
-6160
1356
8872
16344
23776
31132
32767
32767
32767
32767
32767
32767
32767
32767
32767
32767
32767
32767
32767
32767
32767
32767
32767
32767
32767
32767
32767
32767
32767
32767
32767
32767
32767
32767
32767
32767
32767
32767
32767
32767
32767
32767
32767
32767
32767
32767
32767
32767
32767
32767
32767
32468
25132
17708
10240
2732
-4784
-12288
-19740
-27140
-32768
-32768
-32768
-32768
-32768
-32768
-32768
-32768
-32768
-32768
-32768
-32768
-32768
-32768
-32768
-32768
-32768
-32768
-32768
-32768
-32768
-32768
-32768
-32768
-32768
-32768
-32768
-32768
-32768
-32768
-32768
-32768
-32768
-32768
-32768
-32768
-32768
-32768
-32768
-32768
-32768
-32768
-32768
-32768
-32768
-32768
-29156
-21780
-14328
-6836
668
8180
15676
23112
30460
32767
32767
32767
32767
32767
32767
32767
32767
32767
32767
32767
32767
32767
32767
32767
32767
32767
32767
32767
32767
32767
32767
32767
32767
32767
32767
32767
32767
32767
32767
32767
32767
32767
32767
32767
32767
32767
32767
32767
32767
32767
32767
32767
32767
32767
32767
25804
18392
10920
3408
-4092
-11604
-19076
-26480
-32768
-32768
-32768
-32768
-32768
-32768
-32768
-32768
-32768
-32768
-32768
-32768
-32768
-32768
-32768
-32768
-32768
-32768
-32768
-32768
-32768
-32768
-32768
-32768
-32768
-32768
-32768
-32768
-32768
-32768
-32768
-32768
-32768
-32768
-32768
-32768
-32768
-32768
-32768
-32768
-32768
-32768
-32768
-32768
-32768
-32768
-29812
-22456
-15016
-7520
0
7496
14992
22436
29800
32767
32767
32767
32767
32767
32767
32767
32767
32767
32767
32767
32767
32767
32767
32767
32767
32767
32767
32767
32767
32767
32767
32767
32767
32767
32767
32767
32767
32767
32767
32767
32767
32767
32767
32767
32767
32767
32767
32767
32767
32767
32767
32767
32767
32767
32767
26468
19064
11604
4096
-3420
-10916
-18388
-25804
-32768
-32768
-32768
-32768
-32768
-32768
-32768
-32768
-32768
-32768
-32768
-32768
-32768
-32768
-32768
-32768
-32768
-32768
-32768
-32768
-32768
-32768
-32768
-32768
-32768
-32768
-32768
-32768
-32768
-32768
-32768
-32768
-32768
-32768
-32768
-32768
-32768
-32768
-32768
-32768
-32768
-32768
-32768
-32768
-32768
-32768
-30488
-23124
-15688
-8208
-692
6824
14316
21756
29132
32767
32767
32767
32767
32767
32767
32767
32767
32767
32767
32767
32767
32767
32767
32767
32767
32767
32767
32767
32767
32767
32767
32767
32767
32767
32767
32767
32767
32767
32767
32767
32767
32767
32767
32767
32767
32767
32767
32767
32767
32767
32767
32767
32767
32767
32767
27140
19740
12276
4784
-2732
-10240
-17720
-25132
-32468
-32768
-32768
-32768
-32768
-32768
-32768
-32768
-32768
-32768
-32768
-32768
-32768
-32768
-32768
-32768
-32768
-32768
-32768
-32768
-32768
-32768
-32768
-32768
-32768
-32768
-32768
-32768
-32768
-32768
-32768
-32768
-32768
-32768
-32768
-32768
-32768
-32768
-32768
-32768
-32768
-32768
-32768
-32768
-32768
-32768
-31156
-23800
-16368
-8884
-1380
6136
13636
21088
28464
32767
32767
32767
32767
32767
32767
32767
32767
32767
32767
32767
32767
32767
32767
32767
32767
32767
32767
32767
32767
32767
32767
32767
32767
32767
32767
32767
32767
32767
32767
32767
32767
32767
32767
32767
32767
32767
32767
32767
32767
32767
32767
32767
32767
32767
32767
27800
20420
12964
5460
-2056
-9556
-17040
-24468
-31812
-32768
-32768
-32768
-32768
-32768
-32768
-32768
-32768
-32768
-32768
-32768
-32768
-32768
-32768
-32768
-32768
-32768
-32768
-32768
-32768
-32768
-32768
-32768
-32768
-32768
-32768
-32768
-32768
-32768
-32768
-32768
-32768
-32768
-32768
-32768
-32768
-32768
-32768
-32768
-32768
-32768
-32768
-32768
-32768
-32768
-31812
-24468
-17052
-9568
-2056
5460
12952
20408
27800
32767
32767
32767
32767
32767
32767
32767
32767
32767
32767
32767
32767
32767
32767
32767
32767
32767
32767
32767
32767
32767
32767
32767
32767
32767
32767
32767
32767
32767
32767
32767
32767
32767
32767
32767
32767
32767
32767
32767
32767
32767
32767
32767
32767
32767
32767
28476
21088
13648
6148
-1368
-8884
-16356
-23788
-31144
-32768
-32768
-32768
-32768
-32768
-32768
-32768
-32768
-32768
-32768
-32768
-32768
-32768
-32768
-32768
-32768
-32768
-32768
-32768
-32768
-32768
-32768
-32768
-32768
-32768
-32768
-32768
-32768
-32768
-32768
-32768
-32768
-32768
-32768
-32768
-32768
-32768
-32768
-32768
-32768
-32768
-32768
-32768
-32768
-32768
-32480
-25144
-17720
-10252
-2744
4772
12276
19728
27128
32767
32767
32767
32767
32767
32767
32767
32767
32767
32767
32767
32767
32767
32767
32767
32767
32767
32767
32767
32767
32767
32767
32767
32767
32767
32767
32767
32767
32767
32767
32767
32767
32767
32767
32767
32767
32767
32767
32767
32767
32767
32767
32767
32767
32767
32767
29144
21768
14316
6824
-680
-8192
-15688
-23124
-30472
-32768
-32768
-32768
-32768
-32768
-32768
-32768
-32768
-32768
-32768
-32768
-32768
-32768
-32768
-32768
-32768
-32768
-32768
-32768
-32768
-32768
-32768
-32768
-32768
-32768
-32768
-32768
-32768
-32768
-32768
-32768
-32768
-32768
-32768
-32768
-32768
-32768
-32768
-32768
-32768
-32768
-32768
-32768
-32768
-32768
-32768
-25816
-18404
-10932
-3420
4080
11592
19064
26468
32767
32767
32767
32767
32767
32767
32767
32767
32767
32767
32767
32767
32767
32767
32767
32767
32767
32767
32767
32767
32767
32767
32767
32767
32767
32767
32767
32767
32767
32767
32767
32767
32767
32767
32767
32767
32767
32767
32767
32767
32767
32767
32767
32767
32767
32767
29800
22444
15004
7508
0
-7508
-15004
-22444
-29812
-32768
-32768
-32768
-32768
-32768
-32768
-32768
-32768
-32768
-32768
-32768
-32768
-32768
-32768
-32768
-32768
-32768
-32768
-32768
-32768
-32768
-32768
-32768
-32768
-32768
-32768
-32768
-32768
-32768
-32768
-32768
-32768
-32768
-32768
-32768
-32768
-32768
-32768
-32768
-32768
-32768
-32768
-32768
-32768
-32768
-32768
-26480
-19076
-11616
-4108
3408
10904
18376
25792
32767
32767
32767
32767
32767
32767
32767
32767
32767
32767
32767
32767
32767
32767
32767
32767
32767
32767
32767
32767
32767
32767
32767
32767
32767
32767
32767
32767
32767
32767
32767
32767
32767
32767
32767
32767
32767
32767
32767
32767
32767
32767
32767
32767
32767
32767
30476
23112
15676
8196
680
-6836
-14328
-21768
-29144
-32768
-32768
-32768
-32768
-32768
-32768
-32768
-32768
-32768
-32768
-32768
-32768
-32768
-32768
-32768
-32768
-32768
-32768
-32768
-32768
-32768
-32768
-32768
-32768
-32768
-32768
-32768
-32768
-32768
-32768
-32768
-32768
-32768
-32768
-32768
-32768
-32768
-32768
-32768
-32768
-32768
-32768
-32768
-32768
-32768
-32768
-27152
-19752
-12288
-4796
2720
10228
17708
25120
32456
32767
32767
32767
32767
32767
32767
32767
32767
32767
32767
32767
32767
32767
32767
32767
32767
32767
32767
32767
32767
32767
32767
32767
32767
32767
32767
32767
32767
32767
32767
32767
32767
32767
32767
32767
32767
32767
32767
32767
32767
32767
32767
32767
32767
32767
31144
23788
16356
8872
1368
-6148
-13648
-21100
-28476
-32768
-32768
-32768
-32768
-32768
-32768
-32768
-32768
-32768
-32768
-32768
-32768
-32768
-32768
-32768
-32768
-32768
-32768
-32768
-32768
-32768
-32768
-32768
-32768
-32768
-32768
-32768
-32768
-32768
-32768
-32768
-32768
-32768
-32768
-32768
-32768
-32768
-32768
-32768
-32768
-32768
-32768
-32768
-32768
-32768
-32768
-27812
-20432
-12976
-5472
2044
9544
17028
24456
31800
32767
32767
32767
32767
32767
32767
32767
32767
32767
32767
32767
32767
32767
32767
32767
32767
32767
32767
32767
32767
32767
32767
32767
32767
32767
32767
32767
32767
32767
32767
32767
32767
32767
32767
32767
32767
32767
32767
32767
32767
32767
32767
32767
32767
32767
31800
24456
17040
9556
2044
-5472
-12964
-20420
-27812
-32768
-32768
-32768
-32768
-32768
-32768
-32768
-32768
-32768
-32768
-32768
-32768
-32768
-32768
-32768
-32768
-32768
-32768
-32768
-32768
-32768
-32768
-32768
-32768
-32768
-32768
-32768
-32768
-32768
-32768
-32768
-32768
-32768
-32768
-32768
-32768
-32768
-32768
-32768
-32768
-32768
-32768
-32768
-32768
-32768
-32768
-28488
-21100
-13660
-6160
1356
8872
16344
23776
31132
32767
32767
32767
32767
32767
32767
32767
32767
32767
32767
32767
32767
32767
32767
32767
32767
32767
32767
32767
32767
32767
32767
32767
32767
32767
32767
32767
32767
32767
32767
32767
32767
32767
32767
32767
32767
32767
32767
32767
32767
32767
32767
32767
32767
32767
32468
25132
17708
10240
2732
-4784
-12288
-19740
-27140
-32768
-32768
-32768
-32768
-32768
-32768
-32768
-32768
-32768
-32768
-32768
-32768
-32768
-32768
-32768
-32768
-32768
-32768
-32768
-32768
-32768
-32768
-32768
-32768
-32768
-32768
-32768
-32768
-32768
-32768
-32768
-32768
-32768
-32768
-32768
-32768
-32768
-32768
-32768
-32768
-32768
-32768
-32768
-32768
-32768
-32768
-29156
-21780
-14328
-6836
668
8180
15676
23112
30460
32767
32767
32767
32767
32767
32767
32767
32767
32767
32767
32767
32767
32767
32767
32767
32767
32767
32767
32767
32767
32767
32767
32767
32767
32767
32767
32767
32767
32767
32767
32767
32767
32767
32767
32767
32767
32767
32767
32767
32767
32767
32767
32767
32767
32767
32767
25804
18392
10920
3408
-4092
-11604
-19076
-26480
-32768
-32768
-32768
-32768
-32768
-32768
-32768
-32768
-32768
-32768
-32768
-32768
-32768
-32768
-32768
-32768
-32768
-32768
-32768
-32768
-32768
-32768
-32768
-32768
-32768
-32768
-32768
-32768
-32768
-32768
-32768
-32768
-32768
-32768
-32768
-32768
-32768
-32768
-32768
-32768
-32768
-32768
-32768
-32768
-32768
-32768
-29812
-22456
-15016
-7520
0
7496
14992
22436
29800
32767
32767
32767
32767
32767
32767
32767
32767
32767
32767
32767
32767
32767
32767
32767
32767
32767
32767
32767
32767
32767
32767
32767
32767
32767
32767
32767
32767
32767
32767
32767
32767
32767
32767
32767
32767
32767
32767
32767
32767
32767
32767
32767
32767
32767
32767
26468
19064
11604
4096
-3420
-10916
-18388
-25804
-32768
-32768
-32768
-32768
-32768
-32768
-32768
-32768
-32768
-32768
-32768
-32768
-32768
-32768
-32768
-32768
-32768
-32768
-32768
-32768
-32768
-32768
-32768
-32768
-32768
-32768
-32768
-32768
-32768
-32768
-32768
-32768
-32768
-32768
-32768
-32768
-32768
-32768
-32768
-32768
-32768
-32768
-32768
-32768
-32768
-32768
-30488
-23124
-15688
-8208
-692
6824
14316
21756
29132
32767
32767
32767
32767
32767
32767
32767
32767
32767
32767
32767
32767
32767
32767
32767
32767
32767
32767
32767
32767
32767
32767
32767
32767
32767
32767
32767
32767
32767
32767
32767
32767
32767
32767
32767
32767
32767
32767
32767
32767
32767
32767
32767
32767
32767
32767
27140
19740
12276
4784
-2732
-10240
-17720
-25132
-32468
-32768
-32768
-32768
-32768
-32768
-32768
-32768
-32768
-32768
-32768
-32768
-32768
-32768
-32768
-32768
-32768
-32768
-32768
-32768
-32768
-32768
-32768
-32768
-32768
-32768
-32768
-32768
-32768
-32768
-32768
-32768
-32768
-32768
-32768
-32768
-32768
-32768
-32768
-32768
-32768
-32768
-32768
-32768
-32768
-32768
-31156
-23800
-16368
-8884
-1380
6136
13636
21088
28464
32767
32767
32767
32767
32767
32767
32767
32767
32767
32767
32767
32767
32767
32767
32767
32767
32767
32767
32767
32767
32767
32767
32767
32767
32767
32767
32767
32767
32767
32767
32767
32767
32767
32767
32767
32767
32767
32767
32767
32767
32767
32767
32767
32767
32767
32767
27800
20420
12964
5460
-2056
-9556
-17040
-24468
-31812
-32768
-32768
-32768
-32768
-32768
-32768
-32768
-32768
-32768
-32768
-32768
-32768
-32768
-32768
-32768
-32768
-32768
-32768
-32768
-32768
-32768
-32768
-32768
-32768
-32768
-32768
-32768
-32768
-32768
-32768
-32768
-32768
-32768
-32768
-32768
-32768
-32768
-32768
-32768
-32768
-32768
-32768
-32768
-32768
-32768
-31812
-24468
-17052
-9568
-2056
5460
12952
20408
27800
32767
32767
32767
32767
32767
32767
32767
32767
32767
32767
32767
32767
32767
32767
32767
32767
32767
32767
32767
32767
32767
32767
32767
32767
32767
32767
32767
32767
32767
32767
32767
32767
32767
32767
32767
32767
32767
32767
32767
32767
32767
32767
32767
32767
32767
32767
28476
21088
13648
6148
-1368
-8884
-16356
-23788
-31144
-32768
-32768
-32768
-32768
-32768
-32768
-32768
-32768
-32768
-32768
-32768
-32768
-32768
-32768
-32768
-32768
-32768
-32768
-32768
-32768
-32768
-32768
-32768
-32768
-32768
-32768
-32768
-32768
-32768
-32768
-32768
-32768
-32768
-32768
-32768
-32768
-32768
-32768
-32768
-32768
-32768
-32768
-32768
-32768
-32768
-32480
-25144
-17720
-10252
-2744
4772
12276
19728
27128
32767
32767
32767
32767
32767
32767
32767
32767
32767
32767
32767
32767
32767
32767
32767
32767
32767
32767
32767
32767
32767
32767
32767
32767
32767
32767
32767
32767
32767
32767
32767
32767
32767
32767
32767
32767
32767
32767
32767
32767
32767
32767
32767
32767
32767
32767
29144
21768
14316
6824
-680
-8192
-15688
-23124
-30472
-32768
-32768
-32768
-32768
-32768
-32768
-32768
-32768
-32768
-32768
-32768
-32768
-32768
-32768
-32768
-32768
-32768
-32768
-32768
-32768
-32768
-32768
-32768
-32768
-32768
-32768
-32768
-32768
-32768
-32768
-32768
-32768
-32768
-32768
-32768
-32768
-32768
-32768
-32768
-32768
-32768
-32768
-32768
-32768
-32768
-32768
-25816
-18404
-10932
-3420
4080
11592
19064
26468
32767
32767
32767
32767
32767
32767
32767
32767
32767
32767
32767
32767
32767
32767
32767
32767
32767
32767
32767
32767
32767
32767
32767
32767
32767
32767
32767
32767
32767
32767
32767
32767
32767
32767
32767
32767
32767
32767
32767
32767
32767
32767
32767
32767
32767
32767
29800
22444
15004
7508
0
-7508
-15004
-22444
-29812
-32768
-32768
-32768
-32768
-32768
-32768
-32768
-32768
-32768
-32768
-32768
-32768
-32768
-32768
-32768
-32768
-32768
-32768
-32768
-32768
-32768
-32768
-32768
-32768
-32768
-32768
-32768
-32768
-32768
-32768
-32768
-32768
-32768
-32768
-32768
-32768
-32768
-32768
-32768
-32768
-32768
-32768
-32768
-32768
-32768
-32768
-26480
-19076
-11616
-4108
3408
10920
18376
25792
32767
32767
32767
32767
32767
32767
32767
32767
32767
32767
32767
32767
32767
32767
32767
32767
32767
32767
32767
32767
32767
32767
32767
32767
32767
32767
32767
32767
32767
32767
32767
32767
32767
32767
32767
32767
32767
32767
32767
32767
32767
32767
32767
32767
32767
32767
30476
23112
15676
8196
680
-6836
-14328
-21768
-29144
-32768
-32768
-32768
-32768
-32768
-32768
-32768
-32768
-32768
-32768
-32768
-32768
-32768
-32768
-32768
-32768
-32768
-32768
-32768
-32768
-32768
-32768
-32768
-32768
-32768
-32768
-32768
-32768
-32768
-32768
-32768
-32768
-32768
-32768
-32768
-32768
-32768
-32768
-32768
-32768
-32768
-32768
-32768
-32768
-32768
-32768
-27152
-19752
-12288
-4796
2720
10228
17708
25120
32456
32767
32767
32767
32767
32767
32767
32767
32767
32767
32767
32767
32767
32767
32767
32767
32767
32767
32767
32767
32767
32767
32767
32767
32767
32767
32767
32767
32767
32767
32767
32767
32767
32767
32767
32767
32767
32767
32767
32767
32767
32767
32767
32767
32767
32767
31144
23788
16356
8872
1368
-6148
-13648
-21100
-28476
-32768
-32768
-32768
-32768
-32768
-32768
-32768
-32768
-32768
-32768
-32768
-32768
-32768
-32768
-32768
-32768
-32768
-32768
-32768
-32768
-32768
-32768
-32768
-32768
-32768
-32768
-32768
-32768
-32768
-32768
-32768
-32768
-32768
-32768
-32768
-32768
-32768
-32768
-32768
-32768
-32768
-32768
-32768
-32768
-32768
-32768
-27812
-20432
-12976
-5472
2044
9544
17028
24456
31800
32767
32767
32767
32767
32767
32767
32767
32767
32767
32767
32767
32767
32767
32767
32767
32767
32767
32767
32767
32767
32767
32767
32767
32767
32767
32767
32767
32767
32767
32767
32767
32767
32767
32767
32767
32767
32767
32767
32767
32767
32767
32767
32767
32767
32767
31800
24456
17040
9556
2044
-5472
-12964
-20420
-27812
-32768
-32768
-32768
-32768
-32768
-32768
-32768
-32768
-32768
-32768
-32768
-32768
-32768
-32768
-32768
-32768
-32768
-32768
-32768
-32768
-32768
-32768
-32768
-32768
-32768
-32768
-32768
-32768
-32768
-32768
-32768
-32768
-32768
-32768
-32768
-32768
-32768
-32768
-32768
-32768
-32768
-32768
-32768
-32768
-32768
-32768
-28488
-21100
-13660
-6160
1356
8872
16344
23776
31132
32767
32767
32767
32767
32767
32767
32767
32767
32767
32767
32767
32767
32767
32767
32767
32767
32767
32767
32767
32767
32767
32767
32767
32767
32767
32767
32767
32767
32767
32767
32767
32767
32767
32767
32767
32767
32767
32767
32767
32767
32767
32767
32767
32767
32767
32468
25132
17708
10240
2732
-4784
-12288
-19740
-27140
-32768
-32768
-32768
-32768
-32768
-32768
-32768
-32768
-32768
-32768
-32768
-32768
-32768
-32768
-32768
-32768
-32768
-32768
-32768
-32768
-32768
-32768
-32768
-32768
-32768
-32768
-32768
-32768
-32768
-32768
-32768
-32768
-32768
-32768
-32768
-32768
-32768
-32768
-32768
-32768
-32768
-32768
-32768
-32768
-32768
-32768
-29156
-21780
-14328
-6836
668
8180
15676
23112
30460
32767
32767
32767
32767
32767
32767
32767
32767
32767
32767
32767
32767
32767
32767
32767
32767
32767
32767
32767
32767
32767
32767
32767
32767
32767
32767
32767
32767
32767
32767
32767
32767
32767
32767
32767
32767
32767
32767
32767
32767
32767
32767
32767
32767
32767
32767
25804
18392
10920
3408
-4092
-11604
-19076
-26480
-32768
-32768
-32768
-32768
-32768
-32768
-32768
-32768
-32768
-32768
-32768
-32768
-32768
-32768
-32768
-32768
-32768
-32768
-32768
-32768
-32768
-32768
-32768
-32768
-32768
-32768
-32768
-32768
-32768
-32768
-32768
-32768
-32768
-32768
-32768
-32768
-32768
-32768
-32768
-32768
-32768
-32768
-32768
-32768
-32768
-32768
-29812
-22456
-15016
-7520
0
7496
14992
22436
29800
32767
32767
32767
32767
32767
32767
32767
32767
32767
32767
32767
32767
32767
32767
32767
32767
32767
32767
32767
32767
32767
32767
32767
32767
32767
32767
32767
32767
32767
32767
32767
32767
32767
32767
32767
32767
32767
32767
32767
32767
32767
32767
32767
32767
32767
32767
26468
19064
11604
4096
-3420
-10932
-18388
-25804
-32768
-32768
-32768
-32768
-32768
-32768
-32768
-32768
-32768
-32768
-32768
-32768
-32768
-32768
-32768
-32768
-32768
-32768
-32768
-32768
-32768
-32768
-32768
-32768
-32768
-32768
-32768
-32768
-32768
-32768
-32768
-32768
-32768
-32768
-32768
-32768
-32768
-32768
-32768
-32768
-32768
-32768
-32768
-32768
-32768
-32768
-30488
-23124
-15688
-8208
-692
6824
14316
21756
29132
32767
32767
32767
32767
32767
32767
32767
32767
32767
32767
32767
32767
32767
32767
32767
32767
32767
32767
32767
32767
32767
32767
32767
32767
32767
32767
32767
32767
32767
32767
32767
32767
32767
32767
32767
32767
32767
32767
32767
32767
32767
32767
32767
32767
32767
32767
27140
19740
12276
4784
-2732
-10240
-17720
-25132
-32468
-32768
-32768
-32768
-32768
-32768
-32768
-32768
-32768
-32768
-32768
-32768
-32768
-32768
-32768
-32768
-32768
-32768
-32768
-32768
-32768
-32768
-32768
-32768
-32768
-32768
-32768
-32768
-32768
-32768
-32768
-32768
-32768
-32768
-32768
-32768
-32768
-32768
-32768
-32768
-32768
-32768
-32768
-32768
-32768
-32768
-31156
-23800
-16368
-8884
-1380
6136
13636
21088
28464
32767
32767
32767
32767
32767
32767
32767
32767
32767
32767
32767
32767
32767
32767
32767
32767
32767
32767
32767
32767
32767
32767
32767
32767
32767
32767
32767
32767
32767
32767
32767
32767
32767
32767
32767
32767
32767
32767
32767
32767
32767
32767
32767
32767
32767
32767
27800
20420
12964
5460
-2056
-9556
-17040
-24468
-31812
-32768
-32768
-32768
-32768
-32768
-32768
-32768
-32768
-32768
-32768
-32768
-32768
-32768
-32768
-32768
-32768
-32768
-32768
-32768
-32768
-32768
-32768
-32768
-32768
-32768
-32768
-32768
-32768
-32768
-32768
-32768
-32768
-32768
-32768
-32768
-32768
-32768
-32768
-32768
-32768
-32768
-32768
-32768
-32768
-32768
-31812
-24468
-17052
-9568
-2056
5460
12952
20408
27800
32767
32767
32767
32767
32767
32767
32767
32767
32767
32767
32767
32767
32767
32767
32767
32767
32767
32767
32767
32767
32767
32767
32767
32767
32767
32767
32767
32767
32767
32767
32767
32767
32767
32767
32767
32767
32767
32767
32767
32767
32767
32767
32767
32767
32767
32767
28476
21088
13648
6148
-1368
-8884
-16356
-23788
-31144
-32768
-32768
-32768
-32768
-32768
-32768
-32768
-32768
-32768
-32768
-32768
-32768
-32768
-32768
-32768
-32768
-32768
-32768
-32768
-32768
-32768
-32768
-32768
-32768
-32768
-32768
-32768
-32768
-32768
-32768
-32768
-32768
-32768
-32768
-32768
-32768
-32768
-32768
-32768
-32768
-32768
-32768
-32768
-32768
-32768
-32480
-25144
-17720
-10252
-2744
4772
12276
19728
27128
32767
32767
32767
32767
32767
32767
32767
32767
32767
32767
32767
32767
32767
32767
32767
32767
32767
32767
32767
32767
32767
32767
32767
32767
32767
32767
32767
32767
32767
32767
32767
32767
32767
32767
32767
32767
32767
32767
32767
32767
32767
32767
32767
32767
32767
32767
29144
21768
14316
6824
-680
-8192
-15688
-23124
-30472
-32768
-32768
-32768
-32768
-32768
-32768
-32768
-32768
-32768
-32768
-32768
-32768
-32768
-32768
-32768
-32768
-32768
-32768
-32768
-32768
-32768
-32768
-32768
-32768
-32768
-32768
-32768
-32768
-32768
-32768
-32768
-32768
-32768
-32768
-32768
-32768
-32768
-32768
-32768
-32768
-32768
-32768
-32768
-32768
-32768
-32768
-25816
-18404
-10932
-3420
4080
11592
19064
26468
32767
32767
32767
32767
32767
32767
32767
32767
32767
32767
32767
32767
32767
32767
32767
32767
32767
32767
32767
32767
32767
32767
32767
32767
32767
32767
32767
32767
32767
32767
32767
32767
32767
32767
32767
32767
32767
32767
32767
32767
32767
32767
32767
32767
32767
32767
29800
22444
15004
7508
0
-7508
-15004
-22444
-29812
-32768
-32768
-32768
-32768
-32768
-32768
-32768
-32768
-32768
-32768
-32768
-32768
-32768
-32768
-32768
-32768
-32768
-32768
-32768
-32768
-32768
-32768
-32768
-32768
-32768
-32768
-32768
-32768
-32768
-32768
-32768
-32768
-32768
-32768
-32768
-32768
-32768
-32768
-32768
-32768
-32768
-32768
-32768
-32768
-32768
-32768
-26480
-19076
-11616
-4108
3408
10920
18376
25792
32767
32767
32767
32767
32767
32767
32767
32767
32767
32767
32767
32767
32767
32767
32767
32767
32767
32767
32767
32767
32767
32767
32767
32767
32767
32767
32767
32767
32767
32767
32767
32767
32767
32767
32767
32767
32767
32767
32767
32767
32767
32767
32767
32767
32767
32767
30476
23112
15676
8196
680
-6836
-14328
-21768
-29144
-32768
-32768
-32768
-32768
-32768
-32768
-32768
-32768
-32768
-32768
-32768
-32768
-32768
-32768
-32768
-32768
-32768
-32768
-32768
-32768
-32768
-32768
-32768
-32768
-32768
-32768
-32768
-32768
-32768
-32768
-32768
-32768
-32768
-32768
-32768
-32768
-32768
-32768
-32768
-32768
-32768
-32768
-32768
-32768
-32768
-32768
-27152
-19752
-12288
-4796
2720
10228
17708
25120
32456
32767
32767
32767
32767
32767
32767
32767
32767
32767
32767
32767
32767
32767
32767
32767
32767
32767
32767
32767
32767
32767
32767
32767
32767
32767
32767
32767
32767
32767
32767
32767
32767
32767
32767
32767
32767
32767
32767
32767
32767
32767
32767
32767
32767
32767
31144
23788
16356
8872
1368
-6148
-13648
-21100
-28476
-32768
-32768
-32768
-32768
-32768
-32768
-32768
-32768
-32768
-32768
-32768
-32768
-32768
-32768
-32768
-32768
-32768
-32768
-32768
-32768
-32768
-32768
-32768
-32768
-32768
-32768
-32768
-32768
-32768
-32768
-32768
-32768
-32768
-32768
-32768
-32768
-32768
-32768
-32768
-32768
-32768
-32768
-32768
-32768
-32768
-32768
-27812
-20432
-12976
-5472
2044
9544
17028
24456
31800
32767
32767
32767
32767
32767
32767
32767
32767
32767
32767
32767
32767
32767
32767
32767
32767
32767
32767
32767
32767
32767
32767
32767
32767
32767
32767
32767
32767
32767
32767
32767
32767
32767
32767
32767
32767
32767
32767
32767
32767
32767
32767
32767
32767
32767
31800
24456
17040
9556
2044
-5472
-12964
-20420
-27812
-32768
-32768
-32768
-32768
-32768
-32768
-32768
-32768
-32768
-32768
-32768
-32768
-32768
-32768
-32768
-32768
-32768
-32768
-32768
-32768
-32768
-32768
-32768
-32768
-32768
-32768
-32768
-32768
-32768
-32768
-32768
-32768
-32768
-32768
-32768
-32768
-32768
-32768
-32768
-32768
-32768
-32768
-32768
-32768
-32768
-32768
-28488
-21100
-13660
-6160
1356
8872
16344
23776
31132
32767
32767
32767
32767
32767
32767
32767
32767
32767
32767
32767
32767
32767
32767
32767
32767
32767
32767
32767
32767
32767
32767
32767
32767
32767
32767
32767
32767
32767
32767
32767
32767
32767
32767
32767
32767
32767
32767
32767
32767
32767
32767
32767
32767
32767
32468
25132
17708
10240
2732
-4784
-12288
-19740
-27140
-32768
-32768
-32768
-32768
-32768
-32768
-32768
-32768
-32768
-32768
-32768
-32768
-32768
-32768
-32768
-32768
-32768
-32768
-32768
-32768
-32768
-32768
-32768
-32768
-32768
-32768
-32768
-32768
-32768
-32768
-32768
-32768
-32768
-32768
-32768
-32768
-32768
-32768
-32768
-32768
-32768
-32768
-32768
-32768
-32768
-32768
-29156
-21780
-14328
-6836
668
8180
15676
23112
30460
32767
32767
32767
32767
32767
32767
32767
32767
32767
32767
32767
32767
32767
32767
32767
32767
32767
32767
32767
32767
32767
32767
32767
32767
32767
32767
32767
32767
32767
32767
32767
32767
32767
32767
32767
32767
32767
32767
32767
32767
32767
32767
32767
32767
32767
32767
25804
18392
10920
3408
-4092
-11604
-19076
-26480
-32768
-32768
-32768
-32768
-32768
-32768
-32768
-32768
-32768
-32768
-32768
-32768
-32768
-32768
-32768
-32768
-32768
-32768
-32768
-32768
-32768
-32768
-32768
-32768
-32768
-32768
-32768
-32768
-32768
-32768
-32768
-32768
-32768
-32768
-32768
-32768
-32768
-32768
-32768
-32768
-32768
-32768
-32768
-32768
-32768
-32768
-29812
-22456
-15016
-4096
0
0
0
4096
4096
8192
8192
12288
12288
12288
16384
16384
20480
20480
20480
24576
24576
24576
24576
28672
28672
28672
28672
28672
28672
28672
28672
28672
28672
28672
28672
28672
28672
28672
28672
28672
24576
24576
24576
24576
20480
20480
20480
16384
16384
16384
12288
12288
8192
8192
8192
4096
4096
0
0
-4096
-4096
-8192
-8192
-12288
-12288
-12288
-16384
-16384
-20480
-20480
-20480
-24576
-24576
-24576
-28672
-28672
-28672
-28672
-32768
-32768
-32768
-32768
-32768
-32768
-32768
-32768
-32768
-32768
-32768
-32768
-32768
-32768
-32768
-32768
-32768
-28672
-28672
-28672
-28672
-24576
-24576
-24576
-20480
-20480
-16384
-16384
-16384
-12288
-12288
-8192
-8192
-4096
-4096
-4096
0
0
4096
4096
8192
8192
12288
12288
12288
16384
16384
20480
20480
20480
24576
24576
24576
24576
28672
28672
28672
28672
28672
28672
28672
28672
28672
28672
28672
28672
28672
28672
28672
28672
28672
28672
24576
24576
24576
20480
20480
20480
16384
16384
16384
12288
12288
8192
8192
8192
4096
4096
0
0
-4096
-4096
-8192
-8192
-8192
-12288
-12288
-16384
-16384
-20480
-20480
-20480
-24576
-24576
-24576
-28672
-28672
-28672
-28672
-32768
-32768
-32768
-32768
-32768
-32768
-32768
-32768
-32768
-32768
-32768
-32768
-32768
-32768
-32768
-32768
-32768
-28672
-28672
-28672
-28672
-24576
-24576
-24576
-20480
-20480
-20480
-16384
-16384
-12288
-12288
-8192
-8192
-4096
-4096
-4096
0
0
4096
4096
8192
8192
12288
12288
12288
16384
16384
20480
20480
20480
24576
24576
24576
24576
28672
28672
28672
28672
28672
28672
28672
28672
28672
28672
28672
28672
28672
28672
28672
28672
28672
28672
24576
24576
24576
20480
20480
20480
16384
16384
16384
12288
12288
12288
8192
8192
4096
4096
0
0
-4096
-4096
-8192
-8192
-8192
-12288
-12288
-16384
-16384
-20480
-20480
-20480
-24576
-24576
-24576
-28672
-28672
-28672
-28672
-32768
-32768
-32768
-32768
-32768
-32768
-32768
-32768
-32768
-32768
-32768
-32768
-32768
-32768
-32768
-32768
-32768
-28672
-28672
-28672
-28672
-24576
-24576
-24576
-20480
-20480
-20480
-16384
-16384
-12288
-12288
-8192
-8192
-8192
-4096
-4096
0
0
4096
4096
8192
8192
12288
12288
12288
16384
16384
16384
20480
20480
20480
24576
24576
24576
28672
28672
28672
28672
28672
28672
28672
28672
28672
28672
28672
28672
28672
28672
28672
28672
28672
28672
24576
24576
24576
24576
20480
20480
20480
16384
16384
12288
12288
12288
8192
8192
4096
4096
0
0
-4096
-4096
-4096
-8192
-8192
-12288
-12288
-16384
-16384
-20480
-20480
-20480
-24576
-24576
-24576
-28672
-28672
-28672
-28672
-32768
-32768
-32768
-32768
-32768
-32768
-32768
-32768
-32768
-32768
-32768
-32768
-32768
-32768
-32768
-32768
-32768
-28672
-28672
-28672
-28672
-24576
-24576
-24576
-20480
-20480
-20480
-16384
-16384
-12288
-12288
-8192
-8192
-8192
-4096
-4096
0
0
4096
4096
8192
8192
8192
12288
12288
16384
16384
16384
20480
20480
20480
24576
24576
24576
28672
28672
28672
28672
28672
28672
28672
28672
28672
28672
28672
28672
28672
28672
28672
28672
28672
28672
24576
24576
24576
24576
20480
20480
20480
16384
16384
12288
12288
12288
8192
8192
4096
4096
0
0
-4096
-4096
-4096
-8192
-8192
-12288
-12288
-16384
-16384
-16384
-20480
-20480
-24576
-24576
-24576
-28672
-28672
-28672
-28672
-32768
-32768
-32768
-32768
-32768
-32768
-32768
-32768
-32768
-32768
-32768
-32768
-32768
-32768
-32768
-32768
-32768
-28672
-28672
-28672
-28672
-24576
-24576
-24576
-20480
-20480
-20480
-16384
-16384
-12288
-12288
-12288
-8192
-8192
-4096
-4096
0
0
4096
4096
8192
8192
8192
12288
12288
16384
16384
16384
20480
20480
20480
24576
24576
24576
24576
28672
28672
28672
28672
28672
28672
28672
28672
28672
28672
28672
28672
28672
28672
28672
28672
28672
24576
24576
24576
24576
20480
20480
20480
16384
16384
12288
12288
12288
8192
8192
4096
4096
0
0
0
-4096
-4096
-8192
-8192
-12288
-12288
-16384
-16384
-16384
-20480
-20480
-24576
-24576
-24576
-28672
-28672
-28672
-28672
-32768
-32768
-32768
-32768
-32768
-32768
-32768
-32768
-32768
-32768
-32768
-32768
-32768
-32768
-32768
-32768
-32768
-28672
-28672
-28672
-28672
-24576
-24576
-24576
-20480
-20480
-20480
-16384
-16384
-12288
-12288
-12288
-8192
-8192
-4096
-4096
0
0
4096
4096
8192
8192
8192
12288
12288
16384
16384
16384
20480
20480
20480
24576
24576
24576
24576
28672
28672
28672
28672
28672
28672
28672
28672
28672
28672
28672
28672
28672
28672
28672
28672
28672
24576
24576
24576
24576
20480
20480
20480
16384
16384
12288
12288
12288
8192
8192
4096
4096
0
0
0
-4096
-4096
-8192
-8192
-12288
-12288
-16384
-16384
-16384
-20480
-20480
-24576
-24576
-24576
-28672
-28672
-28672
-28672
-32768
-32768
-32768
-32768
-32768
-32768
-32768
-32768
-32768
-32768
-32768
-32768
-32768
-32768
-32768
-32768
-32768
-32768
-28672
-28672
-28672
-24576
-24576
-24576
-20480
-20480
-20480
-16384
-16384
-12288
-12288
-12288
-8192
-8192
-4096
-4096
0
0
4096
4096
4096
8192
8192
12288
12288
16384
16384
16384
20480
20480
20480
24576
24576
24576
24576
28672
28672
28672
28672
28672
28672
28672
28672
28672
28672
28672
28672
28672
28672
28672
28672
28672
24576
24576
24576
24576
20480
20480
20480
16384
16384
16384
12288
12288
8192
8192
4096
4096
0
0
0
-4096
-4096
-8192
-8192
-12288
-12288
-16384
-16384
-16384
-20480
-20480
-24576
-24576
-24576
-28672
-28672
-28672
-28672
-32768
-32768
-32768
-32768
-32768
-32768
-32768
-32768
-32768
-32768
-32768
-32768
-32768
-32768
-32768
-32768
-32768
-32768
-28672
-28672
-28672
-24576
-24576
-24576
-20480
-20480
-20480
-16384
-16384
-16384
-12288
-12288
-8192
-8192
-4096
-4096
0
0
4096
4096
4096
8192
8192
12288
12288
16384
16384
16384
20480
20480
20480
24576
24576
24576
24576
28672
28672
28672
28672
28672
28672
28672
28672
28672
28672
28672
28672
28672
28672
28672
28672
28672
24576
24576
24576
24576
20480
20480
20480
16384
16384
16384
12288
12288
8192
8192
4096
4096
4096
0
0
-4096
-4096
-8192
-8192
-12288
-12288
-16384
-16384
-16384
-20480
-20480
-20480
-24576
-24576
-24576
-28672
-28672
-28672
-32768
-32768
-32768
-32768
-32768
-32768
-32768
-32768
-32768
-32768
-32768
-32768
-32768
-32768
-32768
-32768
-32768
-32768
-28672
-28672
-28672
-28672
-24576
-24576
-24576
-20480
-20480
-16384
-16384
-16384
-12288
-12288
-8192
-8192
-4096
-4096
0
0
0
4096
4096
8192
8192
12288
12288
16384
16384
16384
20480
20480
20480
24576
24576
24576
24576
28672
28672
28672
28672
28672
28672
28672
28672
28672
28672
28672
28672
28672
28672
28672
28672
28672
24576
24576
24576
24576
20480
20480
20480
16384
16384
16384
12288
12288
8192
8192
4096
4096
4096
0
0
-4096
-4096
-8192
-8192
-12288
-12288
-12288
-16384
-16384
-20480
-20480
-20480
-24576
-24576
-24576
-28672
-28672
-28672
-32768
-32768
-32768
-32768
-32768
-32768
-32768
-32768
-32768
-32768
-32768
-32768
-32768
-32768
-32768
-32768
-32768
-32768
-28672
-28672
-28672
-28672
-24576
-24576
-24576
-20480
-20480
-16384
-16384
-16384
-12288
-12288
-8192
-8192
-4096
-4096
0
0
0
4096
4096
8192
8192
12288
12288
12288
16384
16384
20480
20480
20480
24576
24576
24576
24576
28672
28672
28672
28672
28672
28672
28672
28672
28672
28672
28672
28672
28672
28672
28672
28672
28672
24576
24576
24576
24576
20480
20480
20480
16384
16384
16384
12288
12288
8192
8192
8192
4096
4096
0
0
-4096
-4096
-8192
-8192
-12288
-12288
-12288
-16384
-16384
-20480
-20480
-20480
-24576
-24576
-24576
-28672
-28672
-28672
-28672
-32768
-32768
-32768
-32768
-32768
-32768
-32768
-32768
-32768
-32768
-32768
-32768
-32768
-32768
-32768
-32768
-32768
-28672
-28672
-28672
-28672
-24576
-24576
-24576
-20480
-20480
-16384
-16384
-16384
-12288
-12288
-8192
-8192
-4096
-4096
0
0
0
4096
4096
8192
8192
12288
12288
12288
16384
16384
20480
20480
20480
24576
24576
24576
24576
28672
28672
28672
28672
28672
28672
28672
28672
28672
28672
28672
28672
28672
28672
28672
28672
28672
24576
24576
24576
24576
20480
20480
20480
16384
16384
16384
12288
12288
8192
8192
8192
4096
4096
0
0
-4096
-4096
-8192
-8192
-12288
-12288
-12288
-16384
-16384
-20480
-20480
-20480
-24576
-24576
-24576
-28672
-28672
-28672
-28672
-32768
-32768
-32768
-32768
-32768
-32768
-32768
-32768
-32768
-32768
-32768
-32768
-32768
-32768
-32768
-32768
-32768
-28672
-28672
-28672
-28672
-24576
-24576
-24576
-20480
-20480
-16384
-16384
-16384
-12288
-12288
-8192
-8192
-4096
-4096
-4096
0
0
4096
4096
8192
8192
12288
12288
12288
16384
16384
20480
20480
20480
24576
24576
24576
24576
28672
28672
28672
28672
28672
28672
28672
28672
28672
28672
28672
28672
28672
28672
28672
28672
28672
28672
24576
24576
24576
20480
20480
20480
16384
16384
16384
12288
12288
8192
8192
8192
4096
4096
0
0
-4096
-4096
-8192
-8192
-8192
-12288
-12288
-16384
-16384
-20480
-20480
-20480
-24576
-24576
-24576
-28672
-28672
-28672
-28672
-32768
-32768
-32768
-32768
-32768
-32768
-32768
-32768
-32768
-32768
-32768
-32768
-32768
-32768
-32768
-32768
-32768
-28672
-28672
-28672
-28672
-24576
-24576
-24576
-20480
-20480
-20480
-16384
-16384
-12288
-12288
-8192
-8192
-4096
-4096
-4096
0
0
4096
4096
8192
8192
12288
12288
12288
16384
16384
20480
20480
20480
24576
24576
24576
24576
28672
28672
28672
28672
28672
28672
28672
28672
28672
28672
28672
28672
28672
28672
28672
28672
28672
28672
24576
24576
24576
20480
20480
20480
16384
16384
16384
12288
12288
12288
8192
8192
4096
4096
0
0
-4096
-4096
-8192
-8192
-8192
-12288
-12288
-16384
-16384
-20480
-20480
-20480
-24576
-24576
-24576
-28672
-28672
-28672
-28672
-32768
-32768
-32768
-32768
-32768
-32768
-32768
-32768
-32768
-32768
-32768
-32768
-32768
-32768
-32768
-32768
-32768
-28672
-28672
-28672
-28672
-24576
-24576
-24576
-20480
-20480
-20480
-16384
-16384
-12288
-12288
-8192
-8192
-8192
-4096
-4096
0
0
4096
4096
8192
8192
12288
12288
12288
16384
16384
16384
20480
20480
20480
24576
24576
24576
28672
28672
28672
28672
28672
28672
28672
28672
28672
28672
28672
28672
28672
28672
28672
28672
28672
28672
24576
24576
24576
24576
20480
20480
20480
16384
16384
12288
12288
12288
8192
8192
4096
4096
0
0
-4096
-4096
-4096
-8192
-8192
-12288
-12288
-16384
-16384
-20480
-20480
-20480
-24576
-24576
-24576
-28672
-28672
-28672
-28672
-32768
-32768
-32768
-32768
-32768
-32768
-32768
-32768
-32768
-32768
-32768
-32768
-32768
-32768
-32768
-32768
-32768
-28672
-28672
-28672
-28672
-24576
-24576
-24576
-20480
-20480
-20480
-16384
-16384
-12288
-12288
-8192
-8192
-8192
-4096
-4096
0
0
4096
4096
8192
8192
8192
12288
12288
16384
16384
16384
20480
20480
20480
24576
24576
24576
28672
28672
28672
28672
28672
28672
28672
28672
28672
28672
28672
28672
28672
28672
28672
28672
28672
28672
24576
24576
24576
24576
20480
20480
20480
16384
16384
12288
12288
12288
8192
8192
4096
4096
0
0
-4096
-4096
-4096
-8192
-8192
-12288
-12288
-16384
-16384
-16384
-20480
-20480
-24576
-24576
-24576
-28672
-28672
-28672
-28672
-32768
-32768
-32768
-32768
-32768
-32768
-32768
-32768
-32768
-32768
-32768
-32768
-32768
-32768
-32768
-32768
-32768
-28672
-28672
-28672
-28672
-24576
-24576
-24576
-20480
-20480
-20480
-16384
-16384
-12288
-12288
-12288
-8192
-8192
-4096
-4096
0
0
4096
4096
8192
8192
8192
12288
12288
16384
16384
16384
20480
20480
20480
24576
24576
24576
24576
28672
28672
28672
28672
28672
28672
28672
28672
28672
28672
28672
28672
28672
28672
28672
28672
28672
24576
24576
24576
24576
20480
20480
20480
16384
16384
12288
12288
12288
8192
8192
4096
4096
0
0
0
-4096
-4096
-8192
-8192
-12288
-12288
-16384
-16384
-16384
-20480
-20480
-24576
-24576
-24576
-28672
-28672
-28672
-28672
-32768
-32768
-32768
-32768
-32768
-32768
-32768
-32768
-32768
-32768
-32768
-32768
-32768
-32768
-32768
-32768
-32768
-28672
-28672
-28672
-28672
-24576
-24576
-24576
-20480
-20480
-20480
-16384
-16384
-12288
-12288
-12288
-8192
-8192
-4096
-4096
0
0
4096
4096
8192
8192
8192
12288
12288
16384
16384
16384
20480
20480
20480
24576
24576
24576
24576
28672
28672
28672
28672
28672
28672
28672
28672
28672
28672
28672
28672
28672
28672
28672
28672
28672
24576
24576
24576
24576
20480
20480
20480
16384
16384
12288
12288
12288
8192
8192
4096
4096
0
0
0
-4096
-4096
-8192
-8192
-12288
-12288
-16384
-16384
-16384
-20480
-20480
-24576
-24576
-24576
-28672
-28672
-28672
-28672
-32768
-32768
-32768
-32768
-32768
-32768
-32768
-32768
-32768
-32768
-32768
-32768
-32768
-32768
-32768
-32768
-32768
-32768
-28672
-28672
-28672
-24576
-24576
-24576
-20480
-20480
-20480
-16384
-16384
-12288
-12288
-12288
-8192
-8192
-4096
-4096
0
0
4096
4096
4096
8192
8192
12288
12288
16384
16384
16384
20480
20480
20480
24576
24576
24576
24576
28672
28672
28672
28672
28672
28672
28672
28672
28672
28672
28672
28672
28672
28672
28672
28672
28672
24576
24576
24576
24576
20480
20480
20480
16384
16384
16384
12288
12288
8192
8192
4096
4096
0
0
0
-4096
-4096
-8192
-8192
-12288
-12288
-16384
-16384
-16384
-20480
-20480
-24576
-24576
-24576
-28672
-28672
-28672
-28672
-32768
-32768
-32768
-32768
-32768
-32768
-32768
-32768
-32768
-32768
-32768
-32768
-32768
-32768
-32768
-32768
-32768
-32768
-28672
-28672
-28672
-24576
-24576
-24576
-20480
-20480
-20480
-16384
-16384
-16384
-12288
-12288
-8192
-8192
-4096
-4096
0
0
4096
4096
4096
8192
8192
12288
12288
16384
16384
16384
20480
20480
20480
24576
24576
24576
24576
28672
28672
28672
28672
28672
28672
28672
28672
28672
28672
28672
28672
28672
28672
28672
28672
28672
24576
24576
24576
24576
20480
20480
20480
16384
16384
16384
12288
12288
8192
8192
4096
4096
4096
0
0
-4096
-4096
-8192
-8192
-12288
-12288
-16384
-16384
-16384
-20480
-20480
-20480
-24576
-24576
-24576
-28672
-28672
-28672
-32768
-32768
-32768
-32768
-32768
-32768
-32768
-32768
-32768
-32768
-32768
-32768
-32768
-32768
-32768
-32768
-32768
-32768
-28672
-28672
-28672
-28672
-24576
-24576
-24576
-20480
-20480
-16384
-16384
-16384
-12288
-12288
-8192
-8192
-4096
-4096
0
0
0
4096
4096
8192
8192
12288
12288
16384
16384
16384
20480
20480
20480
24576
24576
24576
24576
28672
28672
28672
28672
28672
28672
28672
28672
28672
28672
28672
28672
28672
28672
28672
28672
28672
24576
24576
24576
24576
20480
20480
20480
16384
16384
16384
12288
12288
8192
8192
4096
4096
4096
0
0
-4096
-4096
-8192
-8192
-12288
-12288
-12288
-16384
-16384
-20480
-20480
-20480
-24576
-24576
-24576
-28672
-28672
-28672
-32768
-32768
-32768
-32768
-32768
-32768
-32768
-32768
-32768
-32768
-32768
-32768
-32768
-32768
-32768
-32768
-32768
-32768
-28672
-28672
-28672
-28672
-24576
-24576
-24576
-20480
-20480
-16384
-16384
-16384
-12288
-12288
-8192
-8192
-4096
-4096
0
0
0
4096
4096
8192
8192
12288
12288
12288
16384
16384
20480
20480
20480
24576
24576
24576
24576
28672
28672
28672
28672
28672
28672
28672
28672
28672
28672
28672
28672
28672
28672
28672
28672
28672
24576
24576
24576
24576
20480
20480
20480
16384
16384
16384
12288
12288
8192
8192
8192
4096
4096
0
0
-4096
-4096
-8192
-8192
-12288
-12288
-12288
-16384
-16384
-20480
-20480
-20480
-24576
-24576
-24576
-28672
-28672
-28672
-28672
-32768
-32768
-32768
-32768
-32768
-32768
-32768
-32768
-32768
-32768
-32768
-32768
-32768
-32768
-32768
-32768
-32768
-28672
-28672
-28672
-28672
-24576
-24576
-24576
-20480
-20480
-16384
-16384
-16384
-12288
-12288
-8192
-8192
-4096
-4096
0
0
0
4096
4096
8192
8192
12288
12288
12288
16384
16384
20480
20480
20480
24576
24576
24576
24576
28672
28672
28672
28672
28672
28672
28672
28672
28672
28672
28672
28672
28672
28672
28672
28672
28672
24576
24576
24576
24576
20480
20480
20480
16384
16384
16384
12288
12288
8192
8192
8192
4096
4096
0
0
-4096
-4096
-8192
-8192
-12288
-12288
-12288
-16384
-16384
-20480
-20480
-20480
-24576
-24576
-24576
-28672
-28672
-28672
-28672
-32768
-32768
-32768
-32768
-32768
-32768
-32768
-32768
-32768
-32768
-32768
-32768
-32768
-32768
-32768
-32768
-32768
-28672
-28672
-28672
-28672
-24576
-24576
-24576
-20480
-20480
-16384
-16384
-16384
-12288
-12288
-8192
-8192
-4096
-4096
-4096
0
0
4096
4096
8192
8192
12288
12288
12288
16384
16384
20480
20480
20480
24576
24576
24576
24576
28672
28672
28672
28672
28672
28672
28672
28672
28672
28672
28672
28672
28672
28672
28672
28672
28672
28672
24576
24576
24576
20480
20480
20480
16384
16384
16384
12288
12288
8192
8192
8192
4096
4096
0
0
-4096
-4096
-8192
-8192
-8192
-12288
-12288
-16384
-16384
-20480
-20480
-20480
-24576
-24576
-24576
-28672
-28672
-28672
-28672
-32768
-32768
-32768
-32768
-32768
-32768
-32768
-32768
-32768
-32768
-32768
-32768
-32768
-32768
-32768
-32768
-32768
-28672
-28672
-28672
-28672
-24576
-24576
-24576
-20480
-20480
-20480
-16384
-16384
-12288
-12288
-8192
-8192
-4096
-4096
-4096
0
0
4096
4096
8192
8192
12288
12288
12288
16384
16384
20480
20480
20480
24576
24576
24576
24576
28672
28672
28672
28672
28672
28672
28672
28672
28672
28672
28672
28672
28672
28672
28672
28672
28672
28672
24576
24576
24576
20480
20480
20480
16384
16384
16384
12288
12288
12288
8192
8192
4096
4096
0
0
-4096
-4096
-8192
-8192
-8192
-12288
-12288
-16384
-16384
-20480
-20480
-20480
-24576
-24576
-24576
-28672
-28672
-28672
-28672
-32768
-32768
-32768
-32768
-32768
-32768
-32768
-32768
-32768
-32768
-32768
-32768
-32768
-32768
-32768
-32768
-32768
-28672
-28672
-28672
-28672
-24576
-24576
-24576
-20480
-20480
-20480
-16384
-16384
-12288
-12288
-8192
-8192
-8192
-4096
-4096
0
0
4096
4096
8192
8192
12288
12288
12288
16384
16384
16384
20480
20480
20480
24576
24576
24576
28672
28672
28672
28672
28672
28672
28672
28672
28672
28672
28672
28672
28672
28672
28672
28672
28672
28672
24576
24576
24576
24576
20480
20480
20480
16384
16384
12288
12288
12288
8192
8192
4096
4096
0
0
-4096
-4096
-4096
-8192
-8192
-12288
-12288
-16384
-16384
-20480
-20480
-20480
-24576
-24576
-24576
-28672
-28672
-28672
-28672
-32768
-32768
-32768
-32768
-32768
-32768
-32768
-32768
-32768
-32768
-32768
-32768
-32768
-32768
-32768
-32768
-32768
-28672
-28672
-28672
-28672
-24576
-24576
-24576
-20480
-20480
-20480
-16384
-16384
-12288
-12288
-8192
-8192
-8192
-4096
-4096
0
0
4096
4096
8192
8192
8192
12288
12288
16384
16384
16384
20480
20480
20480
24576
24576
24576
28672
28672
28672
28672
28672
28672
28672
28672
28672
28672
28672
28672
28672
28672
28672
28672
28672
28672
24576
24576
24576
24576
20480
20480
20480
16384
16384
12288
12288
12288
8192
8192
4096
4096
0
0
-4096
-4096
-4096
-8192
-8192
-12288
-12288
-16384
-16384
-16384
-20480
-20480
-24576
-24576
-24576
-28672
-28672
-28672
-28672
-32768
-32768
-32768
-32768
-32768
-32768
-32768
-32768
-32768
-32768
-32768
-32768
-32768
-32768
-32768
-32768
-32768
-28672
-28672
-28672
-28672
-24576
-24576
-24576
-20480
-20480
-20480
-16384
-16384
-12288
-12288
-12288
-8192
-8192
-4096
-4096
0
0
4096
4096
8192
8192
8192
12288
12288
16384
16384
16384
20480
20480
20480
24576
24576
24576
24576
28672
28672
28672
28672
28672
28672
28672
28672
28672
28672
28672
28672
28672
28672
28672
28672
28672
24576
24576
24576
24576
20480
20480
20480
16384
16384
12288
12288
12288
8192
8192
4096
4096
0
0
0
-4096
-4096
-8192
-8192
-12288
-12288
-16384
-16384
-16384
-20480
-20480
-24576
-24576
-24576
-28672
-28672
-28672
-28672
-32768
-32768
-32768
-32768
-32768
-32768
-32768
-32768
-32768
-32768
-32768
-32768
-32768
-32768
-32768
-32768
-32768
-28672
-28672
-28672
-28672
-24576
-24576
-24576
-20480
-20480
-20480
-16384
-16384
-12288
-12288
-12288
-8192
-8192
-4096
-4096
0
0
4096
4096
8192
8192
8192
12288
12288
16384
16384
16384
20480
20480
20480
24576
24576
24576
24576
28672
28672
28672
28672
28672
28672
28672
28672
28672
28672
28672
28672
28672
28672
28672
28672
28672
24576
24576
24576
24576
20480
20480
20480
16384
16384
12288
12288
12288
8192
8192
4096
4096
0
0
0
-4096
-4096
-8192
-8192
-12288
-12288
-16384
-16384
-16384
-20480
-20480
-24576
-24576
-24576
-28672
-28672
-28672
-28672
-32768
-32768
-32768
-32768
-32768
-32768
-32768
-32768
-32768
-32768
-32768
-32768
-32768
-32768
-32768
-32768
-32768
-32768
-28672
-28672
-28672
-24576
-24576
-24576
-20480
-20480
-20480
-16384
-16384
-12288
-12288
-12288
-8192
-8192
-4096
-4096
0
0
4096
4096
4096
8192
8192
12288
12288
16384
16384
16384
20480
20480
20480
24576
24576
24576
24576
28672
28672
28672
28672
28672
28672
28672
28672
28672
28672
28672
28672
28672
28672
28672
28672
28672
24576
24576
24576
24576
20480
20480
20480
16384
16384
16384
12288
12288
8192
8192
4096
4096
0
0
0
-4096
-4096
-8192
-8192
-12288
-12288
-16384
-16384
-16384
-20480
-20480
-24576
-24576
-24576
-28672
-28672
-28672
-28672
-32768
-32768
-32768
-32768
-32768
-32768
-32768
-32768
-32768
-32768
-32768
-32768
-32768
-32768
-32768
-32768
-32768
-32768
-28672
-28672
-28672
-24576
-24576
-24576
-20480
-20480
-20480
-16384
-16384
-16384
-12288
-12288
-8192
-8192
-4096
-4096
0
0
4096
4096
4096
8192
8192
12288
12288
16384
16384
16384
20480
20480
20480
24576
24576
24576
24576
28672
28672
28672
28672
28672
28672
28672
28672
28672
28672
28672
28672
28672
28672
28672
28672
28672
24576
24576
24576
24576
20480
20480
20480
16384
16384
16384
12288
12288
8192
8192
4096
4096
4096
0
0
-4096
-4096
-8192
-8192
-12288
-12288
-16384
-16384
-16384
-20480
-20480
-20480
-24576
-24576
-24576
-28672
-28672
-28672
-32768
-32768
-32768
-32768
-32768
-32768
-32768
-32768
-32768
-32768
-32768
-32768
-32768
-32768
-32768
-32768
-32768
-32768
-28672
-28672
-28672
-28672
-24576
-24576
-24576
-20480
-20480
-16384
-16384
-16384
-12288
-12288
-8192
-8192
-4096
-4096
0
0
0
4096
4096
8192
8192
12288
12288
16384
16384
16384
20480
20480
20480
24576
24576
24576
24576
28672
28672
28672
28672
28672
28672
28672
28672
28672
28672
28672
28672
28672
28672
28672
28672
28672
24576
24576
24576
24576
20480
20480
20480
16384
16384
16384
12288
12288
8192
8192
4096
4096
4096
0
0
-4096
-4096
-8192
-8192
-12288
-12288
-12288
-16384
-16384
-20480
-20480
-20480
-24576
-24576
-24576
-28672
-28672
-28672
-32768
-32768
-32768
-32768
-32768
-32768
-32768
-32768
-32768
-32768
-32768
-32768
-32768
-32768
-32768
-32768
-32768
-32768
-28672
-28672
-28672
-28672
-24576
-24576
-24576
-20480
-20480
-16384
-16384
-16384
-12288
-12288
-8192
-8192
-4096
-4096
0
0
0
4096
4096
8192
8192
12288
12288
12288
16384
16384
20480
20480
20480
24576
24576
24576
24576
28672
28672
28672
28672
28672
28672
28672
28672
28672
28672
28672
28672
28672
28672
28672
28672
28672
24576
24576
24576
24576
20480
20480
20480
16384
16384
16384
12288
12288
8192
8192
8192
4096
4096
0
0
-4096
-4096
-8192
-8192
-12288
-12288
-12288
-16384
-16384
-20480
-20480
-20480
-24576
-24576
-24576
-28672
-28672
-28672
-28672
-32768
-32768
-32768
-32768
-32768
-32768
-32768
-32768
-32768
-32768
-32768
-32768
-32768
-32768
-32768
-32768
-32768
-28672
-28672
-28672
-28672
-24576
-24576
-24576
-20480
-20480
-16384
-16384
-16384
-12288
-12288
-8192
-8192
-4096
-4096
0
0
0
4096
4096
8192
8192
12288
12288
12288
16384
16384
20480
20480
20480
24576
24576
24576
24576
28672
28672
28672
28672
28672
28672
28672
28672
28672
28672
28672
28672
28672
28672
28672
28672
28672
24576
24576
24576
24576
20480
20480
20480
16384
16384
16384
12288
12288
8192
8192
8192
4096
4096
0
0
-4096
-4096
-8192
-8192
-12288
-12288
-12288
-16384
-16384
-20480
-20480
-20480
-24576
-24576
-24576
-28672
-28672
-28672
-28672
-32768
-32768
-32768
-32768
-32768
-32768
-32768
-32768
-32768
-32768
-32768
-32768
-32768
-32768
-32768
-32768
-32768
-28672
-28672
-28672
-28672
-24576
-24576
-24576
-20480
-20480
-16384
-16384
-16384
-12288
-12288
-8192
-8192
-4096
-4096
-4096
0
0
4096
4096
8192
8192
12288
12288
12288
16384
16384
20480
20480
20480
24576
24576
24576
24576
28672
28672
28672
28672
28672
28672
28672
28672
28672
28672
28672
28672
28672
28672
28672
28672
28672
28672
24576
24576
24576
20480
20480
20480
16384
16384
16384
12288
12288
8192
8192
8192
4096
4096
0
0
-4096
-4096
-8192
-8192
-8192
-12288
-12288
-16384
-16384
-20480
-20480
-20480
-24576
-24576
-24576
-28672
-28672
-28672
-28672
-32768
-32768
-32768
-32768
-32768
-32768
-32768
-32768
-32768
-32768
-32768
-32768
-32768
-32768
-32768
-32768
-32768
-28672
-28672
-28672
-28672
-24576
-24576
-24576
-20480
-20480
-20480
-16384
-16384
-12288
-12288
-8192
-8192
-4096
-4096
-4096
0
0
4096
4096
8192
8192
12288
12288
12288
16384
16384
20480
20480
20480
24576
24576
24576
24576
28672
28672
28672
28672
28672
28672
28672
28672
28672
28672
28672
28672
28672
28672
28672
28672
28672
28672
24576
24576
24576
20480
20480
20480
16384
16384
16384
12288
12288
12288
8192
8192
4096
4096
0
0
-4096
-4096
-8192
-8192
-8192
-12288
-12288
-16384
-16384
-20480
-20480
-20480
-24576
-24576
-24576
-28672
-28672
-28672
-28672
-32768
-32768
-32768
-32768
-32768
-32768
-32768
-32768
-32768
-32768
-32768
-32768
-32768
-32768
-32768
-32768
-32768
-28672
-28672
-28672
-28672
-24576
-24576
-24576
-20480
-20480
-20480
-16384
-16384
-12288
-12288
-8192
-8192
-8192
-4096
-4096
0
0
4096
4096
8192
8192
12288
12288
12288
16384
16384
16384
20480
20480
20480
24576
24576
24576
28672
28672
28672
28672
28672
28672
28672
28672
28672
28672
28672
28672
28672
28672
28672
28672
28672
28672
24576
24576
24576
24576
20480
20480
20480
16384
16384
12288
12288
12288
8192
8192
4096
4096
0
0
-4096
-4096
-4096
-8192
-8192
-12288
-12288
-16384
-16384
-20480
-20480
-20480
-24576
-24576
-24576
-28672
-28672
-28672
-28672
-32768
-32768
-32768
-32768
-32768
-32768
-32768
-32768
-32768
-32768
-32768
-32768
-32768
-32768
-32768
-32768
-32768
-28672
-28672
-28672
-28672
-24576
-24576
-24576
-20480
-20480
-20480
-16384
-16384
-12288
-12288
-8192
-8192
-8192
-4096
-4096
0
0
4096
4096
8192
8192
8192
12288
12288
16384
16384
16384
20480
20480
20480
24576
24576
24576
28672
28672
28672
28672
28672
28672
28672
28672
28672
28672
28672
28672
28672
28672
28672
28672
28672
28672
24576
24576
24576
24576
20480
20480
20480
16384
16384
12288
12288
12288
8192
8192
4096
4096
0
0
-4096
-4096
-4096
-8192
-8192
-12288
-12288
-16384
-16384
-16384
-20480
-20480
-24576
-24576
-24576
-28672
-28672
-28672
-28672
-32768
-32768
-32768
-32768
-32768
-32768
-32768
-32768
-32768
-32768
-32768
-32768
-32768
-32768
-32768
-32768
-32768
-28672
-28672
-28672
-28672
-24576
-24576
-24576
-20480
-20480
-20480
-16384
-16384
-12288
-12288
-12288
-8192
-8192
-4096
-4096
0
0
4096
4096
8192
8192
8192
12288
12288
16384
16384
16384
20480
20480
20480
24576
24576
24576
24576
28672
28672
28672
28672
28672
28672
28672
28672
28672
28672
28672
28672
28672
28672
28672
28672
28672
24576
24576
24576
24576
20480
20480
20480
16384
16384
12288
12288
12288
8192
8192
4096
4096
0
0
0
-4096
-4096
-8192
-8192
-12288
-12288
-16384
-16384
-16384
-20480
-20480
-24576
-24576
-24576
-28672
-28672
-28672
-28672
-32768
-32768
-32768
-32768
-32768
-32768
-32768
-32768
-32768
-32768
-32768
-32768
-32768
-32768
-32768
-32768
-32768
-28672
-28672
-28672
-28672
-24576
-24576
-24576
-20480
-20480
-20480
-16384
-16384
-12288
-12288
-12288
-8192
-8192
-4096
-4096
0
0
4096
4096
8192
8192
8192
12288
12288
16384
16384
16384
20480
20480
20480
24576
24576
24576
24576
28672
28672
28672
28672
28672
28672
28672
28672
28672
28672
28672
28672
28672
28672
28672
28672
28672
24576
24576
24576
24576
20480
20480
20480
16384
16384
12288
12288
12288
8192
8192
4096
4096
0
0
0
-4096
-4096
-8192
-8192
-12288
-12288
-16384
-16384
-16384
-20480
-20480
-24576
-24576
-24576
-28672
-28672
-28672
-28672
-32768
-32768
-32768
-32768
-32768
-32768
-32768
-32768
-32768
-32768
-32768
-32768
-32768
-32768
-32768
-32768
-32768
-32768
-28672
-28672
-28672
-24576
-24576
-24576
-20480
-20480
-20480
-16384
-16384
-12288
-12288
-12288
-8192
-8192
-4096
-4096
0
0
4096
4096
4096
8192
8192
12288
12288
16384
16384
16384
20480
20480
20480
24576
24576
24576
24576
28672
28672
28672
28672
28672
28672
28672
28672
28672
28672
28672
28672
28672
28672
28672
28672
28672
24576
24576
24576
24576
20480
20480
20480
16384
16384
16384
12288
12288
8192
8192
4096
4096
0
0
0
-4096
-4096
-8192
-8192
-12288
-12288
-16384
-16384
-16384
-20480
-20480
-24576
-24576
-24576
-28672
-28672
-28672
-28672
-32768
-32768
-32768
-32768
-32768
-32768
-32768
-32768
-32768
-32768
-32768
-32768
-32768
-32768
-32768
-32768
-32768
-32768
-28672
-28672
-28672
-24576
-24576
-24576
-20480
-20480
-20480
-16384
-16384
-16384
-12288
-12288
-8192
-8192
-4096
-4096
0
0
4096
4096
4096
8192
8192
12288
12288
16384
16384
16384
20480
20480
20480
24576
24576
24576
24576
28672
28672
28672
28672
28672
28672
28672
28672
28672
28672
28672
28672
28672
28672
28672
28672
28672
24576
24576
24576
24576
20480
20480
20480
16384
16384
16384
12288
12288
8192
8192
4096
4096
4096
0
0
-4096
-4096
-8192
-8192
-12288
-12288
-16384
-16384
-16384
-20480
-20480
-20480
-24576
-24576
-24576
-28672
-28672
-28672
-32768
-32768
-32768
-32768
-32768
-32768
-32768
-32768
-32768
-32768
-32768
-32768
-32768
-32768
-32768
-32768
-32768
-32768
-28672
-28672
-28672
-28672
-24576
-24576
-24576
-20480
-20480
-16384
-16384
-16384
-12288
-12288
-8192
-8192
-4096
-4096
0
0
0
4096
4096
8192
8192
12288
12288
16384
16384
16384
20480
20480
20480
24576
24576
24576
24576
28672
28672
28672
28672
28672
28672
28672
28672
28672
28672
28672
28672
28672
28672
28672
28672
28672
24576
24576
24576
24576
20480
20480
20480
16384
16384
16384
12288
12288
8192
8192
4096
4096
4096
0
0
-4096
-4096
-8192
-8192
-12288
-12288
-12288
-16384
-16384
-20480
-20480
-20480
-24576
-24576
-24576
-28672
-28672
-28672
-32768
-32768
-32768
-32768
-32768
-32768
-32768
-32768
-32768
-32768
-32768
-32768
-32768
-32768
-32768
-32768
-32768
-32768
-28672
-28672
-28672
-28672
-24576
-24576
-24576
-20480
-20480
-16384
-16384
-16384
-12288
-12288
-8192
-8192
-4096
-4096
0
0
0
4096
4096
8192
8192
12288
12288
12288
16384
16384
20480
20480
20480
24576
24576
24576
24576
28672
28672
28672
28672
28672
28672
28672
28672
28672
28672
28672
28672
28672
28672
28672
28672
28672
24576
24576
24576
24576
20480
20480
20480
16384
16384
16384
12288
12288
8192
8192
8192
4096
4096
0
0
-4096
-4096
-8192
-8192
-12288
-12288
-12288
-16384
-16384
-20480
-20480
-20480
-24576
-24576
-24576
-28672
-28672
-28672
-28672
-32768
-32768
-32768
-32768
-32768
-32768
-32768
-32768
-32768
-32768
-32768
-32768
-32768
-32768
-32768
-32768
-32768
-28672
-28672
-28672
-28672
-24576
-24576
-24576
-20480
-20480
-16384
-16384
-16384
-12288
-12288
-8192
-8192
-4096
-4096
0
0
0
4096
4096
8192
8192
12288
12288
12288
16384
16384
20480
20480
20480
24576
24576
24576
24576
28672
28672
28672
28672
28672
28672
28672
28672
28672
28672
28672
28672
28672
28672
28672
28672
28672
24576
24576
24576
24576
20480
20480
20480
16384
16384
16384
12288
12288
8192
8192
8192
4096
4096
0
0
-4096
-4096
-8192
-8192
-12288
-12288
-12288
-16384
-16384
-20480
-20480
-20480
-24576
-24576
-24576
-28672
-28672
-28672
-28672
-32768
-32768
-32768
-32768
-32768
-32768
-32768
-32768
-32768
-32768
-32768
-32768
-32768
-32768
-32768
-32768
-32768
-28672
-28672
-28672
-28672
-24576
-24576
-24576
-20480
-20480
-16384
-16384
-16384
-12288
-12288
-8192
-8192
-4096
-4096
-4096
0
0
4096
4096
8192
8192
12288
12288
12288
16384
16384
20480
20480
20480
24576
24576
24576
24576
28672
28672
28672
28672
28672
28672
28672
28672
28672
28672
28672
28672
28672
28672
28672
28672
28672
28672
24576
24576
24576
20480
20480
20480
16384
16384
16384
12288
12288
8192
8192
8192
4096
4096
0
0
-4096
-4096
-8192
-8192
-8192
-12288
-12288
-16384
-16384
-20480
-20480
-20480
-24576
-24576
-24576
-28672
-28672
-28672
-28672
-32768
-32768
-32768
-32768
-32768
-32768
-32768
-32768
-32768
-32768
-32768
-32768
-32768
-32768
-32768
-32768
-32768
-28672
-28672
-28672
-28672
-24576
-24576
-24576
-20480
-20480
-20480
-16384
-16384
-12288
-12288
-8192
-8192
-4096
-4096
-4096
0
0
4096
4096
8192
8192
12288
12288
12288
16384
16384
20480
20480
20480
24576
24576
24576
24576
28672
28672
28672
28672
28672
28672
28672
28672
28672
28672
28672
28672
28672
28672
28672
28672
28672
28672
24576
24576
24576
20480
20480
20480
16384
16384
16384
12288
12288
12288
8192
8192
4096
4096
0
0
-4096
-4096
-8192
-8192
-8192
-12288
-12288
-16384
-16384
-20480
-20480
-20480
-24576
-24576
-24576
-28672
-28672
-28672
-28672
-32768
-32768
-32768
-32768
-32768
-32768
-32768
-32768
-32768
-32768
-32768
-32768
-32768
-32768
-32768
-32768
-32768
-28672
-28672
-28672
-28672
-24576
-24576
-24576
-20480
-20480
-20480
-16384
-16384
-12288
-12288
-8192
-8192
-8192
-4096
-4096
0
0
4096
4096
8192
8192
12288
12288
12288
16384
16384
16384
20480
20480
20480
24576
24576
24576
28672
28672
28672
28672
28672
28672
28672
28672
28672
28672
28672
28672
28672
28672
28672
28672
28672
28672
24576
24576
24576
24576
20480
20480
20480
16384
16384
12288
12288
12288
8192
8192
4096
4096
0
0
-4096
-4096
-4096
-8192
-8192
-12288
-12288
-16384
-16384
-20480
-20480
-20480
-24576
-24576
-24576
-28672
-28672
-28672
-28672
-32768
-32768
-32768
-32768
-32768
-32768
-32768
-32768
-32768
-32768
-32768
-32768
-32768
-32768
-32768
-32768
-32768
-28672
-28672
-28672
-28672
-24576
-24576
-24576
-20480
-20480
-20480
-16384
-16384
-12288
-12288
-8192
-8192
-8192
-4096
-4096
0
0
4096
4096
8192
8192
8192
12288
12288
16384
16384
16384
20480
20480
20480
24576
24576
24576
28672
28672
28672
28672
28672
28672
28672
28672
28672
28672
28672
28672
28672
28672
28672
28672
28672
28672
24576
24576
24576
24576
20480
20480
20480
16384
16384
12288
12288
12288
8192
8192
4096
4096
0
0
-4096
-4096
-4096
-8192
-8192
-12288
-12288
-16384
-16384
-16384
-20480
-20480
-24576
-24576
-24576
-28672
-28672
-28672
-28672
-32768
-32768
-32768
-32768
-32768
-32768
-32768
-32768
-32768
-32768
-32768
-32768
-32768
-32768
-32768
-32768
-32768
-28672
-28672
-28672
-28672
-24576
-24576
-24576
-20480
-20480
-20480
-16384
-16384
-12288
-12288
-12288
-8192
-8192
-4096
-4096
0
0
4096
4096
8192
8192
8192
12288
12288
16384
16384
16384
20480
20480
20480
24576
24576
24576
24576
28672
28672
28672
28672
28672
28672
28672
28672
28672
28672
28672
28672
28672
28672
28672
28672
28672
24576
24576
24576
24576
20480
20480
20480
16384
16384
12288
12288
12288
8192
8192
4096
4096
0
0
0
-4096
-4096
-8192
-8192
-12288
-12288
-16384
-16384
-16384
-20480
-20480
-24576
-24576
-24576
-28672
-28672
-28672
-28672
-32768
-32768
-32768
-32768
-32768
-32768
-32768
-32768
-32768
-32768
-32768
-32768
-32768
-32768
-32768
-32768
-32768
-28672
-28672
-28672
-28672
-24576
-24576
-24576
-20480
-20480
-20480
-16384
-16384
-12288
-12288
-12288
-8192
-8192
-4096
-4096
0
0
4096
4096
8192
8192
8192
12288
12288
16384
16384
16384
20480
20480
20480
24576
24576
24576
24576
28672
28672
28672
28672
28672
28672
28672
28672
28672
28672
28672
28672
28672
28672
28672
28672
28672
24576
24576
24576
24576
20480
20480
20480
16384
16384
12288
12288
12288
8192
8192
4096
4096
0
0
0
-4096
-4096
-8192
-8192
-12288
-12288
-16384
-16384
-16384
-20480
-20480
-24576
-24576
-24576
-28672
-28672
-28672
-28672
-32768
-32768
-32768
-32768
-32768
-32768
-32768
-32768
-32768
-32768
-32768
-32768
-32768
-32768
-32768
-32768
-32768
-32768
-28672
-28672
-28672
-24576
-24576
-24576
-20480
-20480
-20480
-16384
-16384
-12288
-12288
-12288
-8192
-8192
-4096
-4096
0
0
4096
4096
4096
8192
8192
12288
12288
16384
16384
16384
20480
20480
20480
24576
24576
24576
24576
28672
28672
28672
28672
28672
28672
28672
28672
28672
28672
28672
28672
28672
28672
28672
28672
28672
24576
24576
24576
24576
20480
20480
20480
16384
16384
16384
12288
12288
8192
8192
4096
4096
0
0
0
-4096
-4096
-8192
-8192
-12288
-12288
-16384
-16384
-16384
-20480
-20480
-24576
-24576
-24576
-28672
-28672
-28672
-28672
-32768
-32768
-32768
-32768
-32768
-32768
-32768
-32768
-32768
-32768
-32768
-32768
-32768
-32768
-32768
-32768
-32768
-32768
-28672
-28672
-28672
-24576
-24576
-24576
-20480
-20480
-20480
-16384
-16384
-16384
-12288
-12288
-8192
-8192
-4096
-4096
0
0
4096
4096
4096
8192
8192
12288
12288
16384
16384
16384
20480
20480
20480
24576
24576
24576
24576
28672
28672
28672
28672
28672
28672
28672
28672
28672
28672
28672
28672
28672
28672
28672
28672
28672
24576
24576
24576
24576
20480
20480
20480
16384
16384
16384
12288
12288
8192
8192
4096
4096
4096
0
0
-4096
-4096
-8192
-8192
-12288
-12288
-16384
-16384
-16384
-20480
-20480
-20480
-24576
-24576
-24576
-28672
-28672
-28672
-32768
-32768
-32768
-32768
-32768
-32768
-32768
-32768
-32768
-32768
-32768
-32768
-32768
-32768
-32768
-32768
-32768
-32768
-28672
-28672
-28672
-28672
-24576
-24576
-24576
-20480
-20480
-16384
-16384
-16384
-12288
-12288
-8192
-8192
-4096
-4096
0
0
0
4096
4096
8192
8192
12288
12288
16384
16384
16384
20480
20480
20480
24576
24576
24576
24576
28672
28672
28672
28672
28672
28672
28672
28672
28672
28672
28672
28672
28672
28672
28672
28672
28672
24576
24576
24576
24576
20480
20480
20480
16384
16384
16384
12288
12288
8192
8192
4096
4096
4096
0
0
-4096
-4096
-8192
-8192
-12288
-12288
-12288
-16384
-16384
-20480
-20480
-20480
-24576
-24576
-24576
-28672
-28672
-28672
-32768
-32768
-32768
-32768
-32768
-32768
-32768
-32768
-32768
-32768
-32768
-32768
-32768
-32768
-32768
-32768
-32768
-32768
-28672
-28672
-28672
-28672
-24576
-24576
-24576
-20480
-20480
-16384
-16384
-16384
-12288
-12288
-8192
-8192
-4096
-4096
0
0
0
4096
4096
8192
8192
12288
12288
12288
16384
16384
20480
20480
20480
24576
24576
24576
24576
28672
28672
28672
28672
28672
28672
28672
28672
28672
28672
28672
28672
28672
28672
28672
28672
28672
24576
24576
24576
24576
20480
20480
20480
16384
16384
16384
12288
12288
8192
8192
8192
4096
4096
0
0
-4096
-4096
-8192
-8192
-12288
-12288
-12288
-16384
-16384
-20480
-20480
-20480
-24576
-24576
-24576
-28672
-28672
-28672
-28672
-32768
-32768
-32768
-32768
-32768
-32768
-32768
-32768
-32768
-32768
-32768
-32768
-32768
-32768
-32768
-32768
-32768
-28672
-28672
-28672
-28672
-24576
-24576
-24576
-20480
-20480
-16384
-16384
-16384
-12288
-12288
-8192
-8192
-4096
-4096
0
0
0
4096
4096
8192
8192
12288
12288
12288
16384
16384
20480
20480
20480
24576
24576
24576
24576
28672
28672
28672
28672
28672
28672
28672
28672
28672
28672
28672
28672
28672
28672
28672
28672
28672
24576
24576
24576
24576
20480
20480
20480
16384
16384
16384
12288
12288
8192
8192
8192
4096
4096
0
0
-4096
-4096
-8192
-8192
-12288
-12288
-12288
-16384
-16384
-20480
-20480
-20480
-24576
-24576
-24576
-28672
-28672
-28672
-28672
-32768
-32768
-32768
-32768
-32768
-32768
-32768
-32768
-32768
-32768
-32768
-32768
-32768
-32768
-32768
-32768
-32768
-28672
-28672
-28672
-28672
-24576
-24576
-24576
-20480
-20480
-16384
-16384
-16384
-12288
-12288
-8192
-8192
-4096
-4096
-4096
0
0
4096
4096
8192
8192
12288
12288
12288
16384
16384
20480
20480
20480
24576
24576
24576
24576
28672
28672
28672
28672
28672
28672
28672
28672
28672
28672
28672
28672
28672
28672
28672
28672
28672
28672
24576
24576
24576
20480
20480
20480
16384
16384
16384
12288
12288
8192
8192
8192
4096
4096
0
0
-4096
-4096
-8192
-8192
-8192
-12288
-12288
-16384
-16384
-20480
-20480
-20480
-24576
-24576
-24576
-28672
-28672
-28672
-28672
-32768
-32768
-32768
-32768
-32768
-32768
-32768
-32768
-32768
-32768
-32768
-32768
-32768
-32768
-32768
-32768
-32768
-28672
-28672
-28672
-28672
-24576
-24576
-24576
-20480
-20480
-20480
-16384
-16384
-12288
-12288
-8192
-8192
-4096
-4096
-4096
0
0
4096
4096
8192
8192
12288
12288
12288
16384
16384
20480
20480
20480
24576
24576
24576
24576
28672
28672
28672
28672
28672
28672
28672
28672
28672
28672
28672
28672
28672
28672
28672
28672
28672
28672
24576
24576
24576
20480
20480
20480
16384
16384
16384
12288
12288
12288
8192
8192
4096
4096
0
0
-4096
-4096
-8192
-8192
-8192
-12288
-12288
-16384
-16384
-20480
-20480
-20480
-24576
-24576
-24576
-28672
-28672
-28672
-28672
-32768
-32768
-32768
-32768
-32768
-32768
-32768
-32768
-32768
-32768
-32768
-32768
-32768
-32768
-32768
-32768
-32768
-28672
-28672
-28672
-28672
-24576
-24576
-24576
-20480
-20480
-20480
-16384
-16384
-12288
-12288
-8192
-8192
-8192
-4096
-4096
0
0
4096
4096
8192
8192
12288
12288
12288
16384
16384
16384
20480
20480
20480
24576
24576
24576
28672
28672
28672
28672
28672
28672
28672
28672
28672
28672
28672
28672
28672
28672
28672
28672
28672
28672
24576
24576
24576
24576
20480
20480
20480
16384
16384
12288
12288
12288
8192
8192
4096
4096
0
0
-4096
-4096
-4096
-8192
-8192
-12288
-12288
-16384
-16384
-20480
-20480
-20480
-24576
-24576
-24576
-28672
-28672
-28672
-28672
-32768
-32768
-32768
-32768
-32768
-32768
-32768
-32768
-32768
-32768
-32768
-32768
-32768
-32768
-32768
-32768
-32768
-28672
-28672
-28672
-28672
-24576
-24576
-24576
-20480
-20480
-20480
-16384
-16384
-12288
-12288
-8192
-8192
-8192
-4096
-4096
0
0
4096
4096
8192
8192
8192
12288
12288
16384
16384
16384
20480
20480
20480
24576
24576
24576
28672
28672
28672
28672
28672
28672
28672
28672
28672
28672
28672
28672
28672
28672
28672
28672
28672
28672
24576
24576
24576
24576
20480
20480
20480
16384
16384
12288
12288
12288
8192
8192
4096
4096
0
0
-4096
-4096
-4096
-8192
-8192
-12288
-12288
-16384
-16384
-16384
-20480
-20480
-24576
-24576
-24576
-28672
-28672
-28672
-28672
-32768
-32768
-32768
-32768
-32768
-32768
-32768
-32768
-32768
-32768
-32768
-32768
-32768
-32768
-32768
-32768
-32768
-28672
-28672
-28672
-28672
-24576
-24576
-24576
-20480
-20480
-20480
-16384
-16384
-12288
-12288
-12288
-8192
-8192
-4096
-4096
0
0
4096
4096
8192
8192
8192
12288
12288
16384
16384
16384
20480
20480
20480
24576
24576
24576
24576
28672
28672
28672
28672
28672
28672
28672
28672
28672
28672
28672
28672
28672
28672
28672
28672
28672
24576
24576
24576
24576
20480
20480
20480
16384
16384
12288
12288
12288
8192
8192
4096
4096
0
0
0
-4096
-4096
-8192
-8192
-12288
-12288
-16384
-16384
-16384
-20480
-20480
-24576
-24576
-24576
-28672
-28672
-28672
-28672
-32768
-32768
-32768
-32768
-32768
-32768
-32768
-32768
-32768
-32768
-32768
-32768
-32768
-32768
-32768
-32768
-32768
-28672
-28672
-28672
-28672
-24576
-24576
-24576
-20480
-20480
-20480
-16384
-16384
-12288
-12288
-12288
-8192
-8192
-4096
-4096
0
0
4096
4096
8192
8192
8192
12288
12288
16384
16384
16384
20480
20480
20480
24576
24576
24576
24576
28672
28672
28672
28672
28672
28672
28672
28672
28672
28672
28672
28672
28672
28672
28672
28672
28672
24576
24576
24576
24576
20480
20480
20480
16384
16384
12288
12288
12288
8192
8192
4096
4096
0
0
0
-4096
-4096
-8192
-8192
-12288
-12288
-16384
-16384
-16384
-20480
-20480
-24576
-24576
-24576
-28672
-28672
-28672
-28672
-32768
-32768
-32768
-32768
-32768
-32768
-32768
-32768
-32768
-32768
-32768
-32768
-32768
-32768
-32768
-32768
-32768
-32768
-28672
-28672
-28672
-24576
-24576
-24576
-20480
-20480
-20480
-16384
-16384
-12288
-12288
-12288
-8192
-8192
-4096
-4096
0
0
4096
4096
4096
8192
8192
12288
12288
16384
16384
16384
20480
20480
20480
24576
24576
24576
24576
28672
28672
28672
28672
28672
28672
28672
28672
28672
28672
28672
28672
28672
28672
28672
28672
28672
24576
24576
24576
24576
20480
20480
20480
16384
16384
16384
12288
12288
8192
8192
4096
4096
0
0
0
-4096
-4096
-8192
-8192
-12288
-12288
-16384
-16384
-16384
-20480
-20480
-24576
-24576
-24576
-28672
-28672
-28672
-28672
-32768
-32768
-32768
-32768
-32768
-32768
-32768
-32768
-32768
-32768
-32768
-32768
-32768
-32768
-32768
-32768
-32768
-32768
-28672
-28672
-28672
-24576
-24576
-24576
-20480
-20480
-20480
-16384
-16384
-16384
-12288
-12288
-8192
-8192
-4096
-4096
0
0
4096
4096
4096
8192
8192
12288
12288
16384
16384
16384
20480
20480
20480
24576
24576
24576
24576
28672
28672
28672
28672
28672
28672
28672
28672
28672
28672
28672
28672
28672
28672
28672
28672
28672
24576
24576
24576
24576
20480
20480
20480
16384
16384
16384
12288
12288
8192
8192
4096
4096
4096
0
0
-4096
-4096
-8192
-8192
-12288
-12288
-16384
-16384
-16384
-20480
-20480
-20480
-24576
-24576
-24576
-28672
-28672
-28672
-32768
-32768
-32768
-32768
-32768
-32768
-32768
-32768
-32768
-32768
-32768
-32768
-32768
-32768
-32768
-32768
-32768
-32768
-28672
-28672
-28672
-28672
-24576
-24576
-24576
-20480
-20480
-16384
-16384
-16384
-12288
-12288
-8192
-8192
-4096
-4096
0
0
0
4096
4096
8192
8192
12288
12288
16384
16384
16384
20480
20480
20480
24576
24576
24576
24576
28672
28672
28672
28672
28672
28672
28672
28672
28672
28672
28672
28672
28672
28672
28672
28672
28672
24576
24576
24576
24576
20480
20480
20480
16384
16384
16384
12288
12288
8192
8192
4096
4096
4096
0
0
-4096
-4096
-8192
-8192
-12288
-12288
-12288
-16384
-16384
-20480
-20480
-20480
-24576
-24576
-24576
-28672
-28672
-28672
-32768
-32768
-32768
-32768
-32768
-32768
-32768
-32768
-32768
-32768
-32768
-32768
-32768
-32768
-32768
-32768
-32768
-32768
-28672
-28672
-28672
-28672
-24576
-24576
-24576
-20480
-20480
-16384
-16384
-16384
-12288
-12288
-8192
-8192
-4096
-4096
0
0
0
4096
4096
8192
8192
12288
12288
12288
16384
16384
20480
20480
20480
24576
24576
24576
24576
28672
28672
28672
28672
28672
28672
28672
28672
28672
28672
28672
28672
28672
28672
28672
28672
28672
24576
24576
24576
24576
20480
20480
20480
16384
16384
16384
12288
12288
8192
8192
8192
4096
4096
0
0
-4096
-4096
-8192
-8192
-12288
-12288
-12288
-16384
-16384
-20480
-20480
-20480
-24576
-24576
-24576
-28672
-28672
-28672
-28672
-32768
-32768
-32768
-32768
-32768
-32768
-32768
-32768
-32768
-32768
-32768
-32768
-32768
-32768
-32768
-32768
-32768
-28672
-28672
-28672
-28672
-24576
-24576
-24576
-20480
-20480
-16384
-16384
-16384
-12288
-12288
-8192
-8192
-4096
-4096
0
0
0
4096
4096
8192
8192
12288
12288
12288
16384
16384
20480
20480
20480
24576
24576
24576
24576
28672
28672
28672
28672
28672
28672
28672
28672
28672
28672
28672
28672
28672
28672
28672
28672
28672
24576
24576
24576
24576
20480
20480
20480
16384
16384
16384
12288
12288
8192
8192
8192
4096
4096
0
0
-4096
-4096
-8192
-8192
-12288
-12288
-12288
-16384
-16384
-20480
-20480
-20480
-24576
-24576
-24576
-28672
-28672
-28672
-28672
-32768
-32768
-32768
-32768
-32768
-32768
-32768
-32768
-32768
-32768
-32768
-32768
-32768
-32768
-32768
-32768
-32768
-28672
-28672
-28672
-28672
-24576
-24576
-24576
-20480
-20480
-16384
-16384
-16384
-12288
-12288
-8192
-8192
-4096
-4096
-4096
0
0
4096
4096
8192
8192
12288
12288
12288
16384
16384
20480
20480
20480
24576
24576
24576
24576
28672
28672
28672
28672
28672
28672
28672
28672
28672
28672
28672
28672
28672
28672
28672
28672
28672
28672
24576
24576
24576
20480
20480
20480
16384
16384
16384
12288
12288
8192
8192
8192
4096
4096
0
0
-4096
-4096
-8192
-8192
-8192
-12288
-12288
-16384
-16384
-20480
-20480
-20480
-24576
-24576
-24576
-28672
-28672
-28672
-28672
-32768
-32768
-32768
-32768
-32768
-32768
-32768
-32768
-32768
-32768
-32768
-32768
-32768
-32768
-32768
-32768
-32768
-28672
-28672
-28672
-28672
-24576
-24576
-24576
-20480
-20480
-20480
-16384
-16384
-12288
-12288
-8192
-8192
-4096
-4096
-4096
0
0
4096
4096
8192
8192
12288
12288
12288
16384
16384
20480
20480
20480
24576
24576
24576
24576
28672
28672
28672
28672
28672
28672
28672
28672
28672
28672
28672
28672
28672
28672
28672
28672
28672
28672
24576
24576
24576
20480
20480
20480
16384
16384
16384
12288
12288
12288
8192
8192
4096
4096
0
0
-4096
-4096
-8192
-8192
-8192
-12288
-12288
-16384
-16384
-20480
-20480
-20480
-24576
-24576
-24576
-28672
-28672
-28672
-28672
-32768
-32768
-32768
-32768
-32768
-32768
-32768
-32768
-32768
-32768
-32768
-32768
-32768
-32768
-32768
-32768
-32768
-28672
-28672
-28672
-28672
-24576
-24576
-24576
-20480
-20480
-20480
-16384
-16384
-12288
-12288
-8192
-8192
-8192
-4096
-4096
0
0
4096
4096
8192
8192
12288
12288
12288
16384
16384
16384
20480
20480
20480
24576
24576
24576
28672
28672
28672
28672
28672
28672
28672
28672
28672
28672
28672
28672
28672
28672
28672
28672
28672
28672
24576
24576
24576
24576
20480
20480
20480
16384
16384
12288
12288
12288
8192
8192
4096
4096
0
0
-4096
-4096
-4096
-8192
-8192
-12288
-12288
-16384
-16384
-20480
-20480
-20480
-24576
-24576
-24576
-28672
-28672
-28672
-28672
-32768
-32768
-32768
-32768
-32768
-32768
-32768
-32768
-32768
-32768
-32768
-32768
-32768
-32768
-32768
-32768
-32768
-28672
-28672
-28672
-28672
-24576
-24576
-24576
-20480
-20480
-20480
-16384
-16384
-12288
-12288
-8192
-8192
-8192
-4096
-4096
0
0
4096
4096
8192
8192
8192
12288
12288
16384
16384
16384
20480
20480
20480
24576
24576
24576
28672
28672
28672
28672
28672
28672
28672
28672
28672
28672
28672
28672
28672
28672
28672
28672
28672
28672
24576
24576
24576
24576
20480
20480
20480
16384
16384
12288
12288
12288
8192
8192
4096
4096
0
0
-4096
-4096
-4096
-8192
-8192
-12288
-12288
-16384
-16384
-16384
-20480
-20480
-24576
-24576
-24576
-28672
-28672
-28672
-28672
-32768
-32768
-32768
-32768
-32768
-32768
-32768
-32768
-32768
-32768
-32768
-32768
-32768
-32768
-32768
-32768
-32768
-28672
-28672
-28672
-28672
-24576
-24576
-24576
-20480
-20480
-20480
-16384
-16384
-12288
-12288
-12288
-8192
-8192
-4096
-4096
0
0
4096
4096
8192
8192
8192
12288
12288
16384
16384
16384
20480
20480
20480
24576
24576
24576
24576
28672
28672
28672
28672
28672
28672
28672
28672
28672
28672
28672
28672
28672
28672
28672
28672
28672
24576
24576
24576
24576
20480
20480
20480
16384
16384
12288
12288
12288
8192
8192
4096
4096
0
0
0
-4096
-4096
-8192
-8192
-12288
-12288
-16384
-16384
-16384
-20480
-20480
-24576
-24576
-24576
-28672
-28672
-28672
-28672
-32768
-32768
-32768
-32768
-32768
-32768
-32768
-32768
-32768
-32768
-32768
-32768
-32768
-32768
-32768
-32768
-32768
-28672
-28672
-28672
-28672
-24576
-24576
-24576
-20480
-20480
-20480
-16384
-16384
-12288
-12288
-12288
-8192
-8192
-4096
-4096
0
0
4096
4096
8192
8192
8192
12288
12288
16384
16384
16384
20480
20480
20480
24576
24576
24576
24576
28672
28672
28672
28672
28672
28672
28672
28672
28672
28672
28672
28672
28672
28672
28672
28672
28672
24576
24576
24576
24576
20480
20480
20480
16384
16384
12288
12288
12288
8192
8192
4096
4096
0
0
0
-4096
-4096
-8192
-8192
-12288
-12288
-16384
-16384
-16384
-20480
-20480
-24576
-24576
-24576
-28672
-28672
-28672
-28672
-32768
-32768
-32768
-32768
-32768
-32768
-32768
-32768
-32768
-32768
-32768
-32768
-32768
-32768
-32768
-32768
-32768
-32768
-28672
-28672
-28672
-24576
-24576
-24576
-20480
-20480
-20480
-16384
-16384
-12288
-12288
-12288
-8192
-8192
-4096
-4096
0
0
4096
4096
4096
8192
8192
12288
12288
16384
16384
16384
20480
20480
20480
24576
24576
24576
24576
28672
28672
28672
28672
28672
28672
28672
28672
28672
28672
28672
28672
28672
28672
28672
28672
28672
24576
24576
24576
24576
20480
20480
20480
16384
16384
16384
12288
12288
8192
8192
4096
4096
0
0
0
-4096
-4096
-8192
-8192
-12288
-12288
-16384
-16384
-16384
-20480
-20480
-24576
-24576
-24576
-28672
-28672
-28672
-28672
-32768
-32768
-32768
-32768
-32768
-32768
-32768
-32768
-32768
-32768
-32768
-32768
-32768
-32768
-32768
-32768
-32768
-32768
-28672
-28672
-28672
-24576
-24576
-24576
-20480
-20480
-20480
-16384
-16384
-16384
-12288
-12288
-8192
-8192
-4096
-4096
0
0
4096
4096
4096
8192
8192
12288
12288
16384
16384
16384
20480
20480
20480
24576
24576
24576
24576
28672
28672
28672
28672
28672
28672
28672
28672
28672
28672
28672
28672
28672
28672
28672
28672
28672
24576
24576
24576
24576
20480
20480
20480
16384
16384
16384
12288
12288
8192
8192
4096
4096
4096
0
0
-4096
-4096
-8192
-8192
-12288
-12288
-16384
-16384
-16384
-20480
-20480
-20480
-24576
-24576
-24576
-28672
-28672
-28672
-32768
-32768
-32768
-32768
-32768
-32768
-32768
-32768
-32768
-32768
-32768
-32768
-32768
-32768
-32768
-32768
-32768
-32768
-28672
-28672
-28672
-28672
-24576
-24576
-24576
-20480
-20480
-16384
-16384
-16384
-12288
-12288
-8192
-8192
-4096
-4096
0
0
0
4096
4096
8192
8192
12288
12288
16384
16384
16384
20480
20480
20480
24576
24576
24576
24576
28672
28672
28672
28672
28672
28672
28672
28672
28672
28672
28672
28672
28672
28672
28672
28672
28672
24576
24576
24576
24576
20480
20480
20480
16384
16384
16384
12288
12288
8192
8192
4096
4096
4096
0
0
-4096
-4096
-8192
-8192
-12288
-12288
-12288
-16384
-16384
-20480
-20480
-20480
-24576
-24576
-24576
-28672
-28672
-28672
-32768
-32768
-32768
-32768
-32768
-32768
-32768
-32768
-32768
-32768
-32768
-32768
-32768
-32768
-32768
-32768
-32768
-32768
-28672
-28672
-28672
-28672
-24576
-24576
-24576
-20480
-20480
-16384
-16384
-16384
-12288
-12288
-8192
-8192
-4096
-4096
0
0
0
4096
4096
8192
8192
12288
12288
12288
16384
16384
20480
20480
20480
24576
24576
24576
24576
28672
28672
28672
28672
28672
28672
28672
28672
28672
28672
28672
28672
28672
28672
28672
28672
28672
24576
24576
24576
24576
20480
20480
20480
16384
16384
16384
12288
12288
8192
8192
8192
4096
4096
0
0
-4096
-4096
-8192
-8192
-12288
-12288
-12288
-16384
-16384
-20480
-20480
-20480
-24576
-24576
-24576
-28672
-28672
-28672
-28672
-32768
-32768
-32768
-32768
-32768
-32768
-32768
-32768
-32768
-32768
-32768
-32768
-32768
-32768
-32768
-32768
-32768
-28672
-28672
-28672
-28672
-24576
-24576
-24576
-20480
-20480
-16384
-16384
-16384
-12288
-12288
-8192
-8192
-4096
-4096
0
0
0
4096
4096
8192
8192
12288
12288
12288
16384
16384
20480
20480
20480
24576
24576
24576
24576
28672
28672
28672
28672
28672
28672
28672
28672
28672
28672
28672
28672
28672
28672
28672
28672
28672
24576
24576
24576
24576
20480
20480
20480
16384
16384
16384
12288
12288
8192
8192
8192
4096
4096
0
0
-4096
-4096
-8192
-8192
-12288
-12288
-12288
-16384
-16384
-20480
-20480
-20480
-24576
-24576
-24576
-28672
-28672
-28672
-28672
-32768
-32768
-32768
-32768
-32768
-32768
-32768
-32768
-32768
-32768
-32768
-32768
-32768
-32768
-32768
-32768
-32768
-28672
-28672
-28672
-28672
-24576
-24576
-24576
-20480
-20480
-16384
-16384
-16384
-12288
-12288
-8192
-8192
-4096
-4096
-4096
0
0
4096
4096
8192
8192
12288
12288
12288
16384
16384
20480
20480
20480
24576
24576
24576
24576
28672
28672
28672
28672
28672
28672
28672
28672
28672
28672
28672
28672
28672
28672
28672
28672
28672
28672
24576
24576
24576
20480
20480
20480
16384
16384
16384
12288
12288
8192
8192
8192
4096
4096
0
0
-4096
-4096
-8192
-8192
-8192
-12288
-12288
-16384
-16384
-20480
-20480
-20480
-24576
-24576
-24576
-28672
-28672
-28672
-28672
-32768
-32768
-32768
-32768
-32768
-32768
-32768
-32768
-32768
-32768
-32768
-32768
-32768
-32768
-32768
-32768
-32768
-28672
-28672
-28672
-28672
-24576
-24576
-24576
-20480
-20480
-20480
-16384
-16384
-12288
-12288
-8192
-8192
-4096
-4096
-4096
0
0
4096
4096
8192
8192
12288
12288
12288
16384
16384
20480
20480
20480
24576
24576
24576
24576
28672
28672
28672
28672
28672
28672
28672
28672
28672
28672
28672
28672
28672
28672
28672
28672
28672
28672
24576
24576
24576
20480
20480
20480
16384
16384
16384
12288
12288
12288
8192
8192
4096
4096
0
0
-4096
-4096
-8192
-8192
-8192
-12288
-12288
-16384
-16384
-20480
-20480
-20480
-24576
-24576
-24576
-28672
-28672
-28672
-28672
-32768
-32768
-32768
-32768
-32768
-32768
-32768
-32768
-32768
-32768
-32768
-32768
-32768
-32768
-32768
-32768
-32768
-28672
-28672
-28672
-28672
-24576
-24576
-24576
-20480
-20480
-20480
-16384
-16384
-12288
-12288
-8192
-8192
-8192
-4096
-4096
0
0
4096
4096
8192
8192
12288
12288
12288
16384
16384
16384
20480
20480
20480
24576
24576
24576
28672
28672
28672
28672
28672
28672
28672
28672
28672
28672
28672
28672
28672
28672
28672
28672
28672
28672
24576
24576
24576
24576
20480
20480
20480
16384
16384
12288
12288
12288
8192
8192
4096
4096
0
0
-4096
-4096
-4096
-8192
-8192
-12288
-12288
-16384
-16384
-20480
-20480
-20480
-24576
-24576
-24576
-28672
-28672
-28672
-28672
-32768
-32768
-32768
-32768
-32768
-32768
-32768
-32768
-32768
-32768
-32768
-32768
-32768
-32768
-32768
-32768
-32768
-28672
-28672
-28672
-28672
-24576
-24576
-24576
-20480
-20480
-20480
-16384
-16384
-12288
-12288
-8192
-8192
-8192
-4096
-4096
0
0
4096
4096
8192
8192
8192
12288
12288
16384
16384
16384
20480
20480
20480
24576
24576
24576
28672
28672
28672
28672
28672
28672
28672
28672
28672
28672
28672
28672
28672
28672
28672
28672
28672
28672
24576
24576
24576
24576
20480
20480
20480
16384
16384
12288
12288
12288
8192
8192
4096
4096
0
0
-4096
-4096
-4096
-8192
-8192
-12288
-12288
-16384
-16384
-16384
-20480
-20480
-24576
-24576
-24576
-28672
-28672
-28672
-28672
-32768
-32768
-32768
-32768
-32768
-32768
-32768
-32768
-32768
-32768
-32768
-32768
-32768
-32768
-32768
-32768
-32768
-28672
-28672
-28672
-28672
-24576
-24576
-24576
-20480
-20480
-20480
-16384
-16384
-12288
-12288
-12288
-8192
-8192
-4096
-4096
0
0
4096
4096
8192
8192
8192
12288
12288
16384
16384
16384
20480
20480
20480
24576
24576
24576
24576
28672
28672
28672
28672
28672
28672
28672
28672
28672
28672
28672
28672
28672
28672
28672
28672
28672
24576
24576
24576
24576
20480
20480
20480
16384
16384
12288
12288
12288
8192
8192
4096
4096
0
0
0
-4096
-4096
-8192
-8192
-12288
-12288
-16384
-16384
-16384
-20480
-20480
-24576
-24576
-24576
-28672
-28672
-28672
-28672
-32768
-32768
-32768
-32768
-32768
-32768
-32768
-32768
-32768
-32768
-32768
-32768
-32768
-32768
-32768
-32768
-32768
-28672
-28672
-28672
-28672
-24576
-24576
-24576
-20480
-20480
-20480
-16384
-16384
-12288
-12288
-12288
-8192
-8192
-4096
-4096
0
0
4096
4096
8192
8192
8192
12288
12288
16384
16384
16384
20480
20480
20480
24576
24576
24576
24576
28672
28672
28672
28672
28672
28672
28672
28672
28672
28672
28672
28672
28672
28672
28672
28672
28672
24576
24576
24576
24576
20480
20480
20480
16384
16384
12288
12288
12288
8192
8192
4096
4096
0
0
0
-4096
-4096
-8192
-8192
-12288
-12288
-16384
-16384
-16384
-20480
-20480
-24576
-24576
-24576
-28672
-28672
-28672
-28672
-32768
-32768
-32768
-32768
-32768
-32768
-32768
-32768
-32768
-32768
-32768
-32768
-32768
-32768
-32768
-32768
-32768
-32768
-28672
-28672
-28672
-24576
-24576
-24576
-20480
-20480
-20480
-16384
-16384
-12288
-12288
-12288
-8192
-8192
-4096
-4096
0
0
4096
4096
4096
8192
8192
12288
12288
16384
16384
16384
20480
20480
20480
24576
24576
24576
24576
28672
28672
28672
28672
28672
28672
28672
28672
28672
28672
28672
28672
28672
28672
28672
28672
28672
24576
24576
24576
24576
20480
20480
20480
16384
16384
16384
12288
12288
8192
8192
4096
4096
0
0
0
-4096
-4096
-8192
-8192
-12288
-12288
-16384
-16384
-16384
-20480
-20480
-24576
-24576
-24576
-28672
-28672
-28672
-28672
-32768
-32768
-32768
-32768
-32768
-32768
-32768
-32768
-32768
-32768
-32768
-32768
-32768
-32768
-32768
-32768
-32768
-32768
-28672
-28672
-28672
-24576
-24576
-24576
-20480
-20480
-20480
-16384
-16384
-16384
-12288
-12288
-8192
-8192
-4096
-4096
0
0
4096
4096
4096
8192
8192
12288
12288
16384
16384
16384
20480
20480
20480
24576
24576
24576
24576
28672
28672
28672
28672
28672
28672
28672
28672
28672
28672
28672
28672
28672
28672
28672
28672
28672
24576
24576
24576
24576
20480
20480
20480
16384
16384
16384
12288
12288
8192
8192
4096
4096
4096
0
0
-4096
-4096
-8192
-8192
-12288
-12288
-16384
-16384
-16384
-20480
-20480
-20480
-24576
-24576
-24576
-28672
-28672
-28672
-32768
-32768
-32768
-32768
-32768
-32768
-32768
-32768
-32768
-32768
-32768
-32768
-32768
-32768
-32768
-32768
-32768
-32768
-28672
-28672
-28672
-28672
-24576
-24576
-24576
-20480
-20480
-16384
-16384
-16384
-12288
-12288
-8192
-8192
-4096
-4096
0
0
0
4096
4096
8192
8192
12288
12288
16384
16384
16384
20480
20480
20480
24576
24576
24576
24576
28672
28672
28672
28672
28672
28672
28672
28672
28672
28672
28672
28672
28672
28672
28672
28672
28672
24576
24576
24576
24576
20480
20480
20480
16384
16384
16384
12288
12288
8192
8192
4096
4096
4096
0
0
-4096
-4096
-8192
-8192
-12288
-12288
-12288
-16384
-16384
-20480
-20480
-20480
-24576
-24576
-24576
-28672
-28672
-28672
-32768
-32768
-32768
-32768
-32768
-32768
-32768
-32768
-32768
-32768
-32768
-32768
-32768
-32768
-32768
-32768
-32768
-32768
-28672
-28672
-28672
-28672
-24576
-24576
-24576
-20480
-20480
-16384
-16384
-16384
-12288
-12288
-8192
-8192
-4096
-4096
0
0
0
4096
4096
8192
8192
12288
12288
12288
16384
16384
20480
20480
20480
24576
24576
24576
24576
28672
28672
28672
28672
28672
28672
28672
28672
28672
28672
28672
28672
28672
28672
28672
28672
28672
24576
24576
24576
24576
20480
20480
20480
16384
16384
16384
12288
12288
8192
8192
8192
4096
4096
0
0
-4096
-4096
-8192
-8192
-12288
-12288
-12288
-16384
-16384
-20480
-20480
-20480
-24576
-24576
-24576
-28672
-28672
-28672
-28672
-32768
-32768
-32768
-32768
-32768
-32768
-32768
-32768
-32768
-32768
-32768
-32768
-32768
-32768
-32768
-32768
-32768
-28672
-28672
-28672
-28672
-24576
-24576
-24576
-20480
-20480
-16384
-16384
-16384
-12288
-12288
-8192
-8192
-4096
-1880
0
1877
3748
5609
7450
9265
11052
12802
14510
16167
16731
17117
17488
17841
18176
18491
18786
19059
19310
19537
19741
19919
20073
20201
20302
20377
20425
20445
20439
20406
20346
20259
20146
20006
19842
19652
19437
19199
18938
18655
18351
18027
17683
17322
16944
16551
15422
13740
12012
10247
8446
6617
4766
2901
1024
-855
-2733
-4597
-6451
-8283
-10087
-11855
-13586
-15273
-16516
-16910
-17289
-17652
-17997
-18324
-18629
-18915
-19178
-19418
-19634
-19827
-19994
-20135
-20252
-20341
-20403
-20439
-20447
-20429
-20384
-20311
-20212
-20087
-19936
-19760
-19559
-19333
-19085
-18814
-18521
-18207
-17874
-17522
-17154
-16768
-16321
-14667
-12964
-11217
-9436
-7622
-5781
-3922
-2052
-173
1706
3579
5439
7283
9103
10893
12644
14355
16020
16695
17083
17455
17810
18147
18464
18760
19036
19289
19518
19723
19905
20060
20190
20294
20371
20421
20445
20441
20410
20353
20268
20157
20020
19857
19670
19458
19222
18963
18682
18379
18057
17715
17355
16979
16587
15570
13896
12172
10408
8612
6785
4935
3069
1196
-683
-2560
-4430
-6283
-8117
-9923
-11698
-13430
-15120
-16479
-16875
-17255
-17620
-17966
-18295
-18602
-18889
-19155
-19397
-19616
-19810
-19980
-20124
-20242
-20334
-20398
-20437
-20448
-20432
-20389
-20319
-20222
-20100
-19951
-19777
-19578
-19355
-19108
-18839
-18548
-18237
-17905
-17555
-17188
-16804
-16405
-14817
-13122
-11378
-9598
-7786
-5950
-4092
-2221
-342
1534
3409
5272
7119
8937
10730
12489
14204
15869
16659
17048
17422
17778
18116
18436
18734
19011
19266
19498
19705
19889
20047
20179
20285
20365
20418
20444
20442
20414
20359
20277
20168
20034
19873
19688
19479
19244
18987
18708
18408
18087
17747
17388
17014
16623
15721
14048
12331
10570
8775
6950
5105
3241
1365
-514
-2389
-4260
-6117
-7953
-9759
-11536
-13276
-14970
-16442
-16839
-17221
-17588
-17936
-18265
-18576
-18865
-19131
-19376
-19597
-19794
-19966
-20112
-20232
-20327
-20394
-20434
-20448
-20434
-20394
-20327
-20232
-20112
-19966
-19794
-19597
-19376
-19132
-18865
-18576
-18266
-17936
-17588
-17221
-16840
-16442
-14970
-13276
-11539
-9762
-7953
-6117
-4263
-2392
-514
1365
3238
5102
6950
8775
10567
12328
14048
15721
16623
17013
17388
17747
18087
18407
18708
18987
19244
19478
19688
19873
20034
20168
20277
20359
20414
20442
20444
20418
20365
20286
20179
20047
19889
19706
19498
19266
19012
18734
18436
18116
17779
17422
17048
16659
15872
14204
12489
10730
8940
7119
5272
3409
1537
-342
-2221
-4089
-5947
-7786
-9598
-11375
-13119
-14817
-16405
-16804
-17187
-17555
-17905
-18236
-18548
-18839
-19108
-19354
-19578
-19777
-19951
-20100
-20222
-20319
-20389
-20432
-20448
-20437
-20398
-20334
-20242
-20124
-19980
-19811
-19616
-19397
-19155
-18890
-18603
-18295
-17966
-17621
-17256
-16875
-16479
-15123
-13433
-11698
-9923
-8120
-6286
-4430
-2560
-686
1193
3069
4935
6782
8609
10408
12172
13894
15570
16587
16979
17355
17715
18057
18379
18681
18963
19222
19458
19670
19857
20020
20157
20268
20353
20410
20441
20445
20421
20371
20294
20190
20060
19905
19724
19518
19289
19036
18761
18464
18147
17810
17456
17083
16695
16020
14358
12646
10893
9103
7286
5442
3579
1706
-170
-2048
-3922
-5781
-7618
-9434
-11217
-12964
-14664
-16319
-16768
-17154
-17522
-17874
-18207
-18521
-18813
-19085
-19333
-19559
-19760
-19936
-20087
-20212
-20311
-20384
-20429
-20447
-20439
-20403
-20341
-20252
-20136
-19994
-19827
-19634
-19418
-19178
-18915
-18629
-18324
-17997
-17652
-17290
-16910
-16516
-15273
-13589
-11858
-10087
-8283
-6454
-4601
-2733
-855
1020
2898
4766
6617
8442
10244
12012
13740
15419
16550
16944
17322
17683
18026
18351
18655
18938
19199
19437
19652
19841
20006
20146
20259
20346
20406
20439
20445
20425
20377
20302
20201
20073
19920
19741
19537
19310
19060
18786
18491
18176
17841
17488
17117
16731
16170
14510
12802
11055
9268
7450
5609
3751
1877
0
-1880
-3751
-5611
-7453
-9271
-11055
-12805
-14513
-16170
-16732
-17119
-17490
-17842
-18177
-18493
-18788
-19061
-19311
-19539
-19743
-19921
-20074
-20202
-20303
-20378
-20426
-20447
-20441
-20408
-20347
-20261
-20147
-20008
-19843
-19653
-19438
-19201
-18940
-18656
-18352
-18028
-17685
-17323
-16945
-16552
-15425
-13743
-12015
-10250
-8449
-6620
-4769
-2904
-1027
852
2730
4594
6448
8280
10084
11852
13583
15270
16514
16908
17288
17651
17996
18322
18628
18913
19176
19416
19633
19826
19993
20134
20250
20339
20402
20438
20446
20428
20383
20310
20211
20086
19935
19759
19557
19332
19084
18812
18519
18206
17873
17521
17152
16767
16319
14664
12961
11214
9434
7619
5778
3919
2049
170
-1709
-3582
-5442
-7286
-9106
-10896
-12647
-14358
-16023
-16697
-17084
-17456
-17811
-18148
-18465
-18762
-19037
-19290
-19519
-19725
-19906
-20062
-20192
-20295
-20372
-20423
-20446
-20442
-20412
-20354
-20269
-20159
-20022
-19859
-19672
-19459
-19223
-18964
-18683
-18381
-18058
-17716
-17357
-16981
-16588
-15573
-13899
-12175
-10411
-8615
-6788
-4938
-3072
-1199
680
2557
4427
6280
8114
9920
11695
13427
15117
16477
16873
17254
17619
17965
18293
18601
18888
19153
19396
19614
19809
19979
20122
20241
20332
20397
20436
20446
20430
20388
20318
20221
20099
19949
19775
19577
19353
19107
18838
18547
18235
17904
17553
17187
16803
16404
14814
13119
11375
9595
7783
5947
4089
2218
339
-1537
-3412
-5275
-7122
-8940
-10733
-12491
-14207
-15872
-16661
-17050
-17424
-17780
-18118
-18437
-18736
-19013
-19268
-19500
-19707
-19890
-20049
-20181
-20287
-20366
-20419
-20446
-20444
-20415
-20361
-20278
-20170
-20036
-19875
-19689
-19480
-19245
-18989
-18710
-18409
-18089
-17749
-17390
-17016
-16625
-15724
-14051
-12334
-10573
-8778
-6953
-5108
-3244
-1368
511
2386
4257
6114
7950
9756
11533
13273
14967
16440
16838
17220
17586
17934
18264
18574
18863
19130
19374
19595
19792
19964
20110
20231
20325
20392
20433
20447
20433
20392
20325
20231
20110
19965
19792
19595
19375
19130
18863
18574
18264
17935
17586
17220
16838
16441
14967
13273
11536
9759
7950
6114
4260
2389
511
-1368
-3241
-5105
-6953
-8778
-10570
-12331
-14051
-15724
-16624
-17015
-17390
-17749
-18088
-18409
-18710
-18989
-19245
-19480
-19689
-19875
-20035
-20170
-20278
-20361
-20415
-20444
-20446
-20419
-20367
-20287
-20181
-20049
-19891
-19707
-19500
-19268
-19013
-18736
-18437
-18118
-17780
-17424
-17050
-16661
-15875
-14207
-12491
-10733
-8943
-7122
-5275
-3412
-1540
339
2218
4086
5944
7783
9595
11372
13116
14814
16404
16802
17186
17553
17904
18234
18546
18838
19107
19353
19577
19775
19949
20098
20221
20318
20388
20430
20446
20436
20397
20332
20241
20122
19979
19809
19614
19396
19153
18888
18601
18293
17965
17619
17254
16873
16477
15120
13430
11695
9920
8117
6283
4427
2557
683
-1196
-3072
-4938
-6785
-8612
-10411
-12175
-13897
-15573
-16588
-16981
-17356
-17716
-18058
-18381
-18683
-18964
-19223
-19459
-19672
-19859
-20022
-20159
-20269
-20354
-20412
-20442
-20446
-20423
-20372
-20296
-20192
-20062
-19906
-19725
-19519
-19290
-19037
-18762
-18466
-18148
-17811
-17457
-17085
-16697
-16023
-14361
-12649
-10896
-9106
-7289
-5445
-3582
-1709
167
2045
3919
5778
7615
9431
11214
12961
14661
16316
16767
17152
17520
17872
18206
18519
18812
19083
19332
19557
19758
19935
20086
20211
20310
20382
20428
20446
20438
20402
20339
20250
20134
19993
19826
19633
19417
19176
18913
18628
18323
17996
17651
17289
16909
16514
15270
13586
11855
10084
8280
6451
4598
2730
852
-1023
-2901
-4769
-6620
-8445
-10247
-12015
-13743
-15422
-16552
-16945
-17323
-17684
-18028
-18352
-18656
-18939
-19200
-19438
-19653
-19843
-20008
-20147
-20261
-20347
-20408
-20441
-20447
-20426
-20378
-20303
-20202
-20074
-19921
-19743
-19539
-19312
-19061
-18788
-18493
-18178
-17843
-17490
-17119
-16733
-16173
-14513
-12805
-11058
-9271
-7453
-5611
-3754
-1880
0
1877
3748
5609
7450
9268
11052
12802
14510
16167
16731
17117
17488
17841
18176
18491
18786
19059
19310
19537
19741
19919
20073
20201
20302
20377
20425
20445
20439
20406
20346
20259
20146
20006
19842
19652
19437
19199
18938
18655
18351
18027
17683
17322
16944
16551
15422
13740
12012
10247
8446
6617
4766
2901
1024
-855
-2733
-4597
-6451
-8283
-10087
-11855
-13586
-15273
-16516
-16910
-17289
-17652
-17997
-18324
-18629
-18915
-19178
-19418
-19634
-19827
-19994
-20135
-20252
-20341
-20403
-20439
-20447
-20429
-20384
-20311
-20212
-20087
-19936
-19760
-19559
-19333
-19085
-18814
-18521
-18207
-17874
-17522
-17154
-16768
-16321
-14667
-12964
-11217
-9436
-7622
-5781
-3922
-2052
-173
1706
3579
5439
7283
9103
10893
12644
14355
16020
16695
17083
17455
17810
18147
18464
18760
19036
19289
19518
19723
19905
20060
20190
20294
20371
20421
20445
20441
20410
20353
20268
20157
20020
19857
19670
19458
19222
18963
18682
18379
18057
17715
17355
16979
16587
15570
13896
12172
10408
8612
6785
4935
3069
1196
-683
-2560
-4430
-6283
-8117
-9923
-11698
-13430
-15120
-16479
-16875
-17255
-17620
-17966
-18295
-18602
-18889
-19155
-19397
-19616
-19810
-19980
-20124
-20242
-20334
-20398
-20437
-20448
-20432
-20389
-20319
-20222
-20100
-19951
-19777
-19578
-19355
-19108
-18839
-18548
-18237
-17905
-17555
-17188
-16804
-16405
-14817
-13122
-11378
-9598
-7786
-5950
-4092
-2221
-342
1534
3409
5272
7119
8937
10730
12489
14204
15869
16659
17048
17422
17778
18116
18436
18734
19011
19266
19498
19705
19889
20047
20179
20285
20365
20418
20444
20442
20414
20359
20277
20168
20034
19873
19688
19479
19244
18987
18708
18408
18087
17747
17388
17014
16623
15721
14048
12331
10570
8775
6950
5105
3241
1365
-514
-2389
-4260
-6117
-7953
-9759
-11536
-13276
-14970
-16442
-16839
-17221
-17588
-17936
-18265
-18576
-18865
-19131
-19376
-19597
-19794
-19966
-20112
-20232
-20327
-20394
-20434
-20448
-20434
-20394
-20327
-20232
-20112
-19966
-19794
-19597
-19376
-19132
-18865
-18576
-18266
-17936
-17588
-17221
-16840
-16442
-14970
-13276
-11539
-9762
-7953
-6117
-4263
-2392
-514
1365
3238
5102
6950
8775
10567
12328
14048
15721
16623
17013
17388
17747
18087
18407
18708
18987
19244
19478
19688
19873
20034
20168
20277
20359
20414
20442
20444
20418
20365
20286
20179
20047
19889
19706
19498
19266
19012
18734
18436
18116
17779
17422
17048
16659
15872
14204
12489
10730
8940
7119
5272
3409
1537
-342
-2221
-4089
-5947
-7786
-9598
-11375
-13119
-14817
-16405
-16804
-17187
-17555
-17905
-18236
-18548
-18839
-19108
-19354
-19578
-19777
-19951
-20100
-20222
-20319
-20389
-20432
-20448
-20437
-20398
-20334
-20242
-20124
-19980
-19811
-19616
-19397
-19155
-18890
-18603
-18295
-17966
-17621
-17256
-16875
-16479
-15123
-13433
-11698
-9923
-8120
-6286
-4430
-2560
-686
1193
3069
4935
6782
8609
10408
12172
13894
15570
16587
16979
17355
17715
18057
18379
18681
18963
19222
19458
19670
19857
20020
20157
20268
20353
20410
20441
20445
20421
20371
20294
20190
20060
19905
19724
19518
19289
19036
18761
18464
18147
17810
17456
17083
16695
16020
14358
12646
10893
9103
7286
5442
3579
1706
-170
-2048
-3922
-5781
-7618
-9434
-11217
-12964
-14664
-16319
-16768
-17154
-17522
-17874
-18207
-18521
-18813
-19085
-19333
-19559
-19760
-19936
-20087
-20212
-20311
-20384
-20429
-20447
-20439
-20403
-20341
-20252
-20136
-19994
-19827
-19634
-19418
-19178
-18915
-18629
-18324
-17997
-17652
-17290
-16910
-16516
-15273
-13589
-11858
-10087
-8283
-6454
-4601
-2733
-855
1020
2898
4766
6617
8442
10244
12012
13740
15419
16550
16944
17322
17683
18026
18351
18655
18938
19199
19437
19652
19841
20006
20146
20259
20346
20406
20439
20445
20425
20377
20302
20201
20073
19920
19741
19537
19310
19060
18786
18491
18176
17841
17488
17117
16731
16170
14510
12802
11055
9268
7450
5609
3751
1877
0
-1880
-3751
-5611
-7453
-9271
-11055
-12805
-14513
-16170
-16732
-17119
-17490
-17842
-18177
-18493
-18788
-19061
-19311
-19539
-19743
-19921
-20074
-20202
-20303
-20378
-20426
-20447
-20441
-20408
-20347
-20261
-20147
-20008
-19843
-19653
-19438
-19201
-18940
-18656
-18352
-18028
-17685
-17323
-16945
-16552
-15425
-13743
-12015
-10250
-8449
-6620
-4769
-2904
-1027
852
2730
4594
6448
8280
10084
11852
13583
15270
16514
16908
17288
17651
17996
18322
18628
18913
19176
19416
19633
19826
19993
20134
20250
20339
20402
20438
20446
20428
20383
20310
20211
20086
19935
19759
19557
19332
19084
18812
18519
18206
17873
17521
17152
16767
16319
14664
12961
11214
9434
7619
5778
3919
2049
170
-1709
-3582
-5442
-7286
-9106
-10896
-12647
-14358
-16023
-16697
-17084
-17456
-17811
-18148
-18465
-18762
-19037
-19290
-19519
-19725
-19906
-20062
-20192
-20295
-20372
-20423
-20446
-20442
-20412
-20354
-20269
-20159
-20022
-19859
-19672
-19459
-19223
-18964
-18683
-18381
-18058
-17716
-17357
-16981
-16588
-15573
-13899
-12175
-10411
-8615
-6788
-4938
-3072
-1199
680
2557
4427
6280
8114
9920
11695
13427
15117
16477
16873
17254
17619
17965
18293
18601
18888
19153
19396
19614
19809
19979
20122
20241
20332
20397
20436
20446
20430
20388
20318
20221
20099
19949
19775
19577
19353
19107
18838
18547
18235
17904
17553
17187
16803
16404
14814
13119
11375
9595
7783
5947
4089
2218
339
-1537
-3412
-5275
-7122
-8940
-10733
-12491
-14207
-15872
-16661
-17050
-17424
-17780
-18118
-18437
-18736
-19013
-19268
-19500
-19707
-19890
-20049
-20181
-20287
-20366
-20419
-20446
-20444
-20415
-20361
-20278
-20170
-20036
-19875
-19689
-19480
-19245
-18989
-18710
-18409
-18089
-17749
-17390
-17016
-16625
-15724
-14051
-12334
-10573
-8778
-6953
-5108
-3244
-1368
511
2386
4257
6114
7950
9756
11533
13273
14967
16440
16838
17220
17586
17934
18264
18574
18863
19130
19374
19595
19792
19964
20110
20231
20325
20392
20433
20447
20433
20392
20325
20231
20110
19965
19792
19595
19374
19130
18863
18574
18264
17935
17586
17220
16838
16441
14967
13273
11536
9759
7950
6114
4260
2389
511
-1368
-3241
-5105
-6953
-8778
-10570
-12331
-14051
-15724
-16624
-17015
-17390
-17749
-18088
-18409
-18710
-18989
-19245
-19480
-19689
-19875
-20035
-20170
-20278
-20361
-20415
-20444
-20446
-20419
-20367
-20287
-20181
-20049
-19891
-19707
-19500
-19268
-19013
-18736
-18437
-18118
-17780
-17424
-17050
-16661
-15875
-14207
-12491
-10733
-8943
-7122
-5275
-3412
-1540
339
2218
4089
5944
7783
9595
11372
13116
14814
16404
16802
17186
17553
17904
18234
18546
18838
19107
19353
19577
19775
19949
20098
20221
20318
20388
20430
20446
20436
20397
20332
20241
20122
19979
19809
19614
19396
19153
18888
18601
18293
17965
17619
17254
16873
16477
15120
13430
11695
9920
8117
6283
4427
2557
683
-1196
-3072
-4938
-6785
-8612
-10411
-12175
-13897
-15573
-16588
-16981
-17356
-17716
-18058
-18381
-18683
-18964
-19223
-19459
-19672
-19859
-20022
-20159
-20269
-20354
-20412
-20442
-20446
-20423
-20372
-20296
-20192
-20062
-19906
-19725
-19519
-19290
-19037
-18762
-18466
-18148
-17811
-17457
-17085
-16697
-16023
-14361
-12649
-10896
-9106
-7289
-5445
-3582
-1709
167
2045
3919
5778
7615
9431
11214
12961
14661
16316
16767
17152
17520
17872
18206
18519
18812
19083
19332
19557
19758
19935
20086
20211
20310
20382
20428
20446
20438
20402
20339
20250
20134
19993
19826
19633
19417
19176
18913
18628
18323
17996
17651
17288
16909
16514
15270
13586
11855
10084
8280
6451
4598
2730
852
-1023
-2901
-4769
-6620
-8445
-10247
-12015
-13743
-15422
-16552
-16945
-17323
-17684
-18028
-18352
-18656
-18939
-19200
-19438
-19653
-19843
-20008
-20147
-20261
-20347
-20408
-20441
-20447
-20426
-20378
-20303
-20202
-20074
-19921
-19743
-19539
-19312
-19061
-18788
-18493
-18178
-17843
-17490
-17119
-16733
-16173
-14513
-12805
-11058
-9271
-7453
-5611
-3754
-1880
0
1877
3748
5609
7450
9268
11052
12802
14510
16170
16731
17117
17488
17841
18176
18491
18786
19059
19310
19537
19741
19919
20073
20201
20302
20377
20425
20445
20439
20406
20346
20259
20146
20006
19842
19652
19437
19199
18938
18655
18351
18027
17683
17322
16944
16551
15422
13740
12012
10247
8446
6617
4766
2901
1024
-855
-2733
-4597
-6451
-8283
-10087
-11855
-13586
-15273
-16516
-16910
-17289
-17652
-17997
-18324
-18629
-18915
-19178
-19418
-19634
-19827
-19994
-20135
-20252
-20341
-20403
-20439
-20447
-20429
-20384
-20311
-20212
-20087
-19936
-19760
-19559
-19333
-19085
-18814
-18521
-18207
-17874
-17522
-17154
-16768
-16321
-14667
-12964
-11217
-9436
-7622
-5781
-3922
-2052
-173
1706
3579
5439
7283
9103
10893
12644
14355
16020
16695
17083
17455
17810
18147
18464
18760
19036
19289
19518
19723
19905
20060
20190
20294
20371
20421
20445
20441
20410
20353
20268
20157
20020
19857
19670
19458
19222
18963
18682
18379
18057
17715
17355
16979
16587
15570
13896
12172
10408
8609
6785
4935
3069
1196
-683
-2560
-4430
-6283
-8117
-9923
-11698
-13430
-15120
-16479
-16875
-17255
-17620
-17966
-18295
-18602
-18889
-19155
-19397
-19616
-19810
-19980
-20124
-20242
-20334
-20398
-20437
-20448
-20432
-20389
-20319
-20222
-20100
-19951
-19777
-19578
-19355
-19108
-18839
-18548
-18237
-17905
-17555
-17188
-16804
-16405
-14817
-13122
-11378
-9598
-7786
-5950
-4092
-2221
-342
1534
3409
5272
7119
8937
10730
12489
14204
15869
16659
17048
17422
17778
18116
18436
18734
19011
19266
19498
19705
19889
20047
20179
20285
20365
20418
20444
20442
20414
20359
20277
20168
20034
19873
19688
19479
19244
18987
18708
18408
18087
17747
17388
17014
16623
15721
14048
12331
10570
8775
6950
5105
3241
1365
-514
-2389
-4260
-6117
-7953
-9759
-11536
-13276
-14970
-16442
-16839
-17221
-17588
-17936
-18265
-18576
-18865
-19131
-19376
-19597
-19794
-19966
-20112
-20232
-20327
-20394
-20434
-20448
-20434
-20394
-20327
-20232
-20112
-19966
-19794
-19597
-19376
-19132
-18865
-18576
-18266
-17936
-17588
-17221
-16840
-16442
-14970
-13276
-11539
-9762
-7953
-6117
-4263
-2392
-514
1365
3238
5102
6950
8775
10567
12328
14048
15721
16623
17013
17388
17747
18087
18407
18708
18987
19244
19478
19688
19873
20034
20168
20277
20359
20414
20442
20444
20418
20365
20286
20179
20047
19889
19706
19498
19266
19012
18734
18436
18116
17779
17422
17048
16659
15872
14204
12489
10730
8940
7119
5272
3409
1537
-342
-2221
-4092
-5947
-7786
-9598
-11375
-13119
-14817
-16405
-16804
-17187
-17555
-17905
-18236
-18548
-18839
-19108
-19354
-19578
-19777
-19951
-20100
-20222
-20319
-20389
-20432
-20448
-20437
-20398
-20334
-20242
-20124
-19980
-19811
-19616
-19397
-19155
-18890
-18603
-18295
-17966
-17621
-17256
-16875
-16479
-15123
-13433
-11698
-9923
-8120
-6286
-4430
-2560
-686
1193
3069
4935
6782
8609
10408
12172
13894
15570
16587
16979
17355
17715
18057
18379
18681
18963
19222
19458
19670
19857
20020
20157
20268
20353
20410
20441
20445
20421
20371
20294
20190
20060
19905
19724
19518
19289
19036
18761
18464
18147
17810
17456
17083
16695
16020
14358
12646
10893
9103
7286
5442
3579
1706
-170
-2048
-3922
-5781
-7618
-9434
-11217
-12964
-14664
-16319
-16768
-17154
-17522
-17874
-18207
-18521
-18813
-19085
-19333
-19559
-19760
-19936
-20087
-20212
-20311
-20384
-20429
-20447
-20439
-20403
-20341
-20252
-20136
-19994
-19827
-19634
-19418
-19178
-18915
-18629
-18324
-17997
-17652
-17289
-16910
-16516
-15273
-13589
-11858
-10087
-8283
-6454
-4601
-2733
-855
1020
2898
4766
6617
8442
10244
12012
13740
15419
16550
16944
17322
17683
18026
18351
18655
18938
19199
19437
19652
19841
20006
20146
20259
20346
20406
20439
20445
20425
20377
20302
20201
20073
19920
19741
19537
19310
19060
18786
18491
18176
17841
17488
17117
16731
16170
14510
12802
11055
9268
7450
5609
3751
1877
0
-1880
-3751
-5611
-7453
-9271
-11055
-12805
-14513
-16173
-16732
-17119
-17490
-17842
-18177
-18493
-18788
-19061
-19311
-19539
-19743
-19921
-20074
-20202
-20303
-20378
-20426
-20447
-20441
-20408
-20347
-20261
-20147
-20008
-19843
-19653
-19438
-19201
-18940
-18656
-18352
-18028
-17685
-17323
-16945
-16552
-15425
-13743
-12015
-10250
-8449
-6620
-4769
-2904
-1027
852
2730
4594
6448
8280
10084
11852
13583
15270
16514
16908
17288
17651
17996
18322
18628
18913
19176
19416
19633
19826
19993
20134
20250
20339
20402
20438
20446
20428
20382
20310
20211
20086
19935
19759
19557
19332
19084
18812
18519
18206
17873
17521
17152
16767
16319
14664
12961
11214
9434
7619
5778
3919
2049
170
-1709
-3582
-5442
-7286
-9106
-10896
-12647
-14358
-16023
-16697
-17084
-17456
-17811
-18148
-18465
-18762
-19037
-19290
-19519
-19725
-19906
-20062
-20192
-20295
-20372
-20423
-20446
-20442
-20412
-20354
-20269
-20159
-20022
-19859
-19672
-19459
-19223
-18964
-18683
-18381
-18058
-17716
-17357
-16981
-16588
-15573
-13899
-12175
-10411
-8612
-6788
-4938
-3072
-1199
680
2557
4427
6280
8114
9920
11695
13427
15117
16477
16873
17254
17619
17965
18293
18601
18888
19153
19396
19614
19809
19979
20122
20241
20332
20397
20436
20446
20430
20388
20318
20221
20099
19949
19775
19577
19353
19107
18838
18547
18235
17904
17553
17187
16803
16404
14814
13119
11375
9595
7783
5947
4089
2218
339
-1537
-3412
-5275
-7122
-8940
-10733
-12491
-14207
-15872
-16661
-17050
-17424
-17780
-18118
-18437
-18736
-19013
-19268
-19500
-19707
-19890
-20049
-20181
-20287
-20366
-20419
-20446
-20444
-20415
-20361
-20278
-20170
-20036
-19875
-19689
-19480
-19245
-18989
-18710
-18409
-18089
-17749
-17390
-17016
-16625
-15724
-14051
-12334
-10573
-8778
-6953
-5108
-3244
-1368
511
2386
4257
6114
7950
9756
11533
13273
14967
16440
16838
17220
17586
17934
18264
18574
18863
19130
19374
19595
19792
19964
20110
20231
20325
20392
20433
20447
20433
20392
20325
20231
20110
19965
19792
19595
19374
19130
18863
18574
18264
17935
17586
17220
16838
16441
14967
13273
11536
9759
7950
6114
4260
2389
511
-1368
-3241
-5105
-6953
-8778
-10570
-12331
-14051
-15724
-16624
-17015
-17390
-17749
-18088
-18409
-18710
-18989
-19245
-19480
-19689
-19875
-20035
-20170
-20278
-20361
-20415
-20444
-20446
-20419
-20367
-20287
-20181
-20049
-19891
-19707
-19500
-19268
-19013
-18736
-18437
-18118
-17780
-17424
-17050
-16661
-15875
-14207
-12491
-10733
-8943
-7122
-5275
-3412
-1540
339
2218
4089
5944
7783
9595
11372
13116
14814
16404
16802
17186
17553
17904
18234
18546
18838
19107
19353
19577
19775
19949
20098
20221
20318
20388
20430
20446
20436
20397
20332
20241
20122
19979
19809
19614
19396
19153
18888
18601
18293
17965
17619
17254
16873
16477
15120
13430
11695
9920
8117
6283
4427
2557
683
-1196
-3072
-4938
-6785
-8612
-10411
-12175
-13897
-15573
-16588
-16981
-17356
-17716
-18058
-18381
-18683
-18964
-19223
-19459
-19672
-19859
-20022
-20159
-20269
-20354
-20412
-20442
-20446
-20423
-20372
-20296
-20192
-20062
-19906
-19725
-19519
-19290
-19037
-18762
-18466
-18148
-17811
-17457
-17085
-16697
-16023
-14361
-12649
-10896
-9106
-7289
-5445
-3582
-1709
167
2045
3919
5778
7615
9431
11214
12961
14661
16316
16767
17152
17520
17872
18206
18519
18812
19083
19332
19557
19758
19935
20086
20211
20310
20382
20428
20446
20438
20402
20339
20250
20134
19993
19826
19633
19417
19176
18913
18628
18323
17996
17651
17288
16909
16514
15270
13586
11855
10084
8280
6451
4598
2730
852
-1023
-2901
-4769
-6620
-8445
-10247
-12015
-13743
-15422
-16552
-16945
-17323
-17684
-18028
-18352
-18656
-18939
-19200
-19438
-19653
-19843
-20008
-20147
-20261
-20347
-20408
-20441
-20447
-20426
-20378
-20303
-20202
-20074
-19921
-19743
-19539
-19312
-19061
-18788
-18493
-18178
-17843
-17490
-17119
-16733
-16173
-14513
-12805
-11058
-9271
-7453
-5611
-3754
-1880
0
1877
3748
5609
7450
9268
11052
12802
14510
16170
16731
17117
17488
17841
18176
18491
18786
19059
19310
19537
19741
19919
20073
20201
20302
20377
20425
20445
20439
20406
20346
20259
20146
20006
19842
19652
19437
19199
18938
18655
18351
18027
17683
17322
16944
16551
15422
13740
12012
10247
8446
6617
4766
2901
1024
-855
-2733
-4597
-6451
-8283
-10087
-11855
-13586
-15273
-16516
-16910
-17289
-17652
-17997
-18324
-18629
-18915
-19178
-19418
-19634
-19827
-19994
-20135
-20252
-20341
-20403
-20439
-20447
-20429
-20384
-20311
-20212
-20087
-19936
-19760
-19559
-19333
-19085
-18814
-18521
-18207
-17874
-17522
-17154
-16768
-16321
-14667
-12964
-11217
-9436
-7622
-5781
-3922
-2052
-173
1706
3579
5439
7283
9103
10893
12644
14355
16020
16695
17083
17455
17810
18147
18464
18760
19036
19289
19518
19723
19905
20060
20190
20294
20371
20421
20445
20441
20410
20353
20268
20157
20020
19857
19670
19458
19222
18963
18682
18379
18057
17715
17355
16979
16587
15570
13896
12172
10408
8609
6785
4935
3069
1196
-683
-2560
-4430
-6283
-8117
-9923
-11698
-13430
-15120
-16479
-16875
-17255
-17620
-17966
-18295
-18602
-18889
-19155
-19397
-19616
-19810
-19980
-20124
-20242
-20334
-20398
-20437
-20448
-20432
-20389
-20319
-20222
-20100
-19951
-19777
-19578
-19355
-19108
-18839
-18548
-18237
-17905
-17555
-17188
-16804
-16405
-14817
-13122
-11378
-9598
-7786
-5950
-4092
-2221
-342
1534
3409
5272
7119
8937
10730
12489
14204
15869
16659
17048
17422
17778
18116
18436
18734
19011
19266
19498
19705
19889
20047
20179
20285
20365
20418
20444
20442
20414
20359
20277
20168
20034
19873
19688
19479
19244
18987
18708
18408
18087
17747
17388
17014
16623
15721
14048
12331
10570
8775
6950
5105
3241
1365
-514
-2389
-4260
-6117
-7953
-9759
-11536
-13276
-14970
-16442
-16839
-17221
-17588
-17936
-18265
-18576
-18865
-19131
-19376
-19597
-19794
-19966
-20112
-20232
-20327
-20394
-20434
-20448
-20434
-20394
-20327
-20232
-20112
-19966
-19794
-19597
-19376
-19132
-18865
-18576
-18266
-17936
-17588
-17221
-16840
-16442
-14970
-13276
-11539
-9762
-7953
-6117
-4263
-2392
-514
1365
3238
5102
6950
8775
10567
12328
14048
15721
16623
17013
17388
17747
18087
18407
18708
18987
19244
19478
19688
19873
20034
20168
20277
20359
20414
20442
20444
20418
20365
20286
20179
20047
19889
19706
19498
19266
19012
18734
18436
18116
17779
17422
17048
16659
15872
14204
12489
10730
8940
7119
5272
3409
1537
-342
-2221
-4092
-5947
-7786
-9598
-11375
-13119
-14817
-16405
-16804
-17187
-17555
-17905
-18236
-18548
-18839
-19108
-19354
-19578
-19777
-19951
-20100
-20222
-20319
-20389
-20432
-20448
-20437
-20398
-20334
-20242
-20124
-19980
-19811
-19616
-19397
-19155
-18890
-18603
-18295
-17966
-17621
-17256
-16875
-16479
-15123
-13433
-11698
-9923
-8120
-6286
-4430
-2560
-686
1193
3069
4935
6782
8609
10408
12172
13894
15570
16587
16979
17355
17715
18057
18379
18681
18963
19222
19458
19670
19857
20020
20157
20268
20353
20410
20441
20445
20421
20371
20294
20190
20060
19905
19724
19518
19289
19036
18761
18464
18147
17810
17456
17083
16695
16020
14358
12646
10893
9103
7286
5442
3579
1706
-170
-2048
-3922
-5781
-7618
-9434
-11217
-12964
-14664
-16319
-16768
-17154
-17522
-17874
-18207
-18521
-18813
-19085
-19333
-19559
-19760
-19936
-20087
-20212
-20311
-20384
-20429
-20447
-20439
-20403
-20341
-20252
-20136
-19994
-19827
-19634
-19418
-19178
-18915
-18629
-18324
-17997
-17652
-17289
-16910
-16516
-15273
-13586
-11858
-10087
-8283
-6454
-4601
-2733
-855
1020
2898
4766
6617
8442
10244
12012
13740
15419
16550
16944
17322
17683
18026
18351
18655
18938
19199
19437
19652
19841
20006
20146
20259
20346
20406
20439
20445
20425
20377
20302
20201
20073
19920
19741
19537
19310
19060
18786
18491
18176
17841
17488
17117
16731
16170
14510
12802
11055
9268
7450
5609
3751
1877
0
-1880
-3751
-5611
-7453
-9271
-11055
-12805
-14513
-16173
-16732
-17119
-17490
-17843
-18177
-18493
-18788
-19061
-19311
-19539
-19743
-19921
-20074
-20202
-20303
-20378
-20426
-20447
-20441
-20408
-20347
-20261
-20147
-20008
-19843
-19653
-19438
-19201
-18940
-18656
-18352
-18028
-17685
-17323
-16945
-16552
-15425
-13743
-12015
-10250
-8449
-6620
-4769
-2904
-1027
852
2730
4594
6448
8280
10084
11852
13583
15270
16514
16908
17288
17651
17996
18322
18628
18913
19176
19416
19633
19826
19993
20134
20250
20339
20402
20438
20446
20428
20382
20310
20211
20086
19935
19759
19557
19332
19084
18812
18519
18206
17873
17521
17152
16767
16319
14664
12961
11214
9434
7619
5778
3919
2049
170
-1709
-3582
-5442
-7286
-9106
-10896
-12647
-14358
-16023
-16697
-17084
-17456
-17811
-18148
-18465
-18762
-19037
-19290
-19519
-19725
-19906
-20062
-20192
-20295
-20372
-20423
-20446
-20442
-20412
-20354
-20269
-20159
-20022
-19859
-19672
-19459
-19223
-18964
-18683
-18381
-18058
-17716
-17357
-16981
-16588
-15573
-13899
-12175
-10411
-8612
-6788
-4938
-3072
-1196
680
2557
4427
6280
8114
9920
11695
13427
15117
16477
16873
17254
17619
17965
18293
18601
18888
19153
19396
19614
19809
19979
20122
20241
20332
20397
20436
20446
20430
20388
20318
20221
20099
19949
19775
19577
19353
19107
18838
18547
18235
17904
17553
17187
16803
16404
14814
13119
11375
9595
7783
5947
4089
2218
339
-1537
-3412
-5275
-7122
-8940
-10733
-12491
-14207
-15872
-16661
-17050
-17424
-17780
-18118
-18437
-18736
-19013
-19268
-19500
-19707
-19890
-20049
-20181
-20287
-20366
-20419
-20446
-20444
-20415
-20361
-20278
-20170
-20036
-19875
-19689
-19480
-19245
-18989
-18710
-18409
-18089
-17749
-17390
-17016
-16625
-15724
-14051
-12334
-10573
-8778
-6953
-5108
-3244
-1368
511
2386
4257
6114
7950
9756
11533
13273
14967
16440
16838
17220
17586
17934
18264
18574
18863
19130
19374
19595
19792
19964
20110
20231
20325
20392
20433
20447
20433
20392
20325
20231
20110
19965
19792
19595
19374
19130
18863
18574
18264
17935
17586
17220
16838
16441
14967
13273
11536
9759
7950
6114
4260
2389
511
-1368
-3241
-5105
-6953
-8778
-10570
-12331
-14051
-15724
-16624
-17015
-17390
-17749
-18088
-18409
-18710
-18989
-19245
-19480
-19689
-19875
-20035
-20170
-20278
-20361
-20415
-20444
-20446
-20419
-20367
-20287
-20181
-20049
-19891
-19707
-19500
-19268
-19013
-18736
-18437
-18118
-17780
-17424
-17050
-16661
-15875
-14207
-12491
-10733
-8943
-7122
-5275
-3412
-1540
339
2218
4089
5944
7783
9595
11375
13116
14814
16404
16802
17186
17553
17904
18234
18546
18838
19107
19353
19577
19775
19949
20098
20221
20318
20388
20430
20446
20436
20397
20332
20241
20122
19979
19809
19614
19396
19153
18888
18601
18293
17965
17619
17254
16873
16477
15120
13430
11695
9920
8117
6283
4427
2557
683
-1196
-3072
-4938
-6785
-8612
-10411
-12175
-13897
-15573
-16588
-16981
-17356
-17716
-18058
-18381
-18683
-18964
-19223
-19459
-19672
-19859
-20022
-20159
-20269
-20354
-20412
-20442
-20446
-20423
-20372
-20296
-20192
-20062
-19906
-19725
-19519
-19290
-19037
-18762
-18466
-18148
-17811
-17457
-17085
-16697
-16023
-14361
-12649
-10896
-9106
-7289
-5445
-3582
-1709
167
2045
3919
5778
7615
9431
11214
12961
14661
16316
16767
17152
17520
17872
18206
18519
18812
19083
19332
19557
19758
19935
20086
20211
20310
20382
20428
20446
20438
20402
20339
20250
20134
19993
19826
19633
19417
19176
18913
18628
18323
17996
17651
17288
16909
16514
15270
13583
11855
10084
8280
6451
4598
2730
852
-1023
-2901
-4769
-6620
-8445
-10247
-12015
-13743
-15422
-16552
-16945
-17323
-17684
-18028
-18352
-18656
-18939
-19200
-19438
-19653
-19843
-20008
-20147
-20261
-20347
-20408
-20441
-20447
-20426
-20378
-20303
-20202
-20074
-19921
-19743
-19539
-19312
-19061
-18788
-18493
-18178
-17843
-17490
-17119
-16733
-16173
-14513
-12805
-11058
-9271
-7453
-5611
-3754
-1880
0
1877
3748
5609
7450
9268
11052
12802
14510
16170
16731
17117
17488
17841
18176
18491
18786
19059
19310
19537
19741
19919
20073
20201
20302
20377
20425
20445
20439
20406
20346
20259
20146
20006
19842
19652
19437
19199
18938
18655
18351
18027
17683
17322
16944
16551
15422
13740
12012
10247
8446
6617
4766
2901
1024
-855
-2733
-4597
-6451
-8283
-10087
-11855
-13586
-15273
-16516
-16910
-17289
-17652
-17997
-18324
-18629
-18915
-19178
-19418
-19634
-19827
-19994
-20135
-20252
-20341
-20403
-20439
-20447
-20429
-20384
-20311
-20212
-20087
-19936
-19760
-19559
-19333
-19085
-18814
-18521
-18207
-17874
-17522
-17154
-16768
-16321
-14667
-12964
-11217
-9436
-7622
-5781
-3922
-2052
-173
1706
3579
5439
7283
9103
10893
12644
14355
16020
16695
17083
17455
17810
18147
18464
18760
19036
19289
19518
19723
19905
20060
20190
20294
20371
20421
20445
20441
20410
20353
20268
20157
20020
19857
19670
19458
19222
18963
18682
18379
18057
17715
17355
16979
16587
15570
13896
12172
10408
8609
6785
4935
3069
1193
-683
-2560
-4430
-6283
-8117
-9923
-11698
-13430
-15120
-16479
-16875
-17255
-17620
-17966
-18295
-18602
-18889
-19155
-19397
-19616
-19810
-19980
-20124
-20242
-20334
-20398
-20437
-20448
-20432
-20389
-20319
-20222
-20100
-19951
-19777
-19578
-19355
-19108
-18839
-18548
-18237
-17905
-17555
-17188
-16804
-16405
-14817
-13122
-11378
-9598
-7786
-5950
-4092
-2221
-342
1534
3409
5272
7119
8937
10730
12489
14204
15869
16659
17048
17422
17778
18116
18436
18734
19011
19266
19498
19706
19889
20047
20179
20285
20365
20418
20444
20442
20414
20359
20277
20168
20034
19873
19688
19479
19244
18987
18708
18408
18087
17747
17388
17014
16623
15721
14048
12331
10570
8775
6950
5105
3241
1365
-514
-2389
-4260
-6117
-7953
-9759
-11536
-13276
-14970
-16442
-16839
-17221
-17588
-17936
-18265
-18576
-18865
-19131
-19376
-19597
-19794
-19966
-20112
-20232
-20327
-20394
-20434
-20448
-20434
-20394
-20327
-20232
-20112
-19966
-19794
-19597
-19376
-19132
-18865
-18576
-18265
-17936
-17588
-17221
-16840
-16442
-14970
-13276
-11539
-9762
-7953
-6117
-4263
-2392
-514
1365
3238
5102
6950
8775
10567
12328
14048
15721
16623
17013
17388
17747
18087
18407
18708
18987
19244
19478
19688
19873
20034
20168
20277
20359
20414
20442
20444
20418
20365
20286
20179
20047
19889
19706
19498
19266
19012
18734
18436
18116
17779
17422
17048
16659
15872
14204
12489
10730
8940
7119
5272
3409
1537
-342
-2221
-4092
-5947
-7786
-9598
-11378
-13119
-14817
-16405
-16804
-17187
-17555
-17905
-18236
-18548
-18839
-19108
-19354
-19578
-19777
-19951
-20100
-20222
-20319
-20389
-20432
-20448
-20437
-20398
-20334
-20242
-20124
-19980
-19811
-19616
-19397
-19155
-18890
-18603
-18295
-17966
-17621
-17256
-16875
-16479
-15123
-13433
-11698
-9923
-8120
-6286
-4430
-2560
-686
1193
3069
4935
6782
8609
10408
12172
13894
15570
16587
16979
17355
17715
18057
18379
18681
18963
19222
19458
19670
19857
20020
20157
20268
20353
20410
20441
20445
20421
20371
20294
20190
20060
19905
19724
19518
19289
19036
18761
18464
18147
17810
17456
17083
16695
16020
14358
12646
10893
9103
7286
5442
3579
1706
-170
-2048
-3922
-5781
-7618
-9434
-11217
-12964
-14664
-16319
-16768
-17154
-17522
-17874
-18207
-18521
-18813
-19085
-19333
-19559
-19760
-19936
-20087
-20212
-20311
-20384
-20429
-20447
-20439
-20403
-20341
-20252
-20136
-19994
-19827
-19634
-19418
-19178
-18915
-18629
-18324
-17997
-17652
-17289
-16910
-16516
-15273
-13586
-11858
-10087
-8283
-6454
-4601
-2733
-855
1020
2898
4766
6617
8442
10244
12012
13740
15419
16550
16944
17322
17683
18026
18351
18655
18938
19199
19437
19652
19841
20006
20146
20259
20346
20406
20439
20445
20425
20377
20302
20201
20073
19920
19741
19537
19310
19060
18786
18491
18176
17841
17488
17117
16731
16170
14510
12802
11055
9268
7450
5609
3751
1877
0
-1880
-3751
-5611
-7453
-9271
-11055
-12805
-14513
-16173
-16732
-17119
-17490
-17843
-18177
-18493
-18788
-19061
-19311
-19539
-19743
-19921
-20074
-20202
-20303
-20378
-20426
-20447
-20441
-20408
-20347
-20261
-20147
-20008
-19843
-19653
-19438
-19201
-18940
-18656
-18352
-18028
-17685
-17323
-16945
-16552
-15425
-13743
-12015
-10250
-8449
-6620
-4769
-2904
-1027
852
2730
4594
6448
8280
10084
11852
13583
15270
16514
16908
17288
17651
17996
18322
18628
18913
19176
19416
19633
19826
19993
20134
20250
20339
20402
20438
20446
20428
20382
20310
20211
20086
19935
19759
19557
19332
19084
18812
18519
18206
17873
17521
17152
16767
16319
14664
12961
11214
9434
7619
5778
3919
2049
170
-1709
-3582
-5442
-7286
-9106
-10896
-12647
-14358
-16023
-16697
-17084
-17456
-17811
-18148
-18465
-18762
-19037
-19290
-19519
-19725
-19906
-20062
-20192
-20295
-20372
-20423
-20446
-20442
-20412
-20354
-20269
-20159
-20022
-19859
-19672
-19459
-19223
-18964
-18683
-18381
-18058
-17716
-17357
-16981
-16588
-15573
-13899
-12175
-10411
-8612
-6788
-4938
-3072
-1196
680
2557
4427
6280
8114
9920
11695
13427
15117
16477
16873
17254
17619
17965
18293
18601
18888
19153
19396
19614
19809
19979
20122
20241
20332
20397
20436
20446
20430
20388
20318
20221
20099
19949
19775
19577
19353
19107
18838
18547
18235
17904
17553
17187
16803
16404
14814
13119
11375
9595
7783
5947
4089
2218
339
-1537
-3412
-5275
-7122
-8940
-10733
-12491
-14207
-15872
-16661
-17050
-17424
-17780
-18118
-18437
-18736
-19013
-19268
-19500
-19707
-19890
-20049
-20181
-20287
-20366
-20419
-20446
-20444
-20415
-20361
-20278
-20170
-20036
-19875
-19689
-19480
-19245
-18989
-18710
-18409
-18089
-17749
-17390
-17016
-16625
-15724
-14051
-12334
-10573
-8778
-6953
-5108
-3244
-1368
511
2386
4257
6114
7950
9756
11533
13273
14967
16440
16838
17220
17586
17934
18264
18574
18863
19130
19374
19595
19792
19964
20110
20231
20325
20392
20433
20447
20433
20392
20325
20231
20110
19965
19792
19595
19374
19130
18863
18574
18264
17935
17586
17220
16838
16441
14967
13273
11536
9759
7950
6114
4260
2389
511
-1368
-3241
-5105
-6953
-8778
-10570
-12331
-14051
-15724
-16624
-17015
-17390
-17749
-18088
-18409
-18710
-18989
-19245
-19480
-19689
-19875
-20035
-20170
-20278
-20361
-20415
-20444
-20446
-20419
-20367
-20287
-20181
-20049
-19891
-19707
-19500
-19268
-19013
-18736
-18437
-18118
-17780
-17424
-17050
-16661
-15875
-14207
-12491
-10733
-8943
-7122
-5275
-3412
-1540
339
2218
4089
5944
7783
9595
11375
13116
14814
16404
16802
17186
17553
17904
18234
18546
18838
19107
19353
19577
19775
19949
20098
20221
20318
20388
20430
20446
20436
20397
20332
20241
20122
19979
19809
19614
19396
19153
18888
18601
18293
17965
17619
17254
16873
16477
15120
13430
11695
9920
8117
6283
4427
2557
683
-1196
-3072
-4938
-6785
-8612
-10411
-12175
-13897
-15573
-16588
-16981
-17356
-17716
-18058
-18381
-18683
-18964
-19223
-19459
-19672
-19859
-20022
-20159
-20269
-20354
-20412
-20442
-20446
-20423
-20372
-20296
-20192
-20062
-19906
-19725
-19519
-19290
-19037
-18762
-18466
-18148
-17811
-17457
-17085
-16697
-16023
-14361
-12649
-10896
-9106
-7289
-5445
-3582
-1709
167
2045
3919
5778
7615
9431
11214
12961
14661
16316
16767
17152
17520
17872
18206
18519
18812
19083
19332
19557
19758
19935
20086
20211
20310
20382
20428
20446
20438
20402
20339
20250
20134
19993
19826
19633
19417
19176
18913
18628
18323
17996
17651
17288
16909
16514
15270
13583
11855
10084
8280
6448
4598
2730
852
-1023
-2901
-4769
-6620
-8445
-10247
-12015
-13743
-15422
-16552
-16945
-17323
-17684
-18028
-18352
-18656
-18939
-19200
-19438
-19653
-19843
-20008
-20147
-20261
-20347
-20408
-20441
-20447
-20426
-20378
-20303
-20202
-20074
-19921
-19743
-19539
-19312
-19061
-18788
-18493
-18178
-17843
-17490
-17119
-16733
-16173
-14513
-12805
-11058
-9271
-7453
-5611
-3754
-1880
0
1877
3748
5609
7450
9268
11052
12802
14510
16170
16731
17117
17488
17841
18176
18491
18786
19060
19310
19537
19741
19919
20073
20201
20302
20377
20425
20445
20439
20406
20346
20259
20146
20006
19842
19652
19437
19199
18938
18655
18351
18027
17683
17322
16944
16551
15422
13740
12012
10247
8446
6617
4766
2901
1024
-855
-2733
-4597
-6451
-8283
-10087
-11855
-13586
-15273
-16516
-16910
-17289
-17652
-17997
-18324
-18629
-18915
-19178
-19418
-19634
-19827
-19994
-20135
-20252
-20341
-20403
-20439
-20447
-20429
-20384
-20311
-20212
-20087
-19936
-19760
-19559
-19333
-19085
-18814
-18521
-18207
-17874
-17522
-17154
-16768
-16321
-14667
-12964
-11217
-9436
-7622
-5781
-3922
-2052
-173
1706
3579
5439
7283
9103
10893
12644
14355
16020
16695
17083
17455
17810
18147
18464
18760
19036
19289
19518
19723
19905
20060
20190
20294
20371
20421
20445
20441
20410
20353
20268
20157
20020
19857
19670
19458
19222
18963
18682
18379
18057
17715
17355
16979
16587
15570
13896
12172
10408
8609
6785
4935
3069
1193
-683
-2560
-4430
-6286
-8117
-9923
-11698
-13430
-15120
-16479
-16875
-17255
-17620
-17966
-18295
-18602
-18889
-19155
-19397
-19616
-19810
-19980
-20124
-20242
-20334
-20398
-20437
-20448
-20432
-20389
-20319
-20222
-20100
-19951
-19777
-19578
-19355
-19108
-18839
-18548
-18237
-17905
-17555
-17188
-16804
-16405
-14817
-13122
-11378
-9598
-7786
-5950
-4092
-2221
-342
1534
3409
5272
7119
8937
10730
12489
14204
15869
16659
17048
17422
17778
18116
18436
18734
19011
19266
19498
19706
19889
20047
20179
20286
20365
20418
20444
20442
20414
20359
20277
20168
20034
19873
19688
19479
19244
18987
18708
18408
18087
17747
17388
17014
16623
15721
14048
12331
10570
8775
6950
5105
3241
1365
-514
-2389
-4260
-6117
-7953
-9759
-11536
-13276
-14970
-16442
-16839
-17221
-17588
-17936
-18265
-18576
-18865
-19131
-19376
-19597
-19794
-19966
-20112
-20232
-20327
-20394
-20434
-20448
-20434
-20394
-20327
-20232
-20112
-19966
-19794
-19597
-19376
-19132
-18865
-18576
-18265
-17936
-17588
-17221
-16839
-16442
-14970
-13276
-11539
-9762
-7953
-6117
-4263
-2392
-514
1365
3238
5102
6950
8775
10567
12328
14048
15721
16623
17013
17388
17747
18087
18407
18708
18987
19244
19478
19688
19873
20034
20168
20277
20359
20414
20442
20444
20418
20365
20286
20179
20047
19889
19706
19498
19266
19012
18734
18436
18116
17779
17422
17048
16659
15872
14204
12489
10730
8940
7119
5272
3409
1537
-342
-2221
-4092
-5947
-7786
-9598
-11378
-13119
-14817
-16405
-16804
-17187
-17555
-17905
-18236
-18548
-18839
-19108
-19354
-19578
-19777
-19951
-20100
-20222
-20319
-20389
-20432
-20448
-20437
-20398
-20334
-20242
-20124
-19980
-19811
-19616
-19397
-19155
-18890
-18603
-18295
-17966
-17621
-17256
-16875
-16479
-15123
-13433
-11698
-9923
-8120
-6286
-4430
-2560
-686
1193
3069
4935
6782
8609
10408
12172
13894
15570
16587
16979
17355
17715
18057
18379
18681
18963
19222
19458
19670
19857
20020
20157
20268
20353
20410
20441
20445
20421
20371
20294
20190
20060
19905
19724
19518
19289
19036
18761
18464
18147
17810
17456
17083
16695
16020
14358
12646
10893
9103
7286
5442
3579
1706
-170
-2048
-3922
-5781
-7618
-9434
-11217
-12964
-14664
-16319
-16768
-17154
-17522
-17874
-18207
-18521
-18813
-19085
-19333
-19559
-19760
-19936
-20087
-20212
-20311
-20384
-20429
-20447
-20439
-20403
-20341
-20252
-20136
-19994
-19827
-19634
-19418
-19178
-18915
-18629
-18324
-17997
-17652
-17289
-16910
-16516
-15273
-13586
-11858
-10087
-8283
-6451
-4601
-2733
-855
1020
2898
4766
6617
8442
10244
12012
13740
15419
16550
16944
17322
17683
18026
18351
18655
18938
19199
19437
19652
19841
20006
20146
20259
20346
20406
20439
20445
20425
20377
20302
20201
20073
19920
19741
19537
19310
19060
18786
18491
18176
17841
17488
17117
16731
16170
14510
12802
11055
9268
7450
5609
3751
1877
0
-1880
-3751
-5611
-7453
-9271
-11055
-12805
-14513
-16173
-16732
-17119
-17490
-17843
-18177
-18493
-18788
-19061
-19311
-19539
-19743
-19921
-20074
-20202
-20303
-20378
-20426
-20447
-20441
-20408
-20347
-20261
-20147
-20008
-19843
-19653
-19438
-19201
-18940
-18656
-18352
-18028
-17685
-17323
-16945
-16552
-15425
-13743
-12015
-10250
-8449
-6620
-4769
-2904
-1027
852
2730
4594
6448
8280
10084
11852
13583
15270
16514
16908
17288
17651
17996
18322
18628
18913
19176
19416
19633
19826
19993
20134
20250
20339
20402
20438
20446
20428
20382
20310
20211
20086
19935
19759
19557
19332
19083
18812
18519
18206
17873
17521
17152
16767
16319
14664
12961
11214
9434
7619
5778
3919
2049
170
-1709
-3582
-5442
-7286
-9106
-10896
-12647
-14358
-16023
-16697
-17084
-17456
-17811
-18148
-18465
-18762
-19037
-19290
-19519
-19725
-19906
-20062
-20192
-20295
-20372
-20423
-20446
-20442
-20412
-20354
-20269
-20159
-20022
-19859
-19672
-19459
-19223
-18964
-18683
-18381
-18058
-17716
-17357
-16981
-16588
-15573
-13899
-12175
-10411
-8612
-6788
-4938
-3072
-1196
680
2557
4427
6283
8114
9920
11695
13427
15117
16477
16873
17254
17619
17965
18293
18601
18888
19153
19396
19614
19809
19979
20122
20241
20332
20397
20436
20446
20430
20388
20318
20221
20099
19949
19775
19577
19353
19107
18838
18547
18235
17904
17553
17187
16803
16404
14814
13119
11375
9595
7783
5947
4089
2218
339
-1537
-3412
-5275
-7122
-8940
-10733
-12491
-14207
-15872
-16661
-17050
-17424
-17780
-18118
-18437
-18736
-19013
-19268
-19500
-19707
-19890
-20049
-20181
-20287
-20366
-20419
-20446
-20444
-20415
-20361
-20278
-20170
-20036
-19875
-19689
-19480
-19245
-18989
-18710
-18409
-18089
-17749
-17390
-17016
-16625
-15724
-14051
-12334
-10573
-8778
-6953
-5108
-3244
-1368
511
2386
4257
6114
7950
9756
11533
13273
14967
16440
16838
17220
17586
17934
18264
18574
18863
19130
19374
19595
19792
19964
20110
20231
20325
20392
20433
20447
20433
20392
20325
20231
20110
19965
19792
19595
19374
19130
18863
18574
18264
17935
17586
17220
16838
16441
14967
13273
11536
9759
7950
6114
4260
2389
511
-1368
-3241
-5105
-6953
-8778
-10570
-12331
-14051
-15724
-16624
-17015
-17390
-17749
-18088
-18409
-18710
-18989
-19245
-19480
-19689
-19875
-20035
-20170
-20278
-20361
-20415
-20444
-20446
-20419
-20367
-20287
-20181
-20049
-19891
-19707
-19500
-19268
-19013
-18736
-18437
-18118
-17780
-17424
-17050
-16661
-15875
-14207
-12491
-10733
-8943
-7122
-5275
-3412
-1540
339
2218
4089
5944
7783
9595
11375
13116
14814
16404
16803
17186
17553
17904
18234
18546
18838
19107
19353
19577
19775
19949
20098
20221
20318
20388
20430
20446
20436
20397
20332
20241
20122
19979
19809
19614
19396
19153
18888
18601
18293
17965
17619
17254
16873
16477
15120
13430
11695
9920
8117
6283
4427
2557
683
-1196
-3072
-4938
-6785
-8612
-10411
-12175
-13897
-15573
-16588
-16981
-17356
-17716
-18058
-18381
-18683
-18964
-19223
-19459
-19672
-19859
-20022
-20159
-20269
-20354
-20412
-20442
-20446
-20423
-20372
-20295
-20192
-20062
-19906
-19725
-19519
-19290
-19037
-18762
-18466
-18148
-17811
-17457
-17085
-16697
-16023
-14361
-12649
-10896
-9106
-7289
-5445
-3582
-1709
167
2045
3919
5778
7615
9431
11214
12961
14661
16316
16767
17152
17520
17872
18206
18519
18812
19083
19332
19557
19758
19935
20086
20211
20310
20382
20428
20446
20438
20402
20339
20250
20134
19993
19826
19633
19417
19176
18913
18628
18323
17996
17651
17288
16909
16514
15270
13583
11855
10084
8280
6448
4598
2730
852
-1023
-2901
-4769
-6620
-8445
-10247
-12015
-13743
-15422
-16552
-16945
-17323
-17684
-18028
-18352
-18656
-18939
-19200
-19438
-19653
-19843
-20008
-20147
-20261
-20347
-20408
-20441
-20447
-20426
-20378
-20303
-20202
-20074
-19921
-19743
-19539
-19312
-19061
-18788
-18493
-18178
-17843
-17490
-17119
-16733
-16173
-14513
-12805
-11058
-9271
-7453
-5611
-3754
-1880
0
1877
3748
5609
7450
9268
11052
12802
14510
16170
16731
17117
17488
17841
18176
18491
18786
19060
19310
19537
19741
19919
20073
20201
20302
20377
20425
20445
20439
20406
20346
20259
20146
20006
19842
19652
19437
19199
18938
18655
18351
18027
17683
17322
16944
16551
15422
13740
12012
10247
8446
6617
4766
2901
1024
-855
-2733
-4597
-6451
-8283
-10087
-11855
-13586
-15273
-16516
-16910
-17289
-17652
-17997
-18324
-18629
-18915
-19178
-19418
-19634
-19827
-19994
-20135
-20252
-20341
-20403
-20439
-20447
-20429
-20384
-20311
-20212
-20087
-19936
-19760
-19559
-19333
-19085
-18814
-18521
-18207
-17874
-17522
-17154
-16768
-16321
-14667
-12964
-11217
-9436
-7622
-5781
-3922
-2052
-173
1706
3579
5439
7283
9103
10893
12644
14355
16020
16695
17083
17455
17810
18147
18464
18760
19036
19289
19518
19723
19905
20060
20190
20294
20371
20421
20445
20441
20410
20353
20268
20157
20020
19857
19670
19458
19222
18963
18682
18379
18057
17715
17355
16979
16587
15570
13896
12172
10408
8609
6785
4935
3069
1193
-683
-2560
-4430
-6286
-8117
-9923
-11698
-13430
-15120
-16479
-16875
-17255
-17620
-17966
-18295
-18602
-18889
-19155
-19397
-19616
-19810
-19980
-20124
-20242
-20334
-20398
-20437
-20448
-20432
-20389
-20319
-20222
-20100
-19951
-19777
-19578
-19355
-19108
-18839
-18548
-18237
-17905
-17555
-17188
-16804
-16405
-14817
-13122
-11378
-9598
-7786
-5950
-4092
-2221
-342
1534
3409
5272
7119
8937
10730
12489
14204
15869
16659
17048
17422
17778
18116
18436
18734
19011
19266
19498
19706
19889
20047
20179
20286
20365
20418
20444
20442
20414
20359
20277
20168
20034
19873
19688
19479
19244
18987
18708
18408
18087
17747
17388
17014
16623
15721
14048
12331
10570
8775
6950
5105
3241
1365
-514
-2389
-4260
-6117
-7953
-9759
-11536
-13276
-14970
-16442
-16839
-17221
-17588
-17936
-18265
-18576
-18865
-19131
-19376
-19597
-19794
-19966
-20112
-20232
-20327
-20394
-20434
-20448
-20434
-20394
-20327
-20232
-20112
-19966
-19794
-19597
-19376
-19132
-18865
-18576
-18265
-17936
-17588
-17221
-16839
-16442
-14970
-13276
-11539
-9762
-7953
-6117
-4263
-2392
-514
1365
3238
5102
6950
8775
10567
12328
14048
15721
16623
17013
17388
17747
18087
18407
18708
18987
19244
19478
19688
19873
20034
20168
20277
20359
20414
20442
20444
20418
20365
20286
20179
20047
19889
19706
19498
19266
19012
18734
18436
18116
17779
17422
17048
16659
15872
14204
12489
10730
8940
7119
5272
3409
1537
-342
-2221
-4092
-5947
-7786
-9598
-11378
-13119
-14817
-16405
-16804
-17187
-17555
-17905
-18236
-18548
-18839
-19108
-19354
-19578
-19777
-19951
-20100
-20222
-20319
-20389
-20432
-20448
-20437
-20398
-20334
-20242
-20124
-19980
-19811
-19616
-19397
-19155
-18890
-18603
-18295
-17966
-17621
-17256
-16875
-16479
-15123
-13433
-11698
-9923
-8120
-6286
-4430
-2560
-686
1193
3069
4935
6782
8609
10408
12172
13894
15570
16587
16979
17355
17715
18057
18379
18681
18963
19222
19458
19670
19857
20020
20157
20268
20353
20410
20441
20445
20421
20371
20294
20190
20060
19905
19724
19518
19289
19036
18761
18464
18147
17810
17456
17083
16695
16020
14358
12646
10893
9103
7286
5442
3579
1706
-170
-2048
-3922
-5781
-7618
-9434
-11217
-12964
-14664
-16319
-16768
-17154
-17522
-17874
-18207
-18521
-18813
-19085
-19333
-19559
-19760
-19936
-20087
-20212
-20311
-20384
-20429
-20447
-20439
-20403
-20341
-20252
-20136
-19994
-19827
-19634
-19418
-19178
-18915
-18629
-18324
-17997
-17652
-17289
-16910
-16516
-15273
-13586
-11858
-10087
-8283
-6451
-4601
-2733
-855
1020
2898
4766
6617
8442
10244
12012
13740
15419
16550
16944
17322
17683
18026
18351
18655
18938
19199
19437
19652
19841
20006
20146
20259
20346
20406
20439
20445
20425
20377
20302
20201
20073
19920
19741
19537
19310
19060
18786
18491
18176
17841
17488
17117
16731
16170
14510
12802
11055
9268
7450
5609
3751
1877
0
-1880
-3751
-5611
-7453
-9271
-11055
-12805
-14513
-16173
-16732
-17119
-17490
-17843
-18177
-18493
-18788
-19061
-19311
-19539
-19743
-19921
-20074
-20202
-20303
-20378
-20426
-20447
-20441
-20408
-20347
-20261
-20147
-20008
-19843
-19653
-19438
-19201
-18940
-18656
-18352
-18028
-17685
-17323
-16945
-16552
-15425
-13743
-12015
-10250
-8449
-6620
-4769
-2904
-1027
852
2730
4594
6448
8280
10084
11852
13583
15270
16514
16908
17288
17651
17996
18322
18628
18913
19176
19416
19633
19826
19993
20134
20250
20339
20402
20438
20446
20428
20382
20310
20211
20086
19935
19759
19557
19332
19083
18812
18519
18206
17872
17521
17152
16767
16319
14664
12961
11214
9434
7619
5778
3919
2049
170
-1709
-3582
-5442
-7286
-9106
-10896
-12647
-14358
-16023
-16697
-17084
-17456
-17811
-18148
-18465
-18762
-19037
-19290
-19519
-19725
-19906
-20062
-20192
-20295
-20372
-20423
-20446
-20442
-20412
-20354
-20269
-20159
-20022
-19859
-19672
-19459
-19223
-18964
-18683
-18381
-18058
-17716
-17357
-16981
-16588
-15573
-13899
-12175
-10411
-8612
-6788
-4938
-3072
-1196
680
2557
4427
6283
8114
9920
11695
13430
15117
16477
16873
17254
17619
17965
18293
18601
18888
19153
19396
19614
19809
19979
20122
20241
20332
20397
20436
20446
20430
20388
20318
20221
20099
19949
19775
19577
19353
19107
18838
18547
18235
17904
17553
17187
16803
16404
14814
13119
11375
9595
7783
5947
4089
2218
339
-1537
-3412
-5275
-7122
-8940
-10733
-12491
-14207
-15872
-16661
-17050
-17424
-17780
-18118
-18437
-18736
-19013
-19268
-19500
-19707
-19890
-20049
-20181
-20287
-20366
-20419
-20446
-20444
-20415
-20361
-20278
-20170
-20036
-19875
-19689
-19480
-19245
-18989
-18710
-18409
-18089
-17749
-17390
-17016
-16625
-15724
-14051
-12334
-10573
-8778
-6953
-5108
-3244
-1368
511
2386
4257
6114
7950
9756
11533
13273
14967
16440
16838
17220
17586
17934
18264
18574
18863
19130
19374
19595
19792
19964
20110
20231
20325
20392
20433
20447
20433
20392
20325
20231
20110
19965
19792
19595
19374
19130
18863
18574
18264
17935
17586
17220
16838
16441
14967
13273
11533
9759
7950
6114
4260
2389
511
-1368
-3241
-5105
-6953
-8778
-10570
-12331
-14051
-15724
-16624
-17015
-17390
-17749
-18088
-18409
-18710
-18989
-19245
-19480
-19689
-19875
-20035
-20170
-20278
-20361
-20415
-20444
-20446
-20419
-20367
-20287
-20181
-20049
-19891
-19707
-19500
-19268
-19013
-18736
-18437
-18118
-17780
-17424
-17050
-16661
-15875
-14207
-12491
-10733
-8943
-7122
-5275
-3412
-1540
339
2218
4089
5944
7783
9595
11375
13116
14814
16404
16803
17186
17553
17904
18235
18546
18838
19107
19353
19577
19775
19949
20098
20221
20318
20388
20430
20446
20436
20397
20332
20241
20122
19979
19809
19614
19396
19153
18888
18601
18293
17965
17619
17254
16873
16477
15120
13430
11695
9920
8117
6283
4427
2557
683
-1196
-3072
-4938
-6785
-8612
-10411
-12175
-13897
-15573
-16588
-16981
-17356
-17716
-18058
-18381
-18683
-18964
-19223
-19459
-19672
-19859
-20022
-20159
-20269
-20354
-20412
-20442
-20446
-20423
-20372
-20295
-20192
-20062
-19906
-19725
-19519
-19290
-19037
-18762
-18466
-18148
-17811
-17457
-17085
-16697
-16023
-14361
-12649
-10896
-9106
-7289
-5445
-3582
-1709
167
2045
3919
5778
7615
9431
11214
12961
14661
16316
16767
17152
17520
17872
18206
18519
18812
19083
19332
19557
19758
19935
20086
20211
20310
20382
20428
20446
20438
20402
20339
20250
20134
19993
19826
19633
19417
19176
18913
18628
18323
17996
17651
17288
16909
16514
15270
13583
11855
10084
8280
6448
4598
2730
852
-1027
-2901
-4769
-6620
-8445
-10247
-12015
-13743
-15422
-16552
-16945
-17323
-17684
-18028
-18352
-18656
-18939
-19200
-19438
-19653
-19843
-20008
-20147
-20261
-20347
-20408
-20441
-20447
-20426
-20378
-20303
-20202
-20074
-19921
-19743
-19539
-19312
-19061
-18788
-18493
-18178
-17843
-17490
-17119
-16733
-16173
-14513
-12805
-11058
-9271
-7453
-5611
-3754
-1880
0
1877
3748
5609
7450
9268
11052
12802
14510
16170
16731
17117
17488
17841
18176
18491
18786
19060
19310
19537
19741
19920
20073
20201
20302
20377
20425
20445
20439
20406
20346
20259
20146
20006
19842
19652
19437
19199
18938
18655
18351
18027
17683
17322
16944
16551
15422
13740
12012
10247
8446
6617
4766
2901
1024
-855
-2733
-4597
-6451
-8283
-10087
-11855
-13586
-15273
-16516
-16910
-17289
-17652
-17997
-18324
-18629
-18915
-19178
-19418
-19634
-19827
-19994
-20135
-20252
-20341
-20403
-20439
-20447
-20429
-20384
-20311
-20212
-20087
-19936
-19760
-19559
-19333
-19085
-18814
-18521
-18207
-17874
-17522
-17154
-16768
-16321
-14667
-12964
-11217
-9436
-7622
-5781
-3922
-2052
-173
1706
3579
5439
7283
9103
10893
12644
14355
16020
16695
17083
17455
17810
18147
18464
18760
19036
19289
19518
19723
19905
20060
20190
20294
20371
20421
20445
20441
20410
20353
20268
20157
20020
19857
19670
19458
19222
18963
18682
18379
18057
17715
17355
16979
16587
15570
13896
12172
10408
8609
6785
4935
3069
1193
-683
-2560
-4430
-6286
-8117
-9923
-11698
-13433
-15120
-16479
-16875
-17255
-17620
-17966
-18295
-18602
-18889
-19155
-19397
-19616
-19810
-19980
-20124
-20242
-20334
-20398
-20437
-20448
-20432
-20389
-20319
-20222
-20100
-19951
-19777
-19578
-19355
-19108
-18839
-18548
-18237
-17905
-17555
-17188
-16804
-16405
-14817
-13122
-11378
-9598
-7786
-5950
-4092
-2221
-342
1534
3409
5272
7119
8937
10730
12489
14204
15869
16659
17048
17422
17778
18116
18436
18734
19011
19266
19498
19706
19889
20047
20179
20286
20365
20418
20444
20442
20414
20359
20277
20168
20034
19873
19688
19479
19244
18987
18708
18408
18087
17747
17388
17014
16623
15721
14048
12331
10570
8775
6950
5105
3241
1365
-514
-2389
-4260
-6117
-7953
-9759
-11536
-13276
-14970
-16442
-16839
-17221
-17588
-17936
-18265
-18576
-18865
-19131
-19376
-19597
-19794
-19966
-20112
-20232
-20327
-20394
-20434
-20448
-20434
-20394
-20327
-20232
-20112
-19966
-19794
-19597
-19376
-19132
-18865
-18576
-18265
-17936
-17588
-17221
-16839
-16442
-14970
-13276
-11536
-9762
-7953
-6117
-4263
-2392
-514
1365
3238
5102
6950
8775
10567
12328
14048
15721
16623
17013
17388
17747
18087
18407
18708
18987
19244
19478
19688
19873
20034
20168
20277
20359
20414
20442
20444
20418
20365
20286
20179
20047
19889
19706
19498
19266
19012
18734
18436
18116
17779
17422
17048
16659
15872
14204
12489
10730
8940
7119
5272
3409
1537
-342
-2221
-4092
-5947
-7786
-9598
-11378
-13119
-14817
-16405
-16804
-17187
-17555
-17905
-18237
-18548
-18839
-19108
-19354
-19578
-19777
-19951
-20100
-20222
-20319
-20389
-20432
-20448
-20437
-20398
-20334
-20242
-20124
-19980
-19811
-19616
-19397
-19155
-18890
-18603
-18295
-17966
-17621
-17256
-16875
-16479
-15123
-13433
-11698
-9923
-8120
-6286
-4430
-2560
-686
1193
3069
4935
6782
8609
10408
12172
13894
15570
16587
16979
17355
17715
18057
18379
18681
18963
19222
19458
19670
19857
20020
20157
20268
20353
20410
20441
20445
20421
20371
20294
20190
20060
19905
19723
19518
19289
19036
18761
18464
18147
17810
17456
17083
16695
16020
14358
12646
10893
9103
7286
5442
3579
1706
-170
-2048
-3922
-5781
-7618
-9434
-11217
-12964
-14664
-16319
-16768
-17154
-17522
-17874
-18207
-18521
-18813
-19085
-19333
-19559
-19760
-19936
-20087
-20212
-20311
-20384
-20429
-20447
-20439
-20403
-20341
-20252
-20136
-19994
-19827
-19634
-19418
-19178
-18915
-18629
-18324
-17997
-17652
-17289
-16910
-16516
-15273
-13586
-11858
-10087
-8283
-6451
-4601
-2733
-855
1024
2898
4766
6617
8442
10244
12012
13740
15419
16550
16944
17322
17683
18026
18351
18655
18938
19199
19437
19652
19841
20006
20146
20259
20346
20406
20439
20445
20425
20377
20302
20201
20073
19920
19741
19537
19310
19060
18786
18491
18176
17841
17488
17117
16731
16170
14510
12802
11055
9268
7450
5609
3751
1877
0
-1880
-3751
-5611
-7453
-9271
-11055
-12805
-14513
-16173
-16732
-17119
-17490
-17843
-18177
-18493
-18788
-19061
-19311
-19539
-19743
-19921
-20074
-20202
-20303
-20378
-20426
-20447
-20441
-20408
-20347
-20261
-20147
-20008
-19843
-19653
-19438
-19201
-18940
-18656
-18352
-18028
-17685
-17323
-16945
-16552
-15425
-13743
-12015
-10250
-8449
-6620
-4769
-2904
-1027
852
2730
4594
6448
8280
10084
11852
13583
15270
16514
16908
17288
17651
17996
18322
18628
18913
19176
19416
19633
19826
19993
20134
20250
20339
20402
20438
20446
20428
20382
20310
20211
20086
19935
19759
19557
19332
19083
18812
18519
18206
17872
17521
17152
16767
16319
14664
12961
11214
9434
7619
5778
3919
2049
170
-1709
-3582
-5442
-7286
-9106
-10896
-12647
-14358
-16023
-16697
-17084
-17456
-17811
-18148
-18465
-18762
-19037
-19290
-19519
-19725
-19906
-20062
-20192
-20295
-20372
-20423
-20446
-20442
-20412
-20354
-20269
-20159
-20022
-19859
-19672
-19459
-19223
-18964
-18683
-18381
-18058
-17716
-17357
-16981
-16588
-15573
-13899
-12175
-10411
-8612
-6788
-4938
-3072
-1196
680
2557
4427
6283
8114
9920
11695
13430
15117
16477
16873
17254
17619
17965
18293
18601
18888
19153
19396
19614
19809
19979
20122
20241
20332
20397
20436
20446
20430
20388
20318
20221
20099
19949
19775
19577
19353
19107
18838
18547
18235
17904
17553
17187
16803
16404
14814
13119
11375
9595
7783
5947
4089
2218
339
-1537
-3412
-5275
-7122
-8940
-10733
-12491
-14207
-15872
-16661
-17050
-17424
-17780
-18118
-18437
-18736
-19013
-19268
-19500
-19707
-19890
-20049
-20181
-20287
-20366
-20419
-20446
-20444
-20415
-20361
-20278
-20170
-20036
-19875
-19689
-19480
-19245
-18989
-18710
-18409
-18089
-17749
-17390
-17016
-16625
-15724
-14051
-12334
-10573
-8778
-6953
-5108
-3244
-1368
511
2386
4257
6114
7950
9756
11533
13273
14967
16440
16838
17220
17586
17934
18264
18574
18863
19130
19374
19595
19792
19964
20110
20231
20325
20392
20433
20447
20433
20392
20325
20231
20110
19965
19792
19595
19374
19130
18863
18574
18264
17935
17586
17220
16838
16441
14967
13273
11533
9759
7950
6114
4260
2389
511
-1368
-3241
-5105
-6953
-8778
-10570
-12331
-14051
-15724
-16624
-17015
-17390
-17749
-18088
-18409
-18710
-18989
-19245
-19480
-19689
-19875
-20035
-20170
-20278
-20361
-20415
-20444
-20446
-20419
-20367
-20287
-20181
-20049
-19891
-19707
-19500
-19268
-19013
-18736
-18437
-18118
-17780
-17424
-17050
-16661
-15875
-14207
-12491
-10733
-8943
-7122
-5275
-3412
-1540
339
2218
4089
5944
7783
9595
11375
13116
14814
16404
16803
17186
17553
17904
18235
18546
18838
19107
19353
19577
19775
19949
20098
20221
20318
20388
20430
20446
20436
20397
20332
20241
20122
19979
19809
19614
19396
19153
18888
18601
18293
17965
17619
17254
16873
16477
15120
13430
11695
9920
8117
6283
4427
2557
683
-1196
-3072
-4938
-6785
-8612
-10411
-12175
-13897
-15573
-16588
-16981
-17356
-17716
-18058
-18381
-18683
-18964
-19223
-19459
-19672
-19859
-20022
-20159
-20269
-20354
-20412
-20442
-20446
-20423
-20372
-20295
-20192
-20062
-19906
-19725
-19519
-19290
-19037
-18762
-18466
-18148
-17811
-17457
-17085
-16697
-16023
-14361
-12649
-10896
-9106
-7289
-5445
-3582
-1709
167
2045
3919
5778
7615
9431
11214
12961
14661
16316
16767
17152
17520
17872
18206
18519
18812
19083
19332
19557
19758
19935
20086
20211
20310
20382
20428
20446
20438
20402
20339
20250
20134
19993
19826
19633
19417
19176
18913
18628
18323
17996
17651
17288
16909
16514
15270
13583
11855
10084
8280
6448
4598
2730
852
-1027
-2901
-4769
-6620
-8445
-10247
-12015
-13743
-15422
-16552
-16945
-17323
-17684
-18028
-18352
-18656
-18939
-19200
-19438
-19653
-19843
-20008
-20147
-20261
-20347
-20408
-20441
-20447
-20426
-20378
-20303
-20202
-20074
-19921
-19743
-19539
-19312
-19061
-18788
-18493
-18178
-17843
-17490
-17119
-16733
-16173
-14513
-12805
-11058
-9271
-7453
-5611
