0
0
0
0
0
0
1
2
3
4
5
7
8
10
11
13
15
17
19
20
22
25
27
28
30
32
33
35
36
38
39
40
41
42
42
42
43
43
42
42
41
40
39
37
36
33
31
29
26
23
20
16
13
9
5
1
-2
-7
-12
-16
-21
-26
-31
-36
-41
-46
-51
-56
-61
-66
-71
-75
-80
-85
-89
-92
-96
-100
-102
-105
-108
-110
-112
-113
-115
-116
-116
-116
-115
-114
-113
-111
-109
-106
-103
-99
-96
-91
-86
-81
-75
-69
-63
-56
-49
-42
-34
-26
-18
-10
-1
6
15
24
33
42
51
60
69
78
87
95
104
112
120
128
135
142
148
154
160
165
170
174
178
181
183
185
186
187
187
186
185
183
181
177
173
169
164
158
151
144
137
128
119
110
100
90
79
68
56
44
32
19
7
-5
-18
-31
-45
-58
-71
-84
-97
-110
-122
-135
-147
-158
-170
-180
-190
-200
-209
-218
-226
-233
-239
-245
-251
-255
-257
-260
-261
-262
-262
-261
-260
-257
-254
-250
-244
-238
-231
-223
-214
-204
-194
-183
-171
-158
-145
-131
-117
-102
-86
-71
-54
-38
-21
-4
13
30
47
65
82
99
117
133
150
166
182
197
211
226
239
252
263
274
284
294
303
310
317
322
327
330
333
334
335
333
331
328
324
318
312
304
295
285
274
263
250
237
222
206
190
173
155
136
117
97
77
56
35
14
-6
-28
-50
-71
-93
-114
-136
-156
-177
-197
-217
-236
-254
-270
-287
-303
-318
-332
-346
-358
-368
-378
-387
-394
-400
-405
-408
-410
-411
-410
-408
-404
-400
-394
-386
-377
-367
-355
-342
-329
-313
-297
-279
-261
-243
-222
-201
-179
-156
-132
-108
-84
-59
-33
-8
17
43
69
95
121
146
171
196
220
243
265
288
309
329
349
367
384
400
415
428
440
451
460
468
474
479
482
483
483
481
478
472
466
458
448
436
423
409
393
376
357
337
316
294
270
247
221
195
168
140
111
82
53
23
-6
-36
-66
-96
-126
-156
-186
-214
-243
-269
-296
-322
-347
-372
-394
-416
-437
-456
-473
-489
-504
-516
-527
-537
-545
-551
-555
-558
-559
-557
-554
-549
-542
-533
-523
-511
-498
-482
-464
-445
-424
-402
-379
-353
-327
-299
-271
-242
-211
-180
-148
-115
-81
-47
-13
20
55
89
124
158
191
224
256
288
319
349
378
406
433
458
482
504
524
543
561
576
590
602
612
620
626
629
631
630
628
623
616
608
597
583
568
552
532
512
490
466
440
412
383
353
321
288
255
220
184
147
110
72
34
-4
-43
-81
-120
-158
-197
-234
-270
-306
-341
-376
-409
-441
-471
-500
-527
-553
-577
-599
-620
-638
-655
-669
-681
-691
-698
-704
-707
-707
-706
-702
-695
-686
-675
-662
-646
-628
-608
-586
-562
-535
-508
-479
-447
-414
-379
-343
-306
-267
-229
-188
-147
-105
-63
-20
22
65
108
151
193
235
275
316
355
394
431
467
502
534
565
595
623
648
672
694
713
730
744
757
765
772
777
779
778
775
769
762
750
737
721
702
681
658
632
605
575
543
510
474
437
398
357
315
273
230
185
139
92
46
0
-48
-95
-142
-189
-235
-280
-325
-369
-412
-454
-494
-532
-569
-604
-638
-669
-699
-726
-750
-772
-792
-809
-823
-835
-845
-851
-854
-855
-853
-848
-840
-830
-816
-800
-781
-760
-736
-709
-680
-649
-615
-579
-541
-502
-460
-417
-372
-326
-278
-230
-181
-131
-80
-29
22
73
125
176
227
276
326
374
422
468
511
554
596
635
673
708
741
771
799
825
848
868
885
900
911
920
925
927
927
923
916
906
893
877
858
836
811
783
754
721
686
648
607
565
521
476
428
379
328
276
223
169
115
59
4
-51
-107
-163
-218
-272
-326
-379
-431
-481
-529
-577
-623
-667
-708
-747
-784
-818
-850
-879
-906
-929
-949
-966
-981
-991
-999
-1003
-1004
-1001
-996
-987
-975
-958
-940
-918
-892
-864
-833
-799
-763
-723
-681
-637
-590
-542
-492
-439
-385
-330
-273
-216
-158
-99
-39
20
80
140
200
258
317
375
431
486
539
591
641
689
735
778
819
858
894
926
956
983
1007
1026
1043
1056
1066
1072
1075
1075
1070
1062
1051
1036
1018
996
971
942
910
875
837
797
754
707
659
607
554
500
443
384
324
263
202
138
74
10
-53
-118
-182
-246
-307
-370
-431
-491
-548
-605
-660
-712
-763
-810
-855
-898
-938
-975
-1008
-1037
-1065
-1088
-1108
-1124
-1137
-1146
-1151
-1152
-1149
-1143
-1132
-1118
-1101
-1079
-1054
-1025
-994
-958
-919
-877
-832
-784
-734
-681
-625
-567
-508
-447
-383
-318
-254
-187
-119
-50
17
86
154
223
289
356
422
487
549
610
669
727
781
833
883
930
975
1015
1052
1086
1117
1144
1167
1187
1202
1213
1221
1224
1223
1219
1210
1197
1180
1159
1135
1106
1073
1037
999
956
909
860
808
753
695
635
572
509
442
374
305
235
164
91
18
-54
-127
-199
-270
-342
-412
-482
-548
-615
-679
-741
-800
-857
-911
-963
-1011
-1056
-1098
-1136
-1170
-1201
-1227
-1250
-1269
-1282
-1292
-1298
-1300
-1297
-1290
-1279
-1264
-1244
-1220
-1192
-1159
-1123
-1083
-1039
-993
-942
-889
-832
-772
-710
-645
-578
-509
-438
-365
-291
-217
-141
-64
13
90
167
244
319
394
468
540
610
679
746
810
872
931
987
1040
1089
1135
1178
1216
1251
1280
1307
1328
1346
1359
1368
1372
1372
1367
1357
1342
1324
1301
1274
1242
1206
1166
1122
1074
1022
968
910
848
783
717
647
575
502
426
348
269
190
109
28
-52
-134
-215
-295
-375
-454
-530
-606
-680
-751
-820
-887
-951
-1012
-1069
-1123
-1173
-1220
-1263
-1301
-1335
-1365
-1391
-1412
-1428
-1440
-1447
-1449
-1446
-1438
-1426
-1409
-1387
-1360
-1329
-1293
-1254
-1210
-1162
-1109
-1053
-995
-931
-865
-795
-724
-649
-572
-494
-414
-331
-248
-164
-79
6
92
178
262
347
430
512
592
671
748
821
893
962
1027
1089
1148
1204
1255
1301
1345
1383
1418
1447
1471
1491
1506
1516
1521
1521
1515
1505
1490
1469
1443
1413
1379
1339
1295
1247
1194
1137
1076
1013
945
874
799
723
644
562
479
393
306
219
129
40
-50
-140
-230
-318
-406
-493
-578
-661
-743
-822
-899
-973
-1043
-1110
-1174
-1234
-1289
-1341
-1389
-1432
-1470
-1504
-1531
-1555
-1573
-1587
-1594
-1597
-1594
-1586
-1572
-1554
-1530
-1502
-1468
-1429
-1386
-1337
-1284
-1228
-1166
-1100
-1031
-959
-883
-804
-723
-638
-551
-463
-373
-281
-189
-95
0
93
187
280
373
465
554
643
730
814
896
975
1050
1122
1191
1257
1316
1373
1426
1473
1516
1553
1585
1613
1635
1651
1663
1669
1668
1663
1652
1635
1613
1586
1553
1516
1473
1425
1372
1314
1253
1187
1116
1042
965
884
800
714
624
532
439
344
248
151
52
-45
-144
-242
-339
-436
-530
-624
-716
-805
-892
-976
-1056
-1134
-1208
-1278
-1344
-1406
-1462
-1515
-1561
-1604
-1640
-1672
-1698
-1719
-1733
-1743
-1746
-1743
-1735
-1720
-1701
-1675
-1644
-1607
-1565
-1518
-1466
-1408
-1345
-1279
-1208
-1133
-1054
-972
-886
-796
-705
-610
-514
-416
-315
-215
-113
-10
92
195
296
398
498
596
693
787
879
969
1054
1137
1217
1291
1362
1429
1492
1548
1600
1647
1689
1724
1755
1779
1797
1809
1816
1817
1811
1799
1783
1759
1730
1694
1654
1607
1555
1499
1437
1369
1297
1222
1142
1057
970
879
784
688
588
487
384
279
174
67
-39
-147
-254
-359
-464
-567
-669
-768
-866
-961
-1051
-1140
-1225
-1304
-1381
-1453
-1520
-1582
-1639
-1691
-1737
-1778
-1812
-1840
-1863
-1879
-1890
-1893
-1891
-1883
-1868
-1846
-1819
-1786
-1747
-1702
-1651
-1594
-1532
-1466
-1394
-1317
-1236
-1150
-1061
-968
-872
-772
-671
-566
-460
-352
-243
-132
-21
90
201
311
421
529
636
741
843
943
1040
1133
1224
1309
1391
1468
1540
1608
1670
1727
1778
1823
1862
1895
1922
1943
1957
1965
1965
1960
1948
1930
1904
1873
1835
1792
1743
1687
1626
1559
1487
1410
1328
1242
1151
1056
959
857
753
646
536
425
312
198
83
-32
-148
-262
-377
-491
-602
-713
-820
-925
-1027
-1126
-1222
-1313
-1400
-1483
-1560
-1634
-1701
-1763
-1819
-1869
-1914
-1951
-1983
-2008
-2026
-2037
-2041
-2040
-2031
-2016
-1994
-1965
-1929
-1887
-1839
-1785
-1724
-1658
-1586
-1509
-1427
-1340
-1249
-1152
-1052
-949
-842
-733
-620
-506
-390
-272
-153
-33
86
206
324
443
559
675
787
898
1006
1110
1211
1308
1401
1490
1572
1651
1724
1791
1853
1908
1957
2000
2036
2065
2088
2103
2112
2114
2108
2096
2076
2050
2018
1978
1931
1878
1819
1754
1683
1605
1524
1436
1343
1247
1145
1039
931
819
704
587
468
346
224
100
-23
-147
-271
-394
-515
-636
-754
-870
-983
-1093
-1200
-1302
-1401
-1495
-1583
-1668
-1747
-1819
-1886
-1947
-2001
-2048
-2090
-2124
-2151
-2171
-2184
-2190
-2188
-2180
-2164
-2140
-2109
-2072
-2028
-1977
-1919
-1854
-1785
-1708
-1625
-1537
-1445
-1347
-1245
-1138
-1027
-913
-795
-676
-553
-429
-302
-176
-47
80
209
336
463
588
712
832
951
1067
1179
1287
1391
1492
1586
1676
1761
1839
1911
1978
2038
2090
2136
2176
2208
2233
2250
2260
2263
2257
2245
2225
2197
2162
2120
2071
2015
1952
1883
1807
1725
1637
1544
1446
1342
1235
1122
1007
887
765
639
511
382
252
119
-12
-146
-277
-409
-539
-668
-794
-918
-1039
-1157
-1272
-1381
-1487
-1588
-1684
-1774
-1858
-1937
-2009
-2073
-2132
-2184
-2229
-2266
-2295
-2317
-2331
-2338
-2337
-2328
-2311
-2288
-2256
-2216
-2169
-2115
-2054
-1986
-1911
-1830
-1743
-1649
-1551
-1447
-1338
-1225
-1107
-986
-860
-733
-602
-470
-335
-200
-63
73
210
346
482
615
747
876
1003
1126
1247
1362
1474
1580
1682
1779
1868
1953
2031
2102
2166
2223
2274
2315
2350
2377
2396
2408
2410
2406
2393
2372
2343
2307
2263
2211
2152
2085
2013
1932
1845
1753
1654
1549
1440
1325
1207
1083
956
826
693
557
420
280
140
0
-142
-282
-423
-561
-699
-833
-966
-1094
-1221
-1342
-1460
-1572
-1680
-1782
-1878
-1969
-2052
-2130
-2200
-2263
-2318
-2366
-2406
-2439
-2462
-2479
-2486
-2486
-2477
-2460
-2435
-2401
-2360
-2311
-2255
-2190
-2118
-2040
-1954
-1861
-1763
-1658
-1548
-1433
-1312
-1188
-1059
-927
-791
-653
-511
-369
-226
-80
65
210
355
499
641
780
919
1053
1185
1312
1436
1554
1669
1777
1879
1976
2066
2149
2225
2295
2356
2409
2455
2493
2522
2543
2555
2559
2554
2542
2521
2491
2453
2406
2352
2290
2221
2143
2058
1967
1869
1765
1654
1538
1417
1291
1161
1026
889
748
604
458
311
162
12
-137
-286
-435
-582
-728
-870
-1011
-1148
-1281
-1411
-1536
-1656
-1771
-1879
-1983
-2078
-2168
-2251
-2325
-2392
-2452
-2504
-2547
-2581
-2607
-2625
-2634
-2634
-2626
-2608
-2582
-2548
-2505
-2454
-2394
-2326
-2251
-2168
-2077
-1981
-1877
-1767
-1650
-1529
-1402
-1271
-1134
-994
-851
-705
-555
-405
-253
-99
54
209
362
514
665
813
959
1102
1242
1377
1509
1634
1756
1870
1980
2082
2178
2267
2348
2421
2487
2545
2593
2634
2665
2688
2703
2708
2703
2691
2669
2638
2598
2550
2494
2428
2355
2275
2186
2089
1987
1876
1761
1638
1511
1378
1241
1099
953
804
653
499
343
186
28
-130
-288
-446
-601
-755
-907
-1055
-1201
-1342
-1480
-1611
-1739
-1860
-1976
-2084
-2187
-2283
-2370
-2450
-2522
-2585
-2640
-2686
-2724
-2753
-2772
-2782
-2783
-2775
-2757
-2731
-2695
-2650
-2596
-2535
-2464
-2384
-2297
-2203
-2101
-1992
-1876
-1755
-1626
-1493
-1353
-1211
-1063
-912
-758
-601
-442
-281
-119
43
206
367
528
687
844
999
1150
1297
1441
1579
1713
1840
1963
2078
2187
2289
2383
2470
2548
2617
2679
2732
2775
2809
2834
2849
2855
2852
2839
2817
2786
2745
2695
2635
2567
2491
2406
2313
2213
2104
1990
1867
1740
1605
1466
1321
1172
1020
862
703
540
376
211
44
-122
-288
-454
-618
-780
-941
-1098
-1252
-1401
-1545
-1686
-1820
-1949
-2071
-2187
-2295
-2396
-2489
-2573
-2650
-2718
-2777
-2826
-2866
-2897
-2918
-2930
-2931
-2923
-2906
-2879
-2841
-2796
-2740
-2675
-2601
-2519
-2428
-2329
-2223
-2108
-1987
-1858
-1725
-1584
-1439
-1288
-1133
-975
-812
-647
-480
-311
-141
30
201
371
540
709
873
1036
1196
1351
1503
1649
1789
1925
2054
2176
2292
2399
2499
2590
2674
2748
2812
2869
2915
2953
2979
2997
3004
3002
2988
2966
2934
2891
2839
2778
2707
2627
2540
2442
2337
2224
2103
1976
1841
1701
1555
1403
1247
1086
922
755
584
411
238
63
-112
-287
-462
-634
-805
-974
-1139
-1300
-1458
-1611
-1759
-1900
-2037
-2165
-2288
-2401
-2509
-2607
-2697
-2778
-2849
-2912
-2965
-3008
-3042
-3064
-3077
-3080
-3072
-3055
-3027
-2990
-2942
-2884
-2816
-2740
-2654
-2559
-2456
-2345
-2226
-2098
-1965
-1824
-1677
-1526
-1367
-1205
-1038
-869
-696
-520
-343
-164
15
195
374
551
728
902
1072
1241
1404
1563
1718
1866
2009
2144
2274
2395
2509
2614
2711
2799
2877
2947
3007
3056
3095
3124
3143
3151
3150
3137
3115
3081
3038
2985
2921
2847
2765
2673
2571
2462
2344
2219
2085
1945
1798
1645
1487
1323
1155
983
807
629
448
265
83
-101
-284
-468
-649
-828
-1006
-1179
-1348
-1515
-1675
-1830
-1979
-2122
-2258
-2387
-2508
-2620
-2724
-2818
-2905
-2981
-3047
-3103
-3149
-3185
-3210
-3225
-3229
-3222
-3204
-3176
-3137
-3087
-3029
-2959
-2879
-2790
-2692
-2584
-2468
-2343
-2212
-2071
-1925
-1772
-1613
-1448
-1278
-1104
-927
-746
-562
-376
-189
0
187
374
561
746
928
1107
1283
1455
1622
1785
1940
2090
2233
2369
2497
2616
2728
2830
2923
3006
3079
3142
3196
3238
3270
3290
3300
3299
3287
3264
3230
3185
3130
3064
2989
2903
2807
2702
2588
2466
2334
2196
2049
1896
1737
1571
1400
1225
1045
862
675
487
295
104
-88
-280
-472
-662
-850
-1034
-1217
-1395
-1568
-1737
-1900
-2057
-2207
-2349
-2485
-2612
-2731
-2840
-2940
-3031
-3111
-3182
-3242
-3291
-3328
-3356
-3372
-3376
-3370
-3353
-3324
-3285
-3235
-3173
-3101
-3019
-2927
-2824
-2713
-2592
-2463
-2325
-2180
-2028
-1867
-1702
-1530
-1353
-1172
-986
-796
-605
-411
-216
-19
178
373
568
762
953
1141
1325
1505
1681
1849
2014
2171
2320
2463
2598
2724
2840
2948
3047
3134
3212
3279
3334
3380
3414
3436
3448
3447
3436
3413
3378
3332
3276
3209
3130
3042
2942
2833
2715
2587
2452
2307
2155
1996
1829
1658
1480
1296
1109
918
723
525
327
127
-74
-274
-475
-673
-870
-1063
-1254
-1440
-1622
-1798
-1969
-2133
-2291
-2440
-2582
-2716
-2840
-2956
-3060
-3156
-3241
-3315
-3378
-3431
-3472
-3501
-3520
-3526
-3520
-3503
-3474
-3433
-3382
-3318
-3245
-3160
-3063
-2958
-2842
-2718
-2583
-2440
-2290
-2130
-1964
-1791
-1613
-1429
-1240
-1046
-849
-649
-447
-244
-38
167
371
575
776
976
1173
1365
1553
1737
1914
2085
2250
2407
2556
2698
2829
2953
3065
3168
3261
3343
3414
3473
3522
3559
3582
3595
3596
3585
3563
3527
3481
3423
3352
3272
3181
3078
2966
2843
2711
2570
2420
2263
2096
1924
1745
1559
1369
1174
975
772
567
360
151
-58
-267
-476
-683
-888
-1090
-1289
-1484
-1673
-1858
-2037
-2208
-2373
-2530
-2678
-2818
-2949
-3069
-3180
-3281
-3370
-3449
-3516
-3571
-3615
-3646
-3666
-3673
-3669
-3652
-3623
-3581
-3529
-3465
-3388
-3301
-3202
-3092
-2973
-2843
-2704
-2556
-2399
-2235
-2062
-1883
-1697
-1507
-1309
-1108
-904
-696
-485
-272
-59
154
367
579
790
998
1203
1404
1600
1791
1977
2156
2328
2493
2649
2797
2935
3063
3182
3291
3388
3474
3549
3612
3663
3702
3729
3743
3746
3734
3712
3676
3629
3570
3498
3415
3320
3215
3098
2972
2835
2689
2534
2370
2198
2020
1833
1641
1444
1241
1033
823
610
395
178
-40
-258
-476
-691
-905
-1115
-1322
-1526
-1724
-1916
-2102
-2282
-2454
-2618
-2774
-2919
-3057
-3183
-3300
-3405
-3499
-3581
-3652
-3711
-3758
-3792
-3813
-3822
-3819
-3802
-3773
-3731
-3677
-3610
-3532
-3442
-3340
-3228
-3104
-2971
-2826
-2673
-2512
-2340
-2162
-1976
-1784
-1584
-1380
-1172
-960
-744
-524
-303
-82
140
362
583
802
1019
1232
1441
1646
1845
2039
2226
2405
2576
2741
2894
3040
3174
3299
3412
3514
3604
3683
3750
3804
3845
3874
3890
3893
3884
3861
3825
3778
3717
3643
3558
3461
3352
3233
3101
2960
2809
2649
2480
2301
2116
1924
1725
1520
1309
1094
876
654
430
205
-21
-248
-474
-698
-920
-1140
-1355
-1566
-1773
-1974
-2167
-2354
-2534
-2705
-2867
-3020
-3163
-3296
-3417
-3528
-3626
-3713
-3788
-3850
-3899
-3936
-3960
-3970
-3967
-3951
-3922
-3880
-3825
-3757
-3677
-3584
-3480
-3363
-3237
-3098
-2950
-2792
-2624
-2447
-2263
-2070
-1871
-1665
-1454
-1237
-1017
-792
-565
-336
-106
124
355
585
812
1037
1260
1477
1690
1897
2099
2294
2481
2659
2830
2991
3142
3283
3413
3532
3639
3734
3818
3887
3944
3989
4020
4038
4043
4034
4011
3975
3926
3864
3790
3702
3602
3490
3366
3232
3086
2930
2765
2589
2406
2214
2015
1808
1596
1378
1156
930
700
468
234
0
-236
-471
-703
-934
-1162
-1386
-1605
-1819
-2029
-2231
-2426
-2612
-2791
-2960
-3119
-3269
-3407
-3535
-3650
-3754
-3844
-3923
-3989
-4041
-4080
-4106
-4117
-4116
-4100
-4072
-4029
-3973
-3904
-3822
-3727
-3620
-3501
-3369
-3227
-3074
-2911
-2737
-2554
-2364
-2165
-1959
-1746
-1528
-1303
-1075
-842
-608
-370
-132
108
346
584
821
1054
1284
1512
1733
1949
2157
2360
2554
2742
2918
3086
3244
3391
3527
3651
3764
3863
3950
4024
4085
4131
4165
4185
4191
4182
4161
4125
4075
4012
3936
3846
3744
3629
3502
3363
3213
3053
2882
2701
2512
2313
2107
1894
1675
1450
1220
985
748
508
264
21
-223
-465
-707
-946
-1183
-1415
-1643
-1866
-2083
-2293
-2495
-2690
-2875
-3051
-3218
-3373
-3518
-3650
-3772
-3880
-3976
-4058
-4127
-4183
-4225
-4252
-4266
-4265
-4250
-4221
-4178
-4122
-4052
-3968
-3870
-3761
-3637
-3504
-3356
-3199
-3031
-2852
-2664
-2467
-2262
-2049
-1829
-1602
-1371
-1135
-895
-651
-406
-159
89
336
583
828
1070
1309
1543
1774
1998
2215
2425
2627
2821
3006
3181
3344
3498
3640
3770
3886
3991
4082
4160
4224
4275
4311
4332
4338
4332
4311
4275
4224
4161
4082
3991
3886
3769
3637
3496
3341
3176
3000
2813
2618
2414
2201
1982
1755
1522
1283
1042
796
547
296
45
-208
-459
-709
-957
-1202
-1443
-1680
-1911
-2135
-2353
-2563
-2766
-2959
-3141
-3315
-3477
-3627
-3766
-3892
-4005
-4105
-4192
-4265
-4324
-4367
-4398
-4413
-4413
-4400
-4371
-4329
-4271
-4199
-4113
-4014
-3902
-3776
-3638
-3487
-3325
-3152
-2968
-2775
-2571
-2359
-2140
-1913
-1680
-1441
-1197
-949
-697
-443
-188
68
325
580
834
1084
1332
1575
1813
2045
2272
2490
2699
2900
3092
3274
3445
3604
3752
3887
4010
4118
4214
4296
4363
4417
4455
4479
4488
4482
4460
4425
4374
4309
4230
4136
4030
3908
3775
3628
3471
3300
3119
2927
2726
2516
2296
2069
1836
1596
1350
1100
846
589
330
70
-191
-451
-710
-966
-1220
-1469
-1715
-1954
-2187
-2413
-2631
-2840
-3041
-3231
-3410
-3579
-3736
-3880
-4012
-4130
-4235
-4326
-4402
-4464
-4512
-4543
-4561
-4563
-4550
-4521
-4478
-4420
-4347
-4260
-4159
-4044
-3915
-3773
-3618
-3452
-3274
-3085
-2886
-2677
-2459
-2233
-1999
-1758
-1512
-1260
-1004
-744
-482
-218
47
311
575
838
1097
1353
1605
1851
2092
2325
2551
2770
2978
3177
3365
3544
3709
3862
4004
4131
4245
4345
4431
4502
4559
4599
4625
4635
4630
4610
4575
4524
4458
4377
4283
4172
4050
3912
3762
3599
3425
3239
3043
2834
2618
2393
2159
1918
1671
1418
1160
898
633
366
97
-172
-441
-708
-974
-1236
-1495
-1748
-1996
-2237
-2471
-2697
-2914
-3121
-3319
-3505
-3680
-3843
-3994
-4130
-4255
-4363
-4458
-4539
-4604
-4654
-4689
-4708
-4712
-4699
-4671
-4628
-4570
-4496
-4407
-4304
-4186
-4055
-3909
-3751
-3580
-3397
-3203
-2999
-2784
-2558
-2326
-2085
-1837
-1583
-1324
-1060
-792
-521
-250
23
297
569
840
1108
1373
1633
1888
2137
2379
2613
2838
3055
3262
3457
3640
3814
3973
4119
4252
4371
4476
4566
4640
4699
4744
4771
4784
4780
4760
4725
4674
4607
4525
4428
4317
4191
4051
3896
3731
3552
3360
3158
2945
2722
2491
2251
2003
1748
1487
1222
952
678
402
126
-152
-430
-706
-980
-1251
-1518
-1780
-2036
-2285
-2528
-2762
-2986
-3201
-3406
-3599
-3781
-3950
-4106
-4249
-4377
-4492
-4590
-4675
-4744
-4797
-4835
-4854
-4859
-4849
-4822
-4779
-4720
-4645
-4555
-4449
-4330
-4195
-4047
-3883
-3709
-3522
-3322
-3111
-2891
-2660
-2421
-2173
-1919
-1657
-1390
-1118
-842
-563
-283
0
280
561
841
1118
1391
1660
1924
2180
2431
2673
2906
3130
3343
3547
3738
3916
4082
4234
4372
4497
4605
4699
4779
4841
4887
4917
4931
4929
4910
4875
4825
4757
4674
4576
4461
4333
4190
4033
3861
3678
3483
3275
3057
2828
2589
2342
2087
1826
1557
1283
1006
725
441
155
-131
-417
-702
-985
-1264
-1539
-1809
-2074
-2332
-2582
-2824
-3057
-3280
-3492
-3692
-3880
-4056
-4218
-4365
-4500
-4619
-4722
-4811
-4883
-4939
-4979
-5002
-5009
-4999
-4972
-4929
-4869
-4794
-4702
-4595
-4473
-4335
-4184
-4018
-3838
-3647
-3442
-3227
-3000
-2764
-2518
-2263
-2001
-1733
-1458
-1178
-894
-607
-318
-27
262
552
840
1126
1408
1685
1957
2223
2482
2731
2973
3204
3425
3635
3832
4018
4190
4348
4492
4621
4735
4834
4915
4981
5031
5064
5079
5078
5061
5026
4974
4907
4823
4722
4606
4475
4330
4169
3994
3806
3605
3393
3169
2934
2689
2436
2174
1905
1629
1348
1062
772
481
187
-108
-403
-696
-988
-1275
-1559
-1838
-2111
-2378
-2636
-2886
-3126
-3356
-3575
-3783
-3979
-4160
-4329
-4482
-4621
-4745
-4853
-4946
-5022
-5081
-5123
-5149
-5157
-5148
-5122
-5080
-5020
-4944
-4850
-4742
-4617
-4477
-4322
-4153
-3969
-3773
-3564
-3342
-3110
-2867
-2615
-2354
-2085
-1808
-1527
-1239
-947
-652
-354
-56
244
542
838
1132
1423
1709
1990
2264
2531
2789
3038
3277
3506
3722
3927
4119
4298
4461
4610
4745
4863
4966
5052
5121
5173
5208
5227
5227
5210
5176
5125
5057
4972
4869
4753
4618
4469
4306
4127
3935
3730
3512
3283
3042
2791
2531
2263
1986
1703
1414
1120
822
522
220
-83
-387
-689
-989
-1285
-1578
-1866
-2147
-2421
-2689
-2947
-3195
-3432
-3659
-3873
-4076
-4264
-4438
-4597
-4742
-4871
-4984
-5081
-5160
-5223
-5268
-5295
-5306
-5298
-5273
-5231
-5170
-5094
-5000
-4888
-4762
-4619
-4461
-4288
-4101
-3900
-3686
-3459
-3222
-2973
-2714
-2446
-2170
-1886
-1596
-1301
-1002
-698
-392
-85
223
529
835
1138
1437
1731
2021
2303
2577
2844
3101
3348
3584
3809
4021
4219
4403
4574
4729
4868
4991
5099
5188
5261
5317
5354
5374
5376
5360
5328
5276
5207
5121
5019
4898
4763
4610
4443
4261
4065
3855
3632
3397
3150
2894
2627
2351
2068
1778
1481
1179
873
565
255
-57
-369
-680
-989
-1294
-1595
-1891
-2182
-2465
-2740
-3006
-3262
-3507
-3741
-3962
-4171
-4366
-4547
-4712
-4862
-4997
-5113
-5214
-5298
-5363
-5411
-5441
-5453
-5447
-5423
-5381
-5322
-5243
-5148
-5037
-4907
-4762
-4601
-4424
-4233
-4028
-3810
-3577
-3333
-3078
-2814
-2540
-2257
-1966
-1668
-1365
-1057
-746
-432
-116
200
515
829
1141
1449
1753
2049
2340
2624
2899
3164
3418
3662
3894
4112
4318
4509
4685
4845
4990
5118
5229
5324
5400
5459
5499
5521
5525
5511
5477
5427
5358
5271
5167
5046
4907
4752
4582
4396
4196
3981
3754
3513
3261
2998
2725
2442
2151
1853
1549
1241
926
609
290
-29
-350
-670
-987
-1300
-1611
-1916
-2214
-2506
-2789
-3063
-3327
-3580
-3822
-4051
-4266
-4468
-4655
-4827
-4981
-5120
-5243
-5348
-5434
-5504
-5555
-5588
-5602
-5598
-5574
-5532
-5472
-5394
-5298
-5184
-5054
-4905
-4742
-4562
-4366
-4157
-3933
-3696
-3447
-3187
-2915
-2634
-2344
-2046
-1741
-1431
-1115
-795
-473
-149
176
501
823
1143
1460
1772
2077
2376
2668
2951
3225
3487
3739
3978
4204
4415
4612
4795
4962
5111
5245
5360
5459
5539
5601
5643
5668
5673
5660
5628
5578
5509
5421
5316
5193
5052
4894
4721
4532
4328
4108
3875
3629
3372
3102
2823
2534
2237
1931
1619
1302
981
656
327
0
-329
-658
-984
-1306
-1625
-1939
-2246
-2546
-2837
-3119
-3391
-3652
-3901
-4137
-4360
-4568
-4762
-4938
-5100
-5244
-5371
-5480
-5572
-5644
-5698
-5733
-5749
-5747
-5724
-5683
-5623
-5545
-5447
-5333
-5200
-5050
-4882
-4700
-4501
-4287
-4059
-3817
-3562
-3296
-3018
-2730
-2433
-2128
-1815
-1498
-1174
-846
-515
-183
150
483
814
1143
1469
1788
2104
2412
2712
3003
3285
3555
3814
4060
4294
4512
4716
4904
5077
5232
5371
5491
5593
5677
5742
5788
5815
5822
5811
5780
5729
5660
5572
5465
5341
5198
5038
4861
4668
4459
4237
3999
3748
3485
3209
2923
2627
2322
2011
1691
1366
1036
703
367
29
-308
-644
-979
-1310
-1638
-1960
-2276
-2584
-2884
-3174
-3454
-3723
-3980
-4223
-4453
-4668
-4867
-5051
-5217
-5366
-5499
-5612
-5708
-5784
-5841
-5878
-5897
-5895
-5874
-5835
-5774
-5696
-5598
-5482
-5347
-5194
-5025
-4839
-4635
-4417
-4185
-3938
-3678
-3406
-3121
-2827
-2524
-2212
-1892
-1565
-1235
-898
-560
-219
123
465
804
1142
1476
1805
2128
2445
2754
3054
3342
3621
3888
4141
4381
4607
4819
5013
5191
5352
5496
5620
5727
5815
5883
5932
5961
5971
5960
5930
5880
5812
5723
5614
5489
5345
5181
5002
4806
4592
4365
4123
3867
3597
3316
3025
2723
2411
2090
1764
1432
1093
752
408
62
-284
-629
-973
-1312
-1649
-1980
-2304
-2620
-2929
-3228
-3516
-3793
-4057
-4308
-4544
-4766
-4972
-5161
-5334
-5489
-5625
-5744
-5843
-5923
-5983
-6024
-6045
-6045
-6025
-5986
-5926
-5847
-5749
-5630
-5495
-5341
-5167
-4978
-4772
-4550
-4312
-4060
-3795
-3517
-3227
-2926
-2616
-2296
-1969
-1635
-1296
-953
-605
-255
94
444
793
1140
1482
1819
2152
2478
2794
3101
3399
3686
3960
4222
4469
4702
4919
5120
5305
5471
5619
5750
5861
5952
6024
6076
6108
6120
6111
6082
6033
5962
5873
5766
5637
5490
5326
5143
4943
4728
4495
4249
3987
3713
3426
3127
2817
2500
2173
1838
1498
1152
802
450
96
-258
-612
-965
-1313
-1658
-1998
-2330
-2656
-2973
-3280
-3576
-3860
-4132
-4390
-4634
-4863
-5076
-5271
-5450
-5610
-5752
-5875
-5978
-6062
-6125
-6168
-6191
-6194
-6175
-6137
-6078
-5998
-5899
-5781
-5642
-5486
-5311
-5118
-4908
-4681
-4440
-4184
-3912
-3628
-3333
-3027
-2709
-2382
-2048
-1707
-1359
-1008
-653
-295
64
423
779
1135
1487
1832
2174
2508
2832
3149
3455
3749
4032
4301
4555
4795
5020
5226
5416
5590
5743
5877
5993
6089
6164
6219
6253
6267
6260
6232
6183
6115
6025
5915
5787
5637
5471
5286
5083
4862
4626
4374
4108
3828
3535
3231
2915
2590
2256
1914
1566
1212
854
494
131
-232
-595
-955
-1312
-1666
-2015
-2356
-2690
-3016
-3330
-3635
-3927
-4207
-4473
-4724
-4959
-5178
-5380
-5565
-5731
-5877
-6005
-6113
-6200
-6267
-6314
-6339
-6343
-6326
-6289
-6230
-6150
-6051
-5931
-5791
-5632
-5455
-5259
-5046
-4816
-4570
-4308
-4032
-3743
-3441
-3127
-2804
-2470
-2128
-1780
-1425
-1064
-701
-335
32
399
765
1129
1489
1845
2194
2536
2870
3195
3509
3812
4101
4378
4640
4887
5118
5333
5528
5706
5865
6005
6125
6225
6304
6363
6399
6415
6410
6383
6336
6267
6176
6067
5936
5786
5616
5428
5222
4998
4758
4502
4231
3945
3646
3335
3014
2682
2340
1991
1636
1275
908
539
169
-204
-575
-945
-1310
-1673
-2030
-2380
-2722
-3057
-3380
-3692
-3993
-4280
-4554
-4812
-5054
-5280
-5488
-5678
-5851
-6002
-6134
-6247
-6338
-6408
-6458
-6485
-6492
-6476
-6439
-6381
-6303
-6201
-6081
-5940
-5780
-5600
-5400
-5183
-4950
-4699
-4433
-4152
-3857
-3550
-3230
-2899
-2558
-2210
-1853
-1491
-1123
-752
-377
0
374
750
1122
1491
1854
2213
2563
2906
3239
3562
3872
4170
4454
4724
4978
5216
5436
5639
5823
5987
6132
6257
6361
6443
6505
6545
6563
6560
6534
6487
6418
6329
6218
6086
5934
5763
5572
5362
5135
4891
4630
4353
4064
3760
3442
3113
2775
2427
2069
1707
1337
964
586
207
-174
-553
-932
-1306
-1678
-2043
-2402
-2754
-3096
-3427
-3749
-4058
-4352
-4632
-4899
-5148
-5380
-5596
-5792
-5969
-6126
-6263
-6380
-6475
-6549
-6602
-6632
-6639
-6627
-6592
-6534
-6454
-6354
-6232
-6090
-5926
-5745
-5543
-5323
-5085
-4831
-4560
-4273
-3973
-3659
-3333
-2996
-2649
-2294
-1929
-1558
-1183
-803
-421
-36
348
732
1112
1491
1863
2230
2589
2941
3283
3612
3932
4238
4530
4807
5068
5313
5540
5749
5938
6109
6258
6387
6496
6583
6646
6689
6710
6709
6685
6638
6571
6480
6369
6236
6084
5909
5716
5504
5273
5024
4760
4479
4182
3872
3550
3215
2869
2514
2150
1779
1402
1020
635
247
-142
-530
-917
-1301
-1681
-2055
-2423
-2783
-3133
-3475
-3803
-4119
-4423
-4711
-4984
-5241
-5480
-5701
-5903
-6087
-6250
-6392
-6512
-6613
-6690
-6745
-6778
-6789
-6777
-6742
-6685
-6607
-6506
-6382
-6240
-6076
-5890
-5685
-5463
-5221
-4962
-4687
-4396
-4089
-3770
-3438
-3095
-2741
-2377
-2006
-1628
-1245
-856
-465
-73
320
713
1102
1489
1870
2246
2614
2974
3323
3663
3990
4304
4603
4888
5157
5408
5642
5858
6053
6228
6383
6518
6630
6720
6789
6835
6858
6858
6836
6791
6723
6632
6521
6387
6232
6057
5861
5645
5411
5159
4889
4603
4303
3988
3658
3316
2965
2602
2231
1852
1468
1078
684
287
-109
-507
-902
-1294
-1683
-2066
-2442
-2811
-3170
-3519
-3856
-4181
-4492
-4789
-5069
-5333
-5579
-5807
-6015
-6204
-6373
-6519
-6644
-6749
-6830
-6888
-6924
-6937
-6926
-6893
-6839
-6759
-6658
-6535
-6390
-6223
-6037
-5830
-5604
-5358
-5096
-4816
-4520
-4208
-3883
-3545
-3194
-2834
-2463
-2084
-1699
-1307
-911
-511
-111
290
692
1090
1486
1875
2260
2637
3006
3363
3711
4047
4368
4676
4969
5244
5503
5743
5964
6166
6349
6508
6647
6764
6859
6930
6979
7005
7008
6986
6942
6876
6786
6673
6539
6382
6205
6006
5788
5551
5295
5021
4731
4424
4102
3769
3421
3061
2692
2314
1928
1535
1137
736
331
-75
-481
-884
-1285
-1683
-2074
-2460
-2837
-3205
-3563
-3908
-4242
-4561
-4864
-5152
-5423
-5676
-5910
-6125
-6321
-6494
-6646
-6777
-6885
-6969
-7032
-7070
-7085
-7078
-7046
-6990
-6912
-6811
-6687
-6541
-6373
-6184
-5974
-5745
-5496
-5229
-4944
-4644
-4328
-3996
-3652
-3296
-2928
-2550
-2164
-1772
-1371
-967
-560
-151
259
669
1076
1480
1879
2273
2658
3036
3402
3759
4102
4432
4747
5048
5331
5597
5844
6072
6280
6467
6632
6776
6897
6996
7072
7124
7151
7156
7138
7095
7029
6938
6826
6690
6533
6353
6152
5932
5690
5431
5152
4858
4547
4220
3879
3526
3160
2784
2398
2005
1604
1199
788
376
-38
-453
-866
-1275
-1682
-2082
-2477
-2862
-3239
-3605
-3959
-4300
-4627
-4939
-5235
-5512
-5773
-6014
-6235
-6435
-6615
-6772
-6907
-7020
-7109
-7173
-7215
-7233
-7227
-7196
-7142
-7066
-6963
-6839
-6692
-6523
-6331
-6120
-5886
-5634
-5363
-5075
-4769
-4448
-4110
-3761
-3398
-3024
-2639
-2246
-1845
-1438
-1025
-609
-192
227
645
1061
1474
1881
2284
2678
3063
3439
3804
4156
4494
4818
5125
5416
5688
5943
6177
6391
6585
6755
6904
7031
7133
7212
7268
7298
7305
7288
7246
7180
7092
6978
6842
6683
6502
6300
6076
5832
5569
5286
4986
4670
4338
3991
3632
3260
2877
2484
2083
1675
1262
843
422
0
-423
-845
-1265
-1679
-2088
-2491
-2886
-3272
-3645
-4008
-4357
-4692
-5012
-5316
-5601
-5867
-6116
-6344
-6550
-6735
-6897
-7037
-7154
-7247
-7316
-7361
-7381
-7377
-7349
-7295
-7217
-7117
-6992
-6844
-6672
-6480
-6265
-6030
-5774
-5500
-5206
-4895
-4569
-4227
-3870
-3501
-3120
-2729
-2328
-1920
-1505
-1085
-661
-235
193
619
1044
1466
1883
2293
2696
3091
3476
3848
4208
4555
4886
5201
5500
5780
6041
6282
6502
6701
6879
7032
7162
7270
7352
7410
7445
7454
7438
7398
7334
7245
7132
6994
6835
6651
6446
6220
5973
5705
5420
5115
4795
4457
4105
3740
3360
2971
2571
2163
1747
1325
899
470
38
-393
-823
-1251
-1675
-2093
-2505
-2908
-3302
-3685
-4056
-4413
-4757
-5085
-5394
-5688
-5962
-6217
-6451
-6663
-6854
-7023
-7166
-7288
-7386
-7457
-7505
-7528
-7526
-7500
-7447
-7371
-7270
-7144
-6996
-6824
-6629
-6411
-6173
-5914
-5635
-5339
-5024
-4691
-4344
-3981
-3606
-3219
-2820
-2412
-1997
-1573
-1145
-714
-278
157
592
1025
1456
1882
2301
2713
3116
3509
3891
4260
4614
4954
5277
5583
5870
6138
6385
6613
6817
6999
7159
7294
7405
7492
7554
7592
7603
7589
7551
7486
7397
7285
7147
6986
6802
6595
6366
6116
5845
5555
5246
4920
4578
4220
3847
3463
3066
2659
2244
1820
1391
957
518
79
-361
-800
-1237
-1669
-2095
-2517
-2929
-3330
-3723
-4102
-4468
-4820
-5155
-5473
-5774
-6056
-6317
-6557
-6776
-6972
-7145
-7296
-7421
-7523
-7599
-7650
-7675
-7675
-7650
-7600
-7524
-7423
-7298
-7147
-6975
-6778
-6559
-6318
-6056
-5773
-5472
-5152
-4815
-4462
-4094
-3712
-3318
-2913
-2498
-2074
-1644
-1208
-767
-324
119
563
1006
1445
1879
2307
2729
3141
3542
3932
4310
4672
5020
5352
5664
5959
6234
6488
6721
6932
7121
7285
7424
7541
7632
7696
7736
7751
7739
7702
7640
7551
7438
7301
7139
6952
6743
6512
6259
5985
5690
5377
5047
4699
4335
3958
3567
3164
2750
2326
1895
1458
1016
569
121
-326
-774
-1220
-1661
-2096
-2526
-2947
-3358
-3759
-4147
-4522
-4880
-5224
-5551
-5859
-6147
-6415
-6662
-6888
-7091
-7269
-7424
-7554
-7659
-7740
-7794
-7822
-7826
-7802
-7753
-7677
-7577
-7451
-7301
-7126
-6928
-6707
-6462
-6197
-5911
-5607
-5282
-4939
-4581
-4208
-3820
-3419
-3007
-2585
-2154
-1716
-1272
-823
-372
81
533
985
1432
1876
2313
2742
3163
3573
3972
4357
4729
5085
5423
5744
6047
6330
6590
6830
7047
7240
7409
7556
7675
7770
7839
7882
7900
7890
7854
7793
7705
7592
7454
7291
7103
6892
6658
6402
6125
5828
5511
5175
4822
4452
4070
3671
3262
2840
2410
1972
1527
1075
622
166
-291
-749
-1202
-1652
-2097
-2536
-2964
-3385
-3794
-4191
-4574
-4941
-5293
-5626
-5941
-6238
-6514
-6767
-6998
-7207
-7392
-7552
-7687
-7796
-7881
-7938
-7969
-7974
-7952
-7905
-7831
-7731
-7605
-7454
-7279
-7079
-6855
-6609
-6341
-6051
-5741
-5412
-5066
-4701
-4322
-3929
-3522
-3102
-2673
-2235
-1788
-1337
-880
-421
40
502
962
1418
1870
2316
2755
3184
3603
4011
4405
4784
5148
5495
5825
6133
6423
6691
6937
7159
7360
7535
7684
7810
7908
7981
8027
8047
8040
8006
7945
7860
7746
7608
7444
7255
7042
6806
6547
6267
5965
5643
5303
4946
4571
4181
3777
3361
2933
2496
2049
1596
1138
676
212
-255
-720
-1183
-1641
-2095
-2542
-2981
-3409
-3826
-4232
-4624
-5000
-5359
-5701
-6025
-6328
-6611
-6871
-7109
-7323
-7513
-7678
-7819
-7932
-8020
-8082
-8116
-8123
-8104
-8058
-7984
-7886
-7759
-7608
-7430
-7229
-7004
-6755
-6483
-6191
-5877
-5544
-5192
-4824
-4438
-4039
-3624
-3199
-2763
-2316
-1863
-1404
-939
-471
0
468
937
1402
1863
2317
2766
3204
3632
4048
4450
4839
5211
5565
5901
6219
6515
6791
7043
7273
7478
7658
7814
7943
8046
8123
8172
8194
8189
8158
8099
8013
7901
7761
7597
7407
7192
6954
6693
6408
6104
5778
5433
5070
4691
4295
3885
3461
3028
2582
2129
1668
1202
731
257
-217
-690
-1161
-1629
-2092
-2548
-2995
-3433
-3859
-4273
-4672
-5057
-5425
-5775
-6106
-6416
-6706
-6973
-7217
-7438
-7635
-7805
-7949
-8068
-8160
-8224
-8262
-8272
-8255
-8210
-8138
-8039
-7913
-7761
-7584
-7381
-7153
-6902
-6628
-6332
-6014
-5676
-5320
-4946
-4556
-4149
-3730
-3298
-2854
-2401
-1940
-1472
-1000
-523
-45
434
910
1385
1854
2318
2775
3222
3658
4083
4494
4890
5271
5634
5978
6304
6607
6889
7148
7385
7596
7782
7941
8076
8183
8264
8317
8342
8339
8310
8252
8166
8055
7915
7751
7560
7343
7103
6839
6552
6243
5913
5564
5196
4811
4409
3994
3564
3122
2670
2210
1741
1267
787
306
-176
-659
-1138
-1615
-2087
-2551
-3008
-3454
-3889
-4313
-4720
-5112
-5490
-5847
-6185
-6504
-6801
-7075
-7326
-7552
-7754
-7930
-8080
-8203
-8299
-8367
-8409
-8420
-8406
-8363
-8292
-8193
-8068
-7915
-7737
-7533
-7303
-7050
-6773
-6473
-6151
-5810
-5449
-5070
-4673
-4262
-3835
-3397
-2946
-2486
-2018
-1541
-1061
-576
-90
397
883
1366
1844
2317
2783
3239
3683
4117
4538
4942
5331
5702
6054
6386
6698
6987
7253
7495
7712
7905
8070
8208
8320
8405
8460
8489
8489
8460
8405
8321
8209
8070
7905
7712
7495
7252
6985
6696
6383
6050
5696
5323
4932
4526
4102
3668
3219
2760
2292
1815
1333
846
356
-134
-625
-1115
-1600
-2080
-2553
-3020
-3475
-3918
-4349
-4767
-5167
-5552
-5918
-6264
-6590
-6893
-7174
-7432
-7665
-7873
-8055
-8209
-8337
-8437
-8509
-8553
-8569
-8556
-8515
-8445
-8348
-8223
-8071
-7891
-7685
-7454
-7198
-6918
-6616
-6291
-5944
-5579
-5195
-4794
-4375
-3942
-3498
-3041
-2572
-2096
-1613
-1124
-631
-137
358
853
1345
1833
2314
2788
3253
3708
4149
4578
4992
5389
5768
6128
6468
6788
7083
7356
7605
7829
8025
8196
8341
8456
8545
8605
8636
8639
8612
8558
8475
8364
8225
8059
7866
7647
7402
7133
6840
6524
6187
5829
5451
5055
4642
4215
3772
3316
2851
2375
1891
1401
907
408
-92
-591
-1089
-1583
-2072
-2555
-3029
-3494
-3946
-4385
-4812
-5221
-5613
-5987
-6342
-6674
-6987
-7274
-7538
-7778
-7991
-8178
-8339
-8471
-8576
-8652
-8698
-8717
-8707
-8668
-8600
-8503
-8377
-8225
-8045
-7838
-7606
-7348
-7065
-6759
-6430
-6081
-5710
-5321
-4913
-4491
-4052
-3599
-3135
-2661
-2177
-1686
-1189
-688
-185
319
823
1322
1819
2309
2794
3267
3730
4181
4618
5041
5445
5833
6202
6549
6875
7179
7458
7713
7943
8147
8323
8471
8592
8684
8748
8782
8788
8764
8710
8630
8519
8380
8213
8020
7799
7553
7281
6985
6666
6325
5962
5581
5179
4761
4328
3878
3416
2943
2461
1969
1471
968
462
-46
-555
-1062
-1564
-2062
-2554
-3038
-3510
-3972
-4420
-4855
-5273
-5673
-6056
-6418
-6759
-7078
-7374
-7644
-7890
-8109
-8302
-8467
-8605
-8712
-8793
-8844
-8865
-8857
-8820
-8753
-8658
-8533
-8380
-8200
-7991
-7757
-7497
-7211
-6902
-6571
-6216
-5842
-5448
-5036
-4606
-4161
-3703
-3232
-2750
-2260
-1761
-1256
-746
-235
277
790
1299
1804
2303
2796
3279
3750
4210
4656
5088
5501
5896
6273
6629
6962
7273
7560
7821
8057
8266
8447
8603
8727
8823
8892
8928
8936
8916
8864
8783
8674
8535
8369
8174
7952
7703
7430
7132
6809
6463
6097
5710
5305
4880
4440
3985
3517
3037
2547
2047
1541
1030
515
0
-517
-1032
-1544
-2051
-2551
-3044
-3526
-3997
-4454
-4896
-5324
-5733
-6122
-6493
-6842
-7167
-7470
-7747
-7999
-8225
-8423
-8594
-8737
-8850
-8933
-8988
-9012
-9007
-8972
-8907
-8812
-8688
-8535
-8355
-8146
-7909
-7648
-7360
-7048
-6712
-6355
-5975
-5576
-5158
-4723
-4273
-3808
-3330
-2840
-2342
-1835
-1323
-806
-285
236
756
1274
1788
2296
2797
3289
3770
4239
4693
5132
5555
5959
6343
6707
7048
7366
7660
7928
8170
8387
8573
8731
8862
8962
9034
9075
9085
9067
9018
8937
8829
8691
8524
8329
8106
7856
7580
7278
6952
6604
6233
5842
5430
5001
4556
4093
3619
3132
2634
2128
1614
1095
572
47
-479
-1002
-1523
-2039
-2549
-3049
-3540
-4020
-4486
-4937
-5372
-5791
-6188
-6567
-6923
-7257
-7566
-7851
-8110
-8342
-8546
-8721
-8869
-8986
-9074
-9132
-9160
-9157
-9124
-9061
-8967
-8844
-8690
-8510
-8300
-8062
-7798
-7509
-7193
-6854
-6492
-6110
-5705
-5283
-4842
-4385
-3913
-3429
-2933
-2427
-1913
-1392
-866
-339
191
721
1247
1771
2288
2798
3298
3788
4265
4729
5176
5608
6021
6412
6783
7133
7458
7759
8034
8282
8504
8696
8861
8996
9101
9176
9220
9234
9217
9171
9093
8984
8847
8679
8484
8260
8007
7729
7426
7097
6744
6370
5974
5558
5122
4671
4204
3723
3228
2723
2210
1688
1161
629
97
-438
-971
-1500
-2025
-2543
-3053
-3554
-4041
-4516
-4977
-5420
-5846
-6253
-6639
-7004
-7345
-7661
-7953
-8218
-8455
-8667
-8848
-8999
-9122
-9214
-9276
-9307
-9307
-9276
-9214
-9122
-8999
-8848
-8665
-8454
-8216
-7950
-7657
-7340
-6997
-6631
-6244
-5836
-5407
-4961
-4498
-4021
-3530
-3027
-2513
-1992
-1463
-930
-393
145
683
1219
1751
2277
2796
3306
3805
4290
4763
5220
5659
6080
6480
6860
7217
7549
7857
8140
8395
8621
8820
8989
9130
9239
9317
9366
9383
9368
9323
9247
9140
9003
8836
8640
8414
8160
7881
7574
7242
6885
6507
6107
5686
5246
4789
4315
3827
3326
2814
2293
1765
1229
689
147
-395
-937
-1475
-2009
-2536
-3055
-3564
-4062
-4545
-5014
-5466
-5901
-6316
-6710
-7083
-7431
-7755
-8054
-8326
-8571
-8786
-8973
-9131
-9257
-9354
-9419
-9453
-9457
-9428
-9368
-9277
-9156
-9003
-8821
-8610
-8370
-8103
-7808
-7487
-7140
-6772
-6380
-5967
-5533
-5083
-4613
-4129
-3631
-3121
-2601
-2071
-1534
-995
-449
98
645
1189
1730
2265
2793
3311
3819
4315
4795
5261
5708
6137
6547
6934
7298
7640
7954
8243
8505
8738
8942
9118
9262
9376
9459
9510
9530
9519
9476
9402
9296
9159
8992
8795
8568
8314
8032
7722
7389
7028
6645
6241
5815
5369
4907
4427
3933
3425
2906
2378
1840
1297
750
200
-351
-902
-1449
-1992
-2528
-3056
-3572
-4080
-4573
-5051
-5512
-5954
-6377
-6781
-7160
-7516
-7849
-8155
-8432
-8683
-8906
-9098
-9261
-9392
-9493
-9563
-9600
-9606
-9580
-9521
-9433
-9311
-9160
-8978
-8765
-8524
-8255
-7958
-7635
-7286
-6912
-6517
-6100
-5660
-5204
-4730
-4239
-3735
-3218
-2690
-2153
-1609
-1059
-507
48
604
1158
1707
2251
2788
3315
3831
4336
4827
5301
5757
6194
6612
7008
7380
7728
8050
8346
8614
8854
9064
9244
9395
9513
9600
9656
9679
9670
9629
9556
9452
9315
9148
8951
8724
8467
8183
7872
7535
7172
6785
6375
5946
5495
5027
4541
4041
3526
3000
2464
1919
1368
812
255
-305
-865
-1421
-1972
-2517
-3055
-3581
-4096
-4598
-5085
-5555
-6006
-6438
-6850
-7237
-7601
-7940
-8253
-8538
-8796
-9024
-9222
-9390
-9526
-9632
-9705
-9746
-9754
-9731
-9675
-9587
-9468
-9316
-9134
-8922
-8679
-8409
-8110
-7783
-7431
-7055
-6654
-6232
-5790
-5327
-4846
-4350
-3839
-3315
-2781
-2236
-1685
-1127
-565
0
561
1124
1683
2236
2781
3318
3844
4357
4855
5339
5805
6251
6675
7080
7460
7815
8146
8447
8722
8968
9184
9371
9526
9649
9740
9800
9826
9820
9782
9710
9607
9472
9305
9108
8880
8623
8337
8023
7681
7317
6926
6512
6077
5622
5147
4656
4148
3628
3094
2551
1999
1441
876
309
-259
-826
-1391
-1952
-2507
-3052
-3587
-4112
-4623
-5117
-5597
-6058
-6498
-6916
-7313
-7684
-8031
-8351
-8644
-8908
-9142
-9345
-9518
-9661
-9770
-9847
-9893
-9904
-9883
-9829
-9742
-9624
-9473
-9291
-9079
-8835
-8562
-8261
-7932
-7578
-7198
-6794
-6367
-5919
-5451
-4966
-4463
-3945
-3415
-2873
-2320
-1761
-1196
-626
-53
519
1089
1657
2219
2774
3318
3853
4376
4884
5375
5850
6305
6739
7149
7538
7902
8239
8549
8830
9083
9305
9496
9657
9785
9880
9943
9973
9970
9934
9865
9762
9629
9461
9264
9036
8777
8489
8174
7831
7460
7068
6649
6209
5749
5269
4773
4259
3731
3190
2640
2080
1514
941
366
-211
-786
-1359
-1930
-2493
-3048
-3592
-4125
-4645
-5150
-5637
-6106
-6556
-6982
-7387
-7766
-8121
-8447
-8747
-9017
-9258
-9468
-9646
-9793
-9908
-9989
-10037
-10052
-10034
-9983
-9898
-9780
-9631
-9448
-9234
-8991
-8716
-8414
-8084
-7725
-7342
-6933
-6503
-6050
-5577
-5085
-4577
-4053
-3515
-2966
-2407
-1839
-1266
-687
-107
474
1053
1630
2200
2764
3318
3863
4393
4910
5411
5894
6358
6800
7219
7617
7987
8331
8649
8937
9195
9425
9622
9787
9920
10019
10087
10121
10120
10086
10019
9919
9785
9620
9422
9192
8933
8643
8325
7980
7607
7209
6788
6344
5878
5392
4888
4370
3835
3289
2730
2163
1588
1009
425
-160
-745
-1327
-1906
-2478
-3042
-3595
-4139
-4666
-5180
-5677
-6154
-6612
-7048
-7459
-7848
-8209
-8543
-8850
-9127
-9374
-9590
-9774
-9926
-10045
-10130
-10183
-10201
-10185
-10136
-10053
-9937
-9787
-9606
-9392
-9147
-8872
-8567
-8233
-7873
-7486
-7074
-6638
-6181
-5703
-5206
-4691
-4162
-3617
-3060
-2494
-1919
-1337
-751
-162
427
1016
1600
2180
2753
3316
3869
4410
4935
5445
5937
6409
6860
7288
7692
8071
8422
8747
9043
9308
9542
9746
9917
10054
10160
10229
10266
10270
10238
10174
10075
9943
9777
9579
9349
9089
8798
8477
8130
7753
7353
6927
6478
6007
5517
5008
4482
3941
3388
2822
2248
1664
1077
486
-109
-703
-1293
-1880
-2462
-3035
-3597
-4149
-4687
-5209
-5714
-6201
-6666
-7111
-7531
-7926
-8297
-8638
-8951
-9236
-9488
-9710
-9901
-10057
-10182
-10271
-10327
-10349
-10336
-10289
-10208
-10093
-9945
-9763
-9549
-9303
-9027
-8721
-8385
-8022
-7632
-7216
-6777
-6314
-5831
-5329
-4808
-4271
-3720
-3157
-2583
-2000
-1410
-816
-219
379
977
1569
2158
2741
3314
3875
4425
4960
5478
5978
6459
6918
7356
7767
8154
8514
8845
9148
9420
9660
9869
10046
10189
10297
10373
10413
10420
10391
10327
10231
10099
9935
9737
9507
9244
8953
8631
8280
7902
7496
7067
6615
6138
5642
5128
4595
4049
3488
2916
2333
1743
1146
547
-55
-657
-1259
-1853
-2443
-3026
-3598
-4158
-4705
-5237
-5751
-6245
-6720
-7173
-7602
-8004
-8383
-8732
-9052
-9343
-9603
-9831
-10026
-10189
-10317
-10412
-10471
-10496
-10487
-10442
-10363
-10250
-10102
-9921
-9707
-9460
-9183
-8875
-8537
-8171
-7778
-7358
-6914
-6448
-5959
-5451
-4924
-4382
-3825
-3254
-2673
-2083
-1486
-883
-277
329
935
1538
2135
2726
3309
3879
4437
4981
5509
6019
6507
6975
7420
7842
8235
8603
8941
9251
9529
9777
9991
10175
10321
10435
10515
10559
10568
10543
10481
10386
10257
10092
9895
9665
9402
9109
8784
8430
8050
7642
7207
6750
6271
5769
5249
4710
4157
3589
3010
2420
1822
1218
609
0
-611
-1220
-1825
-2424
-3015
-3596
-4166
-4722
-5262
-5785
-6290
-6773
-7233
-7670
-8083
-8468
-8825
-9153
-9449
-9716
-9949
-10152
-10320
-10453
-10551
-10616
-10644
-10637
-10596
-10518
-10407
-10260
-10079
-9866
-9619
-9340
-9030
-8690
-8321
-7925
-7502
-7054
-6583
-6090
-5576
-5044
-4494
-3931
-3353
-2765
-2166
-1562
-951
-337
278
892
1504
2111
2711
3302
3881
4449
5002
5539
6057
6555
7032
7484
7913
8316
8691
9037
9354
9640
9894
10113
10301
10455
10573
10656
10706
10717
10695
10637
10542
10414
10250
10053
9823
9559
9263
8938
8583
8198
7788
7350
6888
6403
5897
5371
4828
4267
3693
3106
2509
1903
1291
675
55
-564
-1181
-1795
-2403
-3004
-3593
-4172
-4737
-5287
-5819
-6332
-6824
-7293
-7738
-8159
-8551
-8917
-9251
-9555
-9828
-10069
-10276
-10449
-10588
-10691
-10759
-10791
-10787
-10748
-10674
-10563
-10418
-10237
-10023
-9777
-9496
-9185
-8844
-8472
-8073
-7647
-7194
-6718
-6221
-5701
-5164
-4608
-4038
-3453
-2857
-2253
-1639
-1020
-399
225
848
1469
2084
2693
3294
3882
4459
5021
5567
6094
6601
7087
7548
7984
8396
8778
9132
9455
9747
10008
10235
10428
10586
10710
10797
10850
10866
10846
10790
10699
10571
10410
10211
9981
9717
9421
9093
8736
8348
7933
7493
7027
6537
6026
5494
4945
4378
3797
3203
2599
1986
1365
741
114
-514
-1141
-1764
-2380
-2990
-3589
-4177
-4751
-5310
-5851
-6373
-6873
-7352
-7805
-8233
-8635
-9006
-9349
-9661
-9940
-10187
-10400
-10578
-10722
-10829
-10902
-10939
-10938
-10901
-10829
-10719
-10576
-10397
-10182
-9936
-9655
-9341
-8997
-8625
-8221
-7792
-7336
-6856
-6353
-5829
-5284
-4724
-4146
-3555
-2952
-2339
-1719
-1092
-461
170
802
1432
2056
2674
3284
3882
4468
5038
5594
6129
6645
7139
7610
8055
8474
8864
9225
9556
9856
10122
10356
10554
10717
10847
10939
10994
11015
10997
10944
10855
10728
10567
10371
10140
9875
9579
9248
8889
8499
8082
7637
7166
6672
6156
5619
5063
4492
3903
3303
2691
2070
1442
808
173
-463
-1098
-1731
-2356
-2974
-3582
-4180
-4764
-5331
-5880
-6412
-6921
-7407
-7871
-8307
-8715
-9095
-9445
-9764
-10050
-10303
-10523
-10707
-10855
-10968
-11044
-11084
-11088
-11053
-10983
-10877
-10733
-10555
-10342
-10093
-9812
-9498
-9153
-8776
-8371
-7938
-7478
-6993
-6485
-5957
-5407
-4840
-4256
-3658
-3048
-2428
-1798
-1165
-526
115
756
1393
2027
2654
3273
3879
4475
5055
5619
6163
6688
7191
7669
8123
8550
8949
9317
9656
9962
10235
10474
10680
10849
10981
11079
11139
11163
11149
11098
11010
10887
10725
10530
10299
10033
9735
9405
9043
8651
8229
7782
7308
6808
6287
5746
5183
4604
4010
3403
2784
2155
1519
878
234
-411
-1055
-1695
-2330
-2958
-3576
-4181
-4775
-5352
-5910
-6449
-6968
-7463
-7935
-8378
-8795
-9183
-9541
-9867
-10161
-10420
-10645
-10835
-10988
-11107
-11187
-11230
-11237
-11207
-11138
-11033
-10892
-10713
-10501
-10253
-9970
-9656
-9308
-8929
-8521
-8085
-7622
-7134
-6621
-6086
-5531
-4957
-4366
-3762
-3146
-2518
-1881
-1238
-592
57
707
1354
1996
2631
3260
3876
4480
5070
5642
6196
6730
7241
7729
8191
8626
9032
9410
9754
10067
10348
10593
10804
10978
11117
11220
11283
11309
11300
11251
11166
11044
10885
10690
10459
10193
9894
9562
9196
8803
8380
7926
7448
6946
6419
5871
5304
4720
4118
3504
2877
2242
1598
949
297
-357
-1010
-1660
-2302
-2939
-3567
-4182
-4783
-5369
-5937
-6486
-7013
-7517
-7997
-8450
-8874
-9270
-9635
-9968
-10268
-10534
-10765
-10962
-11121
-11243
-11329
-11377
-11386
-11359
-11293
-11191
-11050
-10873
-10661
-10413
-10130
-9813
-9464
-9083
-8672
-8232
-7765
-7272
-6756
-6215
-5655
-5076
-4480
-3868
-3244
-2608
-1965
-1314
-659
0
656
1311
1963
2608
3245
3870
4484
5083
5664
6227
6770
7291
7786
8257
8700
9115
9499
9852
10173
10459
10711
10928
11109
11251
11358
11427
11458
11451
11405
11322
11202
11044
10849
10619
10353
10052
9718
9353
8955
8529
8074
7591
7084
6554
6000
5427
4836
4229
3607
2974
2329
1679
1021
360
-302
-963
-1621
-2275
-2920
-3556
-4180
-4791
-5386
-5963
-6521
-7057
-7571
-8058
-8520
-8952
-9356
-9729
-10069
-10376
-10650
-10887
-11088
-11253
-11381
-11471
-11522
-11535
-11510
-11449
-11347
-11209
-11033
-10820
-10572
-10289
-9970
-9621
-9237
-8824
-8382
-7910
-7413
-6891
-6348
-5782
-5196
-4593
-3976
-3344
-2702
-2049
-1392
-729
-62
604
1268
1929
2583
3229
3863
4486
5095
5685
6257
6809
7339
7843
8322
8774
9195
9589
9948
10276
10569
10829
11050
11237
11386
11496
11570
11605
11600
11558
11477
11358
11203
11008
10778
10512
10211
9876
9509
9109
8679
8221
7735
7223
6687
6128
5551
4953
4339
3711
3070
2420
1760
1094
426
-245
-915
-1582
-2244
-2898
-3544
-4177
-4797
-5401
-5989
-6554
-7099
-7623
-8118
-8587
-9029
-9440
-9821
-10169
-10482
-10762
-11006
-11214
-11384
-11516
-11611
-11668
-11684
-11663
-11603
-11503
-11367
-11193
-10980
-10732
-10450
-10130
-9777
-9394
-8976
-8531
-8057
-7556
-7029
-6479
-5908
-5318
-4709
-4083
-3445
-2797
-2137
-1470
-798
-125
550
1224
1893
2555
3211
3855
4488
5103
5704
6286
6847
7384
7899
8386
8846
9276
9677
10044
10380
10679
10945
11173
11365
11519
11635
11713
11751
11750
11712
11633
11516
11361
11169
10939
10673
10372
10034
9665
9264
8831
8369
7880
7364
6824
6260
5675
5073
4452
3817
3169
2512
1844
1171
493
-186
-864
-1540
-2212
-2875
-3530
-4173
-4803
-5414
-6011
-6587
-7140
-7671
-8176
-8655
-9105
-9524
-9912
-10267
-10588
-10875
-11126
-11339
-11514
-11653
-11751
-11811
-11833
-11814
-11757
-11662
-11525
-11352
-11142
-10893
-10608
-10289
-9936
-9549
-9130
-8681
-8204
-7698
-7167
-6614
-6037
-5439
-4826
-4194
-3549
-2891
-2226
-1550
-870
-188
495
1177
1855
2528
3191
3844
4486
5112
5721
6312
6883
7429
7951
8447
8917
9356
9762
10138
10481
10788
11059
11295
11492
11652
11773
11855
11898
11901
11864
11789
11675
11520
11329
11099
10833
10530
10194
9823
9419
8983
8519
8025
7504
6959
6391
5802
5192
4566
3924
3270
2603
1928
1248
562
-126
-813
-1498
-2178
-2851
-3515
-4166
-4805
-5428
-6033
-6618
-7180
-7720
-8234
-8720
-9179
-9607
-10002
-10364
-10694
-10986
-11243
-11463
-11644
-11787
-11891
-11956
-11981
-11967
-11911
-11817
-11684
-11511
-11301
-11054
-10768
-10450
-10094
-9705
-9285
-8832
-8352
-7844
-7307
-6747
-6167
-5564
-4942
-4305
-3653
-2989
-2314
-1631
-945
-254
439
1130
1816
2498
3171
3834
4483
5119
5738
6338
6916
7472
8004
8510
8985
9433
9849
10232
10581
10896
11174
11416
11619
11784
11911
11997
12043
12050
12017
11945
11832
11680
11488
11260
10994
10691
10354
9980
9574
9137
8669
8171
7648
7098
6524
5929
5314
4681
4032
3371
2698
2015
1325
633
-63
-760
-1454
-2142
-2824
-3498
-4159
-4806
-5438
-6053
-6646
-7218
-7767
-8290
-8786
-9251
-9688
-10091
-10461
-10797
-11097
-11360
-11586
-11773
-11921
-12030
-12100
-12128
-12117
-12065
-11974
-11843
-11672
-11462
-11216
-10930
-10609
-10253
-9862
-9439
-8985
-8500
-7987
-7448
-6884
-6297
-5688
-5062
-4417
-3759
-3086
-2406
-1716
-1020
-320
380
1080
1777
2466
3148
3821
4480
5124
5752
6362
6949
7514
8055
8569
9054
9508
9934
10324
10681
11002
11288
11535
11745
11916
12047
12139
12190
12200
12170
12099
11989
11840
11649
11422
11156
10852
10513
10139
9730
9290
8819
8319
7790
7236
6657
6058
5436
4798
4142
3473
2793
2103
1406
704
0
-705
-1408
-2106
-2798
-3478
-4149
-4807
-5448
-6071
-6674
-7255
-7813
-8344
-8849
-9323
-9767
-10180
-10557
-10900
-11207
-11476
-11709
-11903
-12055
-12170
-12243
-12275
-12267
-12220
-12130
-12000
-11832
-11623
-11376
-11091
-10770
-10413
-10020
-9594
-9138
-8650
-8133
-7590
-7021
-6428
-5815
-5181
-4532
-3865
-3187
-2498
-1800
-1096
-388
321
1028
1734
2433
3125
3806
4474
5128
5766
6383
6980
7555
8105
8626
9121
9584
10016
10416
10779
11109
11402
11655
11870
12047
12183
12279
12335
12348
12322
12255
12147
11998
11810
11583
11317
11013
10673
10298
9888
9444
8971
8467
7934
7376
6793
6187
5561
4915
4254
3578
2890
2192
1488
777
64
-650
-1360
-2067
-2768
-3459
-4138
-4805
-5455
-6089
-6699
-7291
-7858
-8398
-8910
-9394
-9846
-10265
-10651
-11001
-11316
-11592
-11830
-12029
-12189
-12307
-12385
-12423
-12418
-12373
-12286
-12159
-11991
-11784
-11538
-11253
-10931
-10572
-10180
-9751
-9290
-8800
-8280
-7732
-7159
-6561
-5943
-5304
-4646
-3974
-3289
-2591
-1886
-1174
-459
259
977
1691
2398
3099
3790
4467
5130
5777
6405
7010
7594
8153
8683
9185
9658
10098
10505
10877
11213
11512
11773
11994
12177
12319
12420
12480
12497
12475
12410
12304
12158
11972
11743
11478
11176
10834
10456
10046
9600
9123
8616
8080
7517
6928
6318
5686
5035
4365
3683
2989
2284
1570
851
131
-591
-1311
-2028
-2736
-3437
-4126
-4802
-5461
-6103
-6725
-7325
-7900
-8449
-8970
-9463
-9924
-10351
-10744
-11103
-11423
-11707
-11952
-12157
-12321
-12445
-12528
-12569
-12568
-12526
-12443
-12317
-12152
-11946
-11700
-11415
-11093
-10732
-10337
-9909
-9445
-8951
-8427
-7876
-7299
-6695
-6071
-5426
-4763
-4083
-3390
-2687
-1974
-1254
-529
196
922
1645
2362
3071
3772
4459
5132
5787
6423
7040
7632
8198
8739
9250
9731
10180
10593
10973
11317
11622
11891
12118
12306
12454
12559
12624
12647
12626
12565
12463
12317
12132
11907
11641
11336
10995
10617
10204
9756
9276
8766
8226
7658
7067
6450
5811
5155
4480
3791
3088
2376
1655
928
199
-531
-1261
-1986
-2704
-3413
-4111
-4797
-5466
-6117
-6748
-7357
-7941
-8499
-9030
-9530
-10000
-10435
-10836
-11203
-11530
-11820
-12072
-12283
-12453
-12583
-12670
-12716
-12720
-12679
-12599
-12477
-12312
-12107
-11862
-11577
-11254
-10894
-10497
-10066
-9601
-9104
-8577
-8020
-7437
-6831
-6201
-5550
-4880
-4195
-3495
-2784
-2062
-1335
-603
132
867
1597
2324
3044
3753
4448
5130
5796
6442
7067
7667
8244
8793
9313
9801
10259
10682
11069
11421
11732
12006
12242
12435
12588
12699
12766
12793
12778
12720
12619
12477
12292
12069
11803
11498
11158
10778
10363
9914
9431
8918
8374
7802
7204
6584
5939
5276
4594
3899
3189
2469
1740
1007
268
-471
-1209
-1942
-2670
-3388
-4096
-4790
-5469
-6129
-6770
-7389
-7981
-8549
-9089
-9597
-10074
-10519
-10928
-11300
-11637
-11933
-12192
-12409
-12584
-12720
-12812
-12861
-12868
-12833
-12754
-12635
-12473
-12268
-12024
-11740
-11416
-11056
-10658
-10223
-9756
-9256
-8726
-8166
-7579
-6967
-6333
-5675
-4999
-4307
-3601
-2882
-2153
-1417
-678
65
808
1549
2284
3012
3731
4437
5127
5803
6458
7092
7702
8288
8846
9375
9872
10338
10769
11163
11521
11842
12122
12364
12563
12722
12838
12911
12942
12930
12874
12776
12637
12454
12230
11967
11662
11319
10940
10522
10071
9586
9068
8521
7946
7344
6717
6068
5399
4711
4008
3292
2564
1828
1085
340
-408
-1155
-1898
-2633
-3361
-4079
-4783
-5470
-6140
-6790
-7417
-8020
-8596
-9145
-9663
-10148
-10601
-11017
-11398
-11741
-12045
-12309
-12533
-12715
-12855
-12953
-13006
-13017
-12987
-12911
-12792
-12634
-12431
-12187
-11903
-11579
-11218
-10818
-10383
-9914
-9411
-8876
-8313
-7722
-7104
-6464
-5801
-5120
-4421
-3707
-2981
-2246
-1502
-753
0
750
1499
2244
2981
3708
4423
5124
5809
6472
7116
7736
8331
8897
9435
9942
10415
10854
11256
11622
11950
12238
12485
12692
12854
12976
13054
13088
13080
13029
12934
12795
12615
12393
12130
11825
11482
11101
10683
10228
9742
9221
8670
8091
7485
6853
6198
5523
4830
4119
3396
2660
1918
1167
412
-345
-1099
-1850
-2597
-3334
-4060
-4773
-5470
-6150
-6809
-7445
-8058
-8644
-9199
-9726
-10220
-10682
-11106
-11494
-11845
-12158
-12427
-12657
-12846
-12991
-13093
-13153
-13167
-13139
-13067
-12952
-12793
-12592
-12350
-12067
-11742
-11379
-10979
-10542
-10070
-9565
-9028
-8460
-7865
-7243
-6598
-5929
-5241
-4537
-3817
-3082
-2338
-1588
-831
-70
690
1447
2201
2947
3684
4408
5118
5812
6486
7139
7768
8372
8947
9493
10008
10490
10939
11349
11722
12057
12352
12605
12817
12988
13113
13196
13236
13231
13183
13090
12955
12776
12554
12292
11989
11645
11262
10844
10388
9898
9375
8821
8236
7626
6988
6330
5648
4948
4231
3502
2759
2007
1249
486
-278
-1042
-1803
-2557
-3305
-4040
-4763
-5468
-6157
-6827
-7471
-8093
-8688
-9253
-9788
-10292
-10760
-11194
-11590
-11948
-12266
-12545
-12780
-12975
-13125
-13233
-13297
-13315
-13291
-13223
-13109
-12953
-12754
-12512
-12230
-11907
-11543
-11142
-10704
-10228
-9720
-9180
-8609
-8009
-7383
-6731
-6059
-5365
-4652
-3925
-3186
-2434
-1675
-909
-142
627
1394
2157
2912
3658
4392
5112
5814
6498
7160
7799
8411
8996
9551
10075
10566
11020
11440
11821
12163
12465
12726
12944
13119
13251
13338
13383
13381
13336
13248
13114
12937
12719
12456
12153
11809
11426
11005
10548
10055
9529
8971
8384
7769
7127
6461
5775
5069
4345
3607
2859
2099
1332
561
-211
-984
-1754
-2518
-3273
-4018
-4750
-5466
-6162
-6842
-7497
-8128
-8730
-9306
-9850
-10362
-10839
-11280
-11685
-12050
-12375
-12661
-12903
-13103
-13260
-13372
-13440
-13465
-13443
-13378
-13268
-13114
-12917
-12677
-12394
-12070
-11707
-11303
-10864
-10388
-9877
-9333
-8758
-8154
-7524
-6868
-6188
-5488
-4771
-4037
-3290
-2532
-1764
-991
-214
563
1339
2111
2875
3630
4373
5102
5815
6507
7179
7828
8449
9043
9608
10140
10640
11102
11529
11919
12268
12576
12844
13068
13250
13388
13480
13528
13532
13491
13405
13273
13099
12881
12619
12316
11973
11590
11167
10708
10212
9685
9124
8531
7911
7266
6596
5902
5190
4461
3716
2959
2192
1419
639
-143
-925
-1702
-2475
-3241
-3995
-4735
-5461
-6168
-6857
-7520
-8160
-8773
-9358
-9910
-10430
-10917
-11365
-11777
-12152
-12484
-12775
-13025
-13231
-13393
-13512
-13584
-13612
-13595
-13533
-13427
-13274
-13078
-12840
-12558
-12234
-11871
-11468
-11025
-10547
-10033
-9487
-8910
-8301
-7664
-7005
-6320
-5614
-4889
-4149
-3395
-2628
-1853
-1072
-287
499
1283
2062
2836
3601
4354
5092
5815
6517
7198
7855
8485
9089
9664
10203
10711
11185
11619
12015
12373
12688
12962
13194
13380
13523
13621
13674
13682
13644
13560
13434
13260
13043
12783
12482
12137
11753
11330
10869
10372
9840
9276
8681
8056
7405
6730
6032
5313
4577
3826
3061
2288
1505
718
-72
-862
-1650
-2431
-3205
-3969
-4720
-5454
-6171
-6869
-7543
-8191
-8813
-9407
-9969
-10497
-10992
-11451
-11870
-12250
-12591
-12890
-13146
-13358
-13525
-13650
-13728
-13760
-13748
-13688
-13583
-13436
-13241
-13003
-12723
-12399
-12034
-11630
-11187
-10708
-10193
-9642
-9060
-8448
-7808
-7142
-6451
-5741
-5010
-4263
-3501
-2728
-1946
-1156
-362
431
1225
2015
2797
3570
4333
5081
5811
6523
7214
7881
8521
9134
9716
10266
10782
11263
11707
12111
12475
12798
13079
13317
13510
13658
13763
13819
13831
13797
13718
13591
13423
13207
12948
12646
12302
11918
11493
11030
10531
9997
9430
8830
8202
7546
6866
6161
5438
4695
3937
3165
2384
1593
797
0
-798
-1595
-2386
-3170
-3942
-4702
-5447
-6173
-6880
-7563
-8221
-8854
-9454
-10026
-10564
-11067
-11533
-11962
-12350
-12699
-13003
-13265
-13486
-13658
-13786
-13871
-13907
-13898
-13843
-13742
-13595
-13403
-13167
-12887
-12564
-12200
-11795
-11351
-10868
-10351
-9798
-9212
-8596
-7952
-7282
-6586
-5868
-5132
-4378
-3609
-2828
-2040
-1242
-440
364
1165
1963
2756
3539
4310
5067
5808
6529
7229
7905
8555
9178
9767
10328
10852
11341
11793
12205
12577
12909
13196
13439
13640
13793
13902
13965
13980
13951
13874
13751
13583
13370
13112
12811
12468
12081
11657
11193
10691
10154
9584
8981
8349
7688
7003
6294
5563
4815
4050
3271
2481
1684
880
72
-735
-1538
-2339
-3131
-3914
-4682
-5437
-6173
-6889
-7581
-8250
-8891
-9502
-10082
-10629
-11140
-11615
-12051
-12448
-12802
-13116
-13385
-13610
-13790
-13924
-14013
-14054
-14048
-13998
-13900
-13755
-13565
-13330
-13051
-12730
-12364
-11959
-11514
-11029
-10509
-9954
-9366
-8745
-8098
-7421
-6721
-5998
-5255
-4494
-3719
-2931
-2133
-1327
-518
293
1104
1912
2712
3505
4286
5053
5802
6533
7243
7927
8587
9219
9819
10387
10921
11418
11878
12298
12678
13016
13311
13561
13768
13928
14041
14109
14129
14103
14030
13911
13744
13533
13276
12977
12633
12246
11821
11357
10852
10313
9739
9134
8497
7832
7140
6426
5690
4934
4163
3378
2580
1775
963
148
-668
-1483
-2292
-3092
-3883
-4663
-5426
-6171
-6896
-7600
-8277
-8926
-9548
-10136
-10693
-11213
-11696
-12140
-12545
-12907
-13228
-13504
-13735
-13921
-14060
-14154
-14201
-14200
-14151
-14057
-13916
-13728
-13496
-13217
-12895
-12531
-12124
-11678
-11193
-10670
-10112
-9520
-8897
-8243
-7563
-6857
-6129
-5379
-4612
-3829
-3036
-2230
-1416
-598
221
1041
1857
2668
3469
4259
5036
5796
6535
7254
7950
8619
9258
9869
10446
10988
11494
11962
12391
12778
13123
13426
13683
13895
14061
14180
14253
14279
14256
14186
14070
13906
13697
13443
13142
12798
12413
11985
11519
11013
10472
9896
9286
8645
7976
7280
6560
5818
5057
4279
3486
2682
1868
1047
224
-599
-1423
-2241
-3052
-3851
-4639
-5413
-6169
-6902
-7615
-8302
-8962
-9591
-10190
-10754
-11284
-11774
-12228
-12641
-13010
-13337
-13621
-13859
-14050
-14197
-14295
-14346
-14350
-14305
-14215
-14076
-13890
-13659
-13382
-13060
-12697
-12290
-11842
-11355
-10830
-10270
-9676
-9047
-8390
-7705
-6994
-6260
-5505
-4732
-3942
-3139
-2326
-1507
-680
149
978
1801
2621
3433
4232
5017
5787
6537
7266
7969
8648
9297
9917
10501
11053
11570
12044
12482
12878
13231
13538
13803
14022
14194
14318
14396
14426
14408
14341
14229
14067
13859
13607
13308
12965
12579
12151
11683
11177
10632
10053
9440
8795
8121
7421
6695
5947
5179
4395
3595
2784
1961
1134
302
-530
-1362
-2189
-3009
-3819
-4617
-5398
-6164
-6908
-7630
-8327
-8995
-9635
-10242
-10814
-11353
-11854
-12314
-12735
-13113
-13447
-13738
-13983
-14181
-14332
-14436
-14492
-14501
-14460
-14371
-14237
-14053
-13823
-13547
-13228
-12862
-12457
-12007
-11518
-10992
-10428
-9831
-9200
-8538
-7849
-7134
-6393
-5631
-4851
-4057
-3247
-2426
-1596
-764
74
911
1746
2572
3393
4202
4998
5776
6536
7274
7988
8675
9334
9962
10559
11118
11642
12128
12572
12976
13336
13652
13924
14148
14325
14457
14539
14572
14560
14497
14387
14230
14023
13771
13475
13131
12746
12317
11847
11339
10793
10210
9594
8946
8268
7563
6831
6079
5305
4512
3705
2887
2058
1222
381
-459
-1299
-2136
-2964
-3784
-4591
-5383
-6156
-6911
-7643
-8349
-9027
-9676
-10292
-10875
-11421
-11931
-12400
-12828
-13214
-13556
-13853
-14105
-14309
-14466
-14576
-14637
-14649
-14614
-14529
-14396
-14216
-13987
-13714
-13394
-13029
-12622
-12173
-11683
-11154
-10588
-9987
-9353
-8688
-7993
-7273
-6527
-5760
-4974
-4171
-3353
-2527
-1690
-847
0
843
1687
2525
3353
4171
4976
5764
6534
7281
8004
8702
9371
10007
10613
11182
11715
12209
12661
13072
13441
13764
14041
14275
14457
14593
14682
14720
14711
14653
14544
14390
14187
13936
13640
13298
12913
12484
12013
11502
10955
10369
9749
9097
8416
7705
6969
6209
5430
4632
3819
2991
2156
1311
463
-388
-1235
-2080
-2919
-3749
-4564
-5365
-6149
-6913
-7653
-8369
-9058
-9716
-10341
-10934
-11488
-12006
-12485
-12921
-13314
-13665
-13969
-14227
-14438
-14601
-14716
-14783
-14798
-14767
-14687
-14555
-14378
-14152
-13879
-13560
-13197
-12788
-12339
-11847
-11316
-10748
-10145
-9507
-8838
-8140
-7413
-6662
-5889
-5098
-4288
-3464
-2628
-1785
-934
-79
775
1625
2473
3312
4139
4952
5751
6530
7287
8019
8726
9406
10052
10665
11244
11785
12287
12750
13168
13544
13875
14159
14398
14588
14730
14823
14867
14861
14807
14704
14550
14350
14101
13806
13466
13079
12650
12180
11667
11116
10529
9907
9250
8565
7849
7109
6344
5557
4752
3932
3098
2254
1402
546
-312
-1171
-2025
-2872
-3710
-4536
-5348
-6139
-6913
-7664
-8389
-9086
-9755
-10389
-10989
-11554
-12081
-12567
-13011
-13413
-13770
-14083
-14347
-14565
-14735
-14854
-14926
-14948
-14920
-14842
-14716
-14540
-14317
-14045
-13728
-13365
-12956
-12505
-12014
-11480
-10910
-10303
-9663
-8989
-8285
-7555
-6800
-6021
-5221
-4405
-3575
-2732
-1879
-1020
-159
704
1565
2421
3268
4104
4928
5737
6524
7291
8035
8751
9437
10095
10716
11305
11855
12365
12835
13263
13646
13985
14278
14522
14718
14866
14965
15015
15013
14962
14862
14712
14514
14268
13973
13633
13248
12817
12345
11832
11279
10689
10063
9404
8714
7994
7247
6478
5685
4873
4047
3207
2354
1495
629
-237
-1103
-1967
-2823
-3670
-4506
-5327
-6130
-6911
-7672
-8408
-9114
-9790
-10436
-11045
-11620
-12154
-12649
-13102
-13512
-13876
-14196
-14468
-14692
-14867
-14993
-15069
-15096
-15072
-14999
-14876
-14702
-14481
-14213
-13895
-13531
-13124
-12673
-12179
-11645
-11072
-10462
-9818
-9140
-8434
-7698
-6936
-6152
-5348
-4525
-3687
-2837
-1977
-1110
-240
631
1501
2366
3223
4069
4901
5719
6518
7293
8046
8772
9469
10135
10767
11364
11924
12443
12921
13357
13749
14093
14393
14645
14847
15002
15105
15159
15164
15116
15020
14873
14677
14433
14140
13800
13415
12986
12512
11997
11442
10850
10221
9559
8864
8141
7389
6613
5815
4998
4163
3315
2455
1589
716
-160
-1035
-1906
-2773
-3629
-4475
-5304
-6117
-6909
-7679
-8423
-9140
-9826
-10481
-11099
-11682
-12227
-12730
-13190
-13609
-13982
-14307
-14587
-14817
-15000
-15131
-15212
-15244
-15226
-15155
-15036
-14865
-14645
-14378
-14062
-13700
-13292
-12840
-12345
-11810
-11234
-10623
-9976
-9294
-8582
-7843
-7076
-6286
-5474
-4645
-3801
-2943
-2074
-1201
-322
558
1437
2309
3176
4032
4874
5700
6509
7295
8058
8793
9499
10175
10817
11422
11989
12519
13005
13449
13849
14202
14509
14768
14976
15136
15247
15304
15313
15271
15177
15035
14840
14597
14307
13969
13583
13154
12680
12164
11607
11011
10381
9714
9015
8287
7532
6750
5945
5121
4282
3426
2559
1683
803
-80
-965
-1846
-2720
-3585
-4441
-5281
-6102
-6904
-7684
-8438
-9164
-9860
-10523
-11153
-11743
-12297
-12809
-13278
-13705
-14085
-14419
-14706
-14943
-15130
-15269
-15355
-15391
-15377
-15310
-15194
-15029
-14809
-14543
-14231
-13868
-13461
-13008
-12512
-11976
-11399
-10783
-10133
-9448
-8732
-7987
-7215
-6420
-5604
-4767
-3915
-3051
-2176
-1292
-405
483
1370
2254
3127
3992
4845
5681
6498
7294
8067
8812
9527
10212
10864
11479
12055
12593
13089
13540
13948
14309
14622
14889
15104
15270
15386
15450
15463
15425
15334
15195
15006
14764
14474
14137
13753
13322
12848
12330
11772
11175
10540
9870
9169
8434
7674
6886
6078
5248
4400
3538
2664
1782
891
0
-892
-1783
-2667
-3543
-4405
-5255
-6087
-6899
-7687
-8451
-9187
-9894
-10565
-11204
-11805
-12367
-12888
-13366
-13799
-14189
-14530
-14822
-15067
-15261
-15405
-15499
-15539
-15529
-15467
-15353
-15189
-14976
-14711
-14398
-14037
-13630
-13177
-12681
-12141
-11563
-10946
-10291
-9603
-8884
-8134
-7358
-6556
-5734
-4890
-4032
-3159
-2278
-1387
-492
407
1300
2193
3078
3953
4814
5659
6487
7293
8074
8829
9555
10250
10909
11534
12120
12666
13171
13631
14046
14417
14736
15009
15233
15403
15525
15595
15611
15578
15494
15355
15167
14930
14641
14305
13921
13491
13016
12497
11937
11338
10702
10028
9322
8585
7819
7027
6211
5375
4522
3652
2770
1880
983
81
-820
-1718
-2611
-3496
-4369
-5227
-6069
-6890
-7690
-8462
-9208
-9925
-10607
-11253
-11864
-12435
-12965
-13452
-13893
-14290
-14640
-14939
-15191
-15391
-15541
-15639
-15686
-15679
-15622
-15513
-15351
-15140
-14877
-14566
-14207
-13798
-13345
-12849
-12308
-11728
-11108
-10452
-9759
-9036
-8281
-7500
-6693
-5864
-5015
-4150
-3271
-2379
-1481
-578
327
1232
2133
3027
3910
4782
5637
6473
7289
8081
8846
9580
10285
10955
11588
12184
12739
13252
13721
14143
14521
14850
15128
15358
15537
15663
15739
15761
15732
15651
15517
15330
15096
14808
14474
14091
13660
13185
12667
12104
11502
10862
10187
9476
8734
7964
7167
6347
5503
4642
3768
2878
1979
1073
166
-746
-1653
-2554
-3448
-4331
-5199
-6051
-6882
-7690
-8474
-9229
-9953
-10646
-11302
-11922
-12502
-13040
-13535
-13988
-14390
-14748
-15055
-15313
-15521
-15676
-15780
-15832
-15830
-15777
-15672
-15513
-15303
-15045
-14734
-14375
-13970
-13515
-13017
-12477
-11894
-11271
-10612
-9917
-9189
-8430
-7643
-6832
-5996
-5140
-4269
-3383
-2485
-1578
-666
247
1160
2070
2974
3866
4747
5612
6459
7283
8085
8860
9605
10318
10997
11640
12245
12809
13330
13808
14240
14624
14961
15248
15484
15669
15801
15881
15911
15884
15807
15678
15495
15261
14978
14643
14260
13830
13354
12834
12270
11667
11025
10346
9631
8887
8112
7308
6481
5633
4767
3883
2986
2080
1167
250
-668
-1584
-2496
-3399
-4291
-5168
-6030
-6872
-7688
-8482
-9247
-9982
-10683
-11350
-11979
-12568
-13115
-13619
-14078
-14491
-14854
-15171
-15435
-15649
-15811
-15920
-15977
-15982
-15932
-15829
-15676
-15469
-15212
-14902
-14544
-14139
-13686
-13187
-12645
-12059
-11436
-10773
-10074
-9342
-8580
-7788
-6970
-6129
-5269
-4389
-3496
-2589
-1677
-757
166
1088
2007
2919
3822
4712
5586
6442
7277
8089
8872
9627
10350
11040
11692
12305
12879
13410
13895
14336
14728
15071
15366
15608
15800
15939
16025
16058
16038
15964
15837
15658
15426
15145
14812
14430
14001
13524
13003
12439
11833
11189
10506
9788
9038
8260
7451
6619
5764
4891
4001
3097
2183
1263
336
-590
-1517
-2435
-3348
-4250
-5137
-6007
-6859
-7687
-8490
-9264
-10008
-10719
-11397
-12033
-12632
-13189
-13701
-14169
-14590
-14961
-15285
-15556
-15777
-15945
-16061
-16122
-16132
-16086
-15988
-15837
-15633
-15377
-15071
-14715
-14308
-13856
-13356
-12813
-12228
-11600
-10936
-10234
-9497
-8730
-7934
-7112
-6264
-5396
-4512
-3611
-2698
-1776
-849
82
1014
1942
2861
3774
4674
5559
6423
7269
8090
8884
9649
10381
11080
11742
12364
12947
13487
13981
14429
14830
15182
15483
15733
15930
16075
16167
16205
16190
16119
15997
15822
15592
15311
14982
14600
14171
13695
13172
12607
12000
11351
10667
9946
9192
8408
7595
6758
5897
5017
4119
3210
2289
1358
424
-510
-1445
-2375
-3297
-4206
-5103
-5984
-6844
-7682
-8495
-9280
-10033
-10754
-11441
-12088
-12694
-13260
-13782
-14259
-14687
-15066
-15397
-15677
-15903
-16078
-16201
-16268
-16281
-16242
-16146
-15999
-15799
-15545
-15240
-14884
-14480
-14026
-13527
-12982
-12395
-11766
-11098
-10393
-9655
-8882
-8081
-7252
-6400
-5527
-4634
-3726
-2807
-1877
-941
0
937
1874
2805
3726
4634
5529
6404
7259
8089
8893
9668
10412
11118
11790
12423
13014
13562
14065
14523
14932
15290
15598
15857
16060
16211
16310
16351
16340
16277
16156
15985
15759
15480
15151
14771
14342
13866
13343
12775
12168
11517
10829
10104
9348
8558
7740
6896
6032
5144
4241
3322
2394
1457
514
-430
-1371
-2310
-3242
-4162
-5068
-5958
-6829
-7677
-8499
-9293
-10058
-10789
-11482
-12141
-12756
-13331
-13862
-14346
-14784
-15173
-15509
-15796
-16031
-16212
-16338
-16412
-16430
-16394
-16306
-16160
-15963
-15712
-15408
-15055
-14651
-14197
-13699
-13153
-12563
-11932
-11262
-10553
-9811
-9034
-8229
-7396
-6538
-5658
-4760
-3845
-2917
-1981
-1036
-88
860
1804
2745
3675
4594
5497
6382
7247
8089
8901
9686
10439
11157
11837
12479
13079
13637
14149
14614
15031
15399
15714
15978
16190
16346
16449
16499
16492
16432
16317
16146
15924
15648
15320
14942
14513
14036
13515
12946
12334
11683
10992
10263
9503
8708
7887
7038
6165
5272
4362
3437
2501
1555
606
-347
-1298
-2247
-3186
-4116
-5032
-5932
-6812
-7669
-8502
-9306
-10079
-10821
-11524
-12191
-12817
-13401
-13940
-14433
-14878
-15275
-15621
-15914
-16156
-16343
-16476
-16557
-16578
-16548
-16463
-16321
-16126
-15879
-15577
-15225
-14822
-14369
-13869
-13324
-12732
-12100
-11427
-10715
-9968
-9188
-8379
-7541
-6677
-5790
-4884
-3965
-3029
-2083
-1131
-177
781
1736
2684
3623
4552
5465
6361
7234
8085
8909
9702
10464
11193
11883
12534
13144
13711
14231
14706
15129
15505
15828
16100
16318
16481
16590
16645
16643
16586
16476
16310
16089
15816
15490
15113
14686
14208
13685
13117
12503
11849
11156
10425
9660
8861
8033
7180
6302
5402
4485
3555
2610
1657
698
-261
-1223
-2180
-3129
-4068
-4993
-5903
-6794
-7659
-8502
-9318
-10100
-10850
-11565
-12240
-12877
-13469
-14018
-14520
-14973
-15377
-15732
-16032
-16281
-16475
-16614
-16698
-16728
-16701
-16619
-16484
-16292
-16046
-15748
-15395
-14993
-14542
-14040
-13495
-12902
-12267
-11592
-10878
-10127
-9344
-8529
-7684
-6816
-5924
-5013
-4084
-3141
-2190
-1230
-265
700
1663
2621
3570
4507
5430
6336
7220
8079
8913
9717
10489
11226
11927
12588
13208
13781
14312
14795
15228
15610
15943
16221
16445
16616
16731
16790
16795
16742
16635
16473
16255
15985
15660
15284
14857
14381
13856
13286
12672
12016
11320
10585
9816
9015
8182
7323
6439
5535
4610
3671
2719
1760
793
-177
-1147
-2111
-3069
-4019
-4954
-5872
-6773
-7650
-8503
-9326
-10120
-10880
-11604
-12288
-12934
-13537
-14094
-14603
-15067
-15479
-15839
-16149
-16404
-16605
-16751
-16840
-16875
-16854
-16777
-16644
-16456
-16212
-15916
-15567
-15164
-14714
-14214
-13666
-13073
-12436
-11758
-11042
-10287
-9499
-8681
-7832
-6957
-6059
-5141
-4207
-3257
-2295
-1329
-356
618
1590
2556
3515
4462
5395
6309
7203
8074
8918
9731
10512
11260
11972
12639
13268
13854
14392
14883
15325
15716
16055
16341
16573
16750
16870
16935
16945
16897
16794
16636
16421
16152
15830
15456
15030
14553
14028
13458
12843
12183
11485
10748
9974
9169
8333
7468
6578
5666
4737
3791
2831
1862
889
-89
-1067
-2042
-3009
-3967
-4912
-5842
-6750
-7638
-8500
-9335
-10137
-10907
-11641
-12337
-12990
-13602
-14169
-14688
-15158
-15579
-15949
-16266
-16528
-16735
-16887
-16984
-17023
-17008
-16934
-16805
-16620
-16379
-16085
-15738
-15337
-14886
-14386
-13837
-13244
-12606
-11925
-11206
-10449
-9657
-8833
-7978
-7100
-6196
-5271
-4329
-3373
-2406
-1429
-448
533
1515
2492
3459
4414
5357
6282
7184
8065
8919
9743
10534
11291
12011
12692
13328
13923
14471
14971
15421
15819
16166
16461
16698
16881
17010
17081
17093
17053
16953
16798
16587
16320
16001
15627
15202
14727
14203
13629
13013
12352
11651
10910
10135
9324
8483
7613
6718
5801
4863
3910
2945
1969
986
0
-987
-1970
-2947
-3915
-4868
-5808
-6727
-7625
-8496
-9340
-10154
-10934
-11676
-12381
-13045
-13667
-14243
-14770
-15250
-15680
-16056
-16379
-16650
-16864
-17023
-17125
-17170
-17159
-17090
-16965
-16784
-16548
-16254
-15909
-15511
-15059
-14559
-14011
-13415
-12776
-12093
-11371
-10610
-9815
-8987
-8129
-7242
-6335
-5403
-4454
-3490
-2517
-1531
-542
449
1437
2423
3401
4367
5318
6252
7166
8056
8919
9753
10555
11322
12050
12742
13388
13992
14548
15056
15516
15924
16278
16577
16825
17014
17147
17225
17243
17206
17112
16960
16752
16489
16171
15800
15375
14899
14375
13802
13184
12521
11818
11075
10295
9479
8635
7760
6860
5936
4993
4033
3059
2076
1085
90
-906
-1896
-2883
-3860
-4825
-5772
-6701
-7609
-8491
-9344
-10168
-10959
-11712
-12425
-13099
-13729
-14314
-14852
-15339
-15777
-16163
-16494
-16772
-16993
-17157
-17266
-17317
-17310
-17247
-17125
-16947
-16714
-16424
-16080
-15683
-15233
-14733
-14185
-13587
-12946
-12262
-11537
-10773
-9974
-9141
-8279
-7388
-6472
-5535
-4581
-3609
-2626
-1634
-638
361
1360
2354
3340
4317
5278
6222
7144
8045
8919
9762
10573
11352
12090
12788
13446
14058
14624
15141
15608
16025
16387
16695
16949
17145
17285
17368
17392
17359
17271
17122
16917
16658
16341
15972
15550
15073
14548
13977
13355
12692
11985
11240
10456
9638
8787
7908
7002
6072
5122
4157
3175
2184
1184
183
-822
-1823
-2818
-3804
-4778
-5736
-6675
-7592
-8483
-9349
-10182
-10979
-11744
-12469
-13152
-13791
-14385
-14932
-15429
-15874
-16268
-16607
-16891
-17120
-17292
-17405
-17464
-17461
-17402
-17286
-17110
-16880
-16593
-16251
-15855
-15408
-14906
-14357
-13762
-13118
-12431
-11704
-10937
-10135
-9297
-8428
-7535
-6613
-5669
-4707
-3731
-2740
-1741
-735
272
1279
2284
3280
4264
5235
6189
7124
8031
8916
9770
10592
11377
12127
12835
13504
14124
14699
15226
15701
16125
16497
16813
17073
17277
17422
17511
17542
17513
17428
17285
17083
16826
16513
16143
15721
15248
14723
14149
13528
12863
12155
11406
10618
9797
8941
8056
7145
6211
5254
4281
3292
2294
1286
275
-736
-1747
-2752
-3747
-4729
-5696
-6646
-7574
-8474
-9349
-10193
-11002
-11774
-12509
-13203
-13852
-14454
-15010
-15517
-15971
-16371
-16720
-17012
-17247
-17426
-17546
-17608
-17613
-17558
-17445
-17276
-17047
-16763
-16423
-16029
-15580
-15081
-14532
-13934
-13289
-12602
-11872
-11101
-10294
-9454
-8582
-7680
-6753
-5806
-4837
-3851
-2853
-1847
-834
183
1200
2211
3216
4211
5192
6154
7099
8018
8913
9775
10607
11404
12164
12880
13556
14190
14774
15307
15794
16225
16603
16928
17195
17406
17559
17652
17689
17667
17586
17446
17249
16993
16683
16317
15895
15422
14897
14323
13702
13033
12324
11573
10781
9955
9098
8207
7291
6349
5387
4407
3411
2404
1390
371
-650
-1670
-2682
-3687
-4680
-5658
-6616
-7554
-8465
-9350
-10202
-11021
-11805
-12550
-13252
-13910
-14525
-15088
-15602
-16066
-16475
-16830
-17130
-17372
-17559
-17685
-17753
-17763
-17713
-17604
-17439
-17214
-16932
-16594
-16202
-15755
-15257
-14706
-14108
-13463
-12771
-12040
-11268
-10456
-9612
-8736
-7829
-6896
-5941
-4967
-3975
-2970
-1955
-935
91
1116
2138
3150
4154
5145
6120
7072
8002
8906
9780
10621
11428
12197
12926
13610
14252
14846
15390
15883
16323
16711
17043
17318
17534
17694
17795
17837
17820
17742
17607
17414
17161
16852
16490
16069
15596
15072
14498
13875
13207
12494
11739
10947
10117
9253
8358
7437
6490
5521
4534
3533
2518
1495
467
-561
-1590
-2613
-3627
-4628
-5615
-6585
-7531
-8453
-9348
-10211
-11040
-11833
-12588
-13300
-13968
-14591
-15164
-15688
-16159
-16577
-16940
-17249
-17498
-17690
-17825
-17897
-17912
-17868
-17764
-17601
-17382
-17101
-16767
-16375
-15930
-15431
-14882
-14282
-13636
-12944
-12209
-11433
-10620
-9770
-8890
-7978
-7041
-6080
-5098
-4098
-3088
-2065
-1034
0
1030
2061
3085
4098
5098
6082
7045
7985
8898
9782
10634
11452
12229
12968
13663
14314
14917
15470
15972
16422
16817
17155
17439
17663
17830
17936
17983
17971
17900
17768
17579
17331
17024
16662
16244
15773
15248
14674
14048
13380
12665
11908
11111
10279
9411
8511
7584
6632
5656
4663
3653
2633
1602
565
-473
-1508
-2541
-3565
-4577
-5572
-6551
-7508
-8440
-9344
-10217
-11058
-11861
-12624
-13347
-14025
-14656
-15240
-15772
-16253
-16680
-17050
-17365
-17623
-17822
-17961
-18043
-18062
-18023
-17924
-17765
-17547
-17272
-16938
-16550
-16104
-15606
-15057
-14457
-13809
-13116
-12379
-11600
-10784
-9931
-9045
-8130
-7185
-6219
-5232
-4226
-3206
-2177
-1139
-96
946
1984
3017
4040
5050
6041
7015
7965
8890
9782
10645
11473
12261
13008
13715
14374
14987
15550
16060
16519
16922
17268
17559
17791
17963
18077
18130
18122
18057
17929
17743
17498
17194
16834
16419
15947
15423
14850
14225
13552
12837
12078
11277
10442
9568
8666
7733
6774
5793
4794
3777
2748
1709
666
-381
-1427
-2468
-3500
-4522
-5528
-6517
-7483
-8425
-9341
-10223
-11072
-11887
-12660
-13391
-14080
-14721
-15313
-15854
-16343
-16780
-17159
-17481
-17747
-17952
-18098
-18185
-18211
-18177
-18083
-17927
-17713
-17442
-17109
-16723
-16281
-15783
-15233
-14634
-13984
-13289
-12549
-11769
-10949
-10092
-9201
-8282
-7333
-6359
-5364
-4354
-3326
-2289
-1243
-194
858
1906
2948
3979
4998
6002
6985
7944
8878
9783
10655
11490
12291
13048
13765
14434
15054
15627
16148
16613
17026
17381
17678
17917
18097
18216
18277
18274
18212
18091
17907
17665
17366
17007
16592
16124
15599
15025
14401
13727
13008
12247
11445
10605
9728
8819
7884
6918
5931
4924
3902
2865
1818
766
-287
-1342
-2392
-3435
-4465
-5481
-6480
-7457
-8408
-9333
-10227
-11087
-11910
-12694
-13436
-14134
-14785
-15385
-15937
-16435
-16877
-17267
-17596
-17869
-18083
-18235
-18328
-18360
-18330
-18241
-18092
-17879
-17610
-17283
-16896
-16454
-15959
-15409
-14809
-14159
-13463
-12722
-11938
-11113
-10254
-9360
-8432
-7479
-6502
-5501
-4482
-3447
-2403
-1349
-290
769
1825
2876
3918
4946
5958
6952
7922
8865
9780
10663
11509
12318
13087
13811
14492
15122
15703
16233
16708
17127
17492
17797
18043
18231
18356
18421
18426
18367
18251
18073
17834
17537
17180
16768
16300
15777
15202
14576
13902
13182
12419
11612
10767
9889
8976
8033
7064
6072
5058
4027
2983
1931
870
-195
-1258
-2315
-3367
-4408
-5434
-6441
-7428
-8391
-9326
-10229
-11099
-11933
-12728
-13478
-14185
-14847
-15458
-16017
-16525
-16976
-17373
-17712
-17991
-18211
-18371
-18469
-18507
-18484
-18399
-18253
-18047
-17779
-17455
-17072
-16630
-16135
-15586
-14986
-14335
-13637
-12894
-12109
-11280
-10417
-9519
-8588
-7629
-6644
-5638
-4612
-3571
-2518
-1457
-390
678
1744
2803
3854
4893
5915
6917
7899
8852
9777
10670
11526
12345
13125
13858
14547
15189
15779
16317
16803
17229
17601
17915
18168
18362
18495
18566
18576
18524
18410
18237
18002
17706
17353
16943
16475
15954
15378
14753
14077
13355
12589
11782
10934
10050
9134
8185
7210
6211
5192
4155
3103
2041
975
-97
-1169
-2239
-3298
-4347
-5384
-6402
-7397
-8371
-9316
-10230
-11110
-11954
-12757
-13520
-14236
-14907
-15528
-16096
-16612
-17074
-17478
-17826
-18112
-18340
-18506
-18612
-18654
-18637
-18556
-18414
-18213
-17948
-17625
-17246
-16807
-16312
-15764
-15162
-14513
-13813
-13066
-12278
-11449
-10581
-9679
-8742
-7779
-6789
-5776
-4743
-3696
-2635
-1565
-491
584
1660
2730
3791
4837
5869
6883
7873
8836
9771
10675
11541
12370
13159
13904
14601
15254
15853
16400
16893
17331
17710
18032
18293
18493
18633
18710
18725
18680
18570
18400
18170
17877
17527
17118
16652
16131
15556
14929
14255
13530
12761
11951
11101
10212
9291
8338
7359
6354
5327
4283
3226
2156
1079
0
-1080
-2158
-3228
-4288
-5332
-6361
-7368
-8351
-9304
-10228
-11120
-11974
-12786
-13559
-14286
-14966
-15596
-16175
-16700
-17170
-17582
-17936
-18233
-18467
-18640
-18753
-18801
-18789
-18715
-18577
-18377
-18118
-17798
-17420
-16983
-16490
-15942
-15341
-14688
-13989
-13242
-12450
-11617
-10746
-9840
-8900
-7929
-6935
-5915
-4876
-3821
-2755
-1677
-594
492
1573
2652
3723
4781
5822
6845
7845
8820
9764
10677
11555
12396
13192
13948
14656
15316
15926
16482
16985
17432
17818
18147
18417
18624
18770
18856
18875
18834
18731
18565
18337
18049
17700
17294
16829
16308
15735
15107
14430
13705
12935
12122
11267
10376
9451
8493
7507
6496
5465
4414
3347
2273
1188
98
-991
-2075
-3155
-4224
-5280
-6316
-7334
-8327
-9292
-10225
-11127
-11991
-12815
-13597
-14334
-15024
-15664
-16252
-16786
-17264
-17686
-18048
-18352
-18594
-18774
-18892
-18948
-18940
-18871
-18738
-18543
-18288
-17970
-17594
-17159
-16667
-16119
-15520
-14866
-14164
-13416
-12623
-11786
-10913
-10000
-9058
-8083
-7081
-6056
-5011
-3949
-2873
-1788
-698
395
1488
2576
3654
4722
5774
6807
7816
8800
9757
10680
11567
12418
13226
13991
14709
15378
15998
16564
17074
17529
17926
18262
18539
18754
18906
18998
19024
18988
18890
18728
18504
18220
17873
17469
17007
16486
15912
15287
14607
13881
13108
12293
11437
10540
9611
8650
7658
6640
5602
4546
3473
2388
1295
200
-899
-1994
-3082
-4160
-5224
-6273
-7300
-8302
-9277
-10222
-11134
-12006
-12842
-13634
-14381
-15081
-15730
-16327
-16871
-17357
-17788
-18159
-18470
-18719
-18906
-19032
-19095
-19092
-19027
-18900
-18709
-18456
-18143
-17768
-17336
-16845
-16298
-15697
-15045
-14341
-13591
-12795
-11958
-11080
-10165
-9214
-8237
-7229
-6198
-5146
-4079
-2996
-1902
-803
297
1399
2497
3585
4661
5723
6766
7787
8779
9746
10680
11578
12437
13257
14030
14761
15439
16067
16643
17163
17625
18032
18376
18661
18884
19043
19139
19174
19142
19049
18892
18671
18389
18048
17644
17183
16665
16091
15465
14786
14057
13283
12466
11604
10707
9772
8805
7809
6788
5742
4678
3597
2507
1406
301
-806
-1909
-3007
-4094
-5167
-6225
-7263
-8276
-9260
-10216
-11138
-12022
-12867
-13669
-14426
-15136
-15795
-16401
-16955
-17451
-17888
-18269
-18588
-18845
-19040
-19171
-19239
-19244
-19183
-19061
-18874
-18625
-18316
-17943
-17512
-17023
-16478
-15876
-15223
-14519
-13768
-12970
-12128
-11246
-10329
-9376
-8391
-7378
-6343
-5284
-4208
-3117
-2019
-911
201
1310
2415
3513
4600
5671
6722
7754
8759
9735
10678
11586
12457
13286
14070
14808
15500
16137
16721
17252
17722
18136
18490
18782
19012
19178
19281
19321
19297
19207
19056
18840
18560
18221
17821
17360
16843
16271
15643
14965
14235
13460
12639
11774
10872
9937
8963
7962
6933
5883
4813
3726
2625
1519
405
-710
-1823
-2929
-4027
-5110
-6178
-7224
-8248
-9244
-10209
-11141
-12035
-12891
-13704
-14470
-15189
-15859
-16475
-17037
-17543
-17989
-18377
-18705
-18969
-19171
-19310
-19383
-19394
-19340
-19221
-19041
-18795
-18486
-18118
-17689
-17200
-16657
-16056
-15403
-14698
-13944
-13143
-12301
-11416
-10493
-9537
-8547
-7529
-6486
-5422
-4339
-3243
-2133
-1020
99
1218
2334
3439
4536
5617
6680
7719
8734
9721
10676
11594
12474
13313
14110
14856
15556
16205
16799
17337
17819
18240
18603
18902
19138
19314
19422
19467
19450
19366
19217
19007
18731
18393
17997
17539
17023
16450
15822
15143
14414
13635
12812
11948
11041
10098
9122
8117
7083
6025
4947
3855
2748
1631
510
-612
-1735
-2851
-3958
-5050
-6128
-7185
-8219
-9224
-10200
-11143
-12047
-12912
-13736
-14514
-15241
-15921
-16547
-17118
-17632
-18089
-18484
-18821
-19092
-19301
-19448
-19528
-19544
-19496
-19381
-19204
-18964
-18658
-18293
-17866
-17379
-16836
-16237
-15581
-14877
-14122
-13319
-12473
-11586
-10660
-9698
-8703
-7681
-6632
-5562
-4471
-3368
-2253
-1129
0
1124
2249
3365
4471
5561
6633
7685
8710
9706
10670
11600
12492
13339
14145
14904
15614
16271
16874
17422
17913
18343
18712
19022
19266
19446
19564
19615
19602
19524
19380
19173
18902
18568
18172
17717
17202
16630
16004
15322
14592
13812
12987
12118
11211
10263
9283
8270
7233
6169
5086
3984
2871
1747
617
-515
-1644
-2770
-3887
-4991
-6077
-7143
-8187
-9204
-10190
-11142
-12058
-12934
-13766
-14554
-15293
-15982
-16617
-17198
-17722
-18188
-18591
-18934
-19216
-19432
-19584
-19672
-19693
-19650
-19543
-19369
-19131
-18832
-18467
-18044
-17559
-17015
-16417
-15763
-15055
-14299
-13497
-12647
-11756
-10826
-9862
-8863
-7834
-6779
-5703
-4607
-3495
-2373
-1242
-105
1031
2162
3289
4404
5505
6586
7648
8682
9690
10664
11604
12505
13365
14180
14950
15668
16336
16950
17506
18005
18445
18823
19139
19391
19580
19703
19761
19753
19681
19543
19339
19072
18741
18349
17895
17381
16810
16185
15503
14771
13991
13163
12290
11380
10428
9444
8427
7383
6313
5224
4116
2994
1862
726
-415
-1554
-2689
-3815
-4927
-6024
-7102
-8155
-9181
-10179
-11141
-12065
-12954
-13795
-14594
-15342
-16041
-16686
-17277
-17810
-18284
-18697
-19048
-19338
-19561
-19720
-19816
-19843
-19805
-19703
-19534
-19300
-19004
-18642
-18221
-17738
-17195
-16596
-15945
-15236
-14479
-13673
-12822
-11928
-10994
-10025
-9022
-7989
-6928
-5845
-4744
-3624
-2493
-1353
-211
935
2076
3212
4335
5445
6538
7610
8654
9672
10658
11607
12517
13389
14214
14994
15723
16399
17023
17590
18097
18546
18932
19257
19517
19712
19842
19908
19905
19837
19704
19505
19242
18915
18524
18073
17563
16991
16364
15685
14951
14169
13339
12465
11550
10595
9605
8586
7535
6459
5362
4250
3120
1981
834
-313
-1462
-2605
-3741
-4862
-5969
-7057
-8122
-9156
-10164
-11138
-12073
-12970
-13823
-14631
-15391
-16099
-16754
-17354
-17896
-18378
-18802
-19161
-19458
-19690
-19856
-19956
-19992
-19959
-19862
-19699
-19468
-19175
-18819
-18397
-17916
-17377
-16778
-16124
-15417
-14658
-13851
-12998
-12100
-11165
-10191
-9181
-8144
-7079
-5989
-4879
-3753
-2616
-1469
-316
837
1987
3131
4266
5384
6487
7568
8625
9651
10647
11608
12530
13410
14247
15036
15776
16462
17094
17671
18188
18644
19041
19374
19640
19845
19981
20052
20058
19994
19867
19671
19411
19089
18701
18251
17741
17173
16547
15865
15131
14348
13516
12639
11720
10763
9769
8743
7688
6608
5505
4383
3246
2101
947
-212
-1368
-2520
-3664
-4798
-5914
-7009
-8085
-9132
-10150
-11132
-12079
-12986
-13851
-14667
-15437
-16157
-16822
-17429
-17983
-18474
-18905
-19274
-19578
-19818
-19991
-20098
-20140
-20114
-20021
-19863
-19637
-19346
-18993
-18576
-18096
-17557
-16960
-16307
-15598
-14838
-14030
-13175
-12274
-11333
-10358
-9344
-8300
-7229
-6134
-5019
-3885
-2739
-1585
-425
738
1898
3050
4193
5324
6436
7526
8593
9631
10637
11608
12539
13431
14280
15075
15825
16524
17166
17751
18279
18744
19148
19489
19764
19975
20120
20196
20207
20151
20027
19839
19583
19261
18876
18430
17921
17354
16728
16048
15313
14527
13693
12816
11893
10932
9936
8904
7843
6756
5647
4520
3376
2221
1060
-106
-1272
-2435
-3586
-4728
-5856
-6963
-8046
-9104
-10132
-11126
-12082
-13000
-13875
-14704
-15482
-16212
-16887
-17506
-18067
-18568
-19007
-19385
-19696
-19943
-20126
-20240
-20286
-20268
-20179
-20025
-19806
-19518
-19167
-18753
-18276
-17738
-17142
-16487
-15781
-15021
-14209
-13351
-12450
-11505
-10524
-9506
-8458
-7382
-6280
-5157
-4019
-2865
-1702
-533
635
1804
2968
4121
5259
6381
7483
8560
9607
10624
11606
12547
13450
14307
15117
15875
16583
17235
17831
18366
18841
19254
19604
19887
20105
20257
20341
20358
20307
20188
20003
19753
19434
19054
18610
18102
17536
16911
16229
15495
14708
13872
12991
12067
11101
10100
9063
7999
6906
5791
4655
3507
2344
1173
0
-1174
-2345
-3509
-4660
-5795
-6912
-8007
-9076
-10113
-11117
-12085
-13013
-13897
-14737
-15528
-16266
-16951
-17579
-18149
-18661
-19109
-19493
-19816
-20070
-20258
-20381
-20433
-20419
-20338
-20188
-19972
-19690
-19342
-18930
-18456
-17920
-17325
-16671
-15962
-15202
-14389
-13528
-12624
-11678
-10693
-9671
-8617
-7536
-6428
-5299
-4152
-2994
-1822
-645
534
1710
2882
4046
5195
6326
7437
8524
9583
10609
11601
12555
13468
14333
15155
15924
16641
17304
17908
18453
18939
19359
19716
20010
20234
20394
20485
20506
20462
20351
20168
19921
19609
19230
18788
18283
17717
17093
16412
15676
14889
14052
13168
12240
11271
10267
9226
8156
7057
5936
4795
3636
2469
1290
107
-1076
-2255
-3427
-4589
-5735
-6861
-7966
-9044
-10093
-11107
-12086
-13025
-13920
-14769
-15569
-16319
-17014
-17652
-18232
-18751
-19209
-19603
-19932
-20195
-20391
-20519
-20580
-20571
-20496
-20352
-20140
-19862
-19517
-19109
-18635
-18101
-17506
-16855
-16145
-15382
-14569
-13709
-12800
-11851
-10860
-9836
-8778
-7689
-6576
-5442
-4289
-3120
-1942
-759
430
1616
2798
3969
5127
6270
7392
8487
9556
10595
11597
12560
13485
14361
15192
15972
16698
17370
17985
18539
19033
19464
19829
20130
20364
20528
20628
20655
20617
20510
20335
20091
19782
19405
18967
18465
17899
17276
16597
15859
15070
14232
13347
12416
11444
10434
9391
8315
7209
6082
4935
3770
2592
1406
217
-976
-2164
-3346
-4516
-5671
-6809
-7924
-9011
-10071
-11097
-12086
-13033
-13941
-14799
-15611
-16370
-17075
-17723
-18314
-18841
-19309
-19711
-20048
-20319
-20522
-20657
-20726
-20723
-20653
-20514
-20306
-20032
-19692
-19285
-18815
-18284
-17689
-17037
-16329
-15565
-14751
-13887
-12978
-12025
-11031
-10001
-8939
-7846
-6726
-5585
-4426
-3251
-2064
-871
323
1519
2709
3891
5059
6210
7342
8450
9527
10576
11590
12564
13497
14386
15226
16018
16754
17435
18061
18624
19126
19567
19941
20249
20491
20663
20769
20806
20771
20669
20500
20260
19954
19584
19145
18644
18083
17460
16780
16043
15254
14413
13524
12591
11617
10603
9553
8472
7365
6230
5076
3903
2720
1526
326
-874
-2070
-3262
-4442
-5607
-6754
-7879
-8978
-10046
-11083
-12083
-13042
-13959
-14829
-15650
-16420
-17134
-17793
-18393
-18931
-19405
-19819
-20163
-20442
-20655
-20796
-20870
-20876
-20810
-20676
-20474
-20204
-19867
-19463
-18996
-18465
-17873
-17221
-16513
-15749
-14934
-14068
-13155
-12199
-11204
-10170
-9101
-8002
-6879
-5731
-4564
-3380
-2189
-988
218
1422
2619
3811
4989
6151
7291
8410
9499
10559
11581
12566
13510
14410
15260
16061
16810
17501
18133
18709
19220
19669
20052
20369
20618
20799
20910
20952
20926
20829
20663
20430
20127
19759
19325
18826
18266
17644
16964
16228
15436
14595
13706
12768
11789
10774
9719
8634
7518
6379
5219
4040
2847
1647
439
-769
-1977
-3175
-4365
-5541
-6699
-7833
-8943
-10022
-11069
-12079
-13049
-13976
-14858
-15688
-16468
-17194
-17861
-18470
-19019
-19503
-19924
-20279
-20565
-20784
-20934
-21014
-21026
-20967
-20838
-20642
-20376
-20041
-19641
-19176
-18646
-18058
-17405
-16697
-15933
-15115
-14248
-13335
-12375
-11375
-10336
-9265
-8161
-7031
-5878
-4704
-3515
-2312
-1105
108
1320
2530
3728
4916
6089
7240
8368
9467
10537
11571
12567
13520
14431
15294
16102
16861
17565
18207
18791
19313
19769
20162
20487
20743
20932
21051
21100
21080
20988
20828
20600
20300
19934
19505
19007
18448
17828
17147
16411
15621
14777
13885
12948
11965
10944
9885
8796
7675
6529
5361
4177
2978
1768
552
-664
-1880
-3090
-4290
-5472
-6640
-7786
-8907
-9995
-11053
-12074
-13055
-13992
-14884
-15726
-16514
-17251
-17929
-18548
-19105
-19600
-20028
-20392
-20686
-20912
-21072
-21159
-21175
-21124
-20999
-20807
-20547
-20215
-19819
-19357
-18830
-18240
-17592
-16881
-16118
-15300
-14430
-13514
-12553
-11548
-10507
-9429
-8322
-7185
-6025
-4844
-3649
-2440
-1223
0
1218
2436
3646
4844
6024
7186
8325
9435
10514
11559
12566
13531
14450
15323
16145
16913
17625
18279
18871
19403
19869
20270
20605
20869
21065
21191
21246
21232
21148
20991
20767
20474
20112
19683
19189
18632
18013
17334
16595
15806
14961
14065
13125
12142
11116
10054
8957
7834
6681
5508
4315
3110
1892
668
-558
-1781
-3000
-4209
-5405
-6581
-7736
-8867
-9967
-11034
-12066
-13058
-14007
-14907
-15762
-16562
-17307
-17995
-18623
-19191
-19695
-20132
-20503
-20809
-21042
-21207
-21303
-21325
-21279
-21163
-20973
-20716
-20391
-19997
-19538
-19012
-18423
-17776
-17067
-16302
-15483
-14613
-13694
-12730
-11722
-10678
-9596
-8482
-7340
-6175
-4988
-3784
-2567
-1344
-114
1116
2341
3561
4768
5960
7131
8279
9401
10491
11545
12563
13539
14470
15351
16185
16963
17686
18350
18952
19492
19969
20377
20719
20993
21196
21330
21393
21384
21305
21156
20934
20647
20287
19863
19372
18815
18196
17520
16782
15989
15144
14249
13304
12318
11287
10223
9123
7991
6834
5654
4455
3241
2016
785
-449
-1683
-2911
-4128
-5334
-6520
-7687
-8826
-9937
-11016
-12058
-13058
-14020
-14931
-15796
-16605
-17360
-18060
-18699
-19274
-19788
-20236
-20615
-20927
-21170
-21342
-21444
-21474
-21433
-21323
-21140
-20887
-20566
-20174
-19718
-19196
-18609
-17960
-17255
-16488
-15668
-14795
-13876
-12908
-11898
-10848
-9763
-8646
-7496
-6325
-5132
-3921
-2698
-1464
-229
1012
2247
3475
4691
5892
7075
8234
9364
10464
11531
12559
13544
14487
15380
16223
17012
17744
18418
19032
19580
20066
20484
20835
21116
21328
21468
21539
21536
21462
21319
21103
20818
20464
20041
19553
19000
18381
17705
16968
16175
15328
14431
13486
12495
11463
10391
9288
8152
6988
5802
4597
3376
2143
903
-338
-1581
-2818
-4047
-5260
-6457
-7634
-8785
-9905
-10994
-12047
-13059
-14029
-14953
-15826
-16649
-17414
-18122
-18772
-19358
-19880
-20337
-20726
-21047
-21298
-21476
-21586
-21624
-21588
-21482
-21307
-21057
-20739
-20354
-19898
-19378
-18794
-18146
-17440
-16674
-15853
-14981
-14057
-13086
-12075
-11021
-9930
-8807
-7655
-6477
-5277
-4059
-2829
-1588
-342
906
2149
3387
4613
5825
7015
8184
9327
10437
11514
12553
13550
14502
15406
16260
17060
17802
18486
19110
19668
20161
20590
20949
21238
21459
21606
21682
21688
21620
21481
21271
20990
20641
20221
19735
19183
18569
17891
17154
16360
15514
14615
13666
12672
11638
10563
9453
8313
7144
5951
4739
3510
2272
1023
-229
-1480
-2724
-3962
-5187
-6393
-7578
-8740
-9873
-10972
-12035
-13058
-14038
-14974
-15856
-16689
-17467
-18185
-18843
-19440
-19971
-20437
-20836
-21164
-21423
-21612
-21726
-21770
-21743
-21643
-21471
-21228
-20912
-20532
-20080
-19561
-18979
-18334
-17626
-16861
-16040
-15166
-14242
-13267
-12250
-11196
-10100
-8972
-7814
-6630
-5424
-4200
-2960
-1714
-459
797
2051
3296
4533
5754
6956
8135
9288
10410
11496
12545
13553
14517
15433
16294
17104
17858
18553
19184
19755
20257
20694
21063
21361
21588
21744
21827
21839
21777
21644
21439
21163
20815
20400
19917
19367
18755
18078
17342
16549
15699
14797
13849
12852
11813
10734
9622
8474
7300
6104
4883
3648
2399
1146
-114
-1374
-2630
-3875
-5109
-6328
-7524
-8693
-9837
-10948
-12022
-13055
-14046
-14992
-15887
-16728
-17517
-18247
-18914
-19520
-20062
-20537
-20944
-21282
-21548
-21744
-21868
-21918
-21898
-21802
-21636
-21399
-21088
-20707
-20261
-19745
-19163
-18520
-17813
-17049
-16227
-15350
-14424
-13450
-12430
-11369
-10269
-9139
-7974
-6784
-5572
-4341
-3095
-1839
-576
687
1950
3207
4452
5681
6893
8084
9247
10378
11476
12537
13555
14529
15455
16329
17148
17913
18617
19260
19839
20352
20798
21175
21481
21716
21881
21970
21988
21934
21806
21606
21336
20991
20580
20100
19552
18940
18266
17529
16736
15886
14983
14030
13033
11989
10909
9789
8639
7459
6254
5028
3787
2532
1267
0
-1268
-2533
-3789
-5033
-6258
-7465
-8648
-9801
-10922
-12005
-13051
-14054
-15008
-15914
-16768
-17567
-18306
-18984
-19600
-20151
-20635
-21051
-21399
-21673
-21876
-22008
-22065
-22050
-21962
-21800
-21567
-21261
-20886
-20441
-19928
-19350
-18707
-18002
-17235
-16414
-15538
-14608
-13630
-12609
-11545
-10442
-9304
-8137
-6940
-5721
-4483
-3232
-1968
-697
577
1846
3112
4368
5610
6830
8030
9203
10347
11455
12525
13555
14540
15475
16362
17192
17967
18681
19334
19922
20447
20900
21285
21603
21845
22015
22115
22138
22090
21969
21773
21506
21167
20759
20282
19737
19125
18453
17717
16922
16072
15169
14215
13214
12167
11083
9959
8803
7617
6408
5176
3925
2663
1393
115
-1162
-2433
-3699
-4953
-6190
-7405
-8599
-9762
-10895
-11988
-13045
-14058
-15025
-15940
-16805
-17612
-18363
-19053
-19677
-20238
-20733
-21157
-21512
-21796
-22007
-22146
-22211
-22201
-22121
-21964
-21735
-21435
-21063
-20622
-20113
-19535
-18892
-18190
-17424
-16600
-15724
-14794
-13813
-12789
-11720
-10615
-9472
-8298
-7097
-5872
-4627
-3367
-2095
-818
464
1744
3019
4283
5534
6765
7976
9159
10312
11433
12514
13553
14550
15497
16393
17234
18018
18743
19407
20004
20537
21002
21396
21720
21972
22151
22257
22287
22245
22131
21940
21677
21345
20938
20464
19922
19313
18639
17907
17110
16261
15355
14400
13396
12347
11257
10131
8970
7778
6562
5325
4068
2798
1517
235
-1052
-2335
-3609
-4871
-6119
-7346
-8549
-9721
-10864
-11972
-13038
-14060
-15040
-15965
-16840
-17659
-18419
-19119
-19756
-20325
-20829
-21263
-21627
-21919
-22138
-22284
-22358
-22354
-22277
-22129
-21905
-21609
-21242
-20802
-20295
-19722
-19080
-18377
-17612
-16790
-15911
-14980
-13998
-12971
-11899
-10787
-9643
-8462
-7255
-6024
-4774
-3507
-2227
-940
348
1638
2922
4197
5456
6698
7919
9114
10275
11407
12500
13551
14556
15515
16421
17275
18069
18804
19477
20086
20628
21103
21505
21838
22099
22285
22398
22438
22401
22290
22108
21849
21519
21119
20647
20106
19501
18828
18095
17300
16448
15543
14584
13577
12527
11434
10301
9137
7941
6718
5473
4209
2933
1645
352
-943
-2233
-3517
-4790
-6047
-7282
-8495
-9682
-10832
-11950
-13028
-14062
-15050
-15989
-16874
-17704
-18474
-19184
-19832
-20411
-20922
-21368
-21739
-22040
-22269
-22422
-22500
-22507
-22436
-22292
-22074
-21782
-21420
-20984
-20479
-19907
-19269
-18566
-17802
-16978
-16099
-15167
-14182
-13151
-12078
-10963
-9811
-8627
-7415
-6178
-4920
-3644
-2360
-1065
235
1532
2823
4107
5378
6631
7860
9066
10240
11382
12484
13545
14563
15533
16448
17312
18119
18865
19547
20167
20717
21201
21615
21955
22223
22420
22538
22584
22555
22450
22273
22021
21693
21298
20830
20291
19687
19017
18284
17490
16637
15731
14773
13762
12707
11612
10475
9305
8104
6876
5624
4354
3068
1775
474
-829
-2130
-3422
-4705
-5972
-7219
-8441
-9638
-10801
-11930
-13017
-14062
-15061
-16012
-16906
-17747
-18530
-19248
-19904
-20496
-21017
-21470
-21853
-22161
-22398
-22559
-22645
-22658
-22593
-22454
-22243
-21955
-21595
-21165
-20663
-20093
-19457
-18755
-17992
-17169
-16287
-15352
-14369
-13334
-12256
-11138
-9983
-8793
-7575
-6334
-5069
-3787
-2492
-1191
116
1423
2726
4017
5297
6561
7801
9015
10200
11353
12468
13539
14567
15548
16477
17348
18166
18923
19617
20244
20806
21299
21722
22071
22347
22551
22679
22730
22710
22611
22438
22192
21870
21476
21012
20476
19874
19206
18472
17680
16829
15918
14957
13948
12889
11789
10649
9475
8268
7033
5776
4500
3208
1904
594
-715
-2025
-3328
-4620
-5894
-7152
-8388
-9594
-10766
-11905
-13005
-14062
-15070
-16032
-16939
-17788
-18581
-19311
-19977
-20578
-21110
-21572
-21963
-22280
-22524
-22695
-22789
-22807
-22751
-22618
-22410
-22130
-21773
-21346
-20848
-20280
-19645
-18946
-18181
-17358
-16477
-15542
-14553
-13518
-12437
-11315
-10155
-8961
-7738
-6488
-5217
-3930
-2628
-1316
0
1312
2624
3926
5216
6487
7739
8965
10162
11323
12448
13531
14571
15560
16501
17385
18213
18980
19683
20322
20895
21395
21826
22187
22471
22682
22819
22878
22863
22771
22603
22362
22045
21655
21194
20662
20062
19395
18664
17869
17018
16108
15145
14131
13073
11969
10825
9645
8434
7194
5930
4645
3348
2038
720
-601
-1917
-3230
-4532
-5819
-7085
-8329
-9546
-10731
-11880
-12990
-14058
-15079
-16049
-16968
-17829
-18631
-19374
-20049
-20659
-21203
-21674
-22073
-22401
-22653
-22830
-22933
-22956
-22907
-22781
-22578
-22301
-21950
-21526
-21032
-20466
-19833
-19135
-18372
-17548
-16667
-15730
-14741
-13703
-12618
-11493
-10329
-9130
-7901
-6646
-5369
-4073
-2764
-1447
-122
1202
2520
3832
5132
6415
7674
8912
10119
11292
12427
13521
14572
15574
16524
17420
18257
19036
19750
20399
20979
21492
21931
22300
22594
22813
22956
23024
23014
22931
22768
22530
22219
21834
21377
20848
20249
19584
18855
18061
17207
16299
15334
14317
13257
12148
11001
9817
8600
7354
6086
4795
3488
2169
845
-484
-1810
-3132
-4442
-5739
-7016
-8272
-9497
-10693
-11854
-12976
-14051
-15086
-16066
-16996
-17868
-18681
-19432
-20121
-20740
-21292
-21774
-22182
-22518
-22779
-22963
-23074
-23106
-23062
-22943
-22745
-22473
-22128
-21707
-21216
-20654
-20022
-19325
-18565
-17739
-16857
-15919
-14930
-13888
-12800
-11672
-10504
-9301
-8066
-6804
-5522
-4219
-2902
-1575
-246
1088
2418
3739
5047
6340
7612
8859
10074
11258
12406
13512
14571
15585
16546
17453
18302
19089
19814
20474
21064
21586
22036
22414
22715
22943
23094
23171
23167
23088
22934
22700
22394
22013
21558
21033
20438
19773
19044
18252
17399
16488
15523
14506
13441
12329
11178
9991
8768
7516
6240
4945
3631
2305
971
-364
-1700
-3032
-4352
-5657
-6945
-8210
-9448
-10653
-11825
-12958
-14046
-15088
-16082
-17022
-17906
-18729
-19491
-20189
-20819
-21381
-21873
-22290
-22635
-22906
-23098
-23214
-23255
-23217
-23104
-22914
-22646
-22304
-21890
-21400
-20839
-20212
-19515
-18755
-17931
-17049
-16110
-15117
-14072
-12986
-11852
-10679
-9471
-8232
-6965
-5675
-4364
-3043
-1708
-368
975
2310
3642
4961
6264
7543
8801
10030
11222
12381
13499
14570
15593
16567
17484
18344
19141
19877
20548
21149
21678
22140
22525
22836
23073
23231
23314
23320
23245
23097
22872
22568
22192
21741
21218
20626
19964
19236
18444
17591
16680
15713
14693
13624
12512
11357
10164
8936
7681
6398
5096
3774
2443
1100
-246
-1590
-2929
-4259
-5576
-6874
-8147
-9397
-10613
-11796
-12938
-14038
-15092
-16097
-17046
-17940
-18778
-19550
-20256
-20899
-21469
-21969
-22398
-22751
-23029
-23231
-23355
-23403
-23374
-23264
-23080
-22819
-22480
-22070
-21584
-21026
-20400
-19706
-18946
-18124
-17240
-16302
-15308
-14261
-13168
-12034
-10856
-9644
-8399
-7127
-5831
-4514
-3182
-1841
-494
857
2205
3543
4871
6184
7477
8742
9982
11188
12357
13484
14566
15601
16587
17513
18383
19194
19939
20619
21231
21771
22241
22637
22956
23202
23369
23458
23470
23405
23260
23041
22743
22370
21924
21405
20813
20154
19426
18636
17784
16870
15902
14883
13811
12695
11535
10340
9107
7845
6559
5248
3920
2578
1231
-123
-1477
-2826
-4164
-5490
-6799
-8084
-9342
-10570
-11763
-12918
-14028
-15093
-16108
-17072
-17975
-18822
-19606
-20323
-20974
-21556
-22066
-22504
-22867
-23152
-23363
-23495
-23549
-23527
-23425
-23246
-22991
-22657
-22249
-21768
-21213
-20590
-19897
-19137
-18317
-17434
-16492
-15496
-14450
-13354
-12215
-11033
-9817
-8567
-7288
-5985
-4664
-3325
-1976
-619
738
2095
3445
4783
6104
7406
8684
9935
11149
12329
13469
14562
15607
16602
17542
18423
19243
19999
20689
21312
21863
22341
22747
23075
23327
23504
23601
23620
23562
23424
23208
22919
22548
22106
21591
21002
20345
19621
18829
17976
17064
16093
15070
13999
12878
11718
10514
9279
8012
6717
5400
4068
2719
1361
0
-1361
-2720
-4070
-5405
-6722
-8018
-9288
-10527
-11730
-12895
-14018
-15094
-16118
-17092
-18009
-18866
-19659
-20389
-21049
-21643
-22161
-22607
-22981
-23275
-23494
-23635
-23696
-23680
-23586
-23412
-23161
-22833
-22430
-21952
-21402
-20778
-20089
-19332
-18509
-17627
-16685
-15687
-14637
-13541
-12398
-11214
-9990
-8737
-7453
-6143
-4814
-3471
-2112
-748
620
1983
3342
4690
6023
7334
8623
9883
11110
12299
13450
14555
15613
16616
17569
18460
19292
20059
20759
21392
21954
22440
22855
23195
23455
23639
23745
23769
23717
23588
23377
23091
22727
22288
21776
21190
20534
19812
19022
18168
17256
16287
15262
14187
13063
11899
10693
9451
8177
6881
5557
4214
2859
1495
124
-1248
-2614
-3972
-5317
-6645
-7950
-9230
-10480
-11696
-12870
-14004
-15092
-16129
-17111
-18040
-18907
-19713
-20452
-21124
-21726
-22256
-22711
-23093
-23398
-23624
-23772
-23843
-23832
-23745
-23578
-23332
-23009
-22610
-22137
-21590
-20968
-20279
-19526
-18702
-17819
-16877
-15880
-14827
-13728
-12580
-11394
-10168
-8907
-7617
-6303
-4967
-3613
-2249
-878
498
1872
3241
4596
5939
7261
8561
9830
11068
12270
13431
14546
15616
16632
17594
18497
19339
20117
20829
21469
22041
22541
22962
23311
23581
23771
23887
23920
23874
23750
23546
23264
22907
22470
21961
21381
20725
20003
19217
18362
17450
16478
15453
14376
13250
12080
10872
9627
8347
7041
5714
4365
3002
1628
252
-1129
-2506
-3873
-5227
-6566
-7883
-9174
-10432
-11658
-12846
-13991
-15087
-16137
-17131
-18071
-18949
-19764
-20514
-21198
-21808
-22349
-22815
-23205
-23518
-23753
-23910
-23988
-23985
-23903
-23743
-23502
-23185
-22791
-22319
-21775
-21161
-20471
-19717
-18896
-18014
-17072
-16071
-15017
-13916
-12766
-11573
-10345
-9080
-7783
-6462
-5121
-3762
-2389
-1008
374
1758
3135
4503
5854
7186
8495
9778
11024
12238
13410
14537
15616
16644
17616
18532
19383
20172
20896
21548
22128
22638
23070
23427
23707
23906
24026
24070
24029
23912
23715
23437
23084
22655
22148
21567
20917
20196
19409
18557
17644
16672
15644
14563
13438
12264
11049
9800
8518
7206
5870
4515
3146
1765
378
-1012
-2394
-3772
-5137
-6486
-7811
-9112
-10384
-11620
-12817
-13974
-15083
-16142
-17148
-18098
-18989
-19814
-20575
-21269
-21892
-22440
-22917
-23316
-23638
-23883
-24046
-24132
-24139
-24061
-23908
-23674
-23361
-22970
-22504
-21963
-21350
-20664
-19911
-19092
-18207
-17266
-16265
-15209
-14103
-12953
-11756
-10522
-9251
-7952
-6625
-5276
-3908
-2531
-1142
252
1643
3028
4405
5768
7111
8428
9721
10980
12205
13387
14526
15616
16656
17638
18564
19429
20228
20959
21625
22215
22733
23177
23541
23829
24039
24166
24216
24186
24072
23882
23611
23260
22836
22334
21756
21109
20391
19604
18753
17839
16866
15838
14755
13624
12451
11231
9976
8688
7372
6031
4668
3290
1903
508
-889
-2285
-3669
-5044
-6402
-7740
-9050
-10333
-11580
-12789
-13956
-15076
-16147
-17166
-18124
-19026
-19865
-20636
-21339
-21972
-22531
-23017
-23427
-23756
-24010
-24184
-24275
-24288
-24221
-24071
-23844
-23536
-23150
-22689
-22151
-21539
-20858
-20105
-19286
-18404
-17459
-16457
-15402
-14293
-13138
-11939
-10702
-9426
-8120
-6787
-5433
-4059
-2671
-1276
124
1525
2922
4306
5677
7032
8362
9663
10934
12169
13363
14513
15613
16664
17660
18595
19471
20282
21025
21697
22301
22828
23281
23656
23952
24170
24307
24363
24340
24233
24048
23785
23439
23016
22520
21945
21299
20584
19798
18948
18035
17060
16030
14948
13813
12634
11412
10155
8861
7538
6189
4823
3438
2041
637
-765
-2170
-3567
-4951
-6317
-7665
-8988
-10280
-11537
-12757
-13937
-15068
-16149
-17179
-18151
-19063
-19911
-20693
-21408
-22050
-22621
-23116
-23535
-23875
-24136
-24319
-24419
-24439
-24379
-24235
-24012
-23713
-23330
-22872
-22338
-21730
-21050
-20300
-19481
-18600
-17655
-16652
-15593
-14485
-13325
-12124
-10880
-9602
-8291
-6952
-5590
-4211
-2815
-1411
0
1406
2811
4207
5589
6950
8292
9606
10887
12131
13336
14498
15611
16671
17678
18626
19513
20334
21088
21772
22385
22922
23384
23769
24074
24300
24447
24508
24492
24395
24215
23956
23617
23199
22705
22135
21490
20778
19994
19142
18231
17257
16224
15138
14005
12821
11596
10331
9035
7706
6353
4976
3587
2182
770
-644
-2053
-3460
-4854
-6233
-7589
-8922
-10225
-11495
-12725
-13914
-15058
-16152
-17190
-18175
-19098
-19957
-20751
-21475
-22129
-22710
-23213
-23642
-23993
-24262
-24453
-24563
-24588
-24534
-24400
-24183
-23886
-23510
-23056
-22526
-21920
-21241
-20494
-19677
-18794
-17850
-16847
-15788
-14676
-13514
-12309
-11062
-9778
-8461
-7119
-5750
-4361
-2960
-1549
-131
1287
2701
4104
5497
6871
8219
9544
10836
12093
13307
14481
15606
16679
17695
18655
19552
20386
21150
21844
22466
23015
23485
23881
24196
24430
24583
24656
24645
24554
24381
24127
23794
23380
22891
22325
21683
20970
20190
19340
18425
17452
16420
15331
14195
13007
11780
10512
9208
7875
6516
5134
3735
2322
905
-517
-1939
-3353
-4757
-6144
-7512
-8857
-10169
-11449
-12693
-13892
-15045
-16152
-17202
-18197
-19130
-20001
-20806
-21543
-22204
-22796
-23312
-23749
-24109
-24388
-24586
-24704
-24737
-24691
-24563
-24351
-24060
-23691
-23239
-22713
-22112
-21434
-20688
-19875
-18991
-18048
-17043
-15983
-14867
-13704
-12495
-11245
-9957
-8635
-7284
-5911
-4517
-3106
-1686
-262
1165
2588
4003
5402
6786
8148
9483
10784
12051
13280
14464
15597
16683
17711
18682
19591
20433
21209
21917
22547
23106
23588
23991
24315
24558
24721
24802
24797
24713
24547
24298
23970
23563
23075
22512
21877
21165
20385
19536
18623
17648
16614
15524
14386
13197
11964
10694
9385
8045
6679
5293
3886
2467
1039
-389
-1819
-3244
-4658
-6055
-7433
-8787
-10113
-11401
-12656
-13868
-15033
-16148
-17212
-18217
-19163
-20045
-20860
-21607
-22281
-22882
-23408
-23855
-24224
-24513
-24719
-24844
-24888
-24847
-24725
-24521
-24234
-23869
-23425
-22901
-22301
-21629
-20884
-20070
-19189
-18244
-17240
-16177
-15058
-13895
-12683
-11427
-10135
-8809
-7453
-6073
-4670
-3256
-1827
-394
1042
2473
3897
5309
6702
8072
9418
10732
12010
13248
14444
15590
16685
17726
18707
19628
20481
21268
21985
22629
23196
23689
24101
24434
24688
24857
24945
24952
24872
24713
24471
24147
23744
23261
22701
22068
21360
20581
19733
18820
17846
16812
15720
14576
13387
12151
10874
9561
8218
6846
5451
4038
2613
1178
-262
-1702
-3133
-4557
-5965
-7354
-8715
-10052
-11354
-12619
-13840
-15018
-16145
-17220
-18235
-19192
-20088
-20913
-21669
-22357
-22966
-23502
-23961
-24338
-24635
-24852
-24984
-25034
-25002
-24886
-24690
-24409
-24047
-23608
-23089
-22491
-21822
-21080
-20266
-19386
-18441
-17437
-16374
-15255
-14085
-12872
-11612
-10315
-8983
-7623
-6236
-4829
-3403
-1970
-527
917
2358
3790
5211
6615
7997
9351
10678
11967
13217
14422
15579
16687
17741
18730
19662
20529
21326
22052
22708
23285
23787
24211
24552
24814
24993
25088
25102
25030
24877
24642
24324
23924
23448
22892
22259
21555
20776
19931
19019
18042
17007
15917
14770
13576
12336
11057
9739
8390
7011
5612
4192
2758
1316
-131
-1579
-3023
-4453
-5870
-7271
-8645
-9989
-11303
-12579
-13813
-15001
-16139
-17226
-18255
-19220
-20127
-20965
-21731
-22428
-23050
-23596
-24064
-24451
-24756
-24983
-25123
-25181
-25158
-25048
-24856
-24584
-24226
-23789
-23276
-22683
-22015
-21275
-20462
-19585
-18641
-17633
-16569
-15450
-14279
-13059
-11796
-10497
-9161
-7793
-6399
-4987
-3556
-2112
-661
788
2240
3683
5113
6525
7918
9285
10621
11920
13181
14400
15569
16686
17750
18755
19696
20573
21382
22120
22784
23373
23885
24319
24670
24939
25129
25232
25251
25190
25041
24811
24501
24106
23633
23081
22452
21749
20975
20128
19217
18241
17204
16110
14965
13768
12525
11239
9920
8565
7180
5773
4348
2906
1455
0
-1456
-2908
-4350
-5778
-7185
-8571
-9929
-11252
-12538
-13783
-14984
-16134
-17229
-18270
-19250
-20165
-21014
-21793
-22499
-23134
-23687
-24165
-24564
-24878
-25111
-25262
-25328
-25310
-25210
-25023
-24755
-24405
-23973
-23463
-22875
-22208
-21471
-20662
-19782
-18840
-17833
-16767
-15644
-14472
-13251
-11985
-10678
-9339
-7965
-6566
-5144
-3709
-2258
-799
663
2119
3571
5013
6437
7838
9215
10562
11874
13145
14373
15555
16686
17759
18776
19728
20617
21437
22185
22861
23462
23981
24424
24787
25065
25261
25375
25401
25346
25207
24982
24676
24287
23818
23270
22645
21942
21171
20327
19414
18439
17403
16309
15159
13959
12715
11427
10099
8738
7352
5938
4504
3055
1597
133
-1332
-2794
-4244
-5681
-7101
-8494
-9863
-11198
-12496
-13752
-14963
-16125
-17234
-18284
-19276
-20202
-21063
-21853
-22569
-23212
-23780
-24265
-24674
-24998
-25241
-25399
-25474
-25463
-25370
-25191
-24928
-24583
-24157
-23650
-23066
-22403
-21667
-20861
-19981
-19038
-18032
-16965
-15841
-14667
-13440
-12173
-10862
-9515
-8138
-6734
-5307
-3860
-2402
-938
531
2000
3462
4910
6345
7757
9146
10501
11824
13108
14348
15540
16683
17768
18795
19759
20658
21489
22251
22935
23545
24078
24530
24902
25190
25394
25516
25550
25502
25370
25153
24850
24469
24002
23460
22838
22139
21368
20527
19615
18639
17601
16507
15355
14153
12904
11613
10282
8916
7521
6104
4662
3206
1739
268
-1206
-2676
-4137
-5584
-7012
-8419
-9797
-11142
-12452
-13720
-14942
-16114
-17236
-18297
-19300
-20238
-21109
-21910
-22640
-23292
-23869
-24367
-24783
-25118
-25368
-25535
-25620
-25616
-25528
-25357
-25100
-24761
-24340
-23836
-23255
-22598
-21863
-21057
-20181
-19238
-18231
-17163
-16038
-14861
-13633
-12359
-11048
-9695
-8312
-6901
-5469
-4017
-2551
-1076
399
1876
3348
4809
6251
7674
9072
10442
11772
13068
14320
15524
16675
17774
18812
19789
20699
21541
22313
23009
23629
24173
24634
25015
25314
25526
25655
25702
25658
25532
25322
25026
24649
24190
23648
23028
22335
21565
20724
19815
18840
17802
16704
15551
14348
13095
11798
10463
9095
7694
6269
4821
3359
1884
404
-1079
-2556
-4028
-5485
-6924
-8339
-9728
-11086
-12406
-13684
-14919
-16103
-17234
-18309
-19322
-20273
-21154
-21966
-22707
-23371
-23957
-24467
-24892
-25236
-25498
-25672
-25762
-25769
-25688
-25523
-25273
-24939
-24523
-24024
-23447
-22791
-22061
-21256
-20381
-19437
-18431
-17363
-16236
-15055
-13827
-12550
-11231
-9876
-8489
-7072
-5631
-4172
-2701
-1219
268
1755
3233
4702
6157
7591
8997
10378
11722
13028
14289
15505
16669
17779
18827
19816
20740
21592
22373
23083
23713
24265
24738
25128
25436
25659
25794
25847
25814
25694
25491
25202
24827
24374
23838
23221
22530
21763
20924
20015
19039
18002
16905
15748
14540
13288
11987
10648
9273
7869
6436
4983
3511
2031
541
-949
-2438
-3915
-5383
-6833
-8260
-9659
-11027
-12358
-13649
-14894
-16089
-17233
-18320
-19343
-20304
-21199
-22022
-22772
-23449
-24045
-24563
-25000
-25353
-25624
-25808
-25906
-25920
-25847
-25688
-25446
-25117
-24705
-24212
-23638
-22985
-22257
-21454
-20581
-19639
-18630
-17562
-16436
-15253
-14020
-12740
-11420
-10058
-8665
-7242
-5798
-4332
-2850
-1362
133
1627
3118
4594
6059
7503
8923
10311
11667
12985
14259
15486
16660
17782
18845
19841
20776
21642
22434
23152
23794
24357
24841
25241
25556
25789
25935
25994
25970
25856
25659
25377
25007
24558
24027
23415
22725
21961
21123
20216
19242
18201
17102
15948
14738
13480
12176
10834
9453
8042
6604
5145
3668
2178
680
-817
-2315
-3806
-5282
-6739
-8177
-9589
-10967
-12308
-13610
-14868
-16075
-17229
-18327
-19364
-20336
-21241
-22076
-22837
-23523
-24131
-24659
-25107
-25470
-25748
-25943
-26049
-26070
-26006
-25853
-25616
-25295
-24887
-24399
-23829
-23180
-22454
-21655
-20781
-19841
-18833
-17763
-16633
-15451
-14214
-12933
-11605
-10242
-8844
-7415
-5962
-4491
-3004
-1505
0
1500
2999
4488
5961
7414
8845
10245
11612
12940
14225
15464
16651
17782
18856
19868
20813
21688
22492
23221
23876
24448
24940
25352
25677
25918
26073
26141
26123
26018
25826
25550
25189
24742
24216
23608
22921
22160
21324
20416
19443
18404
17303
16145
14936
13674
12367
11018
9636
8218
6775
5308
3825
2327
822
-687
-2190
-3689
-5177
-6647
-8093
-9514
-10905
-12258
-13570
-14838
-16059
-17225
-18332
-19382
-20365
-21282
-22129
-22901
-23598
-24219
-24754
-25211
-25586
-25873
-26075
-26193
-26220
-26163
-26019
-25786
-25471
-25070
-24585
-24020
-23374
-22650
-21854
-20982
-20041
-19035
-17964
-16833
-15648
-14410
-13125
-11795
-10427
-9021
-7591
-6131
-4650
-3156
-1652
-140
1373
2880
4376
5861
7326
8766
10177
11554
12894
14189
15440
16639
17783
18867
19890
20847
21734
22550
23290
23954
24539
25040
25461
25796
26046
26210
26287
26275
26179
25995
25723
25367
24927
24405
23801
23117
22357
21525
20618
19643
18607
17506
16344
15133
13867
12559
11207
9817
8395
6946
5473
3981
2477
965
-551
-2066
-3575
-5071
-6551
-8008
-9441
-10840
-12205
-13530
-14809
-16039
-17219
-18338
-19398
-20394
-21321
-22179
-22964
-23671
-24300
-24850
-25316
-25700
-25998
-26208
-26333
-26370
-26319
-26183
-25958
-25647
-25252
-24771
-24212
-23570
-22848
-22052
-21185
-20243
-19237
-18166
-17036
-15847
-14607
-13318
-11986
-10613
-9203
-7764
-6301
-4814
-3312
-1797
-279
1242
2759
4266
5758
7233
8684
10108
11494
12845
14155
15416
16624
17782
18877
19911
20880
21778
22606
23358
24030
24627
25140
25569
25915
26174
26346
26433
26429
26338
26162
25896
25546
25112
24592
23992
23315
22556
21724
20820
19848
18808
17706
16545
15331
14063
12750
11394
10001
8574
7118
5640
4142
2629
1108
-415
-1939
-3457
-4964
-6452
-7920
-9364
-10776
-12149
-13486
-14779
-16020
-17208
-18342
-19412
-20421
-21359
-22227
-23024
-23742
-24382
-24944
-25420
-25812
-26120
-26339
-26473
-26520
-26476
-26346
-26129
-25823
-25434
-24961
-24401
-23762
-23047
-22252
-21385
-20446
-19439
-18369
-17237
-16046
-14805
-13514
-12175
-10798
-9386
-7941
-6470
-4976
-3469
-1947
-419
1111
2635
4152
5656
7141
8600
10034
11435
12796
14115
15388
16610
17780
18885
19931
20912
21821
22659
23424
24109
24713
25238
25678
26031
26301
26482
26575
26582
26498
26328
26070
25725
25296
24782
24186
23509
22755
21926
21023
20049
19012
17909
16747
15529
14262
12945
11584
10186
8755
7293
5807
4301
2784
1255
-279
-1812
-3337
-4853
-6355
-7834
-9284
-10709
-12095
-13443
-14744
-15998
-17199
-18344
-19424
-20444
-21398
-22277
-23082
-23814
-24464
-25035
-25522
-25924
-26242
-26473
-26611
-26666
-26632
-26508
-26298
-26000
-25614
-25145
-24593
-23957
-23244
-22452
-21587
-20650
-19642
-18573
-17441
-16248
-15002
-13710
-12368
-10986
-9568
-8119
-6642
-5142
-3624
-2097
-561
976
2512
4036
5550
7045
8518
9959
11372
12745
14076
15360
16593
17773
18894
19948
20940
21864
22712
23486
24184
24799
25334
25785
26148
26427
26618
26719
26733
26658
26494
26244
25904
25479
24971
24379
23706
22955
22126
21225
20254
19214
18110
16950
15729
14458
13137
11775
10372
8934
7466
5977
4465
2937
1400
-140
-1681
-3219
-4742
-6252
-7742
-9205
-10638
-12036
-13395
-14710
-15974
-17186
-18343
-19438
-20467
-21431
-22324
-23141
-23882
-24544
-25125
-25624
-26035
-26361
-26601
-26752
-26812
-26787
-26670
-26467
-26177
-25795
-25331
-24783
-24152
-23441
-22653
-21788
-20853
-19849
-18775
-17641
-16450
-15203
-13905
-12560
-11177
-9753
-8297
-6814
-5310
-3786
-2249
-704
840
2385
3921
5444
6947
8430
9886
11308
12691
14033
15330
16576
17766
18898
19967
20970
21904
22764
23549
24258
24884
25428
25891
26264
26550
26752
26862
26883
26817
26659
26414
26084
25662
25159
24572
23903
23154
22329
21427
20458
19418
18316
17151
15931
14656
13334
11966
10560
9118
7645
6145
4628
3094
1548
0
-1549
-3095
-4630
-6150
-7649
-9124
-10568
-11978
-13346
-14672
-15950
-17174
-18340
-19447
-20490
-21465
-22369
-23198
-23949
-24624
-25214
-25722
-26146
-26481
-26730
-26890
-26959
-26941
-26833
-26635
-26349
-25977
-25517
-24974
-24347
-23638
-22854
-21992
-21055
-20051
-18981
-17846
-16651
-15404
-14103
-12755
-11365
-9940
-8477
-6989
-5476
-3947
-2403
-850
705
2256
3802
5336
6852
8342
9808
11241
12638
13990
15298
16556
17759
18899
19983
20996
21941
22815
23611
24330
24970
25522
25994
26379
26676
26884
27006
27032
26974
26826
26586
26260
25847
25347
24765
24098
23352
22530
21632
20660
19624
18521
17355
16132
14854
13530
12159
10747
9299
7824
6319
4793
3251
1700
141
-1418
-2973
-4516
-6046
-7556
-9042
-10495
-11916
-13297
-14632
-15922
-17159
-18339
-19455
-20510
-21496
-22413
-23252
-24015
-24700
-25303
-25820
-26254
-26600
-26857
-27026
-27106
-27094
-26994
-26803
-26523
-26158
-25703
-25165
-24542
-23836
-23053
-22195
-21261
-20255
-19185
-18051
-16854
-15605
-14299
-12952
-11557
-10124
-8658
-7164
-5645
-4107
-2556
-998
565
2128
3683
5225
6751
8253
9731
11173
12580
13947
15266
16533
17749
18903
19996
21022
21978
22863
23672
24400
25050
25617
26096
26492
26798
27016
27145
27183
27131
26990
26759
26437
26031
25534
24957
24296
23552
22731
21837
20867
19829
18725
17560
16335
15055
13727
12354
10939
9484
8001
6493
4960
3411
1850
285
-1283
-2846
-4400
-5939
-7459
-8955
-10422
-11852
-13245
-14594
-15894
-17141
-18334
-19463
-20530
-21527
-22453
-23306
-24082
-24775
-25389
-25919
-26362
-26718
-26984
-27162
-27251
-27247
-27153
-26972
-26698
-26337
-25890
-25354
-24735
-24037
-23254
-22397
-21464
-20462
-19390
-18255
-17058
-15807
-14501
-13145
-11747
-10313
-8841
-7341
-5818
-4273
-2713
-1145
425
1996
3561
5114
6648
8161
9649
11105
12520
13899
15230
16511
17735
18903
20007
21047
22014
22909
23729
24471
25130
25708
26199
26604
26921
27147
27285
27333
27286
27153
26930
26615
26213
25725
25149
24489
23752
22934
22040
21072
20034
18931
17764
16537
15258
13926
12546
11128
9672
8182
6666
5126
3572
2004
429
-1148
-2719
-4283
-5833
-7364
-8868
-10345
-11788
-13193
-14551
-15864
-17123
-18329
-19468
-20546
-21557
-22493
-23358
-24145
-24851
-25475
-26015
-26469
-26833
-27112
-27296
-27394
-27401
-27313
-27138
-26873
-26518
-26074
-25544
-24930
-24233
-23457
-22601
-21671
-20667
-19598
-18462
-17263
-16008
-14701
-13344
-11943
-10500
-9026
-7519
-5988
-4435
-2872
-1295
285
1865
3437
5000
6546
8071
9566
11033
12463
13851
15192
16485
17722
18902
20017
21067
22050
22956
23785
24540
25210
25798
26301
26715
27041
27280
27423
27479
27444
27315
27099
26792
26394
25912
25342
24687
23952
23137
22244
21278
20240
19137
17971
16742
15458
14126
12744
11319
9858
8365
6843
5297
3733
2159
576
-1009
-2591
-4162
-5722
-7263
-8781
-10266
-11723
-13137
-14509
-15832
-17102
-18318
-19473
-20561
-21583
-22534
-23409
-24207
-24926
-25558
-26110
-26574
-26950
-27237
-27433
-27537
-27551
-27474
-27304
-27047
-26697
-26259
-25736
-25126
-24431
-23658
-22804
-21876
-20875
-19803
-18666
-17470
-16212
-14901
-13540
-12137
-10691
-9209
-7697
-6161
-4603
-3029
-1445
141
1730
3314
4883
6439
7975
9483
10959
12400
13800
15154
16458
17707
18898
20028
21087
22081
23001
23842
24605
25288
25887
26400
26825
27160
27408
27562
27625
27600
27479
27269
26970
26577
26098
25535
24884
24151
23339
22447
21484
20449
19343
18175
16948
15662
14325
12939
11513
10046
8546
7018
5468
3898
2314
723
-868
-2460
-4044
-5612
-7161
-8689
-10190
-11655
-13079
-14463
-15800
-17083
-18308
-19475
-20577
-21609
-22571
-23459
-24267
-24997
-25642
-26203
-26679
-27063
-27359
-27567
-27680
-27702
-27633
-27471
-27219
-26878
-26444
-25925
-25320
-24630
-23859
-23009
-22080
-21082
-20011
-18873
-17674
-16417
-15103
-13742
-12331
-10883
-9397
-7879
-6335
-4772
-3191
-1598
0
1593
3186
4768
6334
7878
9397
10886
12338
13748
15113
16430
17692
18892
20034
21108
22112
23043
23897
24672
25366
25974
26498
26935
27280
27536
27701
27773
27753
27642
27438
27144
26761
26286
25727
25081
24350
23542
22655
21689
20655
19552
18381
17152
15867
14527
13138
11706
10237
8731
7197
5638
4064
2473
873
-730
-2326
-3919
-5500
-7061
-8597
-10107
-11583
-13022
-14416
-15763
-17059
-18298
-19473
-20589
-21634
-22607
-23506
-24326
-25067
-25727
-26295
-26780
-27179
-27484
-27698
-27822
-27851
-27791
-27638
-27391
-27055
-26629
-26115
-25514
-24828
-24059
-23212
-22287
-21287
-20218
-19082
-17880
-16621
-15305
-13942
-12529
-11074
-9583
-8062
-6512
-4939
-3351
-1755
-148
1458
3060
4649
6225
7781
9311
10808
12271
13696
15070
16399
17673
18887
20038
21126
22141
23084
23951
24735
25441
26062
26594
27041
27398
27663
27836
27918
27906
27803
27607
27318
26942
26474
25919
25277
24551
23743
22861
21897
20862
19760
18591
17358
16071
14727
13338
11902
10426
8915
7378
5813
4228
2630
1024
-585
-2195
-3797
-5384
-6956
-8504
-10026
-11511
-12961
-14368
-15727
-17032
-18285
-19473
-20600
-21657
-22641
-23552
-24386
-25135
-25804
-26389
-26883
-27289
-27606
-27829
-27964
-28001
-27948
-27803
-27563
-27233
-26814
-26304
-25709
-25027
-24261
-23416
-22495
-21495
-20426
-19289
-18090
-16828
-15510
-14141
-12728
-11269
-9772
-8243
-6690
-5111
-3516
-1908
-297
1318
2929
4530
6115
7680
9221
10732
12205
13639
15029
16368
17651
18880
20043
21142
22170
23123
24000
24800
25514
26147
26692
27148
27515
27789
27972
28064
28059
27963
27776
27494
27122
26662
26109
25473
24752
23947
23064
22104
21071
19968
18799
17565
16277
14931
13535
12096
10618
9102
7557
5988
4397
2792
1176
-441
-2058
-3670
-5270
-6850
-8409
-9941
-11440
-12897
-14316
-15688
-17006
-18268
-19471
-20608
-21678
-22675
-23596
-24441
-25204
-25883
-26479
-26984
-27401
-27728
-27960
-28101
-28151
-28104
-27967
-27737
-27412
-26999
-26496
-25902
-25224
-24465
-23621
-22700
-21703
-20635
-19499
-18297
-17033
-15716
-14344
-12924
-11463
-9962
-8429
-6868
-5282
-3681
-2066
-445
1179
2797
4407
6004
7580
9129
10651
12137
13582
14982
16333
17630
18871
20046
21156
22196
23161
24050
24862
25588
26230
26787
27254
27629
27916
28107
28206
28214
28124
27944
27670
27303
26848
26302
25669
24952
24152
23270
22312
21279
20177
19008
17774
16481
15136
13738
12294
10810
9291
7740
6163
4565
2955
1331
-297
-1924
-3542
-5151
-6744
-8313
-9853
-11364
-12836
-14266
-15646
-16977
-18252
-19467
-20614
-21695
-22707
-23641
-24494
-25272
-25962
-26567
-27084
-27511
-27847
-28092
-28241
-28298
-28262
-28129
-27907
-27590
-27181
-26684
-26097
-25422
-24666
-23826
-22907
-21913
-20844
-19708
-18507
-17241
-15919
-14548
-13124
-11658
-10153
-8616
-7048
-5457
-3846
-2226
-596
1035
2665
4283
5889
7475
9038
10568
12067
13523
14936
16299
17606
18858
20049
21166
22219
23200
24099
24921
25661
26313
26880
27358
27745
28041
28242
28349
28364
28285
28110
27844
27485
27032
26494
25866
25151
24355
23475
22520
21489
20386
19215
17984
16688
15339
13938
12494
11004
9479
7921
6341
4737
3115
1485
-148
-1784
-3415
-5031
-6632
-8213
-9766
-11286
-12769
-14211
-15605
-16946
-18233
-19460
-20623
-21713
-22736
-23684
-24549
-25335
-26038
-26654
-27184
-27620
-27965
-28220
-28379
-28444
-28418
-28294
-28076
-27769
-27365
-26872
-26291
-25621
-24867
-24030
-23113
-22121
-21056
-19916
-18714
-17450
-16127
-14751
-13323
-11856
-10346
-8801
-7227
-5632
-4016
-2385
-747
891
2530
4160
5776
7370
8942
10486
11995
13462
14886
16262
17584
18845
20046
21180
22243
23233
24147
24980
25732
26395
26972
27463
27858
28162
28376
28493
28515
28444
28277
28018
27666
27220
26686
26062
25352
24558
23684
22727
21699
20597
19426
18191
16897
15545
14143
12691
11200
9671
8108
6518
4909
3282
1643
0
-1643
-3283
-4911
-6523
-8112
-9677
-11209
-12704
-14155
-15560
-16915
-18215
-19450
-20625
-21731
-22765
-23722
-24601
-25399
-26115
-26740
-27279
-27730
-28084
-28347
-28518
-28590
-28571
-28457
-28247
-27944
-27548
-27060
-26485
-25820
-25068
-24236
-23322
-22329
-21264
-20129
-18924
-17658
-16334
-14956
-13526
-12052
-10540
-8990
-7411
-5807
-4186
-2548
-902
748
2392
4032
5658
7265
8846
10401
11921
13401
14835
16222
17556
18832
20042
21189
22264
23267
24193
25036
25798
26478
27063
27562
27972
28286
28507
28635
28664
28602
28445
28191
27844
27407
26876
26259
25552
24760
23890
22937
21908
20807
19637
18402
17105
15751
14346
12893
11396
9860
8295
6700
5082
3447
1802
150
-1504
-3152
-4788
-6410
-8011
-9586
-11128
-12634
-14098
-15514
-16881
-18192
-19442
-20627
-21746
-22791
-23761
-24653
-25462
-26187
-26827
-27374
-27834
-28201
-28474
-28652
-28737
-28724
-28619
-28417
-28119
-27732
-27250
-26679
-26018
-25270
-24440
-23530
-22539
-21474
-20339
-19136
-17868
-16544
-15160
-13730
-12252
-10732
-9179
-7596
-5985
-4354
-2710
-1057
600
2256
3904
5539
7156
8749
10316
11844
13336
14785
16182
17526
18816
20039
21197
22285
23298
24235
25094
25865
26553
27155
27664
28082
28407
28637
28776
28815
28759
28610
28364
28024
27593
27067
26455
25754
24965
24095
23148
22118
21018
19848
18614
17315
15959
14550
13094
11594
10053
8481
6883
5257
3615
1961
302
-1360
-3018
-4664
-6295
-7906
-9492
-11046
-12562
-14038
-15469
-16846
-18167
-19432
-20629
-21759
-22817
-23798
-24702
-25524
-26259
-26910
-27471
-27940
-28317
-28599
-28788
-28882
-28878
-28779
-28585
-28296
-27913
-27439
-26870
-26216
-25476
-24645
-23736
-22749
-21686
-20551
-19348
-18078
-16752
-15367
-13932
-12451
-10930
-9369
-7779
-6162
-4528
-2875
-1213
450
2115
3774
5420
7046
8650
10225
11769
13268
14729
16140
17497
18795
20032
21202
22304
23329
24277
25147
25932
26630
27244
27764
28192
28529
28768
28913
28965
28916
28775
28538
28203
27778
27261
26650
25952
25170
24302
23355
22329
21230
20061
18824
17524
16168
14757
13294
11791
10248
8670
7064
5432
3786
2123
455
-1217
-2880
-4538
-6180
-7803
-9396
-10962
-12492
-13979
-15418
-16810
-18144
-19420
-20629
-21770
-22841
-23835
-24748
-25583
-26332
-26991
-27564
-28045
-28431
-28726
-28922
-29025
-29032
-28940
-28754
-28473
-28095
-27627
-27065
-26414
-25676
-24852
-23946
-22959
-21897
-20763
-19560
-18290
-16959
-15575
-14138
-12653
-11125
-9563
-7966
-6344
-4699
-3043
-1373
302
1976
3641
5297
6935
8550
10134
11689
13204
14675
16095
17464
18776
20026
21205
22319
23360
24320
25199
25999
26708
27330
27863
28302
28647
28899
29052
29110
29074
28937
28709
28383
27961
27450
26846
26152
25373
24508
23564
22541
21441
20273
19038
17735
16375
14965
13500
11991
10443
8861
7248
5610
3954
2288
610
-1068
-2745
-4409
-6062
-7693
-9301
-10875
-12417
-13916
-15369
-16771
-18116
-19403
-20628
-21779
-22862
-23870
-24796
-25640
-26402
-27072
-27657
-28148
-28546
-28849
-29058
-29167
-29183
-29100
-28921
-28648
-28278
-27813
-27259
-26613
-25877
-25058
-24153
-23171
-22110
-20974
-19770
-18504
-17171
-15783
-14341
-12855
-11323
-9754
-8153
-6526
-4875
-3208
-1530
150
1832
3510
5175
6820
8446
10044
11607
13133
14616
16051
17431
18754
20015
21211
22334
23386
24360
25251
26059
26782
27416
27960
28410
28765
29027
29191
29257
29230
29101
28879
28562
28146
27639
27043
26353
25577
24717
23772
22752
21656
20485
19248
17948
16586
15170
13703
12193
10640
9050
7431
5791
4128
2451
765
-919
-2605
-4282
-5944
-7584
-9202
-10790
-12341
-13850
-15315
-16731
-18090
-19386
-20623
-21789
-22883
-23902
-24840
-25697
-26471
-27153
-27747
-28251
-28659
-28971
-29191
-29311
-29333
-29261
-29088
-28821
-28461
-28001
-27452
-26810
-26080
-25263
-24364
-23381
-22322
-21188
-19984
-18714
-17383
-15992
-14549
-13056
-11523
-9949
-8343
-6707
-5053
-3378
-1693
0
1687
3373
5049
6706
8341
9949
11525
13063
14556
16002
17395
18732
20003
21211
22349
23412
24398
25301
26121
26857
27501
28054
28518
28882
29153
29328
29403
29383
29267
29050
28739
28332
27829
27238
26553
25780
24925
23984
22962
21868
20699
19461
18158
16796
15379
13909
12393
10838
9243
7620
5969
4303
2617
925
-772
-2463
-4149
-5822
-7475
-9101
-10700
-12262
-13785
-15261
-16687
-18059
-19371
-20615
-21796
-22901
-23932
-24884
-25753
-26535
-27234
-27836
-28350
-28771
-29093
-29322
-29453
-29483
-29419
-29258
-28996
-28639
-28189
-27644
-27009
-26282
-25468
-24572
-23592
-22533
-21402
-20198
-18927
-17595
-16201
-14758
-13262
-11723
-10144
-8534
-6893
-5229
-3548
-1857
-157
1543
3238
4921
6589
8236
9856
11441
12990
14497
15955
17357
18706
19992
21210
22361
23436
24434
25350
26182
26928
27585
28149
28622
29000
29279
29463
29550
29537
29428
29220
28915
28516
28020
27433
26755
25985
25130
24196
23176
22080
20914
19676
18371
17010
15586
14116
12596
11034
9435
7808
6151
4475
2784
1084
-620
-2322
-4018
-5698
-7362
-9000
-10611
-12183
-13717
-15207
-16644
-18025
-19352
-20609
-21801
-22919
-23962
-24926
-25807
-26601
-27309
-27927
-28450
-28880
-29215
-29451
-29592
-29633
-29577
-29423
-29169
-28819
-28377
-27836
-27206
-26486
-25674
-24779
-23805
-22747
-21616
-20412
-19142
-17807
-16413
-14965
-13468
-11925
-10341
-8723
-7080
-5408
-3721
-2020
-314
1395
3099
4794
6470
8127
9757
11357
12914
14432
15903
17321
18678
19978
21208
22372
23459
24468
25397
26243
26998
27667
28244
28726
29113
29404
29598
29695
29690
29588
29390
29091
28698
28211
27626
26953
26191
25338
24404
23388
22295
21128
19890
18585
17222
15798
14321
12798
11234
9631
7995
6334
4652
2954
1245
-466
-2178
-3883
-5576
-7247
-8897
-10517
-12104
-13646
-15147
-16598
-17992
-19328
-20600
-21803
-22936
-23989
-24965
-25859
-26666
-27384
-28014
-28549
-28990
-29335
-29581
-29731
-29783
-29733
-29587
-29344
-29000
-28562
-28032
-27403
-26685
-25882
-24990
-24015
-22960
-21830
-20629
-19357
-18019
-16626
-15175
-13672
-12126
-10540
-8918
-7265
-5588
-3894
-2186
-471
1248
2959
4662
6352
8019
9657
11266
12839
14369
15849
17279
18651
19963
21205
22379
23480
24502
25442
26299
27068
27747
28336
28829
29228
29530
29732
29837
29845
29750
29559
29270
28882
28400
27822
27153
26394
25547
24615
23602
22508
21344
20107
18801
17432
16010
14532
13005
11435
9828
8187
6519
4829
3125
1408
-314
-2035
-3747
-5448
-7133
-8793
-10422
-12020
-13576
-15089
-16550
-17957
-19305
-20591
-21804
-22948
-24017
-25004
-25908
-26730
-27459
-28099
-28646
-29097
-29453
-29712
-29868
-29929
-29891
-29752
-29516
-29181
-28748
-28222
-27601
-26887
-26087
-25198
-24227
-23176
-22045
-20844
-19574
-18234
-16836
-15386
-13881
-12330
-10737
-9112
-7454
-5771
-4068
-2354
-630
1095
2818
4530
6228
7906
9559
11177
12761
14301
15796
17237
18620
19943
21202
22385
23498
24534
25487
26354
27137
27826
28427
28933
29340
29653
29866
29980
29996
29911
29727
29446
29066
28587
28018
27353
26597
25755
24825
23815
22724
21558
20320
19017
17647
16221
14739
13212
11636
10024
8377
6705
5009
3295
1570
-157
-1886
-3611
-5322
-7013
-8685
-10327
-11934
-13503
-15027
-16501
-17919
-19280
-20577
-21806
-22959
-24041
-25042
-25959
-26789
-27533
-28183
-28743
-29205
-29570
-29838
-30008
-30076
-30048
-29916
-29687
-29361
-28934
-28413
-27798
-27090
-26292
-25409
-24438
-23390
-22262
-21058
-19787
-18450
-17052
-15596
-14087
-12535
-10939
-9305
-7642
-5955
-4246
-2522
-789
942
2675
4398
6107
7792
9455
11087
12682
14233
15739
17193
18590
19923
21193
22393
23516
24563
25528
26409
27204
27905
28516
29034
29453
29774
30000
30122
30146
30072
29894
29619
29250
28777
28212
27553
26802
25963
25037
24027
22941
21774
20537
19231
17863
16433
14951
13417
11840
10223
8571
6890
5190
3470
1737
0
-1737
-3470
-5192
-6895
-8575
-10229
-11849
-13429
-14964
-16449
-17881
-19255
-20561
-21803
-22972
-24064
-25077
-26007
-26849
-27605
-28267
-28835
-29312
-29687
-29965
-30145
-30222
-30201
-30082
-29858
-29539
-29120
-28604
-27996
-27292
-26498
-25619
-24652
-23602
-22476
-21277
-20003
-18665
-17265
-15809
-14297
-12739
-11141
-9502
-7834
-6137
-4424
-2693
-953
790
2528
4261
5980
7679
9350
10993
12599
14164
15680
17145
18556
19904
21182
22397
23532
24592
25570
26463
27268
27985
28604
29131
29565
29896
30129
30265
30296
30230
30064
29795
29429
28966
28406
27754
27006
26169
25248
24241
23154
21990
20754
19448
18078
16646
15163
13626
12043
10421
8767
7081
5370
3643
1905
158
-1589
-3330
-5060
-6774
-8466
-10131
-11759
-13351
-14900
-16398
-17841
-19226
-20547
-21799
-22981
-24085
-25112
-26053
-26908
-27674
-28350
-28929
-29415
-29803
-30090
-30279
-30368
-30355
-30243
-30030
-29716
-29306
-28796
-28192
-27496
-26705
-25826
-24866
-23818
-22693
-21493
-20222
-18881
-17482
-16020
-14509
-12947
-11341
-9698
-8026
-6325
-4601
-2863
-1117
634
2383
4126
5853
7562
9245
10901
12515
14091
15622
17099
18519
19882
21174
22399
23547
24618
25609
26516
27330
28058
28693
29231
29673
30017
30260
30404
30446
30388
30231
29969
29610
29155
28600
27952
27212
26378
25459
24458
23370
22207
20971
19666
18295
16861
15373
13835
12250
10622
8960
7272
5555
3820
2071
320
-1437
-3188
-4928
-6650
-8354
-10029
-11671
-13272
-14832
-16343
-17799
-19194
-20530
-21794
-22989
-24106
-25143
-26097
-26967
-27742
-28430
-29023
-29519
-29916
-30215
-30414
-30514
-30509
-30404
-30200
-29893
-29489
-28989
-28388
-27696
-26913
-26036
-25077
-24033
-22910
-21710
-20439
-19098
-17697
-16235
-14718
-13153
-11546
-9898
-8218
-6510
-4783
-3038
-1281
476
2235
3987
5725
7443
9138
10802
12433
14017
15559
17051
18484
19855
21162
22398
23561
24644
25646
26564
27394
28131
28779
29327
29781
30136
30388
30543
30598
30546
30395
30145
29792
29341
28796
28151
27413
26587
25671
24670
23587
22425
21190
19884
18510
17079
15587
14043
12455
10825
9159
7461
5738
3998
2243
481
-1284
-3043
-4793
-6528
-8241
-9925
-11578
-13194
-14765
-16286
-17755
-19164
-20512
-21788
-22993
-24125
-25175
-26140
-27022
-27811
-28509
-29114
-29620
-30029
-30341
-30548
-30655
-30663
-30566
-30369
-30072
-29674
-29179
-28585
-27897
-27118
-26249
-25290
-24249
-23127
-21930
-20658
-19317
-17912
-16450
-14931
-13363
-11749
-10100
-8414
-6700
-4963
-3214
-1450
319
2087
3845
5594
7325
9030
10703
12345
13944
15498
16998
18444
19829
21149
22396
23570
24670
25684
26612
27456
28205
28862
29425
29887
30253
30519
30680
30742
30703
30560
30318
29973
29528
28988
28351
27617
26795
25881
24884
23804
22643
21410
20104
18728
17293
15803
14256
12663
11027
9357
7654
5925
4175
2415
644
-1128
-2898
-4655
-6400
-8125
-9822
-11483
-13112
-14694
-16229
-17709
-19129
-20489
-21781
-22997
-24141
-25205
-26183
-27074
-27878
-28586
-29203
-29723
-30141
-30462
-30682
-30798
-30815
-30727
-30538
-30250
-29858
-29367
-28782
-28100
-27323
-26459
-25502
-24466
-23345
-22147
-20875
-19537
-18129
-16664
-15143
-13573
-11956
-10299
-8608
-6890
-5147
-3387
-1616
158
1934
3706
5464
7200
8919
10605
12254
13866
15432
16946
18403
19800
21133
22395
23579
24691
25720
26660
27513
28277
28946
29520
29994
30369
30645
30819
30888
30860
30724
30489
30155
29716
29180
28551
27822
27003
26094
25097
24020
22863
21626
20321
18948
17511
16016
14466
12872
11232
9555
7846
6114
4357
2587
808
-971
-2750
-4521
-6275
-8006
-9714
-11391
-13028
-14621
-16168
-17662
-19097
-20465
-21770
-23002
-24156
-25232
-26223
-27127
-27943
-28664
-29291
-29823
-30253
-30583
-30815
-30940
-30964
-30888
-30706
-30424
-30044
-29559
-28978
-28302
-27531
-26668
-25719
-24680
-23563
-22366
-21095
-19754
-18350
-16880
-15358
-13782
-12163
-10502
-8806
-7080
-5334
-3567
-1786
0
1781
3561
5329
7079
8804
10502
12166
13789
15364
16890
18361
19772
21114
22389
23590
24712
25752
26706
27571
28348
29027
29611
30100
30485
30771
30956
31035
31014
30890
30661
30333
29903
29373
28749
28027
27210
26306
25315
24235
23080
21848
20540
19165
17727
16232
14681
13079
11439
9756
8042
6300
4541
2763
976
-815
-2599
-4379
-6144
-7890
-9605
-11292
-12942
-14549
-16106
-17610
-19059
-20443
-21757
-23002
-24170
-25257
-26262
-27178
-28005
-28742
-29377
-29919
-30363
-30704
-30944
-31083
-31114
-31047
-30876
-30600
-30225
-29749
-29173
-28504
-27736
-26876
-25931
-24897
-23779
-22585
-21316
-19974
-18568
-17097
-15573
-13996
-12371
-10704
-9006
-7274
-5518
-3744
-1960
-166
1629
3417
5193
6953
8691
10401
12073
13708
15298
16836
18317
19740
21097
22382
23595
24730
25783
26751
27627
28415
29109
29703
30202
30600
30896
31090
31181
31167
31053
30833
30511
30090
29567
28946
28231
27419
26518
25530
24455
23298
22068
20762
19385
17948
16446
14895
13291
11643
9955
8238
6491
4722
2937
1145
-654
-2451
-4240
-6013
-7768
-9496
-11196
-12854
-14473
-16045
-17562
-19018
-20417
-21744
-23002
-24182
-25281
-26298
-27230
-28066
-28814
-29465
-30017
-30472
-30824
-31073
-31222
-31265
-31205
-31043
-30776
-30406
-29939
-29369
-28704
-27943
-27087
-26144
-25115
-23998
-22805
-21536
-20196
-18787
-17316
-15788
-14209
-12581
-10910
-9203
-7469
-5706
-3925
-2130
-331
1472
3271
5057
6826
8574
10294
11982
13624
15226
16778
18272
19705
21077
22374
23601
24748
25812
26792
27685
28482
29187
29796
30305
30713
31020
31224
31327
31322
31213
31005
30689
30275
29760
29143
28433
27629
26729
25744
24673
23519
22287
20982
19605
18167
16665
15107
13501
11851
10160
8434
6680
4908
3115
1312
-492
-2297
-4096
-5881
-7645
-9385
-11094
-12767
-14394
-15978
-17509
-18979
-20387
-21729
-22998
-24193
-25304
-26333
-27276
-28127
-28885
-29550
-30113
-30579
-30943
-31202
-31360
-31415
-31363
-31209
-30952
-30589
-30127
-29567
-28904
-28147
-27299
-26357
-25330
-24219
-23026
-21757
-20416
-19005
-17536
-16006
-14420
-12789
-11117
-9406
-7662
-5893
-4107
-2305
-497
1316
3120
4918
6699
8457
10186
11883
13542
15155
16716
18224
19671
21055
22365
23603
24764
25842
26832
27738
28549
29265
29885
30406
30825
31144
31358
31468
31476
31375
31174
30868
30460
29952
29342
28636
27836
26943
25960
24891
23738
22509
21204
19828
18384
16884
15325
13715
12059
10365
8634
6875
5092
3296
1486
-331
-2146
-3951
-5746
-7522
-9273
-10990
-12676
-14317
-15913
-17452
-18936
-20359
-21713
-22992
-24200
-25328
-26368
-27321
-28188
-28957
-29631
-30209
-30684
-31059
-31332
-31497
-31562
-31521
-31373
-31125
-30772
-30315
-29760
-29106
-28353
-27509
-26570
-25547
-24438
-23246
-21977
-20640
-19228
-17754
-16225
-14637
-13002
-11322
-9608
-7860
-6086
-4289
-2482
-665
1155
2973
4776
6568
8337
10079
11785
13457
15080
16656
18175
19634
21029
22357
23603
24776
25869
26873
27789
28613
29340
29973
30506
30936
31266
31491
31611
31627
31538
31343
31047
30646
30142
29541
28840
28044
27156
26175
25109
23960
22729
21424
20051
18607
17101
15541
13929
12268
10568
8832
7070
5281
3474
1656
-165
-1989
-3807
-5611
-7395
-9157
-10888
-12584
-14236
-15842
-17397
-18892
-20326
-21693
-22989
-24206
-25346
-26402
-27367
-28243
-29027
-29713
-30303
-30790
-31174
-31458
-31635
-31707
-31678
-31539
-31297
-30954
-30503
-29954
-29307
-28560
-27719
-26786
-25762
-24658
-23469
-22200
-20860
-19450
-17976
-16441
-14850
-13215
-11531
-9810
-8056
-6278
-4476
-2658
-832
994
2819
4636
6437
8214
9967
11688
13369
15004
16591
18124
19597
21002
22341
23605
24790
25893
26911
27839
28677
29416
30060
30605
31048
31385
31623
31753
31777
31699
31512
31223
30832
30334
29738
29044
28252
27367
26392
25327
24181
22952
21648
20271
18830
17322
15760
14142
12481
10776
9035
7263
5471
3657
1830
0
-1830
-3658
-5472
-7268
-9039
-10781
-12489
-14155
-15772
-17338
-18848
-20295
-21672
-22980
-24213
-25365
-26432
-27410
-28300
-29096
-29793
-30392
-30894
-31290
-31583
-31773
-31854
-31832
-31704
-31470
-31132
-30692
-30148
-29507
-28766
-27927
-27001
-25983
-24876
-23689
-22425
-21083
-19672
-18195
-16661
-15069
-13426
-11739
-10015
-8256
-6468
-4663
-2838
-1005
833
2664
4491
6303
8094
9854
11586
13278
14928
16526
18070
19556
20976
22325
23604
24800
25917
26948
27888
28737
29493
30145
30700
31157
31506
31752
31894
31927
31858
31683
31399
31014
30526
29935
29247
28460
27578
26608
25546
24400
23175
21872
20495
19051
17542
15979
14359
12692
10981
9238
7461
5659
3838
2008
167
-1674
-3510
-5332
-7139
-8922
-10676
-12392
-14069
-15701
-17280
-18800
-20260
-21652
-22972
-24217
-25380
-26461
-27453
-28354
-29161
-29873
-30483
-30996
-31403
-31707
-31906
-32000
-31985
-31868
-31642
-31312
-30879
-30343
-29707
-28972
-28138
-27214
-26202
-25097
-23911
-22647
-21308
-19895
-18420
-16879
-15288
-13642
-11950
-10219
-8456
-6663
-4848
-3017
-1178
668
2512
4347
6166
7968
9741
11485
13187
14847
16461
18017
19513
20948
22310
23599
24810
25939
26982
27937
28796
29563
30231
30798
31264
31625
31880
32034
32078
32016
31851
31576
31197
30717
30132
29448
28670
27791
26822
25767
24622
23397
22094
20720
19274
17765
16197
14576
12906
11191
9440
7661
5852
4025
2183
337
-1514
-3358
-5192
-7007
-8800
-10565
-12295
-13983
-15625
-17218
-18751
-20221
-21629
-22960
-24219
-25396
-26488
-27494
-28408
-29226
-29950
-30575
-31097
-31516
-31831
-32040
-32145
-32139
-32029
-31815
-31491
-31066
-30538
-29905
-29176
-28351
-27428
-26417
-25317
-24134
-22871
-21531
-20118
-18643
-17101
-15504
-13855
-12163
-10427
-8657
-6858
-5039
-3200
-1350
505
2354
4199
6031
7841
9626
11379
13096
14765
16390
17960
19470
20913
22291
23593
24819
25959
27015
27982
28855
29632
30314
30892
31369
31744
32010
32171
32229
32174
32016
31753
31380
30906
30332
29651
28874
28005
27039
25985
24844
23621
22320
20943
19496
17988
16418
14791
13119
11402
9647
7859
6044
4211
2362
507
-1353
-3205
-5049
-6876
-8680
-10453
-12195
-13896
-15551
-17152
-18700
-20184
-21604
-22948
-24218
-25410
-26515
-27532
-28460
-29292
-30026
-30663
-31197
-31627
-31954
-32172
-32287
-32295
-32191
-31985
-31672
-31252
-30731
-30105
-29381
-28560
-27644
-26635
-25538
-24356
-23095
-21756
-20344
-18864
-17325
-15725
-14073
-12373
-10637
-8861
-7056
-5227
-3384
-1527
336
2198
4050
5891
7714
9510
11271
13001
14685
16321
17901
19423
20882
22272
23584
24822
25980
27047
28025
28914
29702
30395
30987
31474
31860
32139
32309
32375
32333
32181
31926
31564
31096
30526
29855
29082
28217
27254
26205
25067
23844
22542
21170
19721
18209
16641
15012
13334
11612
9853
8060
6239
4397
2544
679
-1188
-3053
-4902
-6740
-8555
-10342
-12092
-13806
-15473
-17088
-18647
-20144
-21574
-22936
-24216
-25419
-26539
-27569
-28509
-29354
-30100
-30750
-31296
-31737
-32076
-32307
-32428
-32446
-32355
-32154
-31851
-31439
-30922
-30306
-29587
-28770
-27859
-26852
-25759
-24580
-23318
-21979
-20571
-19090
-17546
-15944
-14291
-12588
-10844
-9063
-7255
-5420
-3567
-1702
167
2037
3902
5753
7582
9390
11166
12906
14599
16248
17843
19377
20847
22249
23578
24826
25996
27078
28068
28967
29771
30475
31080
31579
31973
32264
32446
32521
32490
32348
32100
31748
31285
30721
30059
29291
28428
27472
26423
25288
24070
22768
21394
19948
18435
16861
15230
13551
11825
10059
8260
6436
4588
2724
850
-1021
-2895
-4759
-6606
-8428
-10226
-11991
-13716
-15392
-17021
-18593
-20103
-21545
-22918
-24215
-25430
-26561
-27604
-28557
-29416
-30175
-30835
-31393
-31848
-32194
-32438
-32571
-32597
-32516
-32324
-32027
-31626
-31114
-30504
-29792
-28981
-28072
-27072
-25980
-24804
-23544
-22206
-20794
-19316
-17769
-16167
-14508
-12803
-11055
-9269
-7452
-5614
-3754
-1880
0
1874
1999
2991
3973
4941
5894
6828
7738
8622
9478
10303
11094
11846
12561
13235
13863
14446
14981
15466
15901
16281
16607
16881
17096
17256
17359
17402
17389
17320
17190
17006
16765
16467
16115
15710
15252
14745
14188
13583
12934
12243
11510
10739
9933
9095
8225
7328
6406
5465
4505
3529
2544
1547
546
-457
-1456
-2453
-3441
-4418
-5378
-6324
-7247
-8146
-9017
-9859
-10670
-11444
-12179
-12876
-13528
-14136
-14698
-15210
-15672
-16083
-16439
-16741
-16989
-17179
-17312
-17389
-17406
-17367
-17271
-17116
-16905
-16638
-16316
-15940
-15511
-15030
-14501
-13921
-13295
-12628
-11918
-11167
-10380
-9557
-8705
-7823
-6914
-5983
-5034
-4066
-3083
-2092
-1095
-93
910
1909
2901
3884
4854
5809
6743
7655
8544
9403
10229
11023
11780
12498
13175
13807
14395
14934
15424
15862
16249
16580
16858
17080
17244
17351
17401
17393
17329
17205
17025
16789
16496
16149
15750
15296
14791
14241
13640
12995
12308
11579
10811
10008
9171
8306
7410
6491
5551
4592
3618
2632
1637
638
-365
-1366
-2363
-3351
-4330
-5293
-6239
-7163
-8065
-8940
-9785
-10596
-11376
-12114
-12814
-13471
-14082
-14648
-15166
-15632
-16048
-16409
-16716
-16968
-17164
-17302
-17384
-17407
-17373
-17283
-17132
-16926
-16665
-16347
-15976
-15553
-15075
-14549
-13977
-13355
-12691
-11984
-11237
-10453
-9634
-8783
-7905
-6999
-6069
-5119
-4155
-3174
-2183
-1185
-185
818
1818
2811
3795
4767
5723
6660
7574
8463
9326
10156
10952
11714
12435
13115
13753
14343
14887
15382
15824
16216
16553
16835
17062
17231
17343
17400
17396
17336
17219
17043
16812
16526
16182
15787
15340
14839
14292
13697
13056
12372
11647
10882
10083
9249
8385
7492
6577
5637
4680
3707
2723
1728
728
-275
-1275
-2273
-3263
-4241
-5205
-6153
-7082
-7983
-8861
-9709
-10524
-11305
-12048
-12751
-13413
-14028
-14598
-15120
-15592
-16011
-16378
-16690
-16948
-17149
-17292
-17378
-17408
-17378
-17293
-17149
-16948
-16691
-16379
-16012
-15592
-15122
-14599
-14030
-13413
-12752
-12049
-11306
-10524
-9710
-8863
-7984
-7082
-6155
-5207
-4243
-3263
-2275
-1276
-275
728
1727
2721
3707
4680
5635
6575
7492
8385
9247
10081
10882
11647
12371
13055
13697
14292
14839
15339
15787
16182
16525
16812
17043
17219
17336
17396
17400
17343
17232
17062
16835
16554
16216
15825
15382
14888
14344
13753
13115
12436
11715
10954
10156
9327
8465
7575
6660
5724
4768
3797
2811
1819
819
-183
-1185
-2182
-3172
-4153
-5119
-6068
-6997
-7904
-8783
-9633
-10452
-11235
-11984
-12689
-13354
-13976
-14549
-15074
-15553
-15976
-16347
-16665
-16926
-17132
-17283
-17372
-17407
-17384
-17302
-17164
-16969
-16716
-16409
-16049
-15632
-15166
-14648
-14083
-13472
-12814
-12114
-11377
-10598
-9785
-8941
-8066
-7164
-6239
-5295
-4332
-3353
-2363
-1368
-366
636
1637
2630
3616
4591
5551
6490
7409
8304
9171
10007
10810
11577
12308
12994
13639
14240
14791
15296
15749
16148
16496
16789
17025
17205
17329
17393
17401
17351
17244
17081
16858
16580
16249
15863
15424
14935
14395
13808
13176
12498
11780
11025
10230
9403
8544
7657
6744
5809
4854
3885
2902
1909
910
-91
-1093
-2092
-3083
-4064
-5032
-5983
-6914
-7822
-8703
-9557
-10378
-11166
-11916
-12628
-13294
-13921
-14500
-15030
-15510
-15939
-16316
-16638
-16905
-17115
-17271
-17367
-17406
-17389
-17312
-17179
-16990
-16742
-16439
-16083
-15673
-15211
-14698
-14136
-13529
-12877
-12180
-11444
-10671
-9861
-9019
-8146
-7248
-6325
-5380
-4418
-3443
-2455
-1458
-457
544
1545
2542
3529
4502
5463
6406
7328
8223
9093
9933
10739
11509
12242
12934
13583
14187
14744
15252
15710
16114
16466
16765
17006
17190
17320
17389
17402
17359
17256
17096
16882
16608
16282
15901
15467
14982
14447
13863
13236
12562
11848
11094
10304
9479
8624
7738
6829
5895
4943
3973
2993
2001
1001
0
-1002
-2001
-2994
-3976
-4944
-5896
-6830
-7741
-8625
-9480
-10305
-11097
-11849
-12564
-13237
-13866
-14449
-14983
-15468
-15903
-16283
-16610
-16884
-17099
-17259
-17361
-17405
-17392
-17323
-17193
-17008
-16767
-16469
-16118
-15713
-15254
-14748
-14191
-13585
-12937
-12245
-11512
-10741
-9936
-9097
-8227
-7330
-6408
-5467
-4507
-3531
-2546
-1549
-548
455
1454
2450
3439
4416
5376
6321
7244
8144
9015
9857
10667
11442
12176
12873
13525
14134
14695
15208
15670
16081
16436
16739
16987
17176
17310
17386
17403
17364
17269
17113
16902
16636
16314
15938
15508
15027
14498
13919
13293
12625
11915
11165
10378
9555
8703
7821
6912
5980
5031
4063
3081
2090
1093
90
-912
-1911
-2903
-3886
-4857
-5812
-6746
-7658
-8546
-9405
-10231
-11026
-11783
-12501
-13178
-13810
-14398
-14937
-15426
-15865
-16252
-16582
-16860
-17083
-17246
-17353
-17404
-17395
-17331
-17207
-17027
-16791
-16498
-16152
-15752
-15299
-14794
-14244
-13643
-12998
-12310
-11581
-10813
-10011
-9174
-8308
-7413
-6494
-5553
-4595
-3621
-2634
-1639
-640
362
1364
2361
3349
4328
5290
6237
7160
8062
8937
9782
10594
11373
12112
12811
13468
14080
14646
15164
15629
16045
16407
16714
16966
17161
17300
17381
17404
17370
17280
17130
16924
16663
16344
15973
15551
15073
14547
13975
13352
12688
11981
11234
10451
9632
8781
7903
6996
6067
5117
4152
3172
2181
1183
182
-820
-1820
-2813
-3798
-4769
-5725
-6662
-7576
-8466
-9328
-10159
-10955
-11716
-12437
-13118
-13755
-14345
-14889
-15385
-15826
-16218
-16556
-16837
-17064
-17234
-17346
-17402
-17398
-17339
-17221
-17046
-16815
-16528
-16185
-15790
-15342
-14842
-14294
-13699
-13058
-12374
-11649
-10884
-10086
-9251
-8387
-7495
-6579
-5639
-4682
-3709
-2725
-1731
-731
272
1273
2270
3261
4238
5203
6150
7079
7980
8859
9706
10522
11302
12046
12749
13411
14026
14596
15118
15589
16009
16376
16688
16945
17146
17290
17376
17406
17376
17290
17147
16945
16688
16377
16010
15589
15119
14597
14027
13411
12750
12047
11304
10522
9708
8860
7982
7079
6152
5205
4240
3261
2272
1274
272
-731
-1729
-2724
-3709
-4682
-5638
-6578
-7495
-8387
-9250
-10084
-10884
-11649
-12373
-13057
-13699
-14294
-14841
-15341
-15790
-16185
-16528
-16815
-17046
-17221
-17339
-17398
-17402
-17346
-17234
-17065
-16837
-16557
-16219
-15827
-15385
-14891
-14346
-13756
-13118
-12439
-11717
-10956
-10159
-9329
-8467
-7578
-6662
-5727
-4771
-3799
-2813
-1822
-822
181
1183
2179
3170
4150
5117
6065
6995
7901
8781
9631
10450
11233
11981
12686
13351
13974
14547
15072
15550
15973
16344
16662
16924
17130
17280
17370
17404
17381
17300
17162
16966
16714
16407
16046
15630
15164
14646
14081
13469
12811
12112
11374
10595
9782
8939
8064
7162
6237
5292
4329
3350
2361
1365
364
-638
-1639
-2633
-3619
-4593
-5553
-6492
-7412
-8307
-9174
-10009
-10812
-11580
-12310
-12997
-13642
-14243
-14794
-15298
-15752
-16151
-16498
-16791
-17027
-17207
-17331
-17395
-17404
-17354
-17246
-17083
-16861
-16583
-16252
-15866
-15427
-14938
-14398
-13811
-13179
-12501
-11783
-11027
-10232
-9405
-8546
-7659
-6747
-5812
-4857
-3888
-2905
-1911
-912
89
1090
2090
3081
4061
5030
5980
6912
7819
8701
9555
10378
11163
11914
12625
13292
13918
14497
15027
15507
15937
16313
16636
16902
17113
17268
17364
17403
17386
17310
17176
16987
16739
16437
16081
15670
15208
14696
14134
13526
12874
12177
11442
10669
9858
9016
8144
7246
6323
5377
4416
3440
2452
1456
455
-546
-1548
-2545
-3531
-4505
-5466
-6408
-7330
-8225
-9095
-9936
-10741
-11511
-12244
-12937
-13585
-14190
-14746
-15254
-15713
-16116
-16469
-16767
-17008
-17192
-17323
-17392
-17405
-17361
-17259
-17099
-16884
-16610
-16284
-15903
-15469
-14984
-14450
-13866
-13238
-12565
-11850
-11097
-10307
-9481
-8627
-7741
-6831
-5898
-4945
-3976
-2995
-2003
-1004
0
1000
1999
2991
3973
4941
5894
6828
7738
8622
9478
10303
11094
11846
12561
13235
13863
14446
14981
15466
15901
16281
16607
16881
17096
17256
17359
17402
17389
17320
17190
17006
16765
16467
16115
15710
15252
14745
14188
13583
12934
12243
11510
10739
9933
9095
8225
7328
6406
5465
4505
3529
2542
1547
546
-457
-1456
-2453
-3441
-4418
-5378
-6324
-7247
-8146
-9017
-9859
-10670
-11444
-12179
-12876
-13528
-14136
-14698
-15210
-15672
-16083
-16439
-16741
-16989
-17179
-17312
-17389
-17406
-17367
-17271
-17116
-16905
-16638
-16316
-15940
-15511
-15030
-14501
-13921
-13295
-12628
-11918
-11167
-10380
-9557
-8705
-7823
-6914
-5983
-5034
-4066
-3083
-2092
-1095
-93
910
1909
2901
3884
4854
5809
6743
7655
8544
9403
10229
11023
11780
12498
13175
13807
14395
14935
15424
15862
16249
16580
16858
17080
17244
17351
17401
17393
17329
17205
17025
16789
16496
16149
15750
15296
14791
14241
13640
12995
12308
11579
10811
10008
9171
8306
7410
6491
5551
4592
3618
2632
1637
638
-365
-1366
-2363
-3351
-4330
-5293
-6239
-7163
-8065
-8940
-9785
-10596
-11376
-12114
-12814
-13471
-14082
-14648
-15166
-15632
-16048
-16409
-16716
-16968
-17164
-17302
-17384
-17407
-17373
-17283
-17132
-16926
-16665
-16347
-15976
-15553
-15075
-14549
-13976
-13355
-12691
-11984
-11237
-10453
-9634
-8783
-7905
-6999
-6069
-5119
-4155
-3174
-2183
-1185
-185
818
1818
2811
3795
4767
5723
6660
7574
8463
9326
10156
10952
11714
12435
13115
13753
14343
14887
15382
15824
16216
16553
16835
17062
17231
17343
17400
17396
17336
17219
17043
16812
16526
16182
15787
15340
14839
14292
13697
13056
12372
11647
10882
10083
9249
8385
7492
6577
5637
4680
3707
2723
1728
728
-275
-1275
-2273
-3263
-4243
-5205
-6153
-7082
-7983
-8861
-9709
-10524
-11305
-12048
-12751
-13413
-14028
-14598
-15120
-15592
-16011
-16378
-16690
-16948
-17149
-17292
-17378
-17408
-17378
-17293
-17149
-16948
-16691
-16379
-16012
-15592
-15122
-14599
-14030
-13413
-12752
-12049
-11306
-10524
-9710
-8863
-7984
-7082
-6155
-5207
-4243
-3263
-2275
-1276
-275
728
1727
2721
3707
4680
5635
6575
7492
8385
9247
10081
10882
11647
12371
13055
13697
14292
14839
15339
15787
16182
16525
16812
17043
17219
17336
17396
17400
17343
17232
17062
16835
16554
16216
15825
15382
14888
14344
13753
13115
12436
11715
10954
10156
9327
8465
7575
6660
5724
4768
3797
2811
1819
819
-183
-1185
-2182
-3172
-4153
-5119
-6068
-6997
-7904
-8783
-9633
-10452
-11235
-11984
-12689
-13354
-13976
-14549
-15074
-15553
-15976
-16347
-16665
-16926
-17132
-17283
-17372
-17407
-17384
-17302
-17164
-16969
-16716
-16409
-16049
-15632
-15166
-14648
-14083
-13472
-12814
-12114
-11377
-10598
-9785
-8940
-8066
-7164
-6239
-5295
-4332
-3353
-2363
-1368
-366
636
1637
2630
3616
4591
5551
6490
7409
8304
9171
10007
10810
11577
12308
12994
13639
14240
14791
15296
15749
16148
16496
16789
17025
17205
17329
17393
17401
17351
17244
17081
16858
16580
16249
15863
15424
14935
14395
13808
13176
12498
11780
11025
10230
9403
8544
7657
6744
5809
4854
3885
2902
1909
910
-91
-1093
-2092
-3083
-4064
-5032
-5983
-6914
-7822
-8703
-9557
-10380
-11166
-11916
-12628
-13294
-13921
-14500
-15030
-15510
-15939
-16316
-16638
-16905
-17115
-17271
-17367
-17406
-17389
-17312
-17179
-16990
-16742
-16439
-16083
-15673
-15211
-14698
-14136
-13529
-12877
-12180
-11444
-10671
-9861
-9019
-8146
-7248
-6325
-5380
-4418
-3443
-2455
-1458
-457
544
1545
2542
3529
4502
5463
6406
7328
8223
9093
9933
10739
11509
12242
12934
13583
14187
14744
15252
15710
16114
16466
16765
17006
17190
17320
17389
17402
17359
17256
17096
16881
16608
16282
15901
15467
14982
14447
13863
13236
12562
11848
11094
10304
9479
8624
7738
6829
5895
4943
3973
2993
2001
1001
0
-1002
-2001
-2994
-3976
-4944
-5896
-6830
-7741
-8625
-9480
-10305
-11097
-11849
-12564
-13237
-13866
-14449
-14983
-15468
-15903
-16283
-16610
-16884
-17099
-17259
-17361
-17405
-17392
-17323
-17193
-17008
-16767
-16469
-16118
-15713
-15254
-14748
-14191
-13585
-12937
-12245
-11512
-10741
-9936
-9097
-8227
-7330
-6408
-5467
-4507
-3531
-2545
-1549
-548
455
1454
2450
3439
4416
5376
6321
7244
8144
9015
9857
10667
11442
12176
12873
13525
14134
14695
15208
15670
16081
16436
16739
16987
17176
17310
17386
17403
17364
17269
17113
16902
16636
16314
15938
15508
15027
14498
13919
13293
12625
11915
11165
10378
9555
8703
7821
6912
5980
5031
4063
3081
2090
1093
90
-912
-1911
-2903
-3886
-4857
-5812
-6746
-7658
-8546
-9405
-10231
-11026
-11783
-12501
-13178
-13810
-14398
-14938
-15426
-15865
-16252
-16582
-16860
-17083
-17246
-17353
-17404
-17395
-17331
-17207
-17027
-16791
-16498
-16152
-15752
-15299
-14794
-14244
-13643
-12998
-12310
-11581
-10813
-10011
-9174
-8308
-7413
-6494
-5553
-4595
-3621
-2634
-1639
-640
362
1364
2361
3349
4328
5290
6237
7160
8062
8937
9782
10594
11373
12112
12811
13468
14080
14646
15164
15629
16045
16407
16714
16966
17161
17300
17381
17404
17370
17280
17130
16924
16663
16344
15973
15551
15073
14547
13974
13352
12688
11981
11234
10451
9632
8781
7903
6996
6067
5117
4152
3172
2181
1183
182
-820
-1820
-2813
-3798
-4769
-5725
-6662
-7576
-8466
-9328
-10159
-10955
-11716
-12437
-13118
-13755
-14345
-14889
-15385
-15826
-16218
-16556
-16837
-17064
-17234
-17346
-17402
-17398
-17339
-17221
-17046
-16815
-16528
-16185
-15790
-15342
-14842
-14294
-13699
-13058
-12374
-11649
-10884
-10086
-9251
-8387
-7495
-6579
-5639
-4682
-3709
-2725
-1731
-731
272
1273
2270
3261
4240
5203
6150
7079
7980
8859
9706
10522
11302
12046
12749
13411
14026
14596
15118
15589
16009
16376
16688
16945
17146
17290
17376
17406
17376
17290
17147
16945
16688
16377
16010
15589
15119
14597
14027
13411
12750
12047
11304
10522
9708
8860
7982
7079
6152
5205
4240
3261
2272
1274
272
-731
-1729
-2724
-3709
-4682
-5638
-6578
-7495
-8387
-9250
-10084
-10884
-11649
-12373
-13057
-13699
-14294
-14841
-15341
-15790
-16185
-16528
-16815
-17046
-17221
-17339
-17398
-17402
-17346
-17234
-17065
-16837
-16557
-16219
-15827
-15385
-14891
-14346
-13756
-13118
-12439
-11717
-10956
-10159
-9329
-8467
-7578
-6662
-5727
-4771
-3799
-2813
-1822
-822
181
1183
2179
3170
4150
5117
6065
6995
7901
8781
9631
10450
11233
11981
12686
13351
13974
14547
15072
15550
15973
16344
16662
16924
17130
17280
17370
17404
17381
17300
17162
16966
16714
16407
16046
15630
15164
14646
14081
13469
12811
12112
11374
10595
9782
8937
8064
7162
6237
5292
4329
3350
2361
1365
364
-638
-1639
-2633
-3619
-4593
-5553
-6492
-7412
-8307
-9174
-10009
-10812
-11580
-12310
-12997
-13642
-14243
-14794
-15298
-15752
-16151
-16498
-16791
-17027
-17207
-17331
-17395
-17404
-17354
-17246
-17083
-16861
-16583
-16252
-15866
-15427
-14938
-14398
-13811
-13179
-12501
-11783
-11027
-10232
-9405
-8546
-7659
-6747
-5812
-4857
-3888
-2905
-1911
-912
89
1090
2090
3081
4061
5030
5980
6912
7819
8701
9555
10378
11163
11914
12625
13292
13918
14497
15027
15507
15937
16313
16636
16902
17113
17268
17364
17403
17386
17310
17176
16987
16739
16437
16081
15670
15208
14696
14134
13526
12874
12177
11442
10669
9858
9016
8144
7246
6323
5377
4416
3440
2452
1456
455
-546
-1548
-2545
-3531
-4505
-5466
-6408
-7330
-8225
-9095
-9936
-10741
-11511
-12244
-12937
-13585
-14190
-14746
-15254
-15713
-16116
-16469
-16767
-17008
-17192
-17323
-17392
-17405
-17361
-17259
-17099
-16884
-16610
-16284
-15903
-15469
-14984
-14450
-13866
-13238
-12565
-11850
-11097
-10307
-9481
-8627
-7741
-6831
-5898
-4945
-3976
-2995
-2003
-1004
0
1000
1999
2991
3973
4941
5894
6828
7738
8622
9478
10303
11094
11846
12561
13235
13863
14446
14981
15466
15901
16281
16607
16881
17096
17256
17359
17402
17389
17320
17190
17006
16765
16467
16115
15710
15252
14745
14188
13583
12934
12243
11510
10739
9933
9095
8225
7328
6406
5465
4505
3529
2542
1547
546
-457
-1456
-2453
-3441
-4418
-5378
-6324
-7247
-8146
-9017
-9859
-10670
-11444
-12179
-12876
-13528
-14136
-14698
-15210
-15672
-16083
-16439
-16741
-16989
-17179
-17312
-17389
-17406
-17367
-17271
-17116
-16905
-16638
-16316
-15940
-15511
-15030
-14501
-13921
-13295
-12628
-11918
-11167
-10380
-9557
-8705
-7823
-6914
-5983
-5034
-4066
-3083
-2092
-1095
-93
910
1909
2901
3884
4854
5809
6743
7655
8544
9403
10229
11023
11780
12498
13175
13807
14395
14935
15424
15862
16249
16580
16858
17080
17244
17351
17401
17393
17329
17205
17025
16789
16496
16149
15750
15296
14791
14241
13640
12995
12308
11579
10811
10008
9171
8306
7410
6491
5551
4592
3618
2632
1637
638
-365
-1366
-2363
-3351
-4330
-5293
-6239
-7163
-8065
-8940
-9785
-10596
-11376
-12114
-12814
-13471
-14082
-14648
-15166
-15632
-16048
-16409
-16716
-16968
-17164
-17302
-17384
-17407
-17373
-17283
-17132
-16926
-16665
-16347
-15976
-15553
-15075
-14549
-13976
-13355
-12691
-11984
-11237
-10453
-9634
-8783
-7905
-6999
-6069
-5119
-4155
-3174
-2183
-1185
-185
818
1818
2811
3795
4767
5723
6660
7574
8463
9326
10156
10952
11714
12435
13115
13753
14343
14887
15382
15824
16216
16553
16835
17062
17231
17343
17400
17396
17336
17219
17043
16812
16526
16182
15787
15340
14839
14292
13697
13056
12372
11647
10882
10083
9249
8385
7492
6577
5637
4680
3707
2723
1728
728
-275
-1275
-2273
-3263
-4243
-5205
-6153
-7082
-7983
-8861
-9709
-10524
-11305
-12048
-12751
-13413
-14028
-14598
-15120
-15592
-16011
-16378
-16690
-16948
-17149
-17292
-17378
-17408
-17378
-17293
-17149
-16948
-16691
-16379
-16012
-15592
-15122
-14599
-14030
-13413
-12752
-12049
-11306
-10524
-9710
-8863
-7984
-7082
-6155
-5207
-4243
-3263
-2275
-1276
-275
728
1727
2721
3707
4680
5635
6575
7492
8385
9247
10081
10882
11647
12371
13055
13697
14292
14839
15339
15787
16182
16525
16812
17043
17219
17336
17396
17400
17343
17232
17062
16835
16554
16216
15825
15382
14888
14344
13753
13115
12436
11715
10954
10156
9327
8465
7575
6660
5724
4768
3797
2811
1819
819
-183
-1185
-2182
-3172
-4153
-5119
-6068
-6997
-7904
-8783
-9633
-10452
-11235
-11984
-12689
-13354
-13976
-14549
-15074
-15553
-15976
-16347
-16665
-16926
-17132
-17283
-17372
-17407
-17384
-17302
-17164
-16969
-16716
-16409
-16049
-15632
-15166
-14648
-14083
-13472
-12814
-12114
-11377
-10598
-9785
-8940
-8066
-7164
-6239
-5295
-4332
-3353
-2363
-1368
-366
636
1637
2630
3616
4591
5551
6490
7409
8304
9171
10007
10810
11577
12308
12994
13639
14240
14791
15296
15749
16148
16496
16789
17025
17205
17329
17393
17401
17351
17244
17081
16858
16580
16249
15863
15424
14935
14395
13808
13176
12498
11780
11025
10230
9403
8544
7657
6744
5809
4854
3885
2902
1909
910
-91
-1093
-2092
-3083
-4064
-5032
-5983
-6914
-7822
-8703
-9557
-10380
-11166
-11916
-12628
-13294
-13921
-14500
-15030
-15510
-15939
-16316
-16638
-16905
-17115
-17271
-17367
-17406
-17389
-17312
-17179
-16990
-16742
-16439
-16083
-15673
-15211
-14698
-14136
-13529
-12877
-12180
-11444
-10671
-9861
-9019
-8146
-7248
-6325
-5380
-4418
-3443
-2455
-1458
-457
544
1545
2542
3529
4502
5463
6406
7328
8223
9093
9933
10739
11509
12242
12934
13583
14187
14744
15252
15710
16114
16466
16765
17006
17190
17320
17389
17402
17359
17256
17096
16881
16608
16282
15901
15467
14982
14447
13863
13236
12562
11848
11094
10304
9479
8624
7738
6829
5895
4943
3973
2993
2001
1001
0
-1002
-2001
-2994
-3976
-4944
-5896
-6830
-7741
-8625
-9480
-10305
-11097
-11849
-12564
-13237
-13866
-14449
-14983
-15468
-15903
-16283
-16610
-16884
-17099
-17259
-17361
-17405
-17392
-17323
-17193
-17008
-16767
-16469
-16118
-15713
-15254
-14748
-14191
-13585
-12937
-12245
-11512
-10741
-9936
-9097
-8227
-7330
-6408
-5467
-4507
-3531
-2545
-1549
-548
455
1456
2450
3439
4416
5376
6321
7244
8144
9015
9857
10667
11442
12176
12873
13525
14134
14695
15208
15670
16081
16436
16739
16987
17176
17310
17386
17403
17364
17269
17113
16902
16636
16314
15938
15508
15027
14498
13919
13293
12625
11915
11165
10378
9555
8703
7821
6912
5980
5031
4063
3081
2090
1093
90
-912
-1911
-2903
-3886
-4857
-5812
-6746
-7658
-8546
-9405
-10231
-11026
-11783
-12501
-13178
-13810
-14398
-14938
-15426
-15865
-16252
-16583
-16860
-17083
-17246
-17353
-17404
-17395
-17331
-17207
-17027
-16791
-16498
-16152
-15752
-15299
-14794
-14244
-13643
-12998
-12310
-11581
-10813
-10011
-9174
-8308
-7413
-6494
-5553
-4595
-3621
-2634
-1639
-640
362
1364
2361
3349
4328
5290
6237
7160
8062
8937
9782
10594
11373
12112
12811
13468
14080
14646
15164
15629
16045
16407
16714
16966
17161
17300
17381
17404
17370
17280
17130
16924
16663
16344
15973
15551
15073
14547
13974
13352
12688
11981
11233
10451
9632
8781
7903
6996
6067
5117
4152
3172
2181
1183
182
-820
-1820
-2813
-3798
-4769
-5725
-6662
-7576
-8466
-9328
-10159
-10955
-11716
-12437
-13118
-13755
-14345
-14889
-15385
-15826
-16218
-16556
-16837
-17064
-17234
-17346
-17402
-17398
-17339
-17221
-17046
-16815
-16528
-16185
-15790
-15342
-14842
-14294
-13699
-13058
-12374
-11649
-10884
-10086
-9251
-8387
-7495
-6579
-5639
-4682
-3709
-2725
-1731
-731
272
1273
2270
3261
4240
5203
6150
7079
7982
8859
9706
10522
11302
12046
12749
13411
14026
14596
15118
15589
16009
16376
16688
16945
17146
17290
17376
17406
17376
17290
17147
16945
16688
16377
16010
15589
15119
14597
14027
13411
12750
12047
11304
10522
9708
8860
7982
7079
6152
5205
4240
3261
2272
1274
272
-731
-1729
-2724
-3709
-4682
-5638
-6578
-7495
-8387
-9250
-10084
-10884
-11649
-12373
-13057
-13699
-14294
-14841
-15341
-15790
-16185
-16528
-16815
-17046
-17221
-17339
-17398
-17402
-17346
-17234
-17065
-16837
-16557
-16219
-15827
-15385
-14891
-14346
-13756
-13118
-12439
-11717
-10956
-10159
-9329
-8467
-7578
-6662
-5727
-4771
-3799
-2813
-1822
-822
181
1183
2179
3170
4150
5117
6065
6995
7901
8781
9631
10450
11233
11981
12686
13351
13974
14547
15072
15550
15973
16344
16662
16924
17130
17280
17370
17404
17381
17300
17162
16966
16714
16407
16046
15630
15164
14646
14081
13469
12811
12112
11374
10595
9782
8937
8064
7162
6237
5290
4329
3350
2361
1365
364
-638
-1639
-2633
-3619
-4593
-5553
-6492
-7412
-8307
-9174
-10009
-10812
-11580
-12310
-12997
-13642
-14243
-14794
-15298
-15752
-16151
-16498
-16791
-17027
-17207
-17331
-17395
-17404
-17354
-17246
-17083
-16861
-16583
-16252
-15866
-15427
-14938
-14398
-13811
-13179
-12501
-11783
-11027
-10232
-9405
-8546
-7659
-6747
-5812
-4857
-3888
-2905
-1911
-912
89
1090
2090
3081
4061
5030
5980
6912
7819
8701
9555
10378
11163
11914
12625
13293
13918
14497
15027
15507
15937
16313
16636
16902
17113
17268
17364
17403
17386
17310
17176
16987
16739
16437
16081
15670
15208
14696
14134
13526
12874
12177
11442
10669
9858
9016
8144
7246
6323
5377
4416
3440
2452
1456
455
-546
-1548
-2545
-3531
-4505
-5466
-6408
-7330
-8225
-9095
-9936
-10741
-11511
-12244
-12937
-13585
-14190
-14746
-15254
-15713
-16116
-16469
-16767
-17008
-17192
-17323
-17392
-17405
-17361
-17259
-17099
-16884
-16610
-16284
-15903
-15468
-14984
-14450
-13866
-13238
-12565
-11850
-11097
-10307
-9481
-8627
-7741
-6831
-5898
-4945
-3976
-2995
-2003
-1004
0
1000
1999
2991
3973
4941
5894
6828
7738
8622
9478
10303
11094
11846
12561
13235
13863
14446
14981
15466
15901
16281
16607
16881
17096
17256
17359
17402
17389
17320
17190
17006
16765
16467
16115
15710
15252
14745
14188
13583
12934
12243
11510
10739
9933
9095
8225
7328
6406
5465
4505
3529
2542
1547
546
-457
-1458
-2453
-3441
-4418
-5378
-6324
-7247
-8146
-9017
-9859
-10670
-11444
-12179
-12876
-13528
-14136
-14698
-15210
-15672
-16083
-16439
-16741
-16989
-17179
-17312
-17389
-17406
-17367
-17271
-17116
-16905
-16638
-16316
-15940
-15511
-15030
-14501
-13921
-13295
-12628
-11918
-11167
-10380
-9557
-8705
-7823
-6914
-5983
-5034
-4066
-3083
-2092
-1095
-93
910
1909
2901
3884
4854
5809
6743
7655
8544
9403
10229
11023
11780
12498
13175
13807
14395
14935
15424
15862
16249
16580
16858
17080
17244
17351
17401
17393
17329
17205
17025
16789
16496
16149
15750
15296
14791
14241
13640
12995
12308
11579
10811
10008
9171
8306
7410
6491
5551
4592
3618
2632
1637
638
-365
-1366
-2363
-3351
-4330
-5293
-6239
-7163
-8065
-8940
-9785
-10596
-11376
-12114
-12814
-13471
-14082
-14648
-15166
-15632
-16048
-16409
-16716
-16968
-17164
-17302
-17384
-17407
-17373
-17283
-17132
-16926
-16665
-16347
-15976
-15553
-15075
-14549
-13976
-13355
-12691
-11984
-11235
-10453
-9634
-8783
-7905
-6999
-6069
-5119
-4155
-3174
-2183
-1185
-185
818
1818
2811
3795
4767
5723
6660
7574
8463
9326
10156
10952
11714
12435
13115
13753
14343
14887
15382
15824
16216
16553
16835
17062
17231
17343
17400
17396
17336
17219
17043
16812
16526
16182
15787
15340
14839
14292
13697
13056
12372
11647
10882
10083
9249
8385
7492
6577
5637
4680
3707
2723
1728
728
-275
-1275
-2273
-3263
-4243
-5205
-6153
-7082
-7984
-8861
-9709
-10524
-11305
-12048
-12751
-13413
-14028
-14598
-15120
-15592
-16011
-16378
-16690
-16948
-17149
-17292
-17378
-17408
-17378
-17293
-17149
-16948
-16691
-16379
-16012
-15592
-15122
-14599
-14030
-13413
-12752
-12049
-11306
-10524
-9710
-8863
-7984
-7082
-6155
-5207
-4243
-3263
-2275
-1276
-275
728
1727
2721
3707
4680
5635
6575
7492
8385
9247
10081
10882
11647
12371
13055
13697
14292
14839
15339
15787
16182
16525
16812
17043
17219
17336
17396
17400
17343
17232
17062
16835
16554
16216
15825
15382
14888
14344
13753
13115
12436
11715
10954
10156
9327
8465
7575
6660
5724
4768
3797
2811
1819
819
-183
-1185
-2182
-3172
-4153
-5119
-6068
-6997
-7904
-8783
-9633
-10452
-11235
-11984
-12689
-13354
-13976
-14549
-15074
-15553
-15976
-16347
-16665
-16926
-17132
-17283
-17372
-17407
-17384
-17302
-17164
-16969
-16716
-16409
-16049
-15632
-15166
-14648
-14083
-13472
-12814
-12114
-11377
-10598
-9785
-8940
-8066
-7164
-6239
-5293
-4332
-3353
-2363
-1368
-366
636
1637
2630
3616
4591
5551
6490
7409
8304
9171
10007
10810
11577
12308
12994
13639
14240
14791
15296
15749
16148
16496
16789
17025
17205
17329
17393
17401
17351
17244
17081
16858
16580
16249
15863
15424
14935
14395
13808
13176
12498
11780
11025
10230
9403
8544
7657
6744
5809
4854
3885
2902
1909
910
-91
-1093
-2092
-3083
-4064
-5032
-5983
-6914
-7822
-8703
-9557
-10380
-11166
-11916
-12628
-13295
-13921
-14500
-15030
-15510
-15939
-16316
-16638
-16905
-17115
-17271
-17367
-17406
-17389
-17312
-17179
-16990
-16742
-16439
-16083
-15673
-15211
-14698
-14136
-13529
-12877
-12180
-11444
-10671
-9861
-9019
-8146
-7248
-6325
-5380
-4418
-3443
-2455
-1458
-457
544
1545
2542
3529
4502
5463
6406
7328
8223
9093
9933
10739
11509
12242
12934
13583
14187
14744
15252
15710
16114
16466
16765
17006
17190
17320
17389
17402
17359
17256
17096
16881
16608
16282
15901
15466
14982
14447
13863
13236
12562
11848
11094
10304
9479
8624
7738
6829
5895
4943
3973
2993
2001
1001
0
-1002
-2001
-2994
-3976
-4944
-5896
-6830
-7741
-8625
-9480
-10305
-11097
-11849
-12564
-13237
-13866
-14449
-14983
-15468
-15903
-16283
-16610
-16884
-17099
-17259
-17361
-17405
-17392
-17323
-17193
-17008
-16767
-16469
-16118
-15713
-15254
-14748
-14191
-13585
-12937
-12245
-11512
-10741
-9936
-9097
-8227
-7330
-6408
-5467
-4507
-3531
-2545
-1549
-548
455
1456
2450
3439
4416
5376
6321
7244
8144
9015
9857
10667
11442
12176
12873
13525
14134
14695
15208
15670
16081
16436
16739
16987
17176
17310
17386
17403
17364
17269
17113
16902
16636
16314
15938
15508
15027
14498
13919
13293
12625
11915
11165
10378
9555
8703
7821
6912
5980
5031
4063
3081
2090
1093
90
-912
-1911
-2903
-3886
-4857
-5812
-6746
-7658
-8546
-9405
-10231
-11026
-11783
-12501
-13178
-13810
-14398
-14938
-15426
-15865
-16252
-16583
-16860
-17083
-17246
-17353
-17404
-17395
-17331
-17207
-17027
-16791
-16498
-16152
-15752
-15299
-14794
-14244
-13643
-12998
-12310
-11581
-10813
-10011
-9174
-8308
-7413
-6494
-5553
-4595
-3621
-2634
-1639
-640
362
1364
2361
3349
4328
5290
6237
7160
8062
8937
9782
10594
11373
12112
12811
13468
14080
14646
15164
15629
16045
16407
16714
16966
17161
17300
17381
17404
17370
17280
17130
16924
16663
16344
15973
15551
15073
14547
13974
13352
12688
11981
11233
10451
9632
8781
7903
6996
6067
5117
4152
3172
2181
1183
182
-820
-1820
-2813
-3798
-4769
-5725
-6662
-7576
-8466
-9328
-10159
-10955
-11716
-12437
-13118
-13755
-14345
-14889
-15385
-15826
-16218
-16556
-16837
-17064
-17234
-17346
-17402
-17398
-17339
-17221
-17046
-16815
-16528
-16185
-15790
-15342
-14842
-14294
-13699
-13058
-12374
-11649
-10884
-10086
-9251
-8387
-7495
-6579
-5639
-4682
-3709
-2725
-1731
-731
272
1273
2270
3261
4240
5203
6150
7079
7982
8859
9706
10522
11302
12046
12749
13411
14026
14596
15118
15589
16009
16376
16688
16945
17146
17290
17376
17406
17376
17290
17147
16945
16688
16377
16010
15589
15119
14597
14027
13411
12750
12047
11304
10522
9708
8860
7982
7079
6152
5205
4240
3261
2272
1274
272
-731
-1729
-2724
-3709
-4682
-5638
-6578
-7495
-8387
-9250
-10084
-10884
-11649
-12373
-13057
-13699
-14294
-14841
-15341
-15790
-16185
-16528
-16815
-17046
-17221
-17339
-17398
-17402
-17346
-17234
-17065
-16837
-16557
-16219
-15827
-15385
-14891
-14346
-13756
-13118
-12439
-11717
-10956
-10159
-9329
-8467
-7578
-6662
-5727
-4771
-3799
-2813
-1822
-822
181
1183
2179
3170
4150
5117
6065
6995
7901
8781
9631
10450
11233
11981
12686
13351
13974
14547
15072
15550
15973
16344
16662
16924
17130
17280
17370
17404
17381
17300
17162
16966
16714
16407
16046
15630
15164
14646
14081
13469
12811
12112
11374
10595
9782
8937
8064
7162
6237
5290
4329
3350
2361
1365
364
-638
-1639
-2633
-3619
-4593
-5553
-6492
-7412
-8307
-9174
-10009
-10812
-11580
-12310
-12997
-13642
-14243
-14794
-15298
-15752
-16151
-16498
-16791
-17027
-17207
-17331
-17395
-17404
-17354
-17246
-17083
-16861
-16583
-16252
-15866
-15427
-14938
-14398
-13811
-13179
-12501
-11783
-11027
-10232
-9405
-8546
-7659
-6747
-5812
-4857
-3888
-2905
-1911
-912
89
1090
2090
3081
4061
5030
5980
6912
7819
8701
9555
10378
11163
11914
12625
13293
13918
14497
15027
15507
15937
16313
16636
16902
17113
17268
17364
17403
17386
17310
17176
16987
16739
16437
16081
15670
15208
14696
14134
13526
12874
12177
11442
10669
9858
9016
8144
7246
6323
5377
4416
3440
2452
1456
455
-546
-1548
-2545
-3531
-4505
-5466
-6408
-7330
-8225
-9095
-9936
-10741
-11511
-12244
-12937
-13585
-14190
-14746
-15254
-15713
-16116
-16469
-16767
-17008
-17192
-17323
-17392
-17405
-17361
-17259
-17099
-16884
-16610
-16284
-15903
-15468
-14984
-14450
-13866
-13238
-12565
-11850
-11097
-10307
-9481
-8627
-7741
-6831
-5898
-4945
-3976
-2995
-2003
-1004
0
1000
1999
2991
3973
4941
5894
6828
7738
8622
9478
10303
11094
11846
12561
13235
13863
14446
14981
15466
15901
16281
16607
16881
17096
17256
17359
17402
17389
17320
17190
17006
16765
16467
16115
15710
15252
14745
14188
13583
12934
12243
11510
10739
9933
9095
8225
7328
6406
5465
4505
3529
2542
1547
546
-457
-1458
-2453
-3441
-4418
-5378
-6324
-7247
-8146
-9017
-9859
-10670
-11444
-12179
-12876
-13528
-14136
-14698
-15210
-15672
-16083
-16439
-16741
-16989
-17179
-17312
-17389
-17406
-17367
-17271
-17116
-16905
-16638
-16316
-15940
-15511
-15030
-14501
-13921
-13295
-12628
-11918
-11167
-10380
-9557
-8705
-7823
-6914
-5983
-5034
-4066
-3083
-2092
-1095
-93
910
1909
2901
3884
4854
5809
6743
7655
8544
9403
10229
11023
11780
12498
13175
13807
14395
14935
15424
15862
16249
16580
16858
17080
17244
17351
17401
17393
17329
17205
17025
16789
16496
16149
15750
15296
14791
14241
13640
12995
12308
11579
10811
10008
9171
8306
7410
6491
5551
4592
3618
2632
1637
638
-365
-1366
-2363
-3351
-4330
-5293
-6239
-7163
-8065
-8940
-9785
-10596
-11376
-12114
-12814
-13471
-14082
-14648
-15166
-15632
-16048
-16409
-16716
-16968
-17164
-17302
-17384
-17407
-17373
-17283
-17132
-16926
-16665
-16347
-15976
-15553
-15075
-14549
-13976
-13355
-12691
-11984
-11235
-10453
-9634
-8783
-7904
-6999
-6069
-5119
-4155
-3174
-2183
-1185
-185
818
1818
2811
3795
4767
5723
6660
7574
8463
9326
10156
10952
11714
12435
13115
13753
14343
14887
15382
15824
16216
16553
16835
17062
17231
17343
17400
17396
17336
17219
17043
16812
16526
16182
15787
15340
14839
14292
13697
13056
12372
11647
10882
10083
9249
8385
7492
6577
5637
4680
3707
2723
1728
728
-275
-1275
-2273
-3263
-4243
-5205
-6153
-7082
-7984
-8861
-9709
-10524
-11306
-12048
-12751
-13413
-14028
-14598
-15120
-15592
-16011
-16378
-16690
-16948
-17149
-17292
-17378
-17408
-17378
-17293
-17149
-16948
-16691
-16379
-16012
-15592
-15122
-14599
-14030
-13413
-12752
-12049
-11306
-10524
-9710
-8863
-7984
-7082
-6155
-5207
-4243
-3263
-2275
-1276
-275
728
1727
2721
3707
4680
5635
6575
7492
8385
9247
10081
10882
11647
12371
13055
13697
14292
14839
15339
15787
16182
16525
16812
17043
17219
17336
17396
17400
17343
17232
17062
16835
16553
16216
15825
15382
14888
14344
13753
13115
12436
11715
10954
10156
9327
8465
7575
6660
5724
4768
3797
2811
1819
819
-183
-1185
-2182
-3172
-4153
-5119
-6068
-6997
-7904
-8783
-9633
-10452
-11235
-11984
-12689
-13354
-13976
-14549
-15074
-15553
-15976
-16347
-16665
-16926
-17132
-17283
-17372
-17407
-17384
-17302
-17164
-16969
-16716
-16409
-16049
-15632
-15166
-14648
-14083
-13472
-12814
-12114
-11377
-10598
-9785
-8940
-8066
-7164
-6239
-5293
-4332
-3353
-2363
-1366
-366
636
1637
2630
3616
4591
5551
6490
7409
8304
9171
10007
10810
11577
12308
12994
13639
14240
14791
15296
15749
16148
16496
16789
17025
17205
17329
17393
17401
17351
17244
17081
16858
16580
16249
15863
15424
14935
14395
13808
13176
12498
11780
11025
10230
9403
8544
7657
6744
5809
4854
3885
2902
1909
910
-91
-1093
-2092
-3083
-4064
-5032
-5983
-6914
-7822
-8703
-9557
-10380
-11166
-11916
-12628
-13295
-13921
-14500
-15030
-15511
-15939
-16316
-16638
-16905
-17115
-17271
-17367
-17406
-17389
-17312
-17179
-16990
-16742
-16439
-16083
-15673
-15211
-14698
-14136
-13529
-12877
-12180
-11444
-10671
-9861
-9019
-8146
-7248
-6325
-5380
-4418
-3443
-2455
-1458
-457
544
1545
2542
3529
4502
5463
6406
7328
8223
9093
9933
10739
11509
12242
12934
13583
14187
14744
15252
15710
16114
16466
16765
17006
17190
17320
17389
17402
17359
17256
17096
16881
16608
16282
15901
15466
14982
14447
13863
13235
12562
11848
11094
10304
9479
8624
7738
6829
5895
4943
3973
2993
2001
1001
0
-1002
-2001
-2994
-3976
-4944
-5896
-6830
-7741
-8625
-9480
-10305
-11097
-11849
-12564
-13237
-13866
-14449
-14983
-15468
-15903
-16283
-16610
-16884
-17099
-17259
-17361
-17405
-17392
-17323
-17193
-17008
-16767
-16469
-16118
-15713
-15254
-14748
-14191
-13585
-12937
-12245
-11512
-10741
-9936
-9097
-8227
-7330
-6408
-5467
-4507
-3531
-2545
-1549
-548
455
1456
2450
3439
4416
5377
6321
7244
8144
9015
9857
10667
11442
12176
12873
13525
14134
14695
15208
15670
16081
16436
16739
16987
17176
17310
17386
17403
17364
17269
17113
16902
16636
16314
15938
15508
15027
14498
13919
13293
12625
11915
11165
10378
9555
8703
7821
6912
5980
5031
4063
3081
2090
1093
90
-912
-1911
-2903
-3886
-4857
-5812
-6746
-7658
-8546
-9405
-10231
-11026
-11783
-12501
-13178
-13810
-14398
-14938
-15426
-15865
-16252
-16583
-16860
-17083
-17246
-17354
-17404
-17395
-17331
-17207
-17027
-16791
-16498
-16152
-15752
-15299
-14794
-14244
-13643
-12998
-12310
-11581
-10813
-10011
-9174
-8308
-7413
-6494
-5553
-4595
-3621
-2634
-1639
-640
362
1364
2361
3349
4328
5290
6237
7160
8062
8937
9782
10594
11373
12112
12811
13468
14080
14646
15164
15629
16045
16407
16714
16966
17161
17300
17381
17404
17370
17280
17130
16924
16663
16344
15973
15551
15073
14547
13974
13352
12688
11981
11233
10451
9632
8781
7901
6996
6067
5117
4152
3172
2181
1183
182
-820
-1820
-2813
-3798
-4769
-5725
-6662
-7576
-8466
-9328
-10159
-10955
-11716
-12437
-13118
-13755
-14345
-14889
-15385
-15826
-16218
-16556
-16837
-17064
-17234
-17346
-17402
-17398
-17339
-17221
-17046
-16815
-16528
-16185
-15790
-15342
-14842
-14294
-13699
-13058
-12374
-11649
-10884
-10086
-9251
-8387
-7495
-6579
-5639
-4682
-3709
-2725
-1731
-731
272
1273
2270
3261
4240
5203
6150
7079
7982
8859
9706
10522
11304
12046
12749
13411
14026
14596
15118
15589
16009
16376
16688
16945
17146
17290
17376
17406
17376
17290
17147
16945
16688
16377
16010
15589
15119
14597
14027
13411
12750
12047
11304
10522
9708
8860
7982
7079
6152
5205
4240
3261
2272
1274
272
-731
-1729
-2724
-3709
-4682
-5638
-6578
-7495
-8387
-9250
-10084
-10884
-11649
-12373
-13057
-13699
-14294
-14841
-15341
-15790
-16185
-16528
-16815
-17046
-17221
-17339
-17398
-17402
-17346
-17234
-17065
-16837
-16556
-16219
-15827
-15385
-14891
-14346
-13756
-13118
-12439
-11717
-10956
-10159
-9329
-8467
-7578
-6662
-5727
-4771
-3799
-2813
-1822
-822
181
1183
2179
3170
4150
5117
6065
6995
7901
8781
9631
10450
11233
11981
12686
13351
13974
14547
15072
15550
15973
16344
16662
16924
17130
17280
17370
17404
17381
17300
17162
16966
16714
16407
16046
15630
15164
14646
14081
13469
12811
12112
11374
10595
9782
8937
8064
7162
6237
5290
4329
3350
2361
1364
364
-638
-1639
-2633
-3619
-4593
-5553
-6492
-7412
-8307
-9174
-10009
-10812
-11580
-12310
-12997
-13642
-14243
-14794
-15298
-15752
-16151
-16498
-16791
-17027
-17207
-17331
-17395
-17404
-17354
-17246
-17083
-16861
-16583
-16252
-15866
-15427
-14938
-14398
-13811
-13179
-12501
-11783
-11027
-10232
-9405
-8546
-7659
-6747
-5812
-4857
-3888
-2905
-1911
-912
89
1090
2090
3081
4061
5030
5980
6912
7819
8701
9555
10378
11163
11914
12625
13293
13918
14497
15027
15508
15937
16313
16636
16902
17113
17268
17364
17403
17386
17310
17176
16987
16739
16437
16081
15670
15208
14696
14134
13526
12874
12177
11442
10669
9858
9016
8144
7246
6323
5377
4416
3440
2452
1456
455
-546
-1548
-2545
-3531
-4505
-5466
-6408
-7330
-8225
-9095
-9936
-10741
-11511
-12244
-12937
-13585
-14190
-14746
-15254
-15713
-16116
-16469
-16767
-17008
-17192
-17323
-17392
-17405
-17361
-17259
-17099
-16884
-16610
-16284
-15903
-15468
-14984
-14450
-13866
-13237
-12565
-11850
-11097
-10307
-9481
-8627
-7741
-6831
-5898
-4945
-3976
-2995
-2003
-1004
0
1000
1999
2991
3973
4941
5894
6828
7738
8622
9478
10303
11094
11846
12561
13235
13863
14446
14981
15466
15901
16281
16607
16881
17096
17256
17359
17402
17389
17320
17190
17006
16765
16467
16115
15710
15252
14745
14188
13583
12934
12243
11510
10739
9933
9095
8225
7328
6406
5465
4505
3529
2542
1547
546
-457
-1458
-2453
-3441
-4418
-5380
-6324
-7247
-8146
-9017
-9859
-10670
-11444
-12179
-12876
-13528
-14136
-14698
-15210
-15672
-16083
-16439
-16741
-16989
-17179
-17312
-17389
-17406
-17367
-17271
-17116
-16905
-16638
-16316
-15940
-15511
-15030
-14501
-13921
-13295
-12628
-11918
-11167
-10380
-9557
-8705
-7823
-6914
-5983
-5034
-4066
-3083
-2092
-1095
-93
910
1909
2901
3884
4854
5809
6743
7655
8544
9403
10229
11023
11780
12498
13175
13807
14395
14935
15424
15862
16249
16580
16858
17080
17244
17351
17401
17393
17329
17205
17025
16789
16496
16149
15750
15296
14791
14241
13640
12995
12308
11579
10811
10008
9171
8306
7410
6491
5551
4592
3618
2632
1637
638
-365
-1366
-2363
-3351
-4330
-5293
-6239
-7163
-8065
-8940
-9785
-10596
-11376
-12114
-12814
-13471
-14082
-14648
-15166
-15632
-16048
-16409
-16716
-16968
-17164
-17302
-17384
-17407
-17373
-17283
-17132
-16926
-16665
-16347
-15976
-15553
-15075
-14549
-13976
-13355
-12691
-11984
-11235
-10453
-9634
-8783
-7904
-6999
-6069
-5119
-4155
-3174
-2183
-1185
-185
818
1818
2811
3795
4767
5723
6660
7574
8463
9326
10156
10952
11714
12435
13115
13753
14343
14887
15382
15824
16216
16553
16835
17062
17231
17343
17400
17396
17336
17219
17043
16812
16526
16182
15787
15340
14839
14292
13697
13056
12372
11647
10882
10083
9249
8385
7492
6577
5637
4680
3707
2723
1728
728
-275
-1275
-2273
-3263
-4243
-5205
-6153
-7082
-7984
-8861
-9709
-10524
-11306
-12048
-12751
-13413
-14028
-14598
-15120
-15592
-16011
-16378
-16690
-16948
-17149
-17292
-17378
-17408
-17378
-17293
-17149
-16948
-16691
-16379
-16012
-15592
-15122
-14599
-14030
-13413
-12752
-12049
-11306
-10524
-9710
-8863
-7984
-7082
-6155
-5207
-4243
-3263
-2275
-1276
-275
728
1727
2721
3707
4680
5635
6575
7492
8385
9247
10081
10882
11647
12371
13055
13697
14292
14839
15339
15787
16182
16525
16812
17043
17219
17336
17396
17400
17343
17232
17062
16835
16553
16216
15825
15382
14888
14344
13753
13115
12436
11715
10954
10156
9327
8465
7575
6660
5724
4768
3797
2811
1819
819
-183
-1185
-2182
-3172
-4153
-5119
-6068
-6997
-7904
-8783
-9633
-10452
-11235
-11984
-12689
-13354
-13976
-14549
-15074
-15553
-15976
-16347
-16665
-16926
-17132
-17283
-17372
-17407
-17384
-17302
-17164
-16969
-16716
-16409
-16049
-15632
-15166
-14648
-14083
-13472
-12814
-12114
-11377
-10598
-9785
-8940
-8066
-7164
-6239
-5293
-4332
-3353
-2363
-1366
-366
636
1637
2630
3616
4591
5551
6490
7409
8304
9171
10007
10810
11577
12308
12994
13639
14240
14791
15296
15749
16148
16496
16789
17025
17205
17329
17393
17401
17351
17244
17081
16858
16580
16249
15863
15424
14935
14395
13808
13176
12498
11780
11025
10230
9403
8544
7657
6744
5809
4854
3885
2902
1909
910
-91
-1093
-2092
-3083
-4064
-5032
-5983
-6914
-7822
-8703
-9557
-10380
-11166
-11916
-12628
-13295
-13921
-14500
-15030
-15511
-15939
-16316
-16638
-16905
-17115
-17271
-17367
-17406
-17389
-17312
-17179
-16990
-16742
-16439
-16083
-15673
-15211
-14698
-14136
-13529
-12877
-12180
-11444
-10671
-9861
-9019
-8146
-7248
-6325
-5380
-4418
-3443
-2455
-1458
-457
544
1545
2542
3529
4502
5463
6406
7328
8223
9093
9933
10739
11509
12242
12934
13583
14187
14744
15252
15710
16114
16466
16765
17006
17190
17320
17389
17402
17359
17256
17096
16881
16608
16282
15901
15466
14982
14447
13863
13235
12562
11848
11094
10304
9479
8624
7738
6829
5895
4943
3973
2993
2001
1001
0
-1002
-2001
-2994
-3976
-4944
-5896
-6830
-7741
-8625
-9480
-10305
-11097
-11849
-12564
-13237
-13866
-14449
-14983
-15468
-15903
-16283
-16610
-16884
-17099
-17259
-17361
-17405
-17392
-17323
-17193
-17008
-16767
-16469
-16118
-15713
-15254
-14748
-14191
-13585
-12937
-12245
-11512
-10741
-9936
-9097
-8227
-7330
-6408
-5467
-4507
-3531
-2545
-1549
-548
455
1456
2450
3439
4416
5377
6321
7244
8144
9015
9857
10667
11442
12176
12873
13525
14134
14695
15208
15670
16081
16436
16739
16987
17176
17310
17386
17403
17364
17269
17113
16902
16636
16314
15938
15508
15027
14498
13919
13293
12625
11915
11165
10378
9555
8703
7821
6912
5980
5031
4063
3081
2090
1093
90
-912
-1911
-2903
-3886
-4857
-5812
-6746
-7658
-8546
-9405
-10231
-11026
-11783
-12501
-13178
-13810
-14398
-14938
-15426
-15865
-16252
-16583
-16860
-17083
-17246
-17354
-17404
-17395
-17331
-17207
-17027
-16791
-16498
-16152
-15752
-15299
-14794
-14244
-13643
-12998
-12310
-11581
-10813
-10011
-9174
-8308
-7413
-6494
-5553
-4595
-3621
-2634
-1639
-640
362
1364
2361
3349
4328
5290
6237
7160
8062
8937
9782
10594
11373
12112
12811
13468
14080
14646
15164
15629
16045
16407
16714
16966
17161
17300
17381
17404
17370
17280
17130
16924
16663
16344
15973
15551
15073
14547
13974
13352
12688
11981
11233
10451
9632
8781
7901
6996
6067
5117
4152
3172
2181
1183
182
-820
-1820
-2813
-3798
-4769
-5725
-6662
-7576
-8466
-9328
-10159
-10955
-11716
-12437
-13118
-13755
-14345
-14889
-15385
-15826
-16218
-16556
-16837
-17064
-17234
-17346
-17402
-17398
-17339
-17221
-17046
-16815
-16528
-16185
-15790
-15342
-14842
-14294
-13699
-13058
-12374
-11649
-10884
-10086
-9251
-8387
-7495
-6579
-5639
-4682
-3709
-2725
-1731
-731
272
1273
2270
3261
4240
5203
6150
7079
7982
8859
9706
10522
11304
12046
12749
13411
14027
14596
15118
15589
16009
16376
16688
16945
17146
17290
17376
17406
17376
17290
17147
16945
16688
16377
16010
15589
15119
14597
14027
13411
12750
12047
11304
10522
9708
8860
7982
7079
6152
5205
4240
3261
2272
1274
272
-731
-1729
-2724
-3709
-4682
-5638
-6578
-7495
-8387
-9250
-10084
-10884
-11649
-12373
-13057
-13699
-14294
-14841
-15341
-15790
-16185
-16528
-16815
-17046
-17221
-17339
-17398
-17402
-17346
-17234
-17065
-16837
-16556
-16219
-15827
-15385
-14889
-14346
-13756
-13118
-12439
-11717
-10956
-10159
-9329
-8467
-7578
-6662
-5727
-4771
-3799
-2813
-1822
-822
181
1183
2179
3170
4150
5117
6065
6995
7901
8781
9631
10450
11233
11981
12686
13351
13974
14547
15072
15550
15973
16344
16662
16924
17130
17280
17370
17404
17381
17300
17162
16966
16714
16407
16046
15630
15164
14646
14081
13469
12811
12112
11374
10595
9782
8937
8064
7162
6237
5290
4329
3350
2361
1364
364
-638
-1639
-2634
-3619
-4593
-5553
-6492
-7412
-8307
-9174
-10009
-10812
-11580
-12310
-12997
-13642
-14243
-14794
-15298
-15752
-16151
-16498
-16791
-17027
-17207
-17331
-17395
-17404
-17354
-17246
-17083
-16861
-16583
-16252
-15866
-15427
-14938
-14398
-13811
-13179
-12501
-11783
-11027
-10232
-9405
-8546
-7659
-6747
-5812
-4857
-3888
-2905
-1911
-912
89
1090
2090
3081
4061
5030
5980
6912
7819
8701
9555
10378
11163
11914
12625
13293
13918
14497
15027
15508
15937
16313
16636
16902
17113
17268
17364
17403
17386
17310
17176
16987
16739
16437
16081
15670
15208
14696
14134
13526
12874
12177
11442
10669
9858
9016
8144
7246
6323
5377
4416
3440
2452
1456
455
-546
-1548
-2545
-3531
-4505
-5466
-6408
-7330
-8225
-9095
-9936
-10741
-11511
-12244
-12937
-13585
-14190
-14746
-15254
-15713
-16116
-16469
-16767
-17008
-17192
-17323
-17392
-17405
-17361
-17259
-17099
-16884
-16610
-16284
-15903
-15468
-14984
-14450
-13866
-13237
-12565
-11850
-11097
-10305
-9481
-8627
-7741
-6831
-5898
-4945
-3976
-2995
-2003
-1004
0
1000
1999
2991
3973
4941
5894
6828
7738
8622
9478
10303
11094
11846
12561
13235
13863
14446
14981
15466
15901
16281
16607
16881
17096
17256
17359
17402
17389
17320
17190
17006
16765
16467
16115
15710
15252
14745
14188
13583
12934
12243
11510
10739
9933
9095
8225
7328
6406
5465
4505
3529
2542
1547
546
-457
-1458
-2453
-3441
-4418
-5380
-6324
-7247
-8146
-9019
-9859
-10670
-11444
-12179
-12876
-13528
-14136
-14698
-15210
-15672
-16083
-16439
-16741
-16989
-17179
-17312
-17389
-17406
-17367
-17271
-17116
-16905
-16638
-16316
-15940
-15511
-15030
-14501
-13921
-13295
-12628
-11918
-11167
-10380
-9557
-8705
-7823
-6914
-5983
-5034
-4066
-3083
-2092
-1095
-93
910
1909
2901
3884
4854
5809
6743
7655
8544
9403
10229
11023
11780
12498
13175
13807
14395
14935
15424
15862
16249
16580
16858
17080
17244
17351
17401
17393
17329
17205
17025
16789
16496
16149
15750
15296
14791
14241
13640
12995
12308
11579
10811
10008
9171
8306
7410
6491
5551
4592
3618
2632
1637
638
-365
-1366
-2363
-3351
-4330
-5293
-6239
-7163
-8065
-8940
-9785
-10596
-11376
-12114
-12814
-13471
-14082
-14648
-15166
-15632
-16048
-16409
-16716
-16968
-17164
-17302
-17384
-17407
-17373
-17283
-17132
-16926
-16665
-16347
-15976
-15553
-15075
-14549
-13976
-13355
-12691
-11984
-11235
-10453
-9634
-8783
-7904
-6999
-6069
-5119
-4153
-3174
-2183
-1185
-185
818
1818
2811
3795
4767
5723
6660
7574
8463
9326
10156
10952
11714
12435
13115
13753
14343
14887
15382
15824
16216
16553
16835
17062
17231
17343
17400
17396
17336
17219
17043
16812
16526
16182
15787
15340
14839
14292
13697
13056
12372
11647
10882
10083
9249
8385
7492
6577
5637
4680
3707
2723
1728
728
-275
-1275
-2273
-3263
-4243
-5205
-6153
-7082
-7984
-8861
-9709
-10524
-11306
-12048
-12751
-13413
-14030
-14598
-15120
-15592
-16011
-16378
-16690
-16948
-17149
-17292
-17378
-17408
-17378
-17293
-17149
-16948
-16691
-16379
-16012
-15592
-15122
-14599
-14030
-13413
-12752
-12049
-11306
-10524
-9710
-8863
-7984
-7082
-6155
-5207
-4243
-3263
-2275
-1276
-275
728
1727
2721
3707
4680
5635
6575
7492
8385
9247
10081
10882
11647
12371
13055
13697
14292
14839
15339
15787
16182
16525
16812
17043
17219
17336
17396
17400
17343
17232
17062
16835
16553
16216
15825
15382
14887
14344
13753
13115
12436
11715
10954
10156
9327
8465
7575
6660
5724
4768
3797
2811
1819
819
-183
-1185
-2182
-3172
-4153
-5119
-6068
-6997
-7904
-8783
-9633
-10452
-11235
-11984
-12689
-13354
-13976
-14549
-15074
-15553
-15976
-16347
-16665
-16926
-17132
-17283
-17372
-17407
-17384
-17302
-17164
-16969
-16716
-16409
-16049
-15632
-15166
-14648
-14083
-13472
-12814
-12114
-11377
-10598
-9785
-8940
-8066
-7164
-6239
-5293
-4332
-3353
-2363
-1366
-366
636
1637
2632
3616
4591
5551
6490
7409
8304
9171
10007
10810
11577
12308
12994
13639
14240
14791
15296
15749
16148
16496
16789
17025
17205
17329
17393
17401
17351
17244
17081
16858
16580
16249
15863
15424
14935
14395
13808
13176
12498
11780
11025
10230
9403
8544
7657
6744
5809
4854
3885
2902
1909
910
-91
-1093
-2092
-3083
-4064
-5032
-5983
-6914
-7822
-8703
-9557
-10380
-11166
-11916
-12628
-13295
-13921
-14500
-15030
-15511
-15939
-16316
-16638
-16905
-17115
-17271
-17367
-17406
-17389
-17312
-17179
-16990
-16742
-16439
-16083
-15673
-15211
-14698
-14136
-13529
-12877
-12180
-11444
-10671
-9861
-9019
-8146
-7248
-6325
-5380
-4418
-3443
-2455
-1458
-457
544
1545
2542
3529
4502
5463
6406
7328
8223
9093
9933
10739
11509
12242
12934
13583
14187
14744
15252
15710
16114
16466
16765
17006
17190
17320
17389
17402
17359
17256
17096
16881
16608
16282
15901
15466
14982
14447
13863
13235
12562
11848
11094
10303
9479
8624
7738
6829
5895
4943
3973
2993
2001
1001
0
-1002
-2001
-2994
-3976
-4944
-5896
-6830
-7741
-8625
-9480
-10305
-11097
-11849
-12564
-13237
-13866
-14449
-14983
-15468
-15903
-16283
-16610
-16884
-17099
-17259
-17361
-17405
-17392
-17323
-17193
-17008
-16767
-16469
-16118
-15713
-15254
-14748
-14191
-13585
-12937
-12245
-11512
-10741
-9936
-9097
-8227
-7330
-6408
-5467
-4507
-3531
-2545
-1549
-548
455
1456
2450
3439
4416
5377
6321
7244
8144
9016
9857
10667
11442
12176
12873
13525
14134
14695
15208
15670
16081
16436
16739
16987
17176
17310
17386
17403
17364
17269
17113
16902
16636
16314
15938
15508
15027
14498
13919
13293
12625
11915
11165
10378
9555
8703
7821
6912
5980
5031
4063
3081
2090
1093
90
-912
-1911
-2903
-3886
-4857
-5812
-6746
-7658
-8546
-9405
-10231
-11026
-11783
-12501
-13178
-13810
-14398
-14938
-15426
-15865
-16252
-16583
-16860
-17083
-17246
-17354
-17404
-17395
-17331
-17207
-17027
-16791
-16498
-16152
-15752
-15299
-14794
-14244
-13643
-12998
-12310
-11581
-10813
-10011
-9174
-8308
-7413
-6494
-5553
-4595
-3621
-2634
-1639
-640
362
1364
2361
3349
4328
5290
6237
7160
8062
8937
9782
10594
11373
12112
12811
13468
14080
14646
15164
15629
16045
16407
16714
16966
17161
17300
17381
17404
17370
17280
17130
16924
16663
16344
15973
15551
15073
14547
13974
13352
12688
11981
11233
10451
9632
8781
7901
6996
6067
5117
4150
3172
2181
1183
182
-820
-1820
-2813
-3798
-4769
-5725
-6662
-7576
-8466
-9328
-10159
-10955
-11716
-12437
-13118
-13755
-14345
-14889
-15385
-15826
-16218
-16556
-16837
-17064
-17234
-17346
-17402
-17398
-17339
-17221
-17046
-16815
-16528
-16185
-15790
-15342
-14842
-14294
-13699
-13058
-12374
-11649
-10884
-10086
-9251
-8387
-7495
-6579
-5639
-4682
-3709
-2725
-1731
-731
272
1273
2270
3261
4240
5203
6150
7079
7982
8859
9706
10522
11304
12046
12749
13411
14027
14596
15118
15589
16009
16376
16688
16945
17146
17290
17376
17406
17376
17290
17147
16945
16688
16377
16010
15589
15119
14597
14027
13411
12750
12047
11304
10522
9708
8860
7982
7079
6152
5205
4240
3261
2272
1274
272
-731
-1729
-2724
-3709
-4682
-5638
-6578
-7495
-8387
-9250
-10084
-10884
-11649
-12373
-13057
-13699
-14294
-14841
-15341
-15790
-16185
-16528
-16815
-17046
-17221
-17339
-17398
-17402
-17346
-17234
-17065
-16837
-16556
-16219
-15827
-15385
-14889
-14346
-13756
-13118
-12439
-11717
-10956
-10159
-9329
-8467
-7578
-6662
-5727
-4771
-3799
-2813
-1822
-822
181
1183
2179
3170
4150
5117
6065
6995
7901
8781
9631
10450
11233
11981
12686
13351
13974
14547
15072
15550
15973
16344
16662
16924
17130
17280
17370
17404
17381
17300
17162
16966
16714
16407
16046
15630
15164
14646
14081
13469
12811
12112
11374
10595
9782
8937
8064
7162
6237
5290
4329
3350
2361
1364
364
-638
-1639
-2634
-3619
-4593
-5553
-6492
-7412
-8307
-9174
-10009
-10812
-11580
-12310
-12997
-13642
-14243
-14794
-15298
-15752
-16151
-16498
-16791
-17027
-17207
-17331
-17395
-17404
-17354
-17246
-17083
-16861
-16583
-16252
-15866
-15427
-14938
-14398
-13811
-13179
-12501
-11783
-11027
-10232
-9405
-8546
-7659
-6747
-5812
-4857
-3888
-2905
-1911
-912
89
1090
2090
3081
4061
5030
5980
6912
7819
8701
9555
10378
11163
11914
12625
13293
13918
14497
15027
15508
15937
16313
16636
16902
17113
17268
17364
17403
17386
17310
17176
16987
16739
16437
16081
15670
15208
14696
14134
13526
12874
12177
11442
10669
9858
9016
8144
7246
6323
5377
4416
3440
2452
1456
455
-546
-1548
-2545
-3531
-4505
-5466
-6408
-7330
-8225
-9095
-9936
-10741
-11511
-12244
-12937
-13585
-14190
-14746
-15254
-15713
-16116
-16469
-16767
-17008
-17192
-17323
-17392
-17405
-17361
-17259
-17099
-16884
-16610
-16284
-15903
-15468
-14984
-14450
-13866
-13237
-12565
-11850
-11097
-10305
-9481
-8627
-7741
-6831
-5898
-4945
-3976
-2995
-2003
-1004
0
1000
1999
2991
3973
4941
5894
6828
7738
8622
9478
10303
11094
11846
12561
13235
13863
14446
14981
15466
15901
16281
16607
16881
17096
17256
17359
17402
17389
17320
17190
17006
16765
16467
16115
15710
15252
14745
14188
13583
12934
12243
11510
10739
9933
9095
8225
7328
6406
5465
4505
3529
2542
1547
546
-457
-1458
-2453
-3441
-4418
-5380
-6324
-7247
-8146
-9019
-9859
-10670
-11444
-12179
-12876
-13528
-14136
-14698
-15210
-15672
-16083
-16439
-16741
-16989
-17179
-17312
-17389
-17406
-17367
-17271
-17116
-16905
-16638
-16316
-15940
-15511
-15030
-14501
-13921
-13295
-12628
-11918
-11167
-10380
-9557
-8705
-7823
-6914
-5983
-5034
-4066
-3083
-2092
-1095
-93
910
1909
2901
3884
4854
5809
6743
7655
8544
9403
10229
11023
11780
12498
13175
13807
14395
14935
15424
15862
16249
16580
16858
17080
17244
17351
17401
17393
17329
17205
17025
16789
16496
16149
15750
15296
14791
14241
13640
12995
12308
11579
10811
10008
9171
8306
7410
6491
5551
4592
3618
2632
1637
638
-365
-1366
-2363
-3351
-4330
-5293
-6239
-7163
-8065
-8940
-9785
-10596
-11376
-12114
-12814
-13471
-14082
-14648
-15166
-15632
-16048
-16409
-16716
-16968
-17164
-17302
-17384
-17407
-17373
-17283
-17132
-16926
-16665
-16347
-15976
-15553
-15075
-14549
-13976
-13355
-12691
-11984
-11235
-10453
-9634
-8783
-7904
-6999
-6069
-5119
-4153
-3174
-2183
-1185
-185
818
1818
2811
3795
4767
5723
6660
7574
8463
9326
10156
10952
11714
12435
13115
13753
14343
14887
15382
15824
16216
16553
16835
17062
17231
17343
17400
17396
17336
17219
17043
16812
16526
16182
15787
15340
14839
14292
13697
13056
12372
11647
10882
10083
9249
8385
7492
6577
5637
4680
3707
2723
1728
728
-275
-1275
-2273
-3263
-4243
-5205
-6153
-7082
-7984
-8861
-9709
-10524
-11306
-12048
-12751
-13413
-14030
-14598
-15120
-15592
-16011
-16378
-16690
-16948
-17149
-17292
-17378
-17408
-17378
-17293
-17149
-16948
-16691
-16379
-16012
-15592
-15122
-14599
-14030
-13413
-12752
-12049
-11306
-10524
-9710
-8863
-7984
-7082
-6155
-5207
-4243
-3263
-2275
-1276
-275
728
1727
2721
3707
4680
5635
6575
7492
8385
9247
10081
10882
11647
12371
13055
13697
14292
14839
15339
15787
16182
16525
16812
17043
17219
17336
17396
17400
17343
17232
17062
16835
16553
16216
15825
15382
14887
14344
13753
13115
12435
11715
10954
10156
9327
8465
7575
6660
5724
4768
3797
2811
1819
819
-183
-1185
-2182
-3172
-4153
-5119
-6068
-6997
-7904
-8783
-9633
-10452
-11235
-11984
-12689
-13354
-13976
-14549
-15074
-15553
-15976
-16347
-16665
-16926
-17132
-17283
-17372
-17407
-17384
-17302
-17164
-16969
-16716
-16409
-16049
-15632
-15166
-14648
-14083
-13472
-12814
-12114
-11377
-10598
-9785
-8940
-8066
-7164
-6239
-5293
-4332
-3353
-2363
-1366
-366
636
1637
2632
3616
4591
5551
6491
7409
8304
9171
10007
10810
11577
12308
12994
13639
14240
14791
15296
15749
16148
16496
16789
17025
17205
17329
17393
17401
17351
17244
17081
16858
16580
16249
15863
15424
14935
14395
13808
13176
12498
11780
11025
10230
9403
8544
7657
6744
5809
4854
3885
2902
1909
910
-91
-1093
-2092
-3083
-4064
-5032
-5983
-6914
-7822
-8703
-9557
-10380
-11166
-11916
-12628
-13295
-13921
-14500
-15030
-15511
-15939
-16316
-16638
-16905
-17115
-17271
-17367
-17406
-17389
-17312
-17179
-16990
-16742
-16439
-16083
-15673
-15211
-14698
-14136
-13529
-12877
-12180
-11444
-10671
-9861
-9019
-8146
-7248
-6325
-5380
-4418
-3443
-2455
-1458
-457
544
1545
2542
3529
4502
5463
6406
7328
8223
9093
9933
10739
11509
12242
12934
13583
14187
14744
15252
15710
16114
16466
16765
17006
17190
17320
17389
17402
17359
17256
17096
16881
16608
16282
15901
15466
14982
14447
13863
13235
12562
11848
11094
10303
9479
8624
7738
6828
5895
4943
3973
2993
2001
1001
0
-1002
-2001
-2994
-3976
-4944
-5896
-6830
-7741
-8625
-9480
-10305
-11097
-11849
-12564
-13237
-13866
-14449
-14983
-15468
-15903
-16283
-16610
-16884
-17099
-17259
-17361
-17405
-17392
-17323
-17193
-17008
-16767
-16469
-16118
-15713
-15254
-14748
-14191
-13585
-12937
-12245
-11512
-10741
-9936
-9097
-8227
-7330
-6408
-5467
-4507
-3531
-2545
-1549
-548
455
1456
2450
3439
4416
5377
6321
7244
8144
9016
9857
10667
11442
12177
12873
13525
14134
14695
15208
15670
16081
16436
16739
16987
17176
17310
17386
17403
17364
17269
17113
16902
16636
16314
15938
15508
15027
14498
13919
13293
12625
11915
11165
10378
9555
8703
7821
6912
5980
5031
4063
3081
2090
1093
90
-912
-1911
-2903
-3886
-4857
-5812
-6746
-7658
-8546
-9405
-10231
-11026
-11783
-12501
-13178
-13810
-14398
-14938
-15426
-15865
-16252
-16583
-16860
-17083
-17246
-17354
-17404
-17395
-17331
-17207
-17027
-16791
-16498
-16151
-15752
-15299
-14794
-14244
-13643
-12998
-12310
-11581
-10813
-10011
-9174
-8308
-7413
-6494
-5553
-4595
-3621
-2634
-1639
-640
362
1364
2361
3349
4328
5290
6237
7160
8062
8937
9782
10594
11373
12112
12811
13468
14080
14646
15164
15629
16045
16407
16714
16966
17161
17300
17381
17404
17370
17280
17130
16924
16663
16344
15973
15551
15073
14547
13974
13352
12688
11981
11233
10451
9632
8781
7901
6996
6067
5117
4150
3172
2181
1183
181
-820
-1820
-2813
-3798
-4769
-5725
-6662
-7576
-8466
-9328
-10159
-10955
-11716
-12437
-13118
-13755
-14345
-14889
-15385
-15826
-16218
-16556
-16837
-17064
-17234
-17346
-17402
-17398
-17339
-17221
-17046
-16815
-16528
-16185
-15790
-15342
-14842
-14294
-13699
-13058
-12374
-11649
-10884
-10086
-9251
-8387
-7495
-6579
-5639
-4682
-3709
-2725
-1731
-731
272
1273
2270
3261
4240
5203
6150
7079
7982
8859
9706
10522
11304
12046
12749
13411
14027
14596
15118
15589
16010
16376
16688
16945
17146
17290
17376
17406
17376
17290
17147
16945
16688
16377
16010
15589
15119
14597
14027
13411
12750
12047
11304
10522
9708
8860
7982
7079
6152
5205
4240
3261
2272
1274
272
-731
-1729
-2724
-3709
-4682
-5638
-6578
-7495
-8387
-9250
-10084
-10884
-11649
-12373
-13057
-13699
-14294
-14841
-15341
-15790
-16185
-16528
-16815
-17046
-17221
-17339
-17398
-17402
-17346
-17234
-17065
-16837
-16556
-16219
-15827
-15385
-14889
-14346
-13756
-13118
-12437
-11717
-10956
-10159
-9329
-8467
-7578
-6662
-5727
-4771
-3799
-2813
-1822
-822
181
1183
2179
3170
4150
5117
6065
6995
7901
8781
9631
10450
11233
11981
12686
13351
13974
14547
15072
15550
15973
16344
16662
16924
17130
17280
17370
17404
17381
17300
17162
16966
16714
16407
16046
15630
15164
14646
14081
13469
12811
12112
11374
10595
9782
8937
8064
7162
6237
5290
4329
3350
2361
1364
364
-638
-1639
-2634
-3619
-4593
-5553
-6494
-7412
-8307
-9174
-10009
-10812
-11580
-12310
-12997
-13642
-14243
-14794
-15298
-15752
-16151
-16498
-16791
-17027
-17207
-17331
-17395
-17404
-17354
-17246
-17083
-16861
-16583
-16252
-15866
-15427
-14938
-14398
-13811
-13179
-12501
-11783
-11027
-10232
-9405
-8546
-7659
-6747
-5812
-4857
-3888
-2905
-1911
-912
89
1090
2090
3081
4061
5030
5980
6912
7819
8701
9555
10378
11163
11914
12625
13293
13918
14497
15027
15508
15937
16313
16636
16902
17113
17268
17364
17403
17386
17310
17176
16987
16739
16437
16081
15670
15208
14696
14134
13526
12874
12177
11442
10669
9858
9016
8144
7246
6323
5377
4416
3440
2452
1456
455
-546
-1548
-2545
-3531
-4505
-5466
-6408
-7330
-8225
-9095
-9936
-10741
-11511
-12244
-12937
-13585
-14190
-14746
-15254
-15713
-16116
-16469
-16767
-17008
-17192
-17323
-17392
-17405
-17361
-17259
-17099
-16884
-16610
-16284
-15903
-15468
-14984
-14450
-13866
-13237
-12565
-11850
-11097
-10305
-9481
-8627
-7741
-6830
-5898
-4945
-3976
-2995
-2003
-1004
0
1000
1999
2991
3973
4941
5894
6828
7738
8622
9478
10303
11094
11846
12561
13235
13863
14446
14981
15466
15901
16281
16607
16881
17096
17256
17359
17402
17389
17320
17190
17006
16765
16467
16115
15710
15252
14745
14188
13583
12934
12243
11510
10739
9933
9095
8225
7328
6406
5465
4505
3529
2542
1547
546
-457
-1458
-2453
-3441
-4418
-5380
-6324
-7247
-8146
-9019
-9859
-10670
-11444
-12180
-12876
-13528
-14136
-14698
-15210
-15672
-16083
-16439
-16741
-16989
-17179
-17312
-17389
-17406
-17367
-17271
-17116
-16905
-16638
-16316
-15940
-15511
-15030
-14501
-13921
-13295
-12628
-11918
-11167
-10380
-9557
-8705
-7823
-6914
-5983
-5034
-4066
-3083
-2092
-1095
-93
910
1909
2901
3884
4854
5809
6743
7655
8544
9403
10229
11023
11780
12498
13175
13807
14395
14935
15424
15862
16249
16580
16858
17080
17244
17351
17401
17393
17329
17205
17025
16789
16496
16148
15750
15296
14791
14241
13640
12995
12308
11579
10811
10008
9171
8306
7410
6491
5551
4592
3618
2632
1637
638
-365
-1366
-2363
-3351
-4330
-5293
-6239
-7163
-8065
-8940
-9785
-10596
-11376
-12114
-12814
-13471
-14082
-14648
-15166
-15632
-16048
-16409
-16716
-16968
-17164
-17302
-17384
-17407
-17373
-17283
-17132
-16926
-16665
-16347
-15976
-15553
-15075
-14549
-13976
-13355
-12691
-11984
-11235
-10453
-9634
-8783
-7904
-6999
-6069
-5119
-4153
-3174
-2183
-1185
-183
818
1818
2811
3795
4767
5723
6660
7574
8463
9326
10156
10952
11714
12435
13115
13753
14343
14887
15382
15824
16216
16553
16835
17062
17231
17343
17400
17396
17336
17219
17043
16812
16526
16182
15787
15340
14839
14292
13697
13056
12372
11647
10882
10083
9249
8385
7492
6577
5637
4680
3707
2723
1728
728
-275
-1275
-2273
-3263
-4243
-5205
-6153
-7082
-7984
-8861
-9709
-10524
-11306
-12048
-12751
-13413
-14030
-14598
-15120
-15592
-16012
-16378
-16690
-16948
-17149
-17292
-17378
-17408
-17378
-17293
-17149
-16948
-16691
-16379
-16012
-15592
-15122
-14599
-14030
-13413
-12752
-12049
-11306
-10524
-9710
-8863
-7984
-7082
-6155
-5207
-4243
-3263
-2275
-1276
-275
728
1727
2721
3707
4680
5635
6575
7492
8385
9247
10081
10882
11647
12371
13055
13697
14292
14839
15339
15787
16182
16525
16812
17043
17219
17336
17396
17400
17343
17232
17062
16835
16553
16216
15825
15382
14887
14344
13753
13115
12435
11715
10954
10156
9327
8465
7575
6660
5724
4768
3797
2811
1819
819
-183
-1185
-2182
-3172
-4153
-5119
-6068
-6997
-7904
-8783
-9633
-10452
-11235
-11984
-12689
-13354
-13976
-14549
-15074
-15553
-15976
-16347
-16665
-16926
-17132
-17283
-17372
-17407
-17384
-17302
-17164
-16969
-16716
-16409
-16049
-15632
-15166
-14648
-14083
-13472
-12814
-12114
-11377
-10598
-9785
-8940
-8066
-7164
-6239
-5293
-4332
-3353
-2363
-1366
-366
636
1637
2632
3616
4591
5551
6491
7409
8304
9171
10007
10810
11577
12308
12994
13639
14240
14791
15296
15749
16148
16496
16789
17025
17205
17329
17393
17401
17351
17244
17081
16858
16580
16249
15863
15424
14935
14395
13808
13176
12498
11780
11025
10230
9403
8544
7657
6744
5809
4854
3885
2902
1909
910
-91
-1093
-2092
-3083
-4064
-5032
-5983
-6914
-7822
-8703
-9557
-10380
-11166
-11916
-12628
-13295
-13921
-14500
-15030
-15511
-15939
-16316
-16638
-16905
-17115
-17271
-17367
-17406
-17389
-17312
-17179
-16990
-16742
-16439
-16083
-15673
-15211
-14698
-14136
-13529
-12877
-12180
-11444
-10671
-9861
-9019
-8146
-7248
-6325
-5380
-4418
-3443
-2455
-1458
-457
544
1545
2542
3529
4502
5463
6406
7328
8223
9093
9933
10739
11509
12242
12934
13583
14187
14744
15252
15710
16114
16466
16765
17006
17190
17320
17389
17402
17359
17256
17096
16881
16608
16282
15901
15466
14982
14447
13863
13235
12562
11848
11094
10303
9479
8624
7738
6828
5895
4943
3973
2993
2001
1001
0
-1002
-2001
-2994
-3976
-4944
-5896
-6830
-7741
-8625
-9480
-10305
-11097
-11849
-12564
-13237
-13866
-14449
-14983
-15468
-15903
-16283
-16610
-16884
-17099
-17259
-17361
-17405
-17392
-17323
-17193
-17008
-16767
-16469
-16118
-15713
-15254
-14748
-14191
-13585
-12937
-12245
-11512
-10741
-9936
-9097
-8227
-7330
-6408
-5467
-4507
-3531
-2545
-1549
-548
455
1456
2450
3439
4416
5377
6321
7244
8144
9016
9857
10667
11442
12177
12873
13525
14134
14695
15208
15670
16081
16436
16739
16987
17176
17310
17386
17403
17364
17269
17113
16902
16636
16314
15938
15508
15027
14498
13919
13293
12625
11915
11165
10378
9555
8703
7821
6912
5980
5031
4063
3081
2090
1093
90
-912
-1911
-2903
-3886
-4857
-5812
-6746
-7658
-8546
-9405
-10231
-11026
-11783
-12501
-13178
-13810
-14398
-14938
-15426
-15865
-16252
-16583
-16860
-17083
-17246
-17354
-17404
-17395
-17331
-17207
-17027
-16791
-16498
-16151
-15752
-15299
-14794
-14244
-13643
-12998
-12310
-11581
-10813
-10011
-9174
-8308
-7413
-6494
-5553
-4595
-3621
-2634
-1639
-640
362
1364
2361
3349
4328
5290
6237
7160
8062
8937
9782
10594
11373
12112
12811
13468
14080
14646
15164
15629
16045
16407
16714
16966
17161
17300
17381
17404
17370
17280
17130
16924
16663
16344
15973
15551
15073
14547
13974
13352
12688
11981
11233
10451
9632
8781
7901
6996
6067
5117
4150
3172
2181
1183
181
-820
-1820
-2813
-3798
-4769
-5725
-6662
-7576
-8466
-9328
-10159
-10955
-11716
-12437
-13118
-13755
-14345
-14889
-15385
-15826
-16218
-16556
-16837
-17064
-17234
-17346
-17402
-17398
-17339
-17221
-17046
-16815
-16528
-16185
-15790
-15342
-14842
-14294
-13699
-13058
-12374
-11649
-10884
-10086
-9251
-8387
-7495
-6579
-5639
-4682
-3709
-2725
-1731
-731
272
1273
2270
3261
4240
5203
6150
7079
7982
8859
9706
10522
11304
12046
12749
13411
14027
14596
15118
15589
16010
16376
16688
16945
17146
17290
17376
17406
17376
17290
17147
16945
16688
16377
16010
15589
15119
14597
14027
13411
12750
12047
11304
10522
9708
8860
7982
7079
6152
5205
4240
3261
2272
1274
272
-731
-1729
-2724
-3709
-4682
-5638
-6578
-7495
-8387
-9250
-10084
-10884
-11649
-12373
-13057
-13699
-14294
-14841
-15341
-15790
-16185
-16528
-16815
-17046
-17221
-17339
-17398
-17402
-17346
-17234
-17065
-16837
-16556
-16219
-15827
-15385
-14889
-14346
-13756
-13118
-12437
-11717
-10956
-10159
-9329
-8467
-7578
-6662
-5727
-4771
-3799
-2813
-1822
-822
181
1183
2179
3170
4150
5117
6065
6995
7901
8781
9631
10450
11233
11981
12686
13351
13974
14547
15072
15550
15973
16344
16662
16924
17130
17280
17370
17404
17381
17300
17162
16966
16714
16407
16046
15630
15164
14646
14081
13469
12811
12112
11374
10595
9782
8937
8064
7162
6237
5290
4329
3350
2361
1364
364
-638
-1639
-2634
-3619
-4593
-5553
-6494
-7412
-8307
-9174
-10009
-10812
-11580
-12310
-12997
-13642
-14243
-14794
-15298
-15752
-16151
-16498
-16791
-17027
-17207
-17331
-17395
-17404
-17354
-17246
-17083
-16861
-16583
-16252
-15866
-15427
-14938
-14398
-13811
-13179
-12501
-11783
-11027
-10232
-9405
-8546
-7659
-6747
-5812
-4857
-3888
-2905
-1911
-912
89
1090
2090
3081
4061
5030
5980
6912
7819
8701
9555
10378
11163
11914
12625
13293
13918
14497
15027
15508
15937
16313
16636
16902
17113
17268
17364
17403
17386
17310
17176
16987
16739
16437
16081
15670
15208
14696
14134
13526
12874
12177
11442
10669
9858
9016
8144
7246
6323
5377
4416
3440
2452
1456
455
-546
-1548
-2545
-3531
-4505
-5466
-6408
-7330
-8225
-9095
-9936
-10741
-11511
-12244
-12937
-13585
-14190
-14746
-15254
-15713
-16116
-16469
-16767
-17008
-17192
-17323
-17392
-17405
-17361
-17259
-17099
-16884
-16610
-16284
-15903
-15468
-14984
-14450
-13866
-13237
-12565
-11850
-11097
-10305
-9481
-8627
-7741
-6830
-5898
-4945
-3976
-2994
-2003
-1004
0
1000
1999
2991
3973
4941
5894
6828
7738
8622
9478
10303
11094
11846
12561
13235
13863
14446
14981
15466
15901
16281
16607
16881
17096
17256
17359
17402
17389
17320
17190
17006
16765
16467
16115
15710
15252
14745
14188
13583
12934
12243
11510
10739
9933
9095
8225
7328
6406
5465
4505
3529
2542
1547
546
-457
-1458
-2453
-3441
-4418
-5380
-6324
-7247
-8146
-9019
-9859
-10670
-11444
-12180
-12876
-13528
-14136
-14698
-15210
-15672
-16083
-16439
-16741
-16989
-17179
-17312
-17389
-17406
-17367
-17271
-17116
-16905
-16638
-16316
-15940
-15511
-15030
-14501
-13921
-13295
-12628
-11918
-11167
-10380
-9557
-8705
-7823
-6914
-5983
-5034
-4066
-3083
-2092
-1095
-93
910
1909
2901
3884
4854
5809
6743
7655
8544
9403
10229
11023
11780
12498
13175
13807
14395
14935
15424
15862
16249
16580
16858
17080
17244
17351
17401
17393
17329
17205
17025
16789
16496
16148
15750
15296
14791
14240
13640
12995
12308
11579
10811
10008
9171
8306
7410
6491
5551
4592
3618
2632
1637
638
-365
-1366
-2363
-3351
-4330
-5293
-6239
-7163
-8065
-8940
-9785
-10596
-11376
-12114
-12814
-13471
-14082
-14648
-15166
-15632
-16048
-16409
-16716
-16968
-17164
-17302
-17384
-17407
-17373
-17283
-17132
-16926
-16665
-16347
-15976
-15553
-15075
-14549
-13976
-13355
-12691
-11984
-11235
-10453
-9634
-8783
-7904
-6999
-6069
-5119
-4153
-3174
-2183
-1185
-183
818
1818
2811
3797
4767
5723
6660
7574
8463
9326
10156
10952
11714
12435
13115
13753
14343
14887
15382
15824
16216
16553
16835
17062
17231
17343
17400
17396
17336
17219
17043
16812
16526
16182
15787
15340
14839
14292
13697
13056
12372
11647
10882
10083
9249
8385
7492
6577
5637
4680
3707
2723
1728
728
-275
-1275
-2273
-3263
-4243
-5205
-6153
-7082
-7984
-8861
-9709
-10524
-11306
-12048
-12751
-13413
-14030
-14598
-15120
-15592
-16012
-16378
-16690
-16948
-17149
-17292
-17378
-17408
-17378
-17293
-17149
-16948
-16691
-16379
-16012
-15592
-15122
-14599
-14030
-13413
-12752
-12049
-11306
-10524
-9710
-8863
-7984
-7082
-6155
-5207
-4243
-3263
-2275
-1276
-275
728
1727
2721
3707
4680
5635
6575
7492
8385
9247
10081
10882
11647
12371
13055
13697
14292
14839
15339
15787
16182
16525
16812
17043
17219
17336
17396
17400
17343
17232
17062
16835
16553
16216
15825
15382
14887
14344
13753
13115
12435
11715
10954
10156
9326
8465
7575
6660
5724
4768
3797
2811
1819
819
-183
-1185
-2182
-3172
-4153
-5119
-6068
-6997
-7904
-8783
-9633
-10452
-11235
-11984
-12689
-13354
-13976
-14549
-15074
-15553
-15976
-16347
-16665
-16926
-17132
-17283
-17372
-17407
-17384
-17302
-17164
-16969
-16716
-16409
-16049
-15632
-15166
-14648
-14083
-13472
-12814
-12114
-11377
-10598
-9785
-8940
-8066
-7164
-6239
-5293
-4332
-3353
-2363
-1366
-366
636
1637
2632
3616
4591
5551
6491
7409
8304
9171
10008
10810
11577
12308
12994
13639
14240
14791
15296
15749
16148
16496
16789
17025
17205
17329
17393
17401
17351
17244
17081
16858
16580
16249
15863
15424
14935
14395
13808
13176
12498
11780
11025
10230
9403
8544
7657
6744
5809
4854
3885
2902
1909
910
-91
-1093
-2092
-3083
-4064
-5032
-5983
-6914
-7822
-8703
-9557
-10380
-11166
-11916
-12628
-13295
-13921
-14500
-15030
-15511
-15939
-16316
-16638
-16905
-17115
-17271
-17367
-17406
-17389
-17312
-17179
-16989
-16742
-16439
-16083
-15673
-15211
-14698
-14136
-13529
-12877
-12180
-11444
-10671
-9861
-9019
-8146
-7248
-6325
-5380
-4418
-3443
-2455
-1458
-457
544
1545
2542
3529
4502
5463
6406
7328
8223
9093
9933
10739
11509
12242
12934
13583
14187
14744
15252
15710
16114
16466
16765
17006
17190
17320
17389
17402
17359
17256
17096
16881
16608
16282
15901
15466
14982
14447
13863
13235
12562
11848
11094
10303
9479
8624
7738
6828
5895
4943
3973
2991
2001
1001
0
-1002
-2001
-2994
-3976
-4944
-5896
-6830
-7741
-8625
-9480
-10305
-11097
-11849
-12564
-13237
-13866
-14449
-14983
-15468
-15903
-16283
-16610
-16884
-17099
-17259
-17361
-17405
-17392
-17323
-17193
-17008
-16767
-16469
-16118
-15713
-15254
-14748
-14191
-13585
-12937
-12245
-11512
-10741
-9936
-9097
-8227
-7330
-6408
-5467
-4507
-3531
-2545
-1549
-548
455
1456
2450
3439
4416
5377
6321
7244
8144
9016
9857
10667
11442
12177
12873
13525
14134
14696
15208
15670
16081
16436
16739
16987
17176
17310
17386
17403
17364
17269
17113
16902
16636
16314
15938
15508
15027
14498
13919
13293
12625
11915
11165
10378
9555
8703
7821
6912
5980
5031
4063
3081
2090
1093
90
-912
-1911
-2903
-3886
-4857
-5812
-6746
-7658
-8546
-9405
-10231
-11026
-11783
-12501
-13178
-13810
-14398
-14938
-15426
-15865
-16252
-16583
-16860
-17083
-17246
-17354
-17404
-17395
-17331
-17207
-17027
-16791
-16498
-16151
-15752
-15299
-14794
-14243
-13643
-12998
-12310
-11581
-10813
-10011
-9174
-8308
-7413
-6494
-5553
-4595
-3621
-2634
-1639
-640
362
1364
2361
3349
4328
5290
6237
7160
8062
8937
9782
10594
11373
12112
12811
13468
14080
14646
15164
15629
16045
16407
16714
16966
17161
17300
17381
17404
17370
17280
17130
16924
16663
16344
15973
15551
15073
14547
13974
13352
12688
11981
11233
10451
9632
8781
7901
6996
6067
5117
4150
3172
2181
1183
181
-820
-1820
-2813
-3799
-4769
-5725
-6662
-7576
-8466
-9328
-10159
-10955
-11716
-12437
-13118
-13755
-14345
-14889
-15385
-15826
-16218
-16556
-16837
-17064
-17234
-17346
-17402
-17398
-17339
-17221
-17046
-16815
-16528
-16185
-15790
-15342
-14842
-14294
-13699
-13058
-12374
-11649
-10884
-10086
-9251
-8387
-7495
-6579
-5639
-4682
-3709
-2725
-1731
-731
272
1273
2270
3261
4240
5203
6150
7079
7982
8859
9706
10522
11304
12046
12749
13411
14027
14596
15118
15589
16010
16376
16688
16945
17147
17290
17376
17406
17376
17290
17147
16945
16688
16377
16010
15589
15119
14597
14027
13411
12750
12047
11304
10522
9708
8860
7982
7079
6152
5205
4240
3261
2272
1274
272
-731
-1729
-2724
-3709
-4682
-5638
-6578
-7495
-8387
-9250
-10084
-10884
-11649
-12373
-13057
-13699
-14294
-14841
-15341
-15790
-16185
-16528
-16815
-17046
-17221
-17339
-17398
-17402
-17346
-17234
-17065
-16837
-16556
-16219
-15827
-15385
-14889
-14346
-13756
-13118
-12437
-11717
-10956
-10159
-9328
-8467
-7578
-6662
-5727
-4771
-3799
-2813
-1822
-822
181
1183
2179
3170
4150
5117
6065
6995
7901
8781
9631
10450
11233
11981
12686
13351
13974
14547
15072
15550
15973
16344
16662
16924
17130
17280
17370
17404
17381
17300
17162
16966
16714
16407
16046
15630
15164
14646
14081
13469
12811
12112
11374
10595
9782
8937
8064
7162
6237
5290
4329
3350
2361
1364
364
-638
-1639
-2634
-3619
-4593
-5553
-6494
-7412
-8307
-9174
-10011
-10812
-11580
-12310
-12997
-13642
-14243
-14794
-15298
-15752
-16151
-16498
-16791
-17027
-17207
-17331
-17395
-17404
-17354
-17246
-17083
-16861
-16583
-16252
-15866
-15427
-14938
-14398
-13811
-13179
-12501
-11783
-11027
-10232
-9405
-8546
-7659
-6747
-5812
-4857
-3888
-2905
-1911
-912
89
1090
2090
3081
4061
5030
5980
6912
7819
8701
9555
10378
11163
11914
12625
13293
13918
14497
15027
15508
15937
16313
16636
16902
17113
17268
17364
17403
17386
17310
17176
16987
16739
16437
16081
15670
15208
14696
14134
13526
12874
12177
11442
10669
9858
9016
8144
7246
6323
5377
4416
3440
2452
1456
455
-546
-1548
-2545
-3531
-4505
-5466
-6408
-7330
-8225
-9095
-9936
-10741
-11511
-12244
-12937
-13585
-14190
-14746
-15254
-15713
-16116
-16469
-16767
-17008
-17192
-17323
-17392
-17405
-17361
-17259
-17099
-16884
-16610
-16284
-15903
-15468
-14984
-14450
-13866
-13237
-12565
-11850
-11097
-10305
-9481
-8627
-7741
-6830
-5898
-4945
-3976
-2994
-2003
-1004
0
1000
1999
2991
3973
4941
5894
6828
7738
8622
9478
10303
11094
11846
12561
13235
13863
14446
14981
15466
15901
16281
16607
16881
17096
17256
17359
17402
17389
17320
17190
17006
16765
16467
16115
15710
15252
14745
14188
13583
12934
12243
11510
10739
9933
9095
8225
7328
6406
5465
4505
3529
2542
1547
546
-457
-1458
-2453
-3441
-4418
-5380
-6324
-7247
-8146
-9019
-9859
-10670
-11444
-12180
-12876
-13528
-14136
-14698
-15210
-15672
-16083
-16439
-16741
-16989
-17179
-17312
-17389
-17406
-17367
-17271
-17116
-16905
-16638
-16316
-15940
-15511
-15030
-14501
-13921
-13295
-12628
-11918
-11167
-10380
-9557
-8705
-7823
-6914
-5983
-5034
-4066
-3083
-2092
-1095
-93
910
1909
2901
3884
4854
5809
6743
7655
8544
9403
10229
11023
11780
12498
13175
13807
14395
14935
15424
15862
16249
16580
16858
17080
17244
17351
17401
17393
17329
17205
17025
16789
16496
16148
15750
15296
14791
14240
13640
12995
12308
11579
10811
10008
9171
8306
7410
6491
5551
4592
3618
2632
1637
638
-365
-1366
-2363
-3351
-4330
-5293
-6239
-7163
-8065
-8940
-9785
-10596
-11376
-12114
-12814
-13471
-14082
-14648
-15166
-15632
-16048
-16409
-16716
-16968
-17164
-17302
-17384
-17407
-17373
-17283
-17132
-16926
-16665
-16347
-15976
-15553
-15075
-14549
-13976
-13355
-12691
-11984
-11235
-10453
-9634
-8783
-7904
-6999
-6069
-5119
-4153
-3174
-2183
-1185
-183
818
1818
2811
3797
4767
5723
6660
7574
8463
9326
10156
10952
11714
12435
13115
13753
14343
14887
15382
15824
16216
16553
16835
17062
17231
17343
17400
17396
17336
17219
17043
16812
16526
16182
15787
15340
14839
14292
13697
13056
12372
11647
10882
10083
9249
8385
7492
6577
5637
4680
3707
2723
1728
728
-275
-1275
-2273
-3263
-4243
-5205
-6153
-7082
-7984
-8861
-9709
-10524
-11306
-12048
-12751
-13413
-14030
-14598
-15120
-15592
-16012
-16378
-16690
-16948
-17149
-17292
-17378
-17408
-17378
-17293
-17149
-16948
-16691
-16379
-16012
-15592
-15122
-14599
-14030
-13413
-12752
-12049
-11306
-10524
-9710
-8863
-7984
-7082
-6155
-5207
-4243
-3263
-2275
-1276
-275
728
1727
2721
3707
4680
5635
6575
7492
8385
9247
10081
10882
11647
12371
13055
13697
14292
14839
15339
15787
16182
16525
16812
17043
17219
17336
17396
17400
17343
17232
17062
16835
16553
16216
15825
15382
14887
14344
13753
13115
12435
11715
10954
10156
9326
8465
7575
6660
5724
4768
3797
2811
1819
819
-183
-1185
-2182
-3172
-4153
-5119
-6068
-6997
-7904
-8783
-9633
-10452
-11235
-11984
-12689
-13354
-13976
-14549
-15074
-15553
-15976
-16347
-16665
-16926
-17132
-17283
-17372
-17407
-17384
-17302
-17164
-16969
-16716
-16409
-16049
-15632
-15166
-14648
-14083
-13472
-12814
-12114
-11377
-10598
-9785
-8940
-8066
-7164
-6239
-5293
-4332
-3353
-2363
-1366
-366
636
1637
2632
3616
4591
5551
6491
7409
8304
9171
10008
10810
11577
12308
12994
13639
14240
14791
15296
15749
16148
16496
16789
17025
17205
17329
17393
17401
17351
17244
17081
16858
16580
16249
15863
15424
14935
14395
13808
13176
12498
11780
11025
10230
9403
8544
7657
6744
5809
4854
3885
2902
1909
910
-91
-1093
-2092
-3083
-4064
-5032
-5983
-6914
-7822
-8703
-9557
-10380
-11166
-11916
-12628
-13295
-13921
-14500
-15030
-15511
-15939
-16316
-16638
-16905
-17115
-17271
-17367
-17406
-17389
-17312
-17179
-16989
-16742
-16439
-16083
-15673
-15211
-14698
-14136
-13529
-12877
-12180
-11444
-10671
-9861
-9019
-8146
-7248
-6325
-5380
-4418
-3443
-2455
-1458
-457
544
1545
2542
3529
4502
5463
6406
7328
8223
9093
9933
10739
11509
12242
12934
13583
14187
14744
15252
15710
16114
16466
16765
17006
17190
17320
17389
17402
17359
17256
17096
16881
16608
16282
15901
15466
14982
14447
13863
13235
12562
11848
11094
10303
9479
8624
7738
6828
5895
4943
3973
2991
2001
1001
0
-1002
-2001
-2994
-3976
-4944
-5896
-6830
-7741
-8625
-9480
-10305
-11097
-11849
-12564
-13237
-13866
-14449
-14983
-15468
-15903
-16283
-16610
-16884
-17099
-17259
-17361
-17405
-17392
-17323
-17193
-17008
-16767
-16469
-16118
-15713
-15254
-14748
-14191
-13585
-12937
-12245
-11512
-10741
-9936
-9097
-8227
-7330
-6408
-5467
-4507
-3531
-2545
-1549
-548
455
1456
2450
3439
4416
5377
6321
7244
8144
9016
9857
10667
11442
12177
12873
13525
14134
14696
15208
15670
16081
16437
16739
16987
17176
17310
17386
17403
17364
17269
17113
16902
16636
16314
15938
15508
15027
14498
13919
13293
12625
11915
11165
10378
9555
8703
7821
6912
5980
5031
4063
3081
2090
1093
90
-912
-1911
-2903
-3886
-4857
-5812
-6746
-7658
-8546
-9405
-10231
-11026
-11783
-12501
-13178
-13810
-14398
-14938
-15426
-15865
-16252
-16583
-16860
-17083
-17246
-17354
-17404
-17395
-17331
-17207
-17027
-16791
-16498
-16151
-15752
-15299
-14794
-14243
-13643
-12998
-12310
-11580
-10813
-10011
-9174
-8308
-7413
-6494
-5553
-4595
-3621
-2634
-1639
-640
362
1364
2361
3349
4328
5290
6237
7160
8062
8937
9782
10594
11373
12112
12811
13468
14080
14646
15164
15629
16045
16407
16714
16966
17161
17300
17381
17404
17370
17280
17130
16924
16663
16344
15973
15551
15073
14547
13974
13352
12688
11981
11233
10451
9632
8781
7901
6996
6067
5117
4150
3172
2181
1183
181
-820
-1820
-2813
-3799
-4769
-5725
-6662
-7578
-8466
-9328
-10159
-10955
-11716
-12437
-13118
-13755
-14345
-14889
-15385
-15826
-16218
-16556
-16837
-17064
-17234
-17346
-17402
-17398
-17339
-17221
-17046
-16815
-16528
-16185
-15790
-15342
-14842
-14294
-13699
-13058
-12374
-11649
-10884
-10086
-9251
-8387
-7495
-6579
-5639
-4682
-3709
-2725
-1731
-731
272
1273
2270
3261
4240
5203
6150
7079
7982
8859
9706
10522
11304
12046
12749
13411
14027
14596
15118
15589
16010
16376
16688
16945
17147
17290
17376
17406
17376
17290
17147
16945
16688
16377
16010
15589
15119
14597
14027
13411
12750
12047
11304
10522
9708
8860
7982
7079
6152
5205
4240
3261
2272
1274
272
-731
-1729
-2724
-3709
-4682
-5638
-6578
-7495
-8387
-9250
-10084
-10884
-11649
-12373
-13057
-13699
-14294
-14841
-15341
-15790
-16185
-16528
-16815
-17046
-17221
-17339
-17398
-17402
-17346
-17234
-17065
-16837
-16556
-16219
-15827
-15385
-14889
-14346
-13756
-13118
-12437
-11717
-10956
-10159
-9328
-8467
-7578
-6662
-5725
-4771
-3799
-2813
-1822
-822
181
1183
2179
3170
4150
5117
6065
6995
7901
8781
9631
10450
11233
11981
12686
13351
13974
14547
15072
15550
15973
16344
16662
16924
17130
17280
17370
17404
17381
17300
17162
16966
16714
16407
16046
15630
15164
14646
14081
13469
12811
12112
11374
10595
9782
8937
8064
7162
6237
5290
4329
3350
2361
1364
364
-638
-1639
-2634
-3619
-4593
-5553
-6494
-7412
-8307
-9174
-10011
-10812
-11580
-12310
-12998
-13642
-14243
-14794
-15298
-15752
-16151
-16498
-16791
-17027
-17207
-17331
-17395
-17404
-17354
-17246
-17083
-16861
-16583
-16252
-15866
-15427
-14938
-14398
-13811
-13179
-12501
-11783
-11027
-10232
-9405
-8546
-7659
-6747
-5812
-4857
-3888
-2905
-1911
-912
89
1090
2090
3081
4061
5030
5980
6912
7819
8701
9555
10378
11163
11914
12625
13293
13918
14497
15027
15508
15937
16313
16636
16902
17113
17268
17364
17403
17386
17310
17176
16987
16739
16437
16081
15670
15208
14696
14134
13526
12874
12177
11442
10669
9858
9016
8144
7246
6323
5377
4416
3440
2452
1456
455
-546
-1548
-2545
-3531
-4505
-5466
-6408
-7330
-8225
-9095
-9936
-10741
-11511
-12244
-12937
-13585
-14190
-14746
-15254
-15713
-16116
-16469
-16767
-17008
-17192
-17323
-17392
-17405
-17361
-17259
-17099
-16884
-16610
-16284
-15903
-15468
-14984
-14450
-13866
-13237
-12565
-11850
-11097
-10305
-9481
-8627
-7741
-6830
-5898
-4945
-3976
-2994
-2003
-1004
0
1001
1999
2991
3973
4941
5894
6828
7738
8622
9478
10303
11094
11846
12561
13235
13863
14446
14981
15466
15901
16281
16607
16881
17096
17256
17359
17402
17389
17320
17190
17006
16765
16467
16115
15710
15252
14745
14188
13583
12934
12243
11510
10739
9933
9095
8225
7328
6406
5465
4505
3529
2542
1547
546
-457
-1458
-2453
-3441
-4418
-5380
-6324
-7247
-8146
-9019
-9859
-10670
-11444
-12180
-12876
-13528
-14136
-14698
-15210
-15672
-16083
-16439
-16741
-16989
-17179
-17312
-17389
-17406
-17367
-17271
-17116
-16905
-16638
-16316
-15940
-15511
-15030
-14501
-13921
-13295
-12628
-11918
-11167
-10380
-9557
-8705
-7823
-6914
-5983
-5034
-4066
-3083
-2092
-1095
-93
910
1909
2901
3884
4854
5809
6743
7655
8544
9403
10229
11023
11780
12498
13175
13807
14395
14935
15424
15862
16249
16580
16858
17080
17244
17351
17401
17393
17329
17205
17025
16789
16496
16148
15750
15296
14791
14240
13640
12995
12308
11577
10811
10008
9171
8306
7410
6491
5551
4592
3618
2632
1637
638
-365
-1366
-2363
-3351
-4330
-5293
-6239
-7163
-8065
-8940
-9785
-10596
-11376
-12114
-12814
-13471
-14082
-14648
-15166
-15632
-16048
-16409
-16716
-16968
-17164
-17302
-17384
-17407
-17373
-17283
-17132
-16926
-16665
-16347
-15976
-15553
-15075
-14549
-13976
-13355
-12691
-11984
-11235
-10453
-9634
-8783
-7904
-6999
-6069
-5119
-4153
-3174
-2183
-1185
-183
818
1818
2811
3797
4767
5723
6660
7575
8463
9326
10156
10952
11714
12435
13115
13753
14343
14887
15382
15824
16216
16553
16835
17062
17231
17343
17400
17396
17336
17219
17043
16812
16526
16182
15787
15340
14839
14292
13697
13056
12372
11647
10882
10083
9249
8385
7492
6577
5637
4680
3707
2723
1728
728
-275
-1275
-2273
-3263
-4243
-5205
-6153
-7082
-7984
-8861
-9709
-10524
-11306
-12048
-12751
-13413
-14030
-14598
-15120
-15592
-16012
-16378
-16690
-16948
-17149
-17292
-17378
-17408
-17378
-17293
-17149
-16948
-16691
-16379
-16012
-15592
-15122
-14599
-14030
-13413
-12752
-12049
-11306
-10524
-9710
-8863
-7984
-7082
-6155
-5207
-4243
-3263
-2275
-1276
-275
728
1727
2721
3707
4680
5635
6575
7492
8385
9247
10081
10882
11647
12371
13055
13697
14292
14839
15339
15787
16182
16525
16812
17043
17219
17336
17396
17400
17343
17232
17062
16835
16553
16216
15825
15382
14887
14344
13753
13115
12435
11715
10954
10156
9326
8465
7575
6660
5723
4768
3797
2811
1819
819
-183
-1185
-2182
-3172
-4153
-5119
-6068
-6997
-7904
-8783
-9633
-10452
-11235
-11984
-12689
-13354
-13976
-14549
-15074
-15553
-15976
-16347
-16665
-16926
-17132
-17283
-17372
-17407
-17384
-17302
-17164
-16969
-16716
-16409
-16049
-15632
-15166
-14648
-14083
-13472
-12814
-12114
-11377
-10598
-9785
-8940
-8066
-7164
-6239
-5293
-4332
-3353
-2363
-1366
-366
636
1637
2632
3616
4591
5551
6491
7409
8304
9171
10008
10810
11577
12308
12995
13639
14240
14791
15296
15749
16148
16496
16789
17025
17205
17329
17393
17401
17351
17244
17081
16858
16580
16249
15863
15424
14935
14395
13808
13176
12498
11780
11025
10230
9403
8544
7657
6744
5809
4854
3885
2902
1909
910
-91
-1093
-2092
-3083
-4064
-5032
-5983
-6914
-7822
-8703
-9557
-10380
-11166
-11916
-12628
-13295
-13921
-14500
-15030
-15511
-15939
-16316
-16638
-16905
-17115
-17271
-17367
-17406
-17389
-17312
-17179
-16989
-16742
-16439
-16083
-15672
-15211
-14698
-14136
-13529
-12877
-12180
-11444
-10671
-9861
-9019
-8146
-7248
-6325
-5380
-4418
-3443
-2455
-1458
-457
544
1545
2542
3529
4502
5463
6406
7328
8223
9093
9933
10739
11509
12242
12934
13583
14187
14744
15252
15710
16114
16466
16765
17006
17190
17320
17389
17402
17359
17256
17096
16881
16608
16282
15901
15466
14982
14447
13863
13235
12562
11848
11094
10303
9479
8624
7738
6828
5895
4943
3973
2991
2001
1001
0
-1004
-2001
-2994
-3976
-4944
-5896
-6830
-7741
-8625
-9480
-10305
-11097
-11849
-12564
-13237
-13866
-14449
-14983
-15468
-15903
-16283
-16610
-16884
-17099
-17259
-17361
-17405
-17392
-17323
-17193
-17008
-16767
-16469
-16118
-15713
-15254
-14748
-14191
-13585
-12937
-12245
-11512
-10741
-9936
-9097
-8227
-7330
-6408
-5467
-4507
-3531
-2545
-1549
-548
455
1456
2450
3439
4416
5377
6321
7244
8144
9016
9857
10667
11442
12177
12873
13525
14134
14696
15208
15670
16081
16437
16739
16987
17176
17310
17386
17403
17364
17269
17113
16902
16636
16314
15938
15508
15027
14498
13919
13293
12625
11915
11165
10378
9555
8703
7821
6912
5980
5031
4063
3081
2090
1093
90
-912
-1911
-2903
-3886
-4857
-5812
-6746
-7658
-8546
-9405
-10231
-11026
-11783
-12501
-13178
-13810
-14398
-14938
-15426
-15865
-16252
-16583
-16860
-17083
-17246
-17354
-17404
-17395
-17331
-17207
-17027
-16791
-16498
-16151
-15752
-15299
-14794
-14243
-13643
-12998
-12310
-11580
-10813
-10011
-9174
-8308
-7413
-6494
-5553
-4595
-3621
-2634
-1639
-640
362
1364
2361
3349
4328
5290
6237
7160
8062
8937
9782
10594
11373
12112
12811
13468
14080
14646
15164
15629
16045
16407
16714
16966
17161
17300
17381
17404
17370
17280
17130
16924
16663
16344
15973
15551
15073
14547
13974
13352
12688
11981
11233
10451
9632
8781
7901
6996
6067
5117
4150
3172
2181
1183
181
-820
-1820
-2813
-3799
-4769
-5725
-6662
-7578
-8466
-9328
-10159
-10955
-11716
-12437
-13118
-13755
-14345
-14889
-15385
-15826
-16218
-16556
-16837
-17064
-17234
-17346
-17402
-17398
-17339
-17221
-17046
-16815
-16528
-16185
-15790
-15342
-14842
-14294
-13699
-13058
-12374
-11649
-10884
-10086
-9251
-8387
-7495
-6579
-5639
-4682
-3709
-2725
-1731
-731
272
1273
2270
3261
4240
5203
6150
7079
7982
8859
9706
10522
11304
12046
12749
13411
14027
14596
15118
15589
16010
16376
16688
16945
17147
17290
17376
17406
17376
17290
17147
16945
16688
16377
16010
15589
15119
14597
14027
13411
12750
12047
11304
10522
9708
8860
7982
7079
6152
5205
4240
3261
2272
1274
272
-731
-1729
-2724
-3709
-4682
-5638
-6578
-7495
-8387
-9250
-10084
-10884
-11649
-12373
-13057
-13699
-14294
-14841
-15341
-15790
-16185
-16528
-16815
-17046
-17221
-17339
-17398
-17402
-17346
-17234
-17065
-16837
-16556
-16219
-15827
-15385
-14889
-14346
-13756
-13118
-12437
-11717
-10956
-10159
-9328
-8467
-7578
-6662
-5725
-4771
-3799
-2813
-1822
-822
181
1183
2179
3170
4150
5117
6065
6995
7901
8781
9631
10450
11233
11981
12686
13351
13974
14547
15072
15550
15973
16344
16662
16924
17130
17280
17370
17404
17381
17300
17162
16966
16714
16407
16046
15630
15164
14646
14081
13469
12811
12112
11374
10595
9782
8937
8064
7162
6237
5290
4329
3350
2361
1364
364
-638
-1639
-2634
-3619
-4593
-5553
-6494
-7412
-8307
-9174
-10011
-10812
-11580
-12310
-12998
-13642
-14243
-14794
-15298
-15752
-16151
-16498
-16791
-17027
-17207
-17331
-17395
-17404
-17354
-17246
-17083
-16861
-16583
-16252
-15866
-15427
-14938
-14398
-13811
-13179
-12501
-11783
-11027
-10232
-9405
-8546
-7659
-6747
-5812
-4857
-3888
-2905
-1911
-912
89
1090
2090
3081
4061
5030
5980
6912
7819
8701
9555
10378
11163
11914
12625
13293
13918
14497
15027
15508
15937
16313
16636
16902
17113
17268
17364
17403
17386
17310
17176
16987
16739
16437
16081
15670
15208
14696
14134
13526
12874
12177
11442
10669
9858
9016
8144
7246
6323
5377
4416
3440
2452
1456
455
-546
-1548
-2545
-3531
-4505
-5466
-6408
-7330
-8225
-9095
-9936
-10741
-11511
-12244
-12937
-13585
-14190
-14746
-15254
-15713
-16116
-16469
-16767
-17008
-17192
-17323
-17392
-17405
-17361
-17259
-17099
-16884
-16610
-16284
-15903
-15468
-14984
-14450
-13866
-13237
-12565
-11850
-11097
-10305
-9481
-8627
-7741
-6830
-5898
-4945
-3976
-2994
-2003
-1004
0
1001
1999
2991
3973
4941
5894
6828
7738
8622
9478
10303
11094
11846
12561
13235
13863
14446
14981
15466
15901
16281
16607
16881
17096
17256
17359
17402
17389
17320
17190
17006
16765
16467
16115
15710
15252
14745
14188
13583
12934
12243
11510
10739
9933
9095
8225
7328
6406
5465
4505
3529
2542
1547
546
-457
-1458
-2453
-3441
-4418
-5380
-6324
-7247
-8146
-9019
-9859
-10670
-11444
-12180
-12876
-13528
-14136
-14698
-15210
-15672
-16083
-16439
-16741
-16989
-17179
-17312
-17389
-17406
-17367
-17271
-17116
-16905
-16638
-16316
-15940
-15511
-15030
-14501
-13921
-13295
-12628
-11918
-11167
-10380
-9557
-8705
-7823
-6914
-5983
-5034
-4066
-3083
-2092
-1095
-93
910
1909
2901
3884
4854
5809
6743
7655
8544
9403
10229
11023
11780
12498
13175
13807
14395
14935
15424
15862
16249
16580
16858
17080
17244
17351
17401
17393
17329
17205
17025
16789
16496
16148
15750
15296
14791
14240
13640
12995
12308
11577
10811
10008
9171
8304
7410
6491
5551
4592
3618
2632
1637
638
-365
-1366
-2363
-3351
-4330
-5293
-6239
-7163
-8065
-8940
-9785
-10596
-11376
-12114
-12814
-13471
-14082
-14648
-15166
-15632
-16048
-16409
-16716
-16968
-17164
-17302
-17384
-17407
-17373
-17283
-17132
-16926
-16665
-16347
-15976
-15553
-15075
-14549
-13976
-13355
-12691
-11984
-11235
-10453
-9634
-8783
-7904
-6999
-6069
-5119
-4153
-3174
-2183
-1185
-183
818
1818
2811
3797
4767
5723
6660
7575
8463
9326
10156
10954
11714
12435
13115
13753
14343
14887
15382
15824
16216
16553
16835
17062
17231
17343
17400
17396
17336
17219
17043
16812
16526
16182
15787
15340
14839
14292
13697
13056
12372
11647
10882
10083
9249
8385
7492
6577
5637
4680
3707
2723
1728
728
-275
-1275
-2273
-3263
-4243
-5205
-6153
-7082
-7984
-8861
-9709
-10524
-11306
-12048
-12751
-13413
-14030
-14598
-15120
-15592
-16012
-16378
-16690
-16948
-17149
-17292
-17378
-17408
-17378
-17293
-17149
-16948
-16690
-16379
-16012
-15592
-15122
-14599
-14030
-13413
-12752
-12049
-11306
-10524
-9710
-8863
-7984
-7082
-6155
-5207
-4243
-3263
-2275
-1276
-275
728
1727
2721
3707
4680
5635
6575
7492
8385
9247
10081
10882
11647
12371
13055
13697
14292
14839
15339
15787
16182
16525
16812
17043
17219
17336
17396
17400
17343
17232
17062
16835
16553
16216
15825
15382
14887
14344
13753
13115
12435
11715
10954
10156
9326
8465
7575
6660
5723
4768
3797
2811
1818
819
-183
-1185
-2182
-3172
-4153
-5119
-6068
-6997
-7904
-8783
-9633
-10452
-11235
-11984
-12689
-13354
-13976
-14549
-15074
-15553
-15976
-16347
-16665
-16926
-17132
-17283
-17372
-17407
-17384
-17302
-17164
-16969
-16716
-16409
-16049
-15632
-15166
-14648
-14083
-13472
-12814
-12114
-11377
-10598
-9785
-8940
-8066
-7164
-6239
-5293
-4332
-3353
-2363
-1366
-366
636
1637
2632
3616
4591
5551
6491
7409
8304
9171
10008
10810
11577
12308
12995
13639
14240
14791
15296
15749
16148
16496
16789
17025
17205
17329
17393
17401
17351
17244
17081
16858
16580
16249
15863
15424
14935
14395
13808
13176
12498
11780
11025
10230
9403
8544
7657
6744
5809
4854
3885
2902
1909
910
-91
-1093
-2092
-3083
-4064
-5032
-5983
-6914
-7822
-8703
-9557
-10380
-11166
-11916
-12628
-13295
-13921
-14500
-15030
-15511
-15939
-16316
-16638
-16905
-17115
-17271
-17367
-17406
-17389
-17312
-17179
-16989
-16742
-16439
-16083
-15672
-15211
-14698
-14136
-13528
-12877
-12180
-11444
-10671
-9861
-9019
-8146
-7248
-6325
-5380
-4418
-3443
-2455
-1458
-457
544
1545
2542
3529
4502
5463
6406
7328
8223
9093
9933
10739
11509
12242
12934
13583
14187
14744
15252
15710
16114
16466
16765
17006
17190
17320
17389
17402
17359
17256
17096
16881
16608
16282
15901
15466
14982
14447
13863
13235
12562
11848
11094
10303
9479
8624
7738
6828
5895
4943
3973
2991
2001
1001
0
-1004
-2001
-2994
-3976
-4945
-5896
-6830
-7741
-8625
-9480
-10305
-11097
-11849
-12564
-13237
-13866
-14449
-14983
-15468
-15903
-16283
-16610
-16884
-17099
-17259
-17361
-17405
-17392
-17323
-17193
-17008
-16767
-16469
-16118
-15713
-15254
-14748
-14191
-13585
-12937
-12245
-11512
-10741
-9936
-9097
-8227
-7330
-6408
-5467
-4507
-3531
-2545
-1549
-548
455
1456
2450
3439
4416
5377
6321
7244
8144
9016
9857
10667
11442
12177
12873
13525
14134
14696
15208
15670
16081
16437
16739
16987
17176
17310
17386
17403
17364
17269
17113
16902
16636
16314
15938
15508
15027
14498
13919
13293
12625
11915
11165
10378
9555
8703
7821
6912
5980
5031
4063
3081
2090
1093
90
-912
-1911
-2903
-3886
-4857
-5812
-6746
-7658
-8546
-9405
-10231
-11026
-11783
-12501
-13178
-13810
-14398
-14938
-15426
-15865
-16252
-16583
-16860
-17083
-17246
-17354
-17404
-17395
-17331
-17207
-17027
-16791
-16498
-16151
-15752
-15299
-14794
-14243
-13643
-12998
-12310
-11580
-10813
-10011
-9174
-8307
-7413
-6494
-5553
-4595
-3621
-2634
-1639
-640
362
1364
2361
3349
4328
5290
6237
7160
8062
8937
9782
10594
11373
12112
12811
13468
14080
14646
15164
15629
16045
16407
16714
16966
17161
17300
17381
17404
17370
17280
17130
16924
16663
16344
15973
15551
15073
14547
13974
13352
12688
11981
11233
10451
9632
8781
7901
6996
6067
5117
4150
3172
2181
1183
181
-820
-1820
-2813
-3799
-4769
-5725
-6662
-7578
-8466
-9328
-10159
-10956
-11716
-12437
-13118
-13755
-14345
-14889
-15385
-15826
-16218
-16556
-16837
-17064
-17234
-17346
-17402
-17398
-17339
-17221
-17046
-16815
-16528
-16185
-15790
-15342
-14842
-14294
-13699
-13058
-12374
-11649
-10884
-10086
-9251
-8387
-7495
-6579
-5639
-4682
-3709
-2725
-1731
-731
272
1273
2270
3261
4240
5203
6150
7079
7982
8859
9706
10522
11304
12046
12749
13411
14027
14596
15118
15589
16010
16376
16688
16945
17147
17290
17376
17406
17376
17290
17147
16945
16688
16377
16010
15589
15119
14597
14027
13411
12750
12047
11304
10522
9708
8860
7982
7079
6152
5205
4240
3261
2272
1274
272
-731
-1729
-2724
-3709
-4682
-5638
-6578
-7495
-8387
-9250
-10084
-10884
-11649
-12373
-13057
-13699
-14294
-14841
-15341
-15790
-16185
-16528
-16815
-17046
-17221
-17339
-17398
-17402
-17346
-17234
-17065
-16837
-16556
-16219
-15827
-15385
-14889
-14346
-13756
-13118
-12437
-11717
-10956
-10159
-9328
-8467
-7578
-6662
-5725
-4771
-3799
-2813
-1820
-822
181
1183
2179
3170
4150
5117
6065
6995
7901
8781
9631
10450
11233
11981
12686
13351
13974
14547
15072
15550
15973
16344
16662
16924
17130
17280
17370
17404
17381
17300
17162
16966
16714
16407
16046
15630
15164
14646
14081
13469
12811
12112
11374
10595
9782
8937
8064
7162
6237
5290
4329
3350
2361
1364
364
-638
-1639
-2634
-3619
-4593
-5553
-6494
-7412
-8307
-9174
-10011
-10812
-11580
-12310
-12998
-13642
-14243
-14794
-15299
-15752
-16151
-16498
-16791
-17027
-17207
-17331
-17395
-17404
-17354
-17246
-17083
-16861
-16583
-16252
-15866
-15427
-14938
-14398
-13811
-13179
-12501
-11783
-11027
-10232
-9405
-8546
-7659
-6747
-5812
-4857
-3888
-2905
-1911
-912
89
1090
2090
3081
4061
5030
5980
6912
7819
8701
9555
10378
11163
11914
12625
13293
13918
14497
15027
15508
15937
16313
16636
16902
17113
17268
17364
17403
17386
17310
17176
16987
16739
16437
16081
15670
15208
14696
14134
13525
12874
12177
11442
10669
9858
9016
8144
7246
6323
5377
4416
3440
2452
1456
455
-546
-1548
-2545
-3531
-4505
-5466
-6408
-7330
-8225
-9095
-9936
-10741
-11511
-12244
-12937
-13585
-14190
-14746
-15254
-15713
-16116
-16469
-16767
-17008
-17192
-17323
-17392
-17405
-17361
-17259
-17099
-16884
-16610
-16284
-15903
-15468
-14984
-14450
-13866
-13237
-12565
-11850
-11097
-10305
-9481
-8627
-7741
-6830
-5898
-4945
-3976
-2994
-2003
-1004
0
1001
1999
2991
3973
4943
5894
6828
7738
8622
9478
10303
11094
11846
12561
13235
13863
14446
14981
15466
15901
16281
16607
16881
17096
17256
17359
17402
17389
17320
17190
17006
16765
16467
16115
15710
15252
14745
14188
13583
12934
12243
11510
10739
9933
9095
8225
7328
6406
5465
4505
3529
2542
1547
546
-457
-1458
-2453
-3441
-4418
-5380
-6324
-7247
-8146
-9019
-9859
-10670
-11444
-12180
-12876
-13528
-14136
-14698
-15210
-15672
-16083
-16439
-16741
-16989
-17179
-17312
-17389
-17406
-17367
-17271
-17116
-16905
-16638
-16316
-15940
-15511
-15030
-14501
-13921
-13295
-12628
-11918
-11167
-10380
-9557
-8705
-7823
-6914
-5983
-5034
-4066
-3083
-2092
-1095
-93
910
1909
2901
3884
4854
5809
6743
7655
8544
9403
10229
11023
11780
12498
13175
13807
14395
14935
15424
15862
16249
16580
16858
17080
17244
17351
17401
17393
17329
17205
17025
16789
16496
16148
15750
15296
14791
14240
13640
12995
12308
11577
10811
10008
9171
8304
7410
6491
5551
4592
3618
2632
1637
638
-365
-1366
-2363
-3351
-4330
-5293
-6239
-7163
-8065
-8940
-9785
-10596
-11376
-12114
-12814
-13471
-14082
-14648
-15166
-15632
-16048
-16409
-16716
-16968
-17164
-17302
-17384
-17407
-17373
-17283
-17132
-16926
-16665
-16347
-15976
-15553
-15075
-14549
-13976
-13355
-12691
-11984
-11235
-10453
-9634
-8783
-7904
-6999
-6069
-5119
-4153
-3174
-2183
-1185
-183
818
1818
2811
3797
4767
5723
6660
7575
8463
9326
10156
10954
11714
12435
13115
13753
14343
14887
15382
15824
16216
16553
16835
17062
17231
17343
17400
17396
17336
17219
17043
16812
16526
16182
15787
15340
14839
14292
13697
13056
12372
11647
10882
10083
9249
8385
7492
6577
5637
4680
3707
2723
1728
728
-275
-1275
-2273
-3263
-4243
-5205
-6153
-7082
-7984
-8861
-9709
-10524
-11306
-12048
-12751
-13413
-14030
-14598
-15120
-15592
-16012
-16378
-16690
-16948
-17149
-17292
-17378
-17408
-17378
-17293
-17149
-16948
-16690
-16379
-16012
-15592
-15122
-14599
-14030
-13413
-12752
-12049
-11306
-10524
-9710
-8863
-7984
-7082
-6155
-5207
-4243
-3263
-2275
-1276
-275
728
1727
2721
3707
4680
5635
6575
7492
8385
9247
10081
10882
11647
12371
13055
13697
14292
14839
15339
15787
16182
16525
16812
17043
17219
17336
17396
17400
17343
17232
17062
16835
16553
16216
15825
15382
14887
14344
13753
13115
12435
11715
10954
10156
9326
8465
7575
6660
5723
4768
3797
2811
1818
819
-183
-1185
-2182
-3172
-4153
-5119
-6068
-6997
-7904
-8783
-9633
-10452
-11235
-11984
-12689
-13354
-13976
-14549
-15074
-15553
-15976
-16347
-16665
-16926
-17132
-17283
-17372
-17407
-17384
-17302
-17164
-16969
-16716
-16409
-16049
-15632
-15166
-14648
-14083
-13472
-12814
-12114
-11377
-10598
-9785
-8940
-8066
-7164
-6239
-5293
-4332
-3353
-2363
-1366
-366
636
1637
2632
3616
4591
5551
6491
7409
8304
9171
10008
10810
11577
12308
12995
13639
14240
14791
15296
15749
16148
16496
16789
17025
17205
17329
17393
17401
17351
17244
17081
16858
16580
16249
15863
15424
14935
14395
13808
13176
12498
11780
11025
10230
9403
8544
7657
6744
5809
4854
3885
2902
1909
910
-91
-1093
-2092
-3083
-4064
-5032
-5983
-6914
-7822
-8703
-9557
-10380
-11166
-11916
-12628
-13295
-13921
-14500
-15030
-15511
-15939
-16316
-16638
-16905
-17115
-17271
-17367
-17406
-17389
-17312
-17179
-16989
-16742
-16439
-16083
-15672
-15211
-14698
-14136
-13528
-12877
-12180
-11444
-10671
-9861
-9019
-8146
-7248
-6325
-5380
-4418
-3443
-2455
-1458
-457
544
1545
2542
3529
4502
5463
6406
7328
8223
9093
9933
10739
11509
12242
12934
13583
14187
14744
15252
15710
16114
16466
16765
17006
17190
17320
17389
17402
17359
17256
17096
16881
16608
16282
15901
15466
14982
14447
13863
13235
12562
11848
11094
10303
9479
8624
7738
6828
5895
4943
3973
2991
2001
1001
0
-1004
-2001
-2994
-3976
-4945
-5896
-6830
-7741
-8625
-9480
-10305
-11097
-11849
-12564
-13237
-13866
-14449
-14983
-15468
-15903
-16283
-16610
-16884
-17099
-17259
-17361
-17405
-17392
-17323
-17193
-17008
-16767
-16469
-16118
-15713
-15254
-14748
-14191
-13585
-12937
-12245
-11512
-10741
-9936
-9097
-8227
-7330
-6408
-5467
-4507
-3531
-2545
-1549
-548
455
1456
2450
3439
4416
5377
6321
7244
8144
9016
9857
10667
11442
12177
12873
13525
14134
14696
15208
15670
16081
16437
16739
16987
17176
17310
17386
17403
17364
17269
17113
16902
16636
16314
15938
15508
15027
14498
13919
13293
12625
11915
11165
10378
9555
8703
7821
6912
5980
5031
4063
3081
2090
1093
90
-912
-1911
-2903
-3886
-4857
-5812
-6746
-7658
-8546
-9405
-10231
-11026
-11783
-12501
-13178
-13810
-14398
-14938
-15426
-15865
-16252
-16583
-16860
-17083
-17246
-17354
-17404
-17395
-17331
-17207
-17027
-16791
-16498
-16151
-15752
-15299
-14794
-14243
-13643
-12998
-12310
-11580
-10813
-10011
-9174
-8307
-7413
-6494
-5553
-4595
-3621
-2634
-1639
-640
362
1364
2361
3349
4328
5290
6237
7160
8062
8937
9782
10594
11373
12112
12811
13468
14080
14646
15164
15629
16045
16407
16714
16966
17161
17300
17381
17404
17370
17280
17130
16924
16663
16344
15973
15551
15073
14547
13974
13352
12688
11981
11233
10451
9632
8781
7901
6996
6067
5117
4150
3172
2181
1183
181
-820
-1820
-2813
-3799
-4769
-5725
-6662
-7578
-8466
-9328
-10159
-10956
-11716
-12437
-13118
-13755
-14345
-14889
-15385
-15826
-16218
-16556
-16837
-17064
-17234
-17346
-17402
-17398
-17339
-17221
-17046
-16815
-16528
-16185
-15790
-15342
-14842
-14294
-13699
-13058
-12374
-11649
-10884
-10086
-9251
-8387
-7495
-6579
-5639
-4682
-3709
-2725
-1731
-731
272
1273
2270
3261
4240
5203
6150
7079
7982
8859
9706
10522
11304
12046
12749
13411
14027
14596
15118
15589
16010
16376
16688
16945
17147
17290
17376
17406
17376
17290
17147
16945
16688
16377
16010
15589
15118
14597
14027
13411
12750
12047
11304
10522
9708
8860
7982
7079
6152
5205
4240
3261
2272
1274
272
-731
-1729
-2724
-3709
-4682
-5638
-6578
-7495
-8387
-9250
-10084
-10884
-11649
-12373
-13057
-13699
-14294
-14841
-15341
-15790
-16185
-16528
-16815
-17046
-17221
-17339
-17398
-17402
-17346
-17234
-17065
-16837
-16556
-16219
-15827
-15385
-14889
-14346
-13756
-13118
-12437
-11717
-10956
-10159
-9328
-8467
-7578
-6662
-5725
-4771
-3799
-2813
-1820
-822
181
1183
2181
3170
4150
5117
6065
6995
7901
8781
9631
10450
11233
11981
12686
13351
13974
14547
15072
15550
15973
16344
16662
16924
17130
17280
17370
17404
17381
17300
17162
16966
16714
16407
16046
15630
15164
14646
14081
13469
12811
12112
11374
10595
9782
8937
8064
7162
6237
5290
4329
3350
2361
1364
364
-638
-1639
-2634
-3619
-4593
-5553
-6494
-7412
-8307
-9174
-10011
-10812
-11580
-12310
-12998
-13642
-14243
-14794
-15299
-15752
-16151
-16498
-16791
-17027
-17207
-17331
-17395
-17404
-17354
-17246
-17083
-16861
-16583
-16252
-15866
-15427
-14938
-14398
-13811
-13179
-12501
-11783
-11027
-10232
-9405
-8546
-7659
-6747
-5812
-4857
-3888
-2905
-1911
-912
89
1090
2090
3081
4061
5030
5980
6912
7819
8701
9555
10378
11163
11914
12625
13293
13918
14497
15027
15508
15937
16313
16636
16902
17113
17268
17364
17403
17386
17310
17176
16987
16739
16437
16081
15670
15208
14696
14134
13525
12874
12177
11442
10667
9858
9016
8144
7246
6323
5377
4416
3440
2452
1456
455
-546
-1548
-2545
-3531
-4505
-5466
-6408
-7330
-8225
-9095
-9936
-10741
-11511
-12244
-12937
-13585
-14190
-14746
-15254
-15713
-16116
-16469
-16767
-17008
-17192
-17323
-17392
-17405
-17361
-17259
-17099
-16884
-16610
-16284
-15903
-15468
-14984
-14450
-13866
-13237
-12565
-11850
-11097
-10305
-9481
-8627
-7741
-6830
-5898
-4945
-3976
-2994
-2003
-1004
0
1001
1999
2991
3973
4943
5894
6828
7738
8624
9478
10303
11094
11846
12561
13235
13863
14446
14981
15466
15901
16281
16607
16881
17096
17256
17359
17402
17389
17320
17190
17006
16765
16467
16115
15710
15252
14745
14188
13583
12934
12243
11510
10739
9933
9095
8225
7328
6406
5465
4505
3529
2542
1547
546
-457
-1458
-2453
-3441
-4418
-5380
-6324
-7247
-8146
-9019
-9859
-10670
-11444
-12180
-12876
-13528
-14136
-14698
-15210
-15672
-16083
-16439
-16741
-16989
-17179
-17312
-17389
-17406
-17367
-17271
-17116
-16905
-16638
-16316
-15940
-15511
-15030
-14501
-13921
-13295
-12628
-11918
-11167
-10380
-9557
-8705
-7823
-6914
-5983
-5034
-4066
-3083
-2092
-1095
-93
910
1909
2901
3884
4854
5809
6743
7655
8544
9403
10229
11023
11780
12498
13175
13807
14395
14935
15424
15862
16249
16580
16858
17080
17244
17351
17401
17393
17329
17205
17025
16789
16496
16148
15750
15296
14791
14240
13640
12995
12308
11577
10811
10008
9171
8304
7410
6491
5551
4591
3618
2632
1637
638
-365
-1366
-2363
-3351
-4330
-5293
-6239
-7163
-8065
-8940
-9785
-10596
-11376
-12114
-12814
-13471
-14082
-14648
-15166
-15632
-16048
-16409
-16716
-16968
-17164
-17302
-17384
-17407
-17373
-17283
-17132
-16926
-16665
-16347
-15976
-15553
-15075
-14549
-13976
-13355
-12691
-11984
-11235
-10453
-9634
-8783
-7904
-6999
-6069
-5119
-4153
-3174
-2183
-1185
-183
818
1818
2811
3797
4767
5723
6660
7575
8463
9326
10156
10954
11714
12435
13115
13753
14343
14887
15382
15824
16216
16553
16835
17062
17231
17343
17400
17396
17336
17219
17043
16812
16526
16182
15787
15340
14839
14292
13697
13056
12372
11647
10882
10083
9249
8385
7492
6577
5637
4680
3707
2723
1728
728
-275
-1275
-2273
-3263
-4243
-5205
-6153
-7082
-7984
-8861
-9709
-10524
-11306
-12048
-12751
-13413
-14030
-14598
-15120
-15592
-16012
-16378
-16690
-16948
-17149
-17292
-17378
-17408
-17378
-17293
-17149
-16948
-16690
-16379
-16012
-15592
-15120
-14599
-14030
-13413
-12752
-12049
-11306
-10524
-9710
-8863
-7984
-7082
-6155
-5207
-4243
-3263
-2275
-1276
-275
728
1727
2721
3707
4680
5635
6575
7492
8385
9247
10081
10882
11647
12371
13055
13697
14292
14839
15339
15787
16182
16525
16812
17043
17219
17336
17396
17400
17343
17232
17062
16835
16553
16216
15825
15382
14887
14344
13753
13115
12435
11715
10954
10156
9326
8465
7575
6660
5723
4768
3797
2811
1818
819
-183
-1185
-2183
-3172
-4153
-5119
-6068
-6997
-7904
-8783
-9633
-10452
-11235
-11984
-12689
-13354
-13976
-14549
-15074
-15553
-15976
-16347
-16665
-16926
-17132
-17283
-17372
-17407
-17384
-17302
-17164
-16969
-16716
-16409
-16049
-15632
-15166
-14648
-14083
-13472
-12814
-12114
-11377
-10598
-9785
-8940
-8066
-7164
-6239
-5293
-4332
-3353
-2363
-1366
-366
636
1637
2632
3616
4591
5551
6491
7409
8304
9171
10008
10810
11577
12308
12995
13639
14240
14791
15296
15749
16148
16496
16789
17025
17205
17329
17393
17401
17351
17244
17081
16858
16580
16249
15863
15424
14935
14395
13808
13176
12498
11780
11025
10230
9403
8544
7657
6744
5809
4854
3885
2902
1909
910
-91
-1093
-2092
-3083
-4064
-5032
-5983
-6914
-7822
-8703
-9557
-10380
-11166
-11916
-12628
-13295
-13921
-14500
-15030
-15511
-15939
-16316
-16638
-16905
-17115
-17271
-17367
-17406
-17389
-17312
-17179
-16989
-16742
-16439
-16083
-15672
-15211
-14698
-14136
-13528
-12877
-12180
-11444
-10670
-9861
-9019
-8146
-7248
-6325
-5380
-4418
-3443
-2455
-1458
-457
544
1545
2542
3529
4502
5463
6406
7328
8223
9093
9933
10739
11509
12242
12934
13583
14187
14744
15252
15710
16114
16466
16765
17006
17190
17320
17389
17402
17359
17256
17096
16881
16608
16282
15901
15466
14982
14447
13863
13235
12562
11848
11094
10303
9479
8624
7738
6828
5895
4943
3973
2991
2001
1001
0
-1004
-2001
-2994
-3976
-4945
-5896
-6830
-7741
-8627
-9480
-10305
-11097
-11849
-12564
-13237
-13866
-14449
-14983
-15468
-15903
-16283
-16610
-16884
-17099
-17259
-17361
-17405
-17392
-17323
-17193
-17008
-16767
-16469
-16118
-15713
-15254
-14748
-14191
-13585
-12937
-12245
-11512
-10741
-9936
-9097
-8227
-7330
-6408
-5467
-4507
-3531
-2545
-1549
-548
455
1456
2450
3439
4416
5377
6321
7244
8144
9016
9857
10667
11442
12177
12873
13525
14134
14696
15208
15670
16081
16437
16739
16987
17176
17310
17386
17403
17364
17268
17113
16902
16636
16314
15938
15508
15027
14498
13919
13293
12625
11915
11165
10378
9555
8703
7821
6912
5980
5031
4063
3081
2090
1093
90
-912
-1911
-2903
-3886
-4857
-5812
-6746
-7658
-8546
-9405
-10231
-11026
-11783
-12501
-13178
-13810
-14398
-14938
-15426
-15865
-16252
-16583
-16860
-17083
-17246
-17354
-17404
-17395
-17331
-17207
-17027
-16791
-16498
-16151
-15752
-15299
-14794
-14243
-13643
-12998
-12310
-11580
-10813
-10011
-9174
-8307
-7413
-6494
-5553
-4593
-3621
-2634
-1639
-640
362
1364
2361
3349
4328
5290
6237
7160
8062
8937
9782
10594
11373
12112
12811
13468
14080
14646
15164
15629
16045
16407
16714
16966
17161
17300
17381
17404
17370
17280
17130
16924
16663
16344
15973
15551
15073
14547
13974
13352
12688
11981
11233
10451
9632
8781
7901
6996
6067
5117
4150
3172
2181
1183
181
-820
-1820
-2813
-3799
-4769
-5725
-6662
-7578
-8466
-9328
-10159
-10956
-11716
-12437
-13118
-13756
-14345
-14889
-15385
-15826
-16218
-16556
-16837
-17064
-17234
-17346
-17402
-17398
-17339
-17221
-17046
-16815
-16528
-16185
-15790
-15342
-14842
-14294
-13699
-13058
-12374
-11649
-10884
-10086
-9251
-8387
-7495
-6579
-5639
-4682
-3709
-2725
-1731
-731
272
1273
2270
3261
4240
5203
6150
7079
7982
8859
9706
10522
11304
12046
12749
13411
14027
14596
15118
15589
16010
16376
16688
16945
17147
17290
17376
17406
17376
17290
17147
16945
16688
16377
16010
15589
15118
14597
14027
13411
12750
12047
11304
10522
9708
8860
7982
7079
6152
5205
4240
3261
2272
1274
272
-731
-1729
-2724
-3709
-4682
-5638
-6578
-7495
-8387
-9250
-10084
-10884
-11649
-12373
-13057
-13699
-14294
-14841
-15341
-15790
-16185
-16528
-16815
-17046
-17221
-17339
-17398
-17402
-17346
-17234
-17065
-16837
-16556
-16219
-15827
-15385
-14889
-14346
-13756
-13118
-12437
-11717
-10956
-10159
-9328
-8467
-7578
-6662
-5725
-4771
-3799
-2813
-1820
-822
181
1183
2181
3170
4150
5117
6065
6995
7901
8781
9631
10450
11233
11981
12686
13351
13974
14547
15072
15550
15973
16344
16662
16924
17130
17280
17370
17404
17381
17300
17162
16966
16714
16407
16046
15630
15164
14646
14081
13469
12811
12112
11374
10595
9782
8937
8064
7162
6237
5290
4329
3350
2361
1364
364
-638
-1639
-2634
-3619
-4593
-5553
-6494
-7412
-8307
-9174
-10011
-10812
-11580
-12310
-12998
-13642
-14243
-14794
-15299
-15752
-16151
-16498
-16791
-17027
-17207
-17331
-17395
-17404
-17354
-17246
-17083
-16861
-16583
-16252
-15866
-15427
-14938
-14398
-13811
-13179
-12501
-11783
-11027
-10232
-9405
-8546
-7659
-6747
-5812
-4857
-3888
-2905
-1911
-912
89
1090
2090
3081
4061
5030
5980
6912
7819
8701
9555
10378
11163
11914
12625
13293
13918
14497
15027
15508
15937
16313
16636
16902
17113
17268
17364
17403
17386
17310
17176
16987
16739
16437
16081
15670
15208
14696
14134
13525
12874
12177
11442
10667
9858
9016
8144
7246
6323
5377
4416
3440
2452
1456
455
-546
-1548
-2545
-3531
-4505
-5466
-6408
-7330
-8225
-9095
-9936
-10741
-11511
-12244
-12937
-13585
-14190
-14746
-15254
-15713
-16116
-16469
-16767
-17008
-17192
-17323
-17392
-17405
-17361
-17259
-17099
-16884
-16610
-16284
-15903
-15468
-14984
-14450
-13866
-13237
-12565
-11850
-11097
-10305
-9481
-8627
-7741
-6830
-5898
-4945
-3976
-2994
-2003
-1004
0
1001
1999
2991
3973
4943
5894
6828
7738
8624
9478
10303
11094
11846
12561
13235
13863
14446
14981
15466
15901
16281
16607
16881
17096
17256
17359
17402
17389
17320
17190
17006
16765
16467
16115
15710
15252
14745
14188
13583
12934
12243
11510
10739
9933
9095
8225
7328
6406
5465
4505
3529
2542
1547
546
-457
-1458
-2453
-3441
-4418
-5380
-6324
-7247
-8146
-9019
-9859
-10670
-11444
-12180
-12876
-13528
-14136
-14698
-15210
-15672
-16083
-16439
-16741
-16989
-17179
-17312
-17389
-17406
-17367
-17271
-17116
-16905
-16638
-16316
-15940
-15511
-15030
-14501
-13921
-13295
-12628
-11918
-11167
-10380
-9557
-8705
-7823
-6914
-5983
-5034
-4066
-3083
-2092
-1095
-93
910
1909
2901
3884
4854
5809
6743
7655
8544
9403
10229
11023
11780
12498
13175
13807
14395
14935
15424
15862
16249
16580
16858
17080
17244
17351
17401
17393
17329
17205
17025
16789
16496
16148
15750
15296
14791
14240
13640
12995
12308
11577
10811
10008
9171
8304
7410
6491
5551
4591
3618
2632
1637
638
-365
-1366
-2363
-3351
-4330
-5293
-6239
-7163
-8065
-8940
-9785
-10596
-11376
-12114
-12814
-13471
-14082
-14648
-15166
-15632
-16048
-16409
-16716
-16968
-17164
-17302
-17384
-17407
-17373
-17283
-17132
-16926
-16665
-16347
-15976
-15553
-15075
-14549
-13976
-13355
-12691
-11984
-11235
-10453
-9634
-8783
-7904
-6999
-6069
-5119
-4153
-3174
-2183
-1185
-183
818
1818
2811
3797
4767
5723
6660
7575
8463
9326
10156
10954
11714
12435
13115
13753
14343
14887
15382
15824
16216
16553
16835
17062
17231
17343
17400
17396
17336
17219
17043
16812
16526
16182
15787
15340
14839
14292
13697
13056
12372
11647
10882
10083
9249
8385
7492
6577
5637
4680
3707
2723
1728
728
-275
-1275
-2273
-3263
-4243
-5205
-6153
-7082
-7984
-8861
-9709
-10524
-11306
-12048
-12751
-13413
-14030
-14598
-15120
-15592
-16012
-16378
-16690
-16948
-17149
-17292
-17378
-17408
-17378
-17293
-17149
-16948
-16690
-16379
-16012
-15592
-15120
-14599
-14030
-13413
-12752
-12049
-11306
-10524
-9710
-8863
-7984
-7082
-6155
-5207
-4243
-3263
-2275
-1276
-275
728
1727
2721
3707
4680
5635
6575
7492
8385
9247
10081
10882
11647
12371
13055
13697
14292
14839
15339
15787
16182
16525
16812
17043
17219
17336
17396
17400
17343
17232
17062
16835
16553
16216
15825
15382
14887
14344
13753
13115
12435
11715
10954
10156
9326
8465
7575
6660
5723
4768
3797
2811
1818
819
-183
-1185
-2183
-3172
-4153
-5119
-6068
-6997
-7904
-8783
-9633
-10452
-11235
-11984
-12689
-13354
-13976
-14549
-15074
-15553
-15976
-16347
-16665
-16926
-17132
-17283
-17372
-17407
-17384
-17302
-17164
-16969
-16716
-16409
-16049
-15632
-15166
-14648
-14083
-13472
-12814
-12114
-11377
-10598
-9785
-8940
-8066
-7164
-6239
-5293
-4332
-3353
-2363
-1366
-366
636
1637
2632
3616
4591
5551
6491
7409
8304
9171
10008
10810
11577
12308
12995
13639
14240
14791
15296
15749
16148
16496
16789
17025
17205
17329
17393
17401
17351
17244
17081
16858
16580
16249
15863
15424
14935
14395
13808
13176
12498
11780
11025
10230
9403
8544
7657
6744
5809
4854
3885
2902
1909
910
-91
-1093
-2092
-3083
-4064
-5032
-5983
-6914
-7822
-8703
-9557
-10380
-11166
-11916
-12628
-13295
-13921
-14500
-15030
-15511
-15939
-16316
-16638
-16905
-17115
-17271
-17367
-17406
-17389
-17312
-17179
-16989
-16742
-16439
-16083
-15672
-15211
-14698
-14136
-13528
-12877
-12180
-11444
-10670
-9861
-9019
-8146
-7247
-6325
-5380
-4418
-3443
-2455
-1458
-457
544
1545
2542
3529
4502
5463
6406
7328
8223
9093
9933
10739
11509
12242
12934
13583
14187
14744
15252
15710
16114
16466
16765
17006
17190
17320
17389
17402
17359
17256
17096
16881
16608
16282
15901
15466
14982
14447
13863
13235
12562
11848
11094
10303
9479
8624
7738
6828
5895
4943
3973
2991
2001
1001
0
-1004
-2001
-2994
-3976
-4945
-5896
-6830
-7741
-8627
-9480
-10305
-11097
-11850
-12564
-13237
-13866
-14449
-14983
-15468
-15903
-16283
-16610
-16884
-17099
-17259
-17361
-17405
-17392
-17323
-17193
-17008
-16767
-16469
-16118
-15713
-15254
-14748
-14191
-13585
-12937
-12245
-11512
-10741
-9936
-9097
-8227
-7330
-6408
-5467
-4507
-3531
-2545
-1549
-548
455
1456
2450
3439
4416
5377
6321
7244
8144
9016
9857
10667
11442
12177
12873
13525
14134
14696
15208
15670
16081
16437
16739
16987
17176
17310
17386
17403
17364
17268
17113
16902
16636
16313
15938
15508
15027
14498
13919
13293
12625
11915
11165
10378
9555
8703
7821
6912
5980
5031
4063
3081
2090
1093
90
-912
-1911
-2903
-3886
-4857
-5812
-6746
-7658
-8546
-9405
-10231
-11026
-11783
-12501
-13178
-13810
-14398
-14938
-15426
-15865
-16252
-16583
-16860
-17083
-17246
-17354
-17404
-17395
-17331
-17207
-17027
-16791
-16498
-16151
-15752
-15299
-14794
-14243
-13643
-12998
-12310
-11580
-10813
-10011
-9174
-8307
-7413
-6494
-5553
-4593
-3621
-2634
-1639
-638
362
1364
2361
3349
4328
5290
6237
7160
8062
8937
9782
10594
11373
12112
12811
13468
14080
14646
15164
15629
16045
16407
16714
16966
17161
17300
17381
17404
17370
17280
17130
16924
16663
16344
15973
15551
15073
14547
13974
13352
12688
11981
11233
10451
9632
8781
7901
6996
6067
5117
4150
3172
2181
1183
181
-820
-1820
-2813
-3799
-4769
-5725
-6662
-7578
-8466
-9328
-10159
-10956
-11716
-12437
-13118
-13756
-14345
-14889
-15385
-15827
-16218
-16556
-16837
-17064
-17234
-17346
-17402
-17398
-17339
-17221
-17046
-16815
-16528
-16185
-15790
-15342
-14842
-14294
-13699
-13058
-12374
-11649
-10884
-10086
-9251
-8387
-7495
-6579
-5639
-4682
-3709
-2725
-1731
-731
272
1273
2270
3261
4240
5203
6150
7079
7982
8859
9706
10522
11304
12046
12749
13411
14027
14596
15118
15589
16010
16376
16688
16945
17147
17290
17376
17406
17376
17290
17147
16945
16688
16377
16010
15589
15118
14597
14027
13411
12749
12047
11304
10522
9708
8860
7982
7079
6152
5205
4240
3261
2272
1274
272
-731
-1729
-2724
-3709
-4682
-5638
-6578
-7495
-8387
-9250
-10084
-10884
-11649
-12373
-13057
-13699
-14294
-14841
-15341
-15790
-16185
-16528
-16815
-17046
-17221
-17339
-17398
-17402
-17346
-17234
-17065
-16837
-16556
-16219
-15827
-15385
-14889
-14346
-13756
-13118
-12437
-11717
-10956
-10159
-9328
-8467
-7578
-6662
-5725
-4771
-3799
-2813
-1820
-822
181
1183
2181
3170
4150
5117
6067
6995
7901
8781
9631
10450
11233
11981
12686
13351
13974
14547
15072
15550
15973
16344
16662
16924
17130
17280
17370
17404
17381
17300
17162
16966
16714
16407
16046
15630
15164
14646
14081
13469
12811
12112
11374
10595
9782
8937
8064
7162
6237
5290
4329
3350
2361
1364
364
-638
-1639
-2634
-3619
-4593
-5553
-6494
-7412
-8307
-9174
-10011
-10812
-11580
-12310
-12998
-13642
-14243
-14794
-15299
-15752
-16151
-16498
-16791
-17027
-17207
-17331
-17395
-17404
-17354
-17246
-17083
-16861
-16583
-16252
-15866
-15427
-14938
-14398
-13811
-13179
-12501
-11783
-11027
-10232
-9405
-8546
-7659
-6747
-5812
-4857
-3888
-2905
-1911
-912
89
1090
2090
3081
4061
5030
5980
6912
7819
8701
9555
10378
11163
11914
12625
13293
13918
14497
15027
15508
15937
16313
16636
16902
17113
17268
17364
17403
17386
17310
17176
16987
16739
16437
16081
15670
15208
14696
14134
13525
12874
12177
11442
10667
9858
9016
8144
7244
6323
5377
4416
3440
2452
1456
455
-546
-1548
-2545
-3531
-4505
-5466
-6408
-7330
-8225
-9095
-9936
-10741
-11511
-12244
-12937
-13585
-14190
-14746
-15254
-15713
-16116
-16469
-16767
-17008
-17192
-17323
-17392
-17405
-17361
-17259
-17099
-16884
-16610
-16284
-15903
-15468
-14984
-14450
-13866
-13237
-12565
-11850
-11097
-10305
-9481
-8627
-7741
-6830
-5898
-4945
-3976
-2994
-2003
-1004
0
1001
1999
2991
3973
4943
5894
6828
7738
8624
9478
10303
11094
11848
12561
13235
13863
14446
14981
15466
15901
16281
16607
16881
17096
17256
17359
17402
17389
17320
17190
17006
16765
16467
16115
15710
15252
14745
14188
13583
12934
12243
11510
10739
9933
9095
8225
7328
6406
5465
4505
3529
2542
1547
546
-457
-1458
-2453
-3441
-4418
-5380
-6324
-7247
-8146
-9019
-9859
-10670
-11444
-12180
-12876
-13528
-14136
-14698
-15210
-15672
-16083
-16439
-16741
-16989
-17179
-17312
-17389
-17406
-17367
-17271
-17116
-16905
-16638
-16316
-15940
-15511
-15030
-14501
-13921
-13295
-12628
-11918
-11167
-10380
-9557
-8705
-7823
-6914
-5983
-5034
-4066
-3083
-2092
-1095
-93
910
1909
2901
3884
4854
5809
6743
7655
8544
9403
10229
11023
11780
12498
13175
13807
14395
14935
15424
15862
16249
16580
16858
17080
17244
17351
17401
17393
17329
17205
17025
16789
16496
16148
15750
15296
14791
14240
13640
12995
12308
11577
10811
10008
9171
8304
7410
6491
5551
4591
3618
2632
1637
636
-365
-1366
-2363
-3351
-4330
-5293
-6239
-7163
-8065
-8940
-9785
-10596
-11376
-12114
-12814
-13471
-14082
-14648
-15166
-15632
-16048
-16409
-16716
-16968
-17164
-17302
-17384
-17407
-17373
-17283
-17132
-16926
-16665
-16347
-15976
-15553
-15075
-14549
-13976
-13355
-12691
-11984
-11235
-10453
-9634
-8783
-7904
-6999
-6069
-5119
-4153
-3174
-2183
-1185
-183
818
1818
2811
3797
4767
5723
6660
7575
8463
9326
10156
10954
11714
12435
13115
13753
14343
14887
15382
15825
16216
16553
16835
17062
17231
17343
17400
17396
17336
17219
17043
16812
16526
16182
15787
15340
14839
14292
13697
13056
12372
11647
10882
10083
9249
8385
7492
6577
5637
4680
3707
2723
1728
728
-275
-1275
-2273
-3263
-4243
-5205
-6153
-7082
-7984
-8861
-9709
-10524
-11306
-12048
-12751
-13413
-14030
-14598
-15120
-15592
-16012
-16378
-16690
-16948
-17149
-17292
-17378
-17408
-17378
-17293
-17149
-16948
-16690
-16379
-16012
-15592
-15120
-14599
-14030
-13413
-12751
-12049
-11306
-10524
-9710
-8863
-7984
-7082
-6155
-5207
-4243
-3263
-2275
-1276
-275
728
1727
2721
3707
4680
5635
6575
7492
8385
9247
10081
10882
11647
12371
13055
13697
14292
14839
15339
15787
16182
16525
16812
17043
17219
17336
17396
17400
17343
17232
17062
16835
16553
16216
15825
15382
14887
14344
13753
13115
12435
11715
10954
10156
9326
8465
7575
6660
5723
4768
3797
2811
1818
819
-183
-1185
-2183
-3172
-4153
-5119
-6069
-6997
-7904
-8783
-9633
-10452
-11235
-11984
-12689
-13354
-13976
-14549
-15074
-15553
-15976
-16347
-16665
-16926
-17132
-17283
-17372
-17407
-17384
-17302
-17164
-16969
-16716
-16409
-16049
-15632
-15166
-14648
-14083
-13472
-12814
-12114
-11377
-10598
-9785
-8940
-8066
-7164
-6239
-5293
-4332
-3353
-2363
-1366
-366
636
1637
2632
3616
4591
5551
6491
7409
8304
9171
10008
10810
11577
12308
12995
13639
14240
14791
15296
15749
16148
16496
16789
17025
17205
17329
17393
17401
17351
17244
17081
16858
16580
16249
15863
15424
14935
14395
13808
13176
12498
11780
11025
10230
9403
8544
7657
6744
5809
4854
3885
2902
1909
910
-91
-1093
-2092
-3083
-4064
-5032
-5983
-6914
-7822
-8703
-9557
-10380
-11166
-11916
-12628
-13295
-13921
-14500
-15030
-15511
-15939
-16316
-16638
-16905
-17115
-17271
-17367
-17406
-17389
-17312
-17179
-16989
-16742
-16439
-16083
-15672
-15211
-14698
-14136
-13528
-12877
-12180
-11444
-10670
-9861
-9019
-8146
-7247
-6325
-5380
-4418
-3443
-2455
-1458
-457
544
1545
2542
3529
4502
5463
6406
7328
8223
9093
9933
10739
11509
12242
12934
13583
14187
14744
15252
15710
16114
16466
16765
17006
17190
17320
17389
17402
17359
17256
17096
16881
16608
16282
15901
15466
14982
14447
13863
13235
12562
11848
11094
10303
9479
8624
7738
6828
5895
4943
3973
2991
2001
1001
0
-1004
-2001
-2994
-3976
-4945
-5896
-6830
-7741
-8627
-9480
-10305
-11097
-11850
-12564
-13237
-13866
-14449
-14983
-15468
-15903
-16283
-16610
-16884
-17099
-17259
-17361
-17405
-17392
-17323
-17193
-17008
-16767
-16469
-16118
-15713
-15254
-14748
-14191
-13585
-12937
-12245
-11512
-10741
-9936
-9097
-8227
-7330
-6408
-5467
-4507
-3531
-2545
-1549
-548
455
1456
2450
3439
4416
5377
6321
7244
8144
9016
9857
10667
11442
12177
12873
13525
14134
14696
15208
15670
16081
16437
16739
16987
17176
17310
17386
17403
17364
17268
17113
16902
16636
16313
15938
15508
15027
14498
13919
13293
12625
11915
11165
10378
9555
8703
7821
6912
5980
5031
4063
3081
2090
1093
90
-912
-1911
-2903
-3886
-4857
-5812
-6746
-7658
-8546
-9405
-10231
-11026
-11783
-12501
-13178
-13810
-14398
-14938
-15426
-15865
-16252
-16583
-16860
-17083
-17246
-17354
-17404
-17395
-17331
-17207
-17027
-16791
-16498
-16151
-15752
-15299
-14794
-14243
-13643
-12998
-12310
-11580
-10813
-10011
-9174
-8307
-7413
-6494
-5553
-4593
-3621
-2634
-1639
-638
362
1364
2361
3349
4328
5290
6237
7160
8062
8937
9782
10594
11373
12112
12811
13468
14080
14646
15164
15629
16045
16407
16714
16966
17161
17300
17381
17404
17370
17280
17130
16924
16663
16344
15973
15551
15073
14547
13974
13352
12688
11981
11233
10451
9632
8781
7901
6996
6067
5117
4150
3172
2181
1183
181
-820
-1820
-2813
-3799
-4769
-5725
-6662
-7578
-8466
-9328
-10159
-10956
-11716
-12437
-13118
-13756
-14345
-14889
-15385
-15827
-16218
-16556
-16837
-17064
-17234
-17346
-17402
-17398
-17339
-17221
-17046
-16815
-16528
-16185
-15790
-15342
-14842
-14294
-13699
-13058
-12374
-11649
-10884
-10086
-9251
-8387
-7495
-6579
-5639
-4682
-3709
-2725
-1731
-731
272
1273
2270
3261
4240
5203
6150
7079
7982
8859
9706
10522
11304
12046
12749
13411
14027
14596
15118
15589
16010
16376
16688
16945
17147
17290
17376
17406
17376
17290
17147
16945
16688
16377
16010
15589
15118
14597
14027
13411
12749
12047
11304
10522
9708
8860
7982
7079
6152
5205
4240
3261
2272
1274
272
-731
-1729
-2724
-3709
-4682
-5638
-6578
-7495
-8387
-9250
-10084
-10884
-11649
-12373
-13057
-13699
-14294
-14841
-15341
-15790
-16185
-16528
-16815
-17046
-17221
-17339
-17398
-17402
-17346
-17234
-17065
-16837
-16556
-16219
-15827
-15385
-14889
-14346
-13756
-13118
-12437
-11717
-10956
-10159
-9328
-8467
-7578
-6662
-5725
-4771
-3799
-2813
-1820
-822
181
1183
2181
3170
4150
5117
6067
6995
7901
8781
9631
10450
11233
11981
12686
13351
13974
14547
15072
15550
15973
16344
16662
16924
17130
17280
17370
17404
17381
17300
17162
16966
16714
16407
16046
15630
15164
14646
14081
13469
12811
12112
11374
10595
9782
8937
8064
7162
6237
5290
4329
3350
2361
1364
364
-638
-1639
-2634
-3619
-4593
-5553
-6494
-7412
-8307
-9174
-10011
-10812
-11580
-12310
-12998
-13642
-14243
-14794
-15299
-15752
-16151
-16498
-16791
-17027
-17207
-17331
-17395
-17404
-17354
-17246
-17083
-16861
-16583
-16252
-15866
-15427
-14938
-14398
-13811
-13179
-12501
-11783
-11027
-10232
-9405
-8546
-7659
-6747
-5812
-4857
-3888
-2905
-1911
-912
89
1090
2090
3081
4061
5030
5980
6912
7819
8701
9555
10378
11163
11914
12625
13293
13918
14497
15027
15508
15937
16313
16636
16902
17113
17268
17364
17403
17386
17310
17176
16987
16739
16437
16081
15670
15208
14696
14134
13525
12874
12177
11442
10667
9858
9016
8144
7244
6323
5377
4416
3439
2452
1456
455
-546
-1548
-2545
-3531
-4505
-5466
-6408
-7330
-8225
-9095
-9936
-10741
-11511
-12244
-12937
-13585
-14190
-14746
-15254
-15713
-16116
-16469
-16767
-17008
-17192
-17323
-17392
-17405
-17361
-17259
-17099
-16884
-16610
-16284
-15903
-15468
-14984
-14450
-13866
-13237
-12565
-11850
-11097
-10305
-9481
-8627
-7741
-6830
-5898
-4945
-3976
-2994
-2003
-1004
0
1001
1999
2991
3973
4943
5894
6828
7738
8624
9478
10303
11094
11848
12561
13235
13863
14447
14981
15466
15901
16281
16607
16881
17096
17256
17359
17402
17389
17320
17190
17006
16765
16467
16115
15710
15252
14745
14188
13583
12934
12243
11510
10739
9933
9095
8225
7328
6406
5465
4505
3529
2542
1547
546
-457
-1458
-2453
-3441
-4418
-5380
-6324
-7247
-8146
-9019
-9859
-10670
-11444
-12180
-12876
-13528
-14136
-14698
-15210
-15672
-16083
-16439
-16741
-16989
-17179
-17312
-17389
-17406
-17367
-17271
-17116
-16905
-16638
-16316
-15940
-15511
-15030
-14500
-13921
-13295
-12628
-11918
-11167
-10380
-9557
-8705
-7823
-6914
-5983
-5034
-4066
-3083
-2092
-1095
-93
910
1909
2901
3884
4854
5809
6743
7655
8544
9403
10229
11023
11780
12498
13175
13807
14395
14935
15424
15862
16249
16580
16858
17080
17244
17351
17401
17393
17329
17205
17025
16789
16496
16148
15750
15296
14791
14240
13640
12995
12308
11577
10811
10008
9171
8304
7410
6491
5551
4591
3618
2632
1637
636
-365
-1366
-2363
-3353
-4330
-5293
-6239
-7163
-8065
-8940
-9785
-10596
-11376
-12114
-12814
-13471
-14082
-14648
-15166
-15632
-16048
-16409
-16716
-16968
-17164
-17302
-17384
-17407
-17373
-17283
-17132
-16926
-16665
-16347
-15976
-15553
-15075
-14549
-13976
-13355
-12691
-11984
-11235
-10453
-9634
-8783
-7904
-6999
-6069
-5119
-4153
-3174
-2183
-1185
-183
818
1818
2811
3797
4767
5723
6660
7575
8463
9326
10156
10954
11714
12435
13115
13753
14343
14887
15382
15825
16216
16553
16835
17062
17231
17343
17400
17396
17336
17219
17043
16812
16526
16182
15787
15340
14839
14292
13697
13056
12372
11647
10882
10083
9249
8385
7492
6577
5637
4680
3707
2723
1728
728
-275
-1275
-2273
-3263
-4243
-5205
-6153
-7082
-7984
-8861
-9709
-10524
-11306
-12048
-12751
-13413
-14030
-14598
-15120
-15592
-16012
-16378
-16690
-16948
-17149
-17292
-17378
-17408
-17378
-17293
-17149
-16948
-16690
-16379
-16012
-15592
-15120
-14599
-14030
-13413
-12751
-12049
-11306
-10524
-9709
-8863
-7984
-7082
-6155
-5207
-4243
-3263
-2275
-1276
-275
728
1727
2721
3707
4680
5635
6575
7492
8385
9247
10081
10882
11647
12371
13055
13697
14292
14839
15339
15787
16182
16525
16812
17043
17219
17336
17396
17400
17343
17232
17062
16835
16553
16216
15825
15382
14887
14344
13753
13115
12435
11715
10954
10156
9326
8465
7575
6660
5723
4768
3797
2811
1818
819
-183
-1185
-2183
-3172
-4153
-5119
-6069
-6997
-7904
-8783
-9634
-10452
-11235
-11984
-12689
-13354
-13976
-14549
-15074
-15553
-15976
-16347
-16665
-16926
-17132
-17283
-17372
-17407
-17384
-17302
-17164
-16969
-16716
-16409
-16049
-15632
-15166
-14648
-14083
-13472
-12814
-12114
-11377
-10598
-9785
-8940
-8066
-7164
-6239
-5293
-4332
-3353
-2363
-1366
-366
636
1637
2632
3616
4591
5551
6491
7409
8304
9171
10008
10810
11577
12308
12995
13639
14240
14791
15296
15749
16148
16496
16789
17025
17205
17329
17393
17401
17351
17244
17080
16858
16580
16249
15863
15424
14935
14395
13808
13176
12498
11780
11025
10230
9403
8544
7657
6744
5809
4854
3885
2902
1909
910
-91
-1093
-2092
-3083
-4064
-5032
-5983
-6914
-7822
-8703
-9557
-10380
-11166
-11916
-12628
-13295
-13921
-14500
-15030
-15511
-15939
-16316
-16638
-16905
-17115
-17271
-17367
-17406
-17389
-17312
-17179
-16989
-16742
-16439
-16083
-15672
-15211
-14698
-14136
-13528
-12877
-12180
-11444
-10670
-9861
-9019
-8146
-7247
-6325
-5380
-4418
-3441
-2455
-1458
-457
544
1545
2542
3529
4502
5463
6406
7328
8223
9093
9933
10739
11509
12242
12934
13583
14187
14744
15252
15710
16114
16466
16765
17006
17190
17320
17389
17402
17359
17256
17096
16881
16608
16282
15901
15466
14982
14447
13863
13235
12562
11848
11094
10303
9479
8624
7738
6828
5895
4943
3973
2991
2001
1001
0
-1004
-2001
-2994
-3976
-4945
-5896
-6830
-7741
-8627
-9480
-10305
-11097
-11850
-12564
-13237
-13866
-14450
-14983
-15468
-15903
-16283
-16610
-16884
-17099
-17259
-17361
-17405
-17392
-17323
-17193
-17008
-16767
-16469
-16118
-15713
-15254
-14748
-14191
-13585
-12937
-12245
-11512
-10741
-9936
-9097
-8227
-7330
-6408
-5467
-4507
-3531
-2545
-1549
-548
455
1456
2450
3439
4416
5377
6321
7244
8144
9016
9857
10667
11442
12177
12873
13525
14134
14696
15208
15670
16081
16437
16739
16987
17176
17310
17386
17403
17364
17268
17113
16902
16636
16313
15938
15508
15027
14497
13919
13293
12625
11915
11165
10378
9555
8703
7821
6912
5980
5031
4063
3081
2090
1093
90
-912
-1911
-2903
-3886
-4857
-5812
-6746
-7658
-8546
-9405
-10231
-11026
-11783
-12501
-13178
-13810
-14398
-14938
-15426
-15865
-16252
-16583
-16860
-17083
-17246
-17354
-17404
-17395
-17331
-17207
-17027
-16791
-16498
-16151
-15752
-15299
-14794
-14243
-13643
-12998
-12310
-11580
-10813
-10011
-9174
-8307
-7413
-6494
-5553
-4593
-3621
-2634
-1639
-638
362
1364
2361
3350
4328
5290
6237
7160
8062
8937
9782
10594
11373
12112
12811
13468
14080
14646
15164
15629
16045
16407
16714
16966
17161
17300
17381
17404
17370
17280
17130
16924
16663
16344
15973
15551
15073
14547
13974
13352
12688
11981
11233
10451
9632
8781
7901
6996
6067
5117
4150
3172
2181
1183
181
-820
-1820
-2813
-3799
-4769
-5725
-6662
-7578
-8466
-9328
-10159
-10956
-11716
-12437
-13118
-13756
-14345
-14889
-15385
-15827
-16218
-16556
-16837
-17065
-17234
-17346
-17402
-17398
-17339
-17221
-17046
-16815
-16528
-16185
-15790
-15342
-14842
-14294
-13699
-13058
-12374
-11649
-10884
-10086
-9251
-8387
-7495
-6579
-5639
-4682
-3709
-2725
-1731
-731
272
1273
2270
3261
4240
5203
6150
7079
7982
8859
9706
10522
11304
12046
12749
13411
14027
14596
15118
15589
16010
16376
16688
16945
17147
17290
17376
17406
17376
17290
17147
16945
16688
16377
16010
15589
15118
14597
14027
13411
12749
12047
11304
10522
9706
8860
7982
7079
6152
5205
4240
3261
2272
1274
272
-731
-1729
-2724
-3709
-4682
-5638
-6578
-7495
-8387
-9250
-10084
-10884
-11649
-12373
-13057
-13699
-14294
-14841
-15341
-15790
-16185
-16528
-16815
-17046
-17221
-17339
-17398
-17402
-17346
-17234
-17065
-16837
-16556
-16219
-15827
-15385
-14889
-14346
-13756
-13118
-12437
-11717
-10956
-10159
-9328
-8467
-7578
-6662
-5725
-4771
-3799
-2813
-1820
-822
181
1183
2181
3170
4150
5117
6067
6995
7901
8781
9632
10450
11233
11981
12686
13351
13974
14547
15072
15550
15973
16344
16662
16924
17130
17280
17370
17404
17381
17300
17162
16966
16714
16407
16046
15630
15164
14646
14081
13469
12811
12112
11374
10595
9782
8937
8064
7162
6237
5290
4329
3350
2361
1364
364
-638
-1639
-2634
-3619
-4593
-5553
-6494
-7412
-8307
-9174
-10011
-10812
-11580
-12310
-12998
-13642
-14243
-14794
-15299
-15752
-16151
-16498
-16791
-17027
-17207
-17331
-17395
-17404
-17354
-17246
-17083
-16861
-16583
-16252
-15866
-15427
-14938
-14398
-13811
-13179
-12501
-11783
-11027
-10232
-9405
-8546
-7659
-6747
-5812
-4857
-3888
-2905
-1911
-912
89
1090
2090
3081
4061
5030
5980
6912
7819
8701
9555
10378
11163
11914
12625
13293
13918
14497
15027
15508
15937
16313
16636
16902
17113
17268
17364
17403
17386
17310
17176
16987
16739
16437
16081
15670
15208
14696
14134
13525
12874
12177
11442
10667
9858
9016
8144
7244
6323
5377
4416
3439
2452
1456
455
-546
-1548
-2545
-3531
-4505
-5466
-6408
-7330
-8225
-9095
-9936
-10741
-11511
-12244
-12937
-13585
-14190
-14746
-15254
-15713
-16116
-16469
-16767
-17008
-17192
-17323
-17392
-17405
-17361
-17259
-17099
-16884
-16610
-16284
-15903
-15468
-14984
-14450
-13866
-13237
-12565
-11850
-11097
-10305
-9481
-8627
-7741
-6830
-5898
-4945
-3976
-2994
-2003
-1004
0
1001
1999
2991
3973
4943
5894
6828
7738
8624
9478
10303
11094
11848
12561
13235
13863
14447
14981
15466
15901
16281
16607
16881
17096
17256
17359
17402
17389
17320
17190
17006
16765
16467
16115
15710
15252
14745
14188
13583
12934
12243
11510
10739
9933
9095
8225
7328
6406
5465
4505
3529
2542
1547
546
-457
-1458
-2453
-3441
-4418
-5380
-6324
-7247
-8146
-9019
-9859
-10670
-11444
-12180
-12876
-13528
-14136
-14698
-15210
-15672
-16083
-16439
-16741
-16989
-17179
-17312
-17389
-17406
-17367
-17271
-17116
-16905
-16638
-16316
-15940
-15511
-15030
-14500
-13921
-13295
-12628
-11918
-11167
-10380
-9557
-8705
-7823
-6914
-5983
-5034
-4066
-3083
-2092
-1095
-93
910
1909
2901
3884
4854
5809
6743
7655
8544
9403
10229
11023
11780
12498
13175
13807
14395
14935
15424
15862
16249
16580
16858
17080
17244
17351
17401
17393
17329
17205
17025
16789
16496
16148
15750
15296
14791
14240
13640
12995
12308
11577
10811
10008
9171
8304
7410
6491
5551
4591
3618
2632
1637
636
-365
-1366
-2363
-3353
-4330
-5293
-6239
-7163
-8065
-8940
-9785
-10596
-11376
-12114
-12814
-13471
-14082
-14648
-15166
-15632
-16048
-16409
-16716
-16968
-17164
-17302
-17384
-17407
-17373
-17283
-17132
-16926
-16665
-16347
-15976
-15553
-15075
-14549
-13976
-13355
-12691
-11984
-11235
-10453
-9634
-8783
-7904
-6999
-6069
-5119
-4153
-3174
-2183
-1185
-183
818
1818
2811
3797
4767
5723
6660
7575
8463
9326
10156
10954
11714
12435
13115
13753
14343
14887
15382
15825
16216
16553
16835
17062
17231
17343
17400
17396
17336
17219
17043
16812
16526
16182
15787
15340
14839
14292
13697
13056
12372
11647
10882
10083
9249
8385
7492
6577
5637
4680
3707
2723
1728
728
-275
-1275
-2273
-3263
-4243
-5205
-6153
-7082
-7984
-8861
-9709
-10524
-11306
-12048
-12751
-13413
-14030
-14598
-15120
-15592
-16012
-16378
-16690
-16948
-17149
-17292
-17378
-17408
-17378
-17293
-17149
-16948
-16690
-16379
-16012
-15592
-15120
-14599
-14030
-13413
-12751
-12049
-11306
-10524
-9709
-8863
-7984
-7082
-6155
-5207
-4243
-3263
-2275
-1276
-275
728
1727
2721
3707
4680
5635
6575
7492
8385
9247
10081
10882
11647
12371
13055
13697
14292
14839
15339
15787
16182
16525
16812
17043
17219
17336
17396
17400
17343
17232
17062
16835
16553
16216
15825
15382
14887
14344
13753
13115
12435
11715
10954
10156
9326
8465
7575
6660
5723
4768
3797
2811
1818
819
-183
-1185
-2183
-3172
-4153
-5119
-6069
-6997
-7904
-8783
-9634
-10452
-11235
-11984
-12689
-13354
-13976
-14549
-15074
-15553
-15976
-16347
-16665
-16926
-17132
-17283
-17372
-17407
-17384
-17302
-17164
-16969
-16716
-16409
-16049
-15632
-15166
-14648
-14083
-13472
-12814
-12114
-11377
-10598
-9785
-8940
-8066
-7164
-6239
-5293
-4332
-3353
-2363
-1366
-366
636
1637
2632
3616
4591
5551
6491
7409
8304
9171
10008
10810
11577
12308
12995
13639
14240
14791
15296
15749
16148
16496
16789
17025
17205
17329
17393
17401
17351
17244
17080
16858
16580
16249
15863
15424
14935
14395
13808
13176
12498
11780
11025
10230
9403
8544
7657
6744
5809
4854
3885
2902
1909
910
-91
-1093
-2092
-3083
-4064
-5032
-5983
-6914
-7822
-8703
-9557
-10380
-11166
-11916
-12628
-13295
-13921
-14500
-15030
-15511
-15939
-16316
-16638
-16905
-17115
-17271
-17367
-17406
-17389
-17312
-17179
-16989
-16742
-16439
-16083
-15672
-15211
-14698
-14136
-13528
-12877
-12180
-11444
-10670
-9861
-9019
-8146
-7247
-6325
-5380
-4418
-3441
-2455
-1458
-457
544
1545
2542
3529
4502
5463
6406
7328
8223
9093
9933
10739
11509
12242
12934
13583
14187
14744
15252
15710
16114
16466
16765
17006
17190
17320
17389
17402
17359
17256
17096
16881
16608
16282
15901
15466
14982
14447
13863
13235
12562
11848
11094
10303
9479
8624
7738
6828
5895
4943
3973
2991
2001
1001
0
-1004
-2001
-2994
-3976
-4945
-5896
-6830
-7741
-8627
-9480
-10305
-11097
-11850
-12564
-13237
-13866
-14450
-14983
-15468
-15903
-16283
-16610
-16884
-17099
-17259
-17361
-17405
-17392
-17323
-17193
-17008
-16767
-16469
-16118
-15713
-15254
-14748
-14191
-13585
-12937
-12245
-11512
-10741
-9936
-9097
-8227
-7330
-6408
-5467
-4507
-3531
-2545
-1549
-548
455
1456
2450
3439
4416
5377
6321
7244
8144
9016
9857
10667
11442
12177
12873
13525
14134
14696
15208
15670
16081
16437
16739
16987
17176
17310
17386
17403
17364
17268
17113
16902
16636
16313
15938
15508
15027
14497
13919
13293
12625
11914
11165
10378
9555
8703
7821
6912
5980
5031
4063
3081
2090
1093
90
-912
-1911
-2903
-3886
-4857
-5812
-6746
-7658
-8546
-9405
-10231
-11026
-11783
-12501
-13178
-13810
-14398
-14938
-15426
-15865
-16252
-16583
-16860
-17083
-17246
-17354
-17404
-17395
-17331
-17207
-17027
-16791
-16498
-16151
-15752
-15299
-14794
-14243
-13643
-12998
-12310
-11580
-10813
-10011
-9174
-8307
-7413
-6494
-5553
-4593
-3621
-2634
-1639
-638
362
1364
2361
3350
4328
5290
6237
7162
8062
8937
9782
10594
11373
12112
12811
13468
14080
14646
15164
15629
16045
16407
16714
16966
17161
17300
17381
17404
17370
17280
17130
16924
16663
16344
15973
15551
15073
14547
13974
13352
12688
11981
11233
10451
9632
8781
7901
6996
6067
5117
4150
3172
2181
1183
181
-820
-1820
-2813
-3799
-4769
-5725
-6662
-7578
-8466
-9328
-10159
-10956
-11716
-12437
-13118
-13756
-14345
-14889
-15385
-15827
-16218
-16556
-16837
-17065
-17234
-17346
-17402
-17398
-17339
-17221
-17046
-16815
-16528
-16185
-15790
-15342
-14842
-14294
-13699
-13058
-12374
-11649
-10884
-10086
-9251
-8387
-7495
-6579
-5639
-4682
-3709
-2725
-1731
-731
272
1273
2270
3261
4240
5203
6150
7079
7982
8859
9706
10522
11304
12046
12749
13411
14027
14596
15118
15589
16010
16376
16688
16945
17147
17290
17376
17406
17376
17290
17147
16945
16688
16377
16010
15589
15118
14597
14027
13411
12749
12047
11304
10522
9706
8860
7982
7079
6150
5205
4240
3261
2272
1274
272
-731
-1729
-2724
-3709
-4682
-5638
-6578
-7495
-8387
-9250
-10084
-10884
-11649
-12373
-13057
-13699
-14294
-14841
-15341
-15790
-16185
-16528
-16815
-17046
-17221
-17339
-17398
-17402
-17346
-17234
-17065
-16837
-16556
-16219
-15827
-15385
-14889
-14346
-13756
-13118
-12437
-11717
-10956
-10159
-9328
-8467
-7578
-6662
-5725
-4771
-3799
-2813
-1820
-822
181
1183
2181
3170
4150
5117
6067
6995
7901
8781
9632
10450
11233
11981
12688
13351
13974
14547
15072
15550
15973
16344
16662
16924
17130
17280
17370
17404
17381
17300
17162
16966
16714
16407
16046
15630
15164
14646
14081
13469
12811
12112
11374
10595
9782
8937
8064
7162
6237
5290
4329
3350
2361
1364
364
-638
-1639
-2634
-3619
-4593
-5553
-6494
-7412
-8307
-9174
-10011
-10812
-11580
-12310
-12998
-13642
-14243
-14794
-15299
-15752
-16151
-16498
-16791
-17027
-17207
-17331
-17395
-17404
-17354
-17246
-17083
-16861
-16583
-16252
-15865
-15427
-14938
-14398
-13811
-13179
-12501
-11783
-11027
-10232
-9405
-8546
-7659
-6747
-5812
-4857
-3888
-2905
-1911
-912
89
1090
2090
3081
4061
5030
5980
6912
7819
8701
9555
10378
11163
11914
12625
13293
13918
14497
15027
15508
15937
16313
16636
16902
17113
17268
17364
17403
17386
17310
17176
16987
16739
16437
16081
15670
15208
14696
14134
13525
12874
12177
11442
10667
9858
9016
8144
7244
6323
5377
4416
3439
2452
1456
455
-548
-1548
-2545
-3531
-4505
-5466
-6408
-7330
-8225
-9095
-9936
-10741
-11511
-12244
-12937
-13585
-14190
-14746
-15254
-15713
-16116
-16469
-16767
-17008
-17192
-17323
-17392
-17405
-17361
-17259
-17099
-16884
-16610
-16284
-15903
-15468
-14984
-14450
-13866
-13237
-12565
-11850
-11097
-10305
-9481
-8627
-7741
-6830
-5898
-4945
-3976
-2994
-2003
-1004
0
1001
1999
2991
3973
4943
5894
6828
7738
8624
9478
10303
11094
11848
12561
13235
13863
14447
14981
15466
15901
16282
16607
16881
17096
17256
17359
17402
17389
17320
17190
17006
16765
16467
16115
15710
15252
14745
14188
13583
12934
12243
11510
10739
9933
9095
8225
7328
6406
5465
4505
3529
2542
1547
546
-457
-1458
-2453
-3441
-4418
-5380
-6324
-7247
-8146
-9019
-9859
-10670
-11444
-12180
-12876
-13528
-14136
-14698
-15210
-15672
-16083
-16439
-16741
-16989
-17179
-17312
-17389
-17406
-17367
-17271
-17116
-16905
-16638
-16316
-15940
-15511
-15030
-14500
-13921
-13295
-12628
-11916
-11167
-10380
-9557
-8705
-7823
-6914
-5983
-5034
-4066
-3083
-2092
-1095
-93
910
1909
2901
3884
4854
5809
6743
7655
8544
9403
10229
11023
11780
12498
13175
13807
14395
14935
15424
15862
16249
16580
16858
17080
17244
17351
17401
17393
17329
17205
17025
16789
16496
16148
15750
15296
14791
14240
13640
12995
12308
11577
10811
10008
9171
8304
7410
6491
5551
4591
3618
2632
1637
636
-365
-1366
-2363
-3353
-4330
-5293
-6239
-7164
-8065
-8940
-9785
-10596
-11376
-12114
-12814
-13471
-14082
-14648
-15166
-15632
-16048
-16409
-16716
-16968
-17164
-17302
-17384
-17407
-17373
-17283
-17132
-16926
-16665
-16347
-15976
-15553
-15075
-14549
-13976
-13355
-12691
-11984
-11235
-10453
-9634
-8783
-7904
-6999
-6069
-5119
-4153
-3174
-2183
-1185
-183
818
1818
2811
3797
4767
5723
6660
7575
8463
9326
10156
10954
11714
12435
13115
13753
14343
14887
15382
15825
16216
16553
16835
17062
17231
17343
17400
17396
17336
17219
17043
16812
16526
16182
15787
15340
14839
14292
13697
13056
12372
11647
10882
10083
9249
8385
7492
6577
5637
4680
3707
2723
1728
728
-275
-1275
-2273
-3263
-4243
-5205
-6153
-7082
-7984
-8861
-9709
-10524
-11306
-12048
-12751
-13413
-14030
-14598
-15120
-15592
-16012
-16378
-16690
-16948
-17149
-17292
-17378
-17408
-17378
-17293
-17149
-16948
-16690
-16379
-16012
-15592
-15120
-14599
-14030
-13413
-12751
-12049
-11306
-10524
-9709
-8863
-7984
-7082
-6153
-5207
-4243
-3263
-2275
-1276
-275
728
1727
2721
3707
4680
5635
6575
7492
8385
9247
10081
10882
11647
12371
13055
13697
14292
14839
15339
15787
16182
16525
16812
17043
17219
17336
17396
17400
17343
17232
17062
16835
16553
16216
15825
15382
14887
14344
13753
13115
12435
11715
10954
10156
9326
8465
7575
6660
5723
4768
3797
2811
1818
819
-183
-1185
-2183
-3172
-4153
-5119
-6069
-6997
-7904
-8783
-9634
-10452
-11235
-11984
-12691
-13354
-13976
-14549
-15074
-15553
-15976
-16347
-16665
-16926
-17132
-17283
-17372
-17407
-17384
-17302
-17164
-16969
-16716
-16409
-16049
-15632
-15166
-14648
-14083
-13472
-12814
-12114
-11377
-10598
-9785
-8940
-8066
-7164
-6239
-5293
-4332
-3353
-2363
-1366
-366
636
1637
2632
3616
4591
5551
6491
7409
8304
9171
10008
10810
11577
12308
12995
13639
14240
14791
15296
15749
16148
16496
16789
17025
17205
17329
17393
17401
17351
17244
17080
16858
16580
16249
15862
15424
14935
14395
13808
13176
12498
11780
11025
10230
9403
8544
7657
6744
5809
4854
3885
2902
1909
910
-91
-1093
-2092
-3083
-4064
-5032
-5983
-6914
-7822
-8703
-9557
-10380
-11166
-11916
-12628
-13295
-13921
-14500
-15030
-15511
-15939
-16316
-16638
-16905
-17115
-17271
-17367
-17406
-17389
-17312
-17179
-16989
-16742
-16439
-16083
-15672
-15211
-14698
-14136
-13528
-12877
-12180
-11444
-10670
-9861
-9019
-8146
-7247
-6325
-5380
-4418
-3441
-2455
-1458
-457
546
1545
2542
3529
4502
5463
6406
7328
8223
9093
9933
10739
11509
12242
12934
13583
14187
14744
15252
15710
16114
16466
16765
17006
17190
17320
17389
17402
17359
17256
17096
16881
16608
16282
15901
15466
14982
14447
13863
13235
12562
11848
11094
10303
9479
8624
7738
6828
5895
4943
3973
2991
2001
1001
0
-1004
-2001
-2994
-3976
-4945
-5896
-6830
-7741
-8627
-9480
-10305
-11097
-11850
-12564
-13237
-13866
-14450
-14983
-15468
-15903
-16284
-16610
-16884
-17099
-17259
-17361
-17405
-17392
-17323
-17193
-17008
-16767
-16469
-16118
-15713
-15254
-14748
-14191
-13585
-12937
-12245
-11512
-10741
-9936
-9097
-8227
-7330
-6408
-5467
-4507
-3531
-2545
-1549
-548
455
1456
2450
3439
4416
5377
6321
7244
8144
9016
9857
10667
11442
12177
12873
13525
14134
14696
15208
15670
16081
16437
16739
16987
17176
17310
17386
17403
17364
17268
17113
16902
16636
16313
15938
15508
15027
14497
13919
13293
12625
11914
11165
10378
9555
8703
7821
6912
5980
5031
4063
3081
2090
1093
90
-912
-1911
-2903
-3886
-4857
-5812
-6746
-7658
-8546
-9405
-10231
-11026
-11783
-12501
-13178
-13810
-14398
-14938
-15426
-15865
-16252
-16583
-16860
-17083
-17246
-17354
-17404
-17395
-17331
-17207
-17027
-16791
-16498
-16151
-15752
-15299
-14794
-14243
-13643
-12998
-12310
-11580
-10813
-10011
-9174
-8307
-7413
-6494
-5553
-4593
-3621
-2634
-1639
-638
362
1364
2361
3350
4328
5290
6237
7162
8062
8937
9782
10594
11373
12112
12811
13468
14080
14646
15164
15629
16045
16407
16714
16966
17161
17300
17381
17404
17370
17280
17130
16924
16663
16344
15973
15551
15073
14547
13974
13352
12688
11981
11233
10451
9632
8781
7901
6996
6067
5117
4150
3172
2181
1183
181
-820
-1820
-2813
-3799
-4769
-5725
-6662
-7578
-8466
-9328
-10159
-10956
-11716
-12437
-13118
-13756
-14345
-14889
-15385
-15827
-16218
-16556
-16837
-17065
-17234
-17346
-17402
-17398
-17339
-17221
-17046
-16815
-16528
-16185
-15790
-15342
-14842
-14294
-13699
-13058
-12374
-11649
-10884
-10086
-9251
-8387
-7495
-6579
-5639
-4682
-3709
-2725
-1731
-731
272
1273
2270
3261
4240
5203
6150
7079
7982
8859
9706
10522
11304
12046
12749
13411
14027
14596
15118
15589
16010
16376
16688
16945
17147
17290
17376
17406
17376
17290
17147
16945
16688
16377
16010
15589
15118
14597
14027
13411
12749
12047
11304
10522
9706
8860
7982
7079
6150
5205
4240
3261
2272
1274
272
-731
-1729
-2724
-3709
-4682
-5638
-6578
-7495
-8387
-9250
-10084
-10884
-11649
-12373
-13057
-13699
-14294
-14841
-15341
-15790
-16185
-16528
-16815
-17046
-17221
-17339
-17398
-17402
-17346
-17234
-17065
-16837
-16556
-16219
-15827
-15385
-14889
-14346
-13756
-13118
-12437
-11717
-10956
-10159
-9328
-8467
-7578
-6662
-5725
-4771
-3799
-2813
-1820
-822
181
1183
2181
3170
4150
5117
6067
6995
7901
8781
9632
10450
11233
11981
12688
13351
13974
14547
15072
15550
15973
16344
16662
16924
17130
17280
17370
17404
17381
17300
17162
16966
16714
16407
16046
15630
15164
14646
14081
13469
12811
12112
11374
10595
9782
8937
8064
7162
6237
5290
4329
3350
2361
1364
364
-638
-1639
-2634
-3619
-4593
-5553
-6494
-7412
-8307
-9174
-10011
-10812
-11580
-12310
-12998
-13642
-14243
-14794
-15299
-15752
-16151
-16498
-16791
-17027
-17207
-17331
-17395
-17404
-17354
-17246
-17083
-16861
-16583
-16252
-15865
-15427
-14938
-14398
-13811
-13179
-12501
-11783
-11027
-10232
-9405
-8546
-7659
-6747
-5812
-4857
-3888
-2905
-1911
-912
89
1090
2090
3081
4061
5030
5980
6912
7819
8701
9555
10378
11163
11914
12625
13293
13918
14497
15027
15508
15937
16313
16636
16902
17113
17268
17364
17403
17386
17310
17176
16987
16739
16437
16081
15670
15208
14696
14134
13525
12874
12177
11442
10667
9858
9016
8144
7244
6323
5377
4416
3439
2452
1456
455
-548
-1548
-2545
-3531
-4505
-5466
-6408
-7330
-8225
-9095
-9936
-10741
-11511
-12244
-12937
-13585
-14190
-14746
-15254
-15713
-16116
-16469
-16767
-17008
-17192
-17323
-17392
-17405
-17361
-17259
-17099
-16884
-16610
-16284
-15903
-15468
-14984
-14450
-13866
-13237
-12565
-11850
-11097
-10305
-9481
-8627
-7741
-6830
-5898
-4945
-3976
-2994
-2003
-1004
0
1001
1998
2989
3970
4938
5888
6820
7728
8612
9463
10285
11074
11825
12535
13205
13831
14412
14942
15423
15855
16233
16556
16827
17039
17195
17296
17337
17323
17250
17118
16933
16690
16391
16040
15634
15176
14670
14114
13511
12863
12175
11444
10676
9874
9039
8173
7281
6365
5428
4474
3504
2524
1535
542
-454
-1447
-2434
-3414
-4383
-5337
-6271
-7186
-8077
-8941
-9773
-10575
-11341
-12068
-12756
-13401
-14002
-14556
-15061
-15517
-15922
-16273
-16569
-16813
-16998
-17127
-17201
-17216
-17175
-17078
-16922
-16712
-16446
-16124
-15752
-15324
-14847
-14322
-13749
-13130
-12469
-11764
-11023
-10244
-9432
-8590
-7718
-6821
-5901
-4964
-4009
-3041
-2062
-1079
-91
896
1881
2857
3825
4781
5721
6639
7537
8411
9254
10067
10847
11590
12295
12959
13579
14155
14685
15162
15592
15970
16294
16564
16780
16938
17043
17088
17078
17013
16889
16710
16476
16186
15843
15450
15003
14508
13964
13374
12740
12064
11347
10594
9807
8984
8135
7258
6357
5435
4495
3542
2576
1602
622
-357
-1336
-2311
-3280
-4234
-5175
-6100
-7003
-7882
-8736
-9561
-10352
-11112
-11831
-12513
-13153
-13749
-14299
-14803
-15256
-15659
-16010
-16307
-16551
-16739
-16871
-16950
-16970
-16934
-16843
-16695
-16493
-16236
-15924
-15559
-15145
-14679
-14165
-13605
-12999
-12350
-11660
-10932
-10169
-9371
-8542
-7685
-6805
-5899
-4976
-4037
-3084
-2121
-1151
-178
794
1766
2730
3686
4626
5555
6463
7350
8211
9046
9851
10622
11358
12055
12715
13330
13900
14426
14903
15330
15707
16032
16303
16520
16681
16789
16840
16834
16774
16658
16486
16260
15981
15647
15263
14829
14343
13812
13235
12614
11951
11249
10509
9736
8929
8094
7232
6347
5439
4515
3575
2626
1667
702
-265
-1229
-2191
-3145
-4088
-5016
-5928
-6822
-7690
-8534
-9349
-10133
-10884
-11597
-12271
-12907
-13499
-14043
-14544
-14995
-15397
-15748
-16045
-16291
-16482
-16616
-16697
-16724
-16693
-16608
-16469
-16273
-16024
-15723
-15368
-14963
-14509
-14007
-13459
-12865
-12229
-11554
-10840
-10089
-9306
-8493
-7650
-6785
-5894
-4988
-4063
-3124
-2176
-1222
-263
697
1652
2603
3546
4476
5389
6287
7163
8015
8839
9635
10399
11128
11818
12471
13081
13648
14169
14644
15069
15445
15770
16042
16260
16425
16535
16589
16590
16535
16426
16263
16044
15773
15450
15075
14651
14178
13659
13094
12486
11835
11149
10423
9663
8872
8051
7204
6334
5441
4533
3608
2672
1728
778
-174
-1126
-2073
-3013
-3943
-4860
-5761
-6641
-7500
-8334
-9140
-9914
-10657
-11364
-12032
-12660
-13249
-13790
-14286
-14736
-15135
-15486
-15784
-16030
-16222
-16362
-16445
-16476
-16452
-16372
-16239
-16052
-15810
-15519
-15175
-14780
-14337
-13845
-13310
-12730
-12107
-11444
-10745
-10008
-9239
-8441
-7615
-6763
-5888
-4995
-4086
-3163
-2230
-1288
-346
599
1543
2481
3408
4327
5229
6116
6979
7821
8636
9424
10177
10898
11583
12229
12833
13396
13914
14385
14809
15183
15508
15781
16001
16168
16281
16339
16345
16297
16193
16037
15826
15564
15251
14886
14472
14012
13503
12950
12356
11719
11044
10334
9588
8811
8005
7173
6318
5441
4546
3638
2717
1786
851
-85
-1022
-1958
-2885
-3801
-4706
-5595
-6464
-7311
-8136
-8931
-9698
-10432
-11131
-11794
-12417
-12999
-13536
-14029
-14477
-14874
-15224
-15523
-15770
-15963
-16106
-16194
-16228
-16210
-16136
-16009
-15829
-15597
-15313
-14980
-14594
-14163
-13684
-13159
-12591
-11984
-11333
-10647
-9925
-9172
-8388
-7575
-6737
-5879
-5001
-4106
-3198
-2281
-1354
-425
508
1435
2359
3276
4181
5070
5944
6798
7628
8433
9211
9957
10670
11348
11987
12587
13145
13659
14127
14550
14922
15246
15521
15742
15910
16028
16090
16099
16058
15959
15810
15608
15354
15049
14696
14291
13842
13347
12805
12223
11600
10940
10241
9510
8748
7957
7140
6299
5438
4559
3664
2758
1844
923
0
-925
-1844
-2758
-3662
-4555
-5430
-6289
-7126
-7940
-8725
-9483
-10209
-10902
-11556
-12174
-12750
-13285
-13773
-14218
-14615
-14964
-15261
-15510
-15705
-15849
-15942
-15980
-15966
-15899
-15779
-15606
-15382
-15107
-14784
-14409
-13987
-13520
-13008
-12452
-11855
-11220
-10547
-9840
-9100
-8331
-7533
-6711
-5866
-5004
-4124
-3231
-2327
-1418
-502
415
1331
2240
3143
4036
4914
5775
6618
7438
8234
9001
9739
10445
11115
11748
12342
12895
13406
13871
14290
14664
14986
15259
15483
15653
15773
15840
15853
15816
15726
15582
15388
15144
14847
14504
14111
13671
13187
12659
12089
11479
10831
10149
9432
8682
7905
7105
6278
5431
4569
3689
2798
1897
992
82
-827
-1734
-2633
-3525
-4404
-5269
-6116
-6941
-7745
-8522
-9270
-9988
-10673
-11321
-11932
-12503
-13033
-13520
-13960
-14355
-14703
-15001
-15250
-15447
-15593
-15689
-15732
-15722
-15661
-15548
-15382
-15167
-14900
-14584
-14222
-13810
-13354
-12853
-12310
-11727
-11105
-10445
-9752
-9027
-8271
-7488
-6682
-5853
-5004
-4138
-3262
-2373
-1477
-575
326
1228
2125
3015
3893
4759
5610
6441
7250
8036
8794
9523
10221
10883
11510
12098
12646
13153
13616
14031
14402
14726
14999
15223
15396
15518
15589
15607
15574
15491
15354
15168
14932
14644
14309
13928
13499
13026
12510
11953
11356
10721
10051
9350
8616
7854
7066
6256
5423
4574
3710
2834
1949
1056
161
-733
-1626
-2513
-3391
-4257
-5109
-5945
-6761
-7552
-8320
-9059
-9769
-10446
-11087
-11692
-12258
-12782
-13264
-13704
-14096
-14443
-14741
-14990
-15189
-15337
-15435
-15484
-15478
-15421
-15315
-15157
-14949
-14692
-14385
-14031
-13633
-13186
-12698
-12167
-11596
-10987
-10342
-9662
-8951
-8209
-7441
-6648
-5836
-5002
-4152
-3289
-2416
-1534
-647
242
1127
2011
2887
3755
4606
5445
6266
7064
7839
8589
9308
9998
10653
11273
11857
12400
12901
13360
13774
14144
14466
14739
14964
15140
15263
15337
15362
15333
15255
15126
14946
14717
14441
14114
13743
13324
12864
12360
11815
11229
10610
9954
9264
8545
7799
7025
6229
5411
4579
3729
2867
1996
1120
240
-642
-1520
-2393
-3259
-4113
-4952
-5776
-6581
-7363
-8120
-8850
-9551
-10220
-10854
-11453
-12013
-12534
-13011
-13448
-13838
-14183
-14481
-14731
-14930
-15082
-15182
-15233
-15234
-15182
-15082
-14932
-14731
-14482
-14186
-13841
-13452
-13017
-12540
-12022
-11463
-10866
-10235
-9569
-8872
-8146
-7393
-6615
-5815
-4996
-4162
-3315
-2455
-1588
-718
158
1030
1901
2763
3616
4458
5285
6093
6881
7646
8385
9095
9776
10426
11039
11615
12154
12651
13106
13518
13885
14206
14480
14705
14882
15010
15086
15113
15091
15018
14896
14724
14503
14235
13919
13556
13150
12699
12208
11675
11103
10495
9855
9179
8473
7740
6982
6200
5398
4579
3746
2899
2042
1180
314
-552
-1418
-2278
-3128
-3970
-4799
-5610
-6403
-7174
-7921
-8644
-9334
-9995
-10624
-11216
-11770
-12286
-12760
-13193
-13581
-13924
-14222
-14472
-14673
-14826
-14930
-14984
-14989
-14943
-14848
-14705
-14513
-14271
-13984
-13649
-13269
-12847
-12381
-11874
-11329
-10745
-10126
-9475
-8791
-8079
-7340
-6578
-5793
-4989
-4169
-3337
-2493
-1640
-782
76
935
1791
2641
3481
4311
5124
5922
6698
7452
8182
8886
9557
10199
10805
11376
11908
12402
12853
13262
13627
13947
14221
14446
14624
14755
14835
14865
14849
14781
14665
14501
14286
14026
13722
13368
12973
12533
12052
11532
10974
10379
9750
9089
8399
7680
6935
6168
5383
4579
3759
2926
2086
1239
386
-467
-1316
-2163
-3002
-3831
-4645
-5446
-6228
-6988
-7725
-8437
-9121
-9773
-10394
-10979
-11528
-12039
-12509
-12939
-13325
-13666
-13962
-14213
-14415
-14569
-14677
-14734
-14743
-14703
-14614
-14477
-14292
-14059
-13780
-13456
-13085
-12675
-12221
-11725
-11192
-10622
-10016
-9378
-8707
-8010
-7287
-6538
-5768
-4980
-4175
-3355
-2527
-1690
-847
0
844
1685
2522
3349
4166
4967
5753
6519
7264
7982
8675
9340
9973
10572
11137
11665
12154
12601
13007
13371
13689
13961
14189
14367
14499
14583
14617
14605
14543
14433
14276
14070
13818
13521
13180
12793
12366
11897
11388
10843
10261
9646
8998
8321
7618
6888
6135
5363
4575
3770
2953
2126
1294
457
-382
-1220
-2050
-2877
-3693
-4497
-5284
-6054
-6805
-7532
-8233
-8909
-9553
-10166
-10745
-11287
-11793
-12260
-12685
-13068
-13410
-13704
-13954
-14158
-14313
-14423
-14485
-14497
-14462
-14379
-14248
-14070
-13846
-13575
-13261
-12902
-12499
-12057
-11574
-11052
-10495
-9903
-9278
-8623
-7938
-7228
-6496
-5741
-4966
-4178
-3374
-2558
-1736
-909
-77
754
1582
2404
3219
4023
4813
5586
6341
7075
7785
8468
9125
9749
10342
10900
11422
11906
12351
12752
13113
13431
13703
13930
14111
14244
14331
14370
14361
14304
14201
14049
13852
13609
13320
12990
12613
12196
11738
11242
10709
10141
9538
8905
8243
7552
6837
6101
5343
4568
3778
2977
2165
1346
522
-300
-1123
-1943
-2756
-3558
-4348
-5125
-5884
-6623
-7340
-8032
-8698
-9335
-9940
-10512
-11048
-11549
-12010
-12434
-12813
-13152
-13446
-13696
-13900
-14057
-14169
-14234
-14251
-14220
-14144
-14019
-13848
-13632
-13370
-13063
-12716
-12324
-11892
-11422
-10912
-10368
-9788
-9177
-8535
-7866
-7170
-6450
-5712
-4952
-4176
-3387
-2588
-1781
-967
-150
667
1482
2291
3092
3882
4660
5422
6166
6888
7589
8263
8911
9528
10113
10665
11182
11660
12100
12499
12858
13173
13445
13672
13854
13989
14078
14121
14116
14065
13968
13823
13633
13399
13118
12796
12432
12024
11579
11094
10574
10018
9430
8809
8160
7484
6784
6061
5319
4559
3784
2997
2201
1397
588
-223
-1030
-1835
-2635
-3426
-4203
-4967
-5715
-6443
-7149
-7833
-8488
-9118
-9714
-10279
-10811
-11307
-11762
-12182
-12559
-12896
-13189
-13438
-13642
-13802
-13915
-13983
-14005
-13978
-13907
-13789
-13625
-13416
-13164
-12866
-12526
-12146
-11726
-11266
-10769
-10236
-9672
-9073
-8444
-7789
-7109
-6403
-5678
-4933
-4174
-3400
-2615
-1821
-1022
-221
582
1382
2178
2967
3745
4509
5260
5993
6705
7395
8060
8698
9308
9885
10431
10942
11415
11850
12247
12603
12916
13188
13414
13597
13735
13826
13871
13872
13825
13734
13596
13413
13187
12916
12603
12247
11852
11418
10945
10436
9893
9318
8711
8076
7414
6729
6021
5293
4547
3788
3015
2233
1443
651
-146
-941
-1733
-2518
-3295
-4061
-4813
-5548
-6265
-6962
-7635
-8281
-8902
-9491
-10050
-10574
-11065
-11516
-11932
-12306
-12640
-12932
-13180
-13385
-13545
-13662
-13731
-13757
-13736
-13669
-13557
-13401
-13199
-12955
-12668
-12337
-11968
-11557
-11110
-10625
-10105
-9551
-8968
-8353
-7711
-7044
-6355
-5643
-4914
-4167
-3410
-2639
-1860
-1075
-288
500
1287
2069
2843
3608
4362
5100
5822
6523
7203
7860
8487
9089
9661
10198
10702
11171
11602
11995
12349
12660
12931
13157
13340
13480
13574
13622
13626
13585
13499
13368
13193
12974
12712
12407
12062
11678
11253
10792
10297
9766
9203
8612
7990
7342
6670
5977
5264
4533
3788
3031
2264
1489
709
-71
-852
-1631
-2403
-3166
-3920
-4659
-5384
-6090
-6775
-7438
-8078
-8687
-9269
-9821
-10339
-10823
-11271
-11682
-12053
-12385
-12675
-12923
-13128
-13289
-13408
-13481
-13509
-13493
-13431
-13325
-13176
-12982
-12745
-12468
-12146
-11786
-11388
-10951
-10477
-9971
-9431
-8859
-8258
-7631
-6978
-6302
-5606
-4891
-4160
-3416
-2660
-1897
-1127
-353
422
1193
1962
2724
3477
4216
4943
5652
6343
7012
7659
8279
8872
9435
9966
10464
10928
11355
11744
12095
12405
12674
12901
13084
13224
13321
13373
13380
13345
13263
13139
12971
12759
12505
12212
11875
11501
11089
10639
10155
9638
9088
8508
7901
7267
6611
5930
5232
4517
3786
3043
2291
1531
765
0
-768
-1531
-2291
-3042
-3782
-4509
-5222
-5916
-6593
-7244
-7873
-8476
-9050
-9594
-10106
-10584
-11027
-11433
-11801
-12131
-12419
-12666
-12872
-13033
-13153
-13230
-13260
-13249
-13193
-13092
-12949
-12763
-12534
-12265
-11955
-11604
-11217
-10791
-10329
-9834
-9307
-8748
-8161
-7548
-6909
-6248
-5566
-4865
-4150
-3420
-2679
-1930
-1176
-416
344
1103
1857
2606
3345
4074
4788
5486
6166
6826
7460
8072
8658
9212
9737
10228
10687
11110
11494
11842
12151
12418
12643
12828
12970
13067
13124
13134
13103
13027
12909
12748
12544
12298
12013
11688
11323
10922
10484
10011
9506
8969
8404
7810
7189
6546
5882
5198
4497
3782
3054
2315
1570
821
67
-685
-1436
-2180
-2918
-3645
-4361
-5062
-5745
-6410
-7053
-7671
-8265
-8831
-9368
-9873
-10346
-10783
-11187
-11550
-11876
-12164
-12410
-12615
-12778
-12899
-12978
-13012
-13005
-12954
-12859
-12722
-12543
-12322
-12061
-11761
-11421
-11042
-10629
-10180
-9695
-9181
-8636
-8063
-7463
-6838
-6190
-5524
-4838
-4136
-3421
-2696
-1962
-1221
-476
269
1015
1756
2492
3217
3932
4635
5322
5990
6639
7265
7868
8443
8991
9508
9994
10447
10864
11246
11590
11896
12162
12387
12572
12715
12814
12873
12888
12861
12791
12678
12523
12328
12090
11813
11498
11144
10753
10327
9867
9374
8850
8296
7717
7111
6481
5831
5162
4475
3775
3060
2338
1607
871
133
-605
-1341
-2073
-2798
-3512
-4215
-4904
-5577
-6229
-6863
-7472
-8058
-8615
-9144
-9643
-10110
-10541
-10940
-11300
-11624
-11909
-12154
-12359
-12523
-12645
-12726
-12764
-12759
-12713
-12625
-12494
-12322
-12110
-11857
-11565
-11236
-10868
-10464
-10027
-9556
-9054
-8522
-7961
-7376
-6764
-6130
-5478
-4808
-4120
-3421
-2709
-1991
-1264
-533
199
928
1656
2378
3092
3794
4484
5159
5817
6454
7072
7664
8232
8771
9281
9761
10208
10620
10998
11339
11642
11907
12131
12316
12461
12561
12623
12642
12618
12553
12448
12298
12110
11882
11613
11306
10963
10583
10168
9719
9238
8728
8187
7621
7029
6414
5778
5122
4450
3765
3066
2357
1641
921
197
-528
-1251
-1968
-2679
-3381
-4071
-4749
-5409
-6052
-6674
-7274
-7851
-8401
-8922
-9413
-9874
-10301
-10694
-11051
-11372
-11655
-11899
-12103
-12267
-12392
-12474
-12515
-12515
-12473
-12390
-12265
-12100
-11896
-11652
-11369
-11048
-10691
-10299
-9873
-9414
-8924
-8406
-7858
-7285
-6688
-6070
-5431
-4774
-4101
-3417
-2721
-2016
-1303
-589
129
846
1559
2267
2968
3658
4336
4999
5645
6274
6880
7462
8021
8553
9056
9528
9970
10378
10751
11089
11389
11652
11877
12060
12206
12309
12372
12394
12376
12314
12215
12073
11891
11671
11412
11114
10780
10411
10007
9571
9102
8603
8077
7523
6944
6344
5722
5082
4424
3752
3069
2375
1673
967
257
-453
-1162
-1866
-2563
-3253
-3931
-4596
-5245
-5876
-6489
-7080
-7646
-8186
-8701
-9184
-9639
-10061
-10449
-10803
-11121
-11401
-11644
-11848
-12012
-12138
-12223
-12266
-12269
-12232
-12154
-12035
-11878
-11680
-11445
-11170
-10860
-10513
-10131
-9716
-9270
-8792
-8285
-7752
-7192
-6610
-6005
-5381
-4739
-4081
-3410
-2730
-2039
-1341
-640
62
765
1465
2160
2846
3525
4190
4842
5476
6093
6689
7264
7813
8337
8833
9298
9733
10137
10505
10840
11137
11398
11621
11805
11951
12056
12122
12146
12132
12076
11982
11846
11672
11459
11209
10920
10596
10237
9844
9419
8963
8476
7962
7422
6859
6271
5663
5037
4395
3738
3068
2389
1703
1011
315
-381
-1075
-1766
-2451
-3127
-3792
-4445
-5083
-5704
-6305
-6885
-7442
-7974
-8481
-8958
-9407
-9822
-10205
-10555
-10870
-11148
-11389
-11593
-11758
-11883
-11971
-12016
-12023
-11990
-11918
-11805
-11655
-11464
-11236
-10971
-10670
-10333
-9962
-9559
-9123
-8659
-8164
-7644
-7098
-6529
-5939
-5328
-4701
-4059
-3402
-2735
-2058
-1377
-690
0
688
1373
2054
2728
3393
4046
4686
5310
5916
6501
7066
7607
8123
8610
9069
9498
9897
10260
10590
10886
11145
11366
11551
11696
11802
11871
11899
11888
11837
11747
11618
11452
11245
11003
10725
10410
10062
9681
9266
8822
8349
7847
7320
6769
6196
5603
4991
4362
3721
3066
2401
1729
1052
371
-311
-992
-1668
-2339
-3003
-3656
-4296
-4922
-5532
-6123
-6692
-7241
-7765
-8263
-8733
-9175
-9585
-9963
-10309
-10620
-10897
-11136
-11338
-11503
-11630
-11718
-11767
-11777
-11748
-11681
-11574
-11430
-11246
-11026
-10770
-10478
-10152
-9791
-9400
-8975
-8523
-8041
-7534
-7001
-6446
-5868
-5274
-4660
-4032
-3390
-2739
-2077
-1409
-738
-63
612
1283
1951
2612
3264
3905
4532
5144
5740
6316
6870
7401
7908
8390
8842
9264
9657
10017
10343
10635
10892
11112
11295
11442
11549
11620
11651
11643
11597
11512
11390
11229
11031
10797
10528
10222
9885
9513
9112
8678
8218
7729
7215
6679
6119
5539
4942
4329
3700
3060
2411
1754
1090
423
-244
-910
-1573
-2232
-2881
-3522
-4150
-4765
-5362
-5943
-6503
-7042
-7558
-8047
-8510
-8944
-9349
-9722
-10064
-10371
-10645
-10883
-11084
-11248
-11377
-11466
-11517
-11530
-11505
-11444
-11342
-11204
-11028
-10816
-10568
-10286
-9968
-9619
-9238
-8826
-8385
-7916
-7421
-6902
-6361
-5798
-5216
-4618
-4004
-3377
-2739
-2093
-1440
-781
-121
538
1197
1851
2499
3137
3766
4382
4983
5566
6131
6676
7199
7697
8169
8616
9032
9419
9773
10097
10386
10639
10859
11041
11189
11296
11368
11403
11399
11356
11277
11160
11006
10817
10590
10329
10034
9705
9346
8954
8534
8085
7610
7109
6586
6040
5474
4890
4292
3678
3053
2417
1776
1126
474
-180
-831
-1481
-2125
-2763
-3389
-4006
-4609
-5195
-5765
-6316
-6845
-7351
-7833
-8287
-8715
-9115
-9482
-9819
-10123
-10394
-10630
-10830
-10994
-11123
-11214
-11267
-11284
-11262
-11205
-11110
-10977
-10808
-10605
-10365
-10091
-9784
-9444
-9075
-8673
-8244
-7789
-7307
-6800
-6272
-5724
-5156
-4573
-3972
-3360
-2738
-2105
-1466
-823
-178
469
1113
1753
2387
3014
3628
4232
4822
5395
5949
6484
6998
7488
7952
8391
8801
9182
9531
9850
10136
10388
10606
10787
10934
11044
11117
11154
11154
11115
11041
10931
10782
10600
10382
10130
9844
9525
9177
8796
8387
7949
7488
7000
6489
5957
5406
4837
4252
3652
3043
2422
1793
1159
522
-117
-756
-1392
-2022
-2646
-3261
-3864
-4455
-5031
-5590
-6129
-6648
-7145
-7620
-8068
-8487
-8882
-9243
-9576
-9877
-10144
-10378
-10577
-10740
-10869
-10962
-11017
-11036
-11019
-10965
-10876
-10750
-10588
-10391
-10161
-9895
-9598
-9268
-8910
-8520
-8103
-7658
-7191
-6697
-6182
-5647
-5095
-4525
-3939
-3340
-2734
-2116
-1491
-862
-232
401
1031
1658
2279
2891
3495
4086
4664
5225
5770
6296
6798
7280
7737
8167
8571
8946
9291
9605
9888
10137
10353
10534
10681
10791
10867
10905
10908
10874
10804
10700
10558
10383
10173
9929
9652
9345
9004
8635
8238
7813
7363
6887
6391
5872
5336
4781
4210
3625
3029
2424
1809
1190
566
-57
-682
-1304
-1921
-2531
-3133
-3725
-4305
-4867
-5415
-5945
-6456
-6942
-7407
-7849
-8262
-8649
-9006
-9334
-9630
-9895
-10126
-10324
-10487
-10615
-10710
-10767
-10789
-10776
-10726
-10641
-10522
-10366
-10177
-9954
-9697
-9411
-9092
-8742
-8364
-7960
-7527
-7071
-6592
-6091
-5570
-5029
-4473
-3903
-3319
-2726
-2122
-1514
-899
-282
336
952
1565
2172
2773
3362
3942
4508
5059
5592
6107
6602
7073
7522
7945
8343
8711
9052
9361
9641
9887
10101
10281
10428
10538
10615
10656
10661
10633
10567
10467
10333
10164
9961
9727
9458
9161
8832
8473
8087
7674
7237
6775
6291
5786
5263
4721
4165
3595
3014
2422
1822
1219
609
0
-611
-1219
-1822
-2420
-3010
-3587
-4154
-4707
-5245
-5763
-6263
-6742
-7198
-7631
-8038
-8417
-8770
-9092
-9385
-9647
-9875
-10071
-10234
-10363
-10457
-10517
-10541
-10531
-10486
-10406
-10292
-10144
-9961
-9747
-9499
-9220
-8913
-8574
-8206
-7814
-7395
-6950
-6483
-5995
-5488
-4963
-4420
-3864
-3296
-2717
-2128
-1532
-934
-331
273
876
1474
2068
2655
3234
3800
4353
4893
5416
5920
6405
6870
7309
7725
8116
8478
8814
9119
9394
9638
9849
10028
10175
10285
10364
10407
10415
10390
10329
10234
10106
9945
9749
9523
9264
8974
8657
8309
7934
7534
7108
6659
6188
5697
5187
4660
4118
3563
2995
2419
1834
1244
650
53
-543
-1137
-1727
-2310
-2887
-3454
-4008
-4549
-5075
-5584
-6073
-6543
-6990
-7415
-7815
-8188
-8534
-8853
-9140
-9398
-9625
-9819
-9981
-10110
-10204
-10266
-10294
-10286
-10246
-10171
-10061
-9921
-9745
-9538
-9300
-9030
-8731
-8404
-8048
-7665
-7258
-6827
-6374
-5899
-5404
-4892
-4365
-3824
-3269
-2704
-2130
-1549
-965
-376
213
801
1387
1968
2541
3105
3661
4203
4730
5243
5737
6212
6666
7099
7507
7891
8246
8576
8877
9148
9389
9599
9775
9922
10033
10112
10158
10169
10147
10091
10001
9879
9724
9536
9318
9069
8788
8480
8144
7780
7392
6978
6541
6084
5606
5109
4596
4070
3528
2975
2412
1842
1267
687
104
-477
-1057
-1633
-2205
-2767
-3320
-3863
-4393
-4907
-5405
-5885
-6346
-6785
-7200
-7593
-7960
-8300
-8613
-8897
-9152
-9375
-9568
-9728
-9857
-9952
-10015
-10046
-10041
-10004
-9935
-9831
-9695
-9528
-9328
-9098
-8839
-8549
-8231
-7887
-7516
-7121
-6702
-6261
-5800
-5320
-4821
-4308
-3780
-3240
-2689
-2130
-1564
-994
-420
156
730
1301
1868
2429
2981
3523
4054
4570
5071
5555
6020
6466
6888
7289
7665
8016
8340
8636
8903
9141
9348
9524
9669
9781
9860
9908
9923
9903
9852
9768
9651
9502
9323
9112
8871
8600
8302
7976
7624
7246
6846
6421
5976
5512
5030
4530
4017
3489
2952
2404
1848
1286
722
154
-414
-981
-1542
-2100
-2650
-3190
-3721
-4239
-4742
-5229
-5699
-6150
-6581
-6988
-7373
-7733
-8068
-8375
-8655
-8905
-9126
-9317
-9476
-9604
-9701
-9765
-9797
-9796
-9763
-9697
-9600
-9470
-9309
-9118
-8896
-8645
-8365
-8058
-7724
-7364
-6980
-6575
-6146
-5697
-5231
-4747
-4247
-3734
-3208
-2672
-2127
-1575
-1020
-461
101
661
1219
1772
2319
2858
3388
3906
4411
4901
5375
5830
6266
6681
7074
7442
7787
8105
8396
8660
8894
9099
9273
9417
9528
9610
9658
9675
9660
9612
9533
9422
9280
9107
8905
8671
8411
8122
7807
7466
7100
6710
6300
5867
5416
4947
4462
3962
3450
2925
2393
1851
1304
753
201
-353
-906
-1455
-1998
-2535
-3063
-3581
-4087
-4579
-5056
-5516
-5956
-6377
-6778
-7154
-7507
-7836
-8138
-8413
-8660
-8878
-9066
-9225
-9352
-9449
-9514
-9548
-9550
-9520
-9459
-9367
-9244
-9089
-8906
-8691
-8449
-8179
-7883
-7559
-7211
-6839
-6444
-6029
-5594
-5140
-4670
-4185
-3685
-3173
-2652
-2122
-1585
-1043
-498
48
594
1138
1678
2212
2738
3256
3762
4255
4733
5197
5642
6069
6475
6860
7221
7559
7872
8157
8416
8647
8849
9022
9165
9276
9358
9409
9427
9416
9372
9297
9192
9056
8891
8695
8471
8219
7941
7636
7305
6951
6574
6175
5755
5318
4862
4390
3905
3407
2897
2378
1851
1320
783
244
-295
-833
-1369
-1899
-2423
-2938
-3444
-3938
-4418
-4883
-5333
-5765
-6176
-6568
-6937
-7284
-7606
-7902
-8172
-8415
-8630
-8816
-8973
-9101
-9197
-9264
-9300
-9304
-9278
-9221
-9134
-9017
-8869
-8692
-8486
-8253
-7992
-7705
-7393
-7055
-6695
-6313
-5910
-5488
-5048
-4591
-4119
-3633
-3137
-2630
-2113
-1591
-1064
-533
0
531
1060
1586
2107
2621
3125
3619
4100
4569
5020
5456
5873
6271
6646
7001
7332
7640
7919
8173
8402
8601
8771
8913
9025
9107
9159
9180
9171
9131
9061
8961
8832
8672
8485
8270
8027
7758
7463
7143
6801
6435
6049
5642
5217
4776
4318
3845
3361
2866
2362
1850
1332
810
285
-240
-765
-1284
-1801
-2312
-2815
-3309
-3790
-4259
-4714
-5152
-5575
-5977
-6361
-6722
-7061
-7377
-7667
-7932
-8171
-8384
-8567
-8722
-8850
-8946
-9013
-9051
-9058
-9035
-8982
-8900
-8788
-8648
-8477
-8280
-8055
-7803
-7526
-7224
-6898
-6550
-6179
-5789
-5379
-4953
-4509
-4052
-3580
-3097
-2604
-2103
-1595
-1082
-566
-48
470
986
1498
2005
2506
2998
3478
3948
4405
4846
5272
5679
6068
6436
6783
7107
7407
7683
7932
8157
8354
8521
8662
8773
8855
8909
8931
8925
8890
8825
8729
8606
8454
8274
8068
7833
7573
7289
6980
6647
6295
5919
5526
5115
4685
4242
3785
3314
2832
2342
1845
1342
834
323
-187
-697
-1205
-1708
-2205
-2695
-3175
-3645
-4102
-4547
-4975
-5386
-5780
-6154
-6508
-6841
-7148
-7433
-7694
-7928
-8138
-8319
-8472
-8598
-8694
-8762
-8802
-8811
-8791
-8743
-8666
-8559
-8424
-8262
-8072
-7857
-7614
-7346
-7055
-6739
-6402
-6044
-5665
-5269
-4855
-4426
-3981
-3525
-3056
-2577
-2090
-1597
-1098
-596
-92
411
913
1412
1906
2392
2871
3341
3800
4244
4675
5090
5488
5867
6227
6566
6884
7177
7447
7693
7912
8106
8272
8411
8522
8604
8659
8684
8680
8648
8587
8497
8380
8235
8062
7863
7638
7388
7113
6815
6494
6151
5790
5408
5010
4594
4163
3720
3264
2797
2321
1838
1349
856
360
-137
-632
-1126
-1616
-2100
-2576
-3045
-3503
-3948
-4380
-4799
-5200
-5585
-5950
-6295
-6620
-6922
-7201
-7457
-7687
-7893
-8071
-8222
-8347
-8444
-8512
-8552
-8565
-8548
-8503
-8430
-8329
-8200
-8046
-7864
-7654
-7421
-7163
-6883
-6578
-6252
-5906
-5541
-5156
-4756
-4339
-3909
-3466
-3011
-2548
-2075
-1595
-1111
-624
-135
355
843
1327
1808
2283
2748
3205
3651
4084
4505
4909
5298
5668
6019
6351
6660
6949
7213
7454
7669
7859
8024
8160
8271
8354
8409
8435
8435
8406
8349
8264
8153
8014
7849
7657
7440
7199
6934
6647
6338
6006
5657
5288
4902
4500
4083
3653
3211
2758
2297
1828
1353
875
394
-89
-570
-1050
-1527
-1998
-2461
-2916
-3362
-3796
-4218
-4624
-5016
-5390
-5748
-6085
-6401
-6698
-6970
-7221
-7447
-7648
-7824
-7974
-8096
-8192
-8262
-8303
-8317
-8304
-8262
-8194
-8099
-7976
-7828
-7653
-7452
-7229
-6980
-6709
-6415
-6101
-5766
-5413
-5042
-4653
-4251
-3834
-3405
-2964
-2514
-2056
-1592
-1122
-649
-175
301
775
1247
1713
2174
2627
3072
3506
3928
4336
4732
5109
5470
5814
6137
6439
6721
6980
7216
7427
7614
7775
7910
8020
8103
8159
8186
8188
8162
8110
8031
7924
7792
7634
7450
7242
7011
6755
6477
6179
5861
5522
5165
4793
4403
4000
3583
3156
2718
2270
1816
1356
892
425
-43
-511
-978
-1440
-1896
-2347
-2791
-3224
-3645
-4056
-4452
-4835
-5198
-5547
-5875
-6185
-6474
-6741
-6985
-7207
-7404
-7577
-7724
-7846
-7941
-8011
-8054
-8070
-8059
-8022
-7957
-7868
-7750
-7609
-7441
-7249
-7034
-6795
-6534
-6251
-5948
-5624
-5284
-4924
-4550
-4160
-3757
-3341
-2915
-2480
-2036
-1585
-1130
-672
-211
251
710
1168
1621
2068
2509
2941
3363
3774
4171
4555
4923
5275
5610
5925
6220
6495
6748
6978
7186
7369
7528
7661
7770
7852
7909
7938
7942
7920
7871
7796
7695
7569
7417
7242
7042
6820
6575
6307
6019
5712
5385
5041
4680
4305
3915
3512
3098
2674
2241
1801
1355
906
453
0
-455
-906
-1355
-1799
-2237
-2666
-3087
-3498
-3897
-4282
-4653
-5009
-5348
-5668
-5969
-6252
-6513
-6751
-6967
-7161
-7331
-7476
-7597
-7691
-7761
-7805
-7822
-7814
-7780
-7720
-7635
-7524
-7389
-7229
-7045
-6838
-6609
-6358
-6085
-5793
-5481
-5151
-4806
-4443
-4068
-3677
-3276
-2863
-2442
-2013
-1576
-1135
-692
-246
202
648
1091
1530
1966
2393
2811
3222
3621
4008
4380
4739
5082
5406
5714
6002
6270
6517
6742
6945
7126
7281
7412
7520
7602
7658
7690
7695
7676
7631
7561
7465
7346
7200
7033
6842
6628
6391
6134
5858
5561
5246
4915
4567
4204
3827
3438
3038
2627
2209
1785
1352
917
478
39
-401
-838
-1274
-1704
-2128
-2546
-2954
-3352
-3740
-4114
-4475
-4821
-5149
-5462
-5756
-6031
-6285
-6519
-6730
-6919
-7086
-7228
-7347
-7441
-7510
-7555
-7575
-7569
-7538
-7482
-7401
-7297
-7167
-7015
-6839
-6640
-6419
-6178
-5916
-5635
-5336
-5017
-4684
-4335
-3971
-3594
-3208
-2808
-2401
-1986
-1565
-1138
-709
-276
156
588
1018
1444
1864
2279
2686
3083
3470
3845
4208
4557
4889
5206
5505
5786
6047
6288
6508
6706
6882
7035
7164
7270
7352
7408
7441
7449
7432
7391
7325
7234
7121
6983
6822
6639
6433
6207
5960
5694
5408
5105
4786
4451
4100
3738
3361
2976
2579
2175
1764
1347
926
502
76
-349
-772
-1194
-1611
-2022
-2426
-2822
-3210
-3584
-3948
-4299
-4634
-4954
-5258
-5544
-5812
-6059
-6287
-6493
-6678
-6841
-6981
-7098
-7191
-7260
-7305
-7327
-7323
-7296
-7244
-7168
-7069
-6945
-6800
-6631
-6441
-6230
-5998
-5746
-5476
-5187
-4882
-4560
-4224
-3874
-3511
-3136
-2753
-2358
-1958
-1550
-1139
-724
-305
113
530
946
1359
1767
2168
2561
2947
3322
3686
4038
4375
4699
5007
5297
5571
5825
6059
6274
6467
6639
6790
6916
7021
7102
7159
7192
7202
7188
7149
7089
7003
6894
6764
6611
6434
6238
6021
5784
5529
5254
4963
4655
4333
3995
3645
3283
2910
2528
2138
1742
1338
932
522
111
-300
-711
-1117
-1521
-1919
-2310
-2693
-3068
-3432
-3784
-4123
-4449
-4761
-5055
-5333
-5594
-5835
-6056
-6258
-6438
-6598
-6734
-6850
-6941
-7011
-7056
-7079
-7078
-7053
-7005
-6933
-6840
-6722
-6584
-6422
-6241
-6038
-5817
-5575
-5315
-5038
-4744
-4435
-4110
-3774
-3424
-3063
-2693
-2313
-1927
-1534
-1136
-735
-332
72
476
878
1276
1671
2059
2440
2813
3176
3530
3870
4197
4511
4810
5092
5356
5604
5832
6041
6230
6397
6545
6669
6772
6852
6909
6944
6955
6943
6908
6852
6771
6668
6544
6397
6229
6042
5834
5607
5361
5098
4818
4523
4212
3887
3551
3202
2843
2475
2098
1717
1328
935
539
144
-254
-650
-1043
-1433
-1817
-2196
-2567
-2929
-3282
-3622
-3952
-4267
-4568
-4854
-5123
-5376
-5610
-5827
-6023
-6199
-6355
-6489
-6602
-6692
-6761
-6807
-6831
-6832
-6810
-6765
-6698
-6610
-6498
-6367
-6213
-6040
-5846
-5632
-5401
-5152
-4886
-4603
-4307
-3996
-3671
-3334
-2988
-2631
-2266
-1893
-1515
-1132
-745
-355
34
424
811
1197
1577
1952
2320
2682
3033
3373
3704
4021
4325
4613
4887
5144
5384
5607
5809
5993
6156
6300
6422
6524
6603
6659
6695
6707
6699
6666
6614
6538
6441
6322
6183
6023
5844
5644
5427
5192
4940
4671
4387
4088
3778
3454
3118
2773
2419
2056
1688
1314
937
555
173
-210
-591
-972
-1347
-1719
-2084
-2443
-2793
-3133
-3463
-3781
-4086
-4378
-4655
-4916
-5161
-5388
-5599
-5789
-5961
-6113
-6243
-6355
-6443
-6511
-6558
-6583
-6585
-6567
-6525
-6462
-6378
-6273
-6148
-6002
-5837
-5651
-5448
-5226
-4987
-4733
-4462
-4177
-3877
-3567
-3244
-2910
-2566
-2216
-1857
-1493
-1124
-752
-377
0
374
748
1119
1487
1848
2204
2551
2891
3221
3540
3845
4140
4419
4684
4933
5166
5382
5579
5757
5917
6057
6176
6276
6354
6410
6446
6460
6453
6425
6375
6304
6213
6100
5967
5816
5643
5454
5246
5021
4780
4523
4250
3964
3665
3354
3033
2701
2360
2013
1658
1298
935
568
201
-169
-536
-902
-1265
-1622
-1975
-2320
-2658
-2987
-3306
-3612
-3907
-4190
-4458
-4710
-4947
-5168
-5371
-5557
-5723
-5871
-5999
-6107
-6195
-6262
-6309
-6335
-6339
-6322
-6285
-6226
-6147
-6048
-5928
-5790
-5632
-5455
-5261
-5050
-4821
-4577
-4318
-4045
-3758
-3460
-3149
-2829
-2501
-2163
-1818
-1469
-1114
-756
-395
-34
327
687
1044
1398
1747
2089
2425
2752
3069
3377
3673
3957
4227
4483
4724
4949
5158
5350
5523
5678
5815
5930
6028
6105
6160
6197
6213
6208
6182
6136
6070
5983
5876
5751
5607
5443
5262
5064
4848
4617
4371
4110
3836
3551
3253
2944
2626
2299
1966
1625
1280
931
578
225
-130
-484
-835
-1185
-1529
-1868
-2201
-2527
-2842
-3150
-3446
-3731
-4003
-4262
-4506
-4736
-4948
-5145
-5326
-5487
-5630
-5755
-5861
-5947
-6013
-6059
-6086
-6092
-6078
-6044
-5989
-5914
-5821
-5708
-5576
-5426
-5258
-5073
-4871
-4652
-4419
-4172
-3910
-3636
-3350
-3054
-2747
-2431
-2107
-1778
-1442
-1101
-758
-411
-64
282
629
972
1312
1647
1977
2300
2615
2921
3218
3503
3777
4037
4284
4517
4735
4936
5121
5290
5440
5573
5686
5780
5857
5911
5948
5965
5962
5939
5896
5834
5753
5652
5533
5396
5241
5069
4879
4674
4453
4219
3970
3708
3434
3149
2853
2549
2237
1916
1590
1259
924
586
247
-94
-433
-771
-1106
-1438
-1764
-2083
-2396
-2701
-2997
-3282
-3556
-3819
-4068
-4303
-4525
-4731
-4920
-5095
-5251
-5391
-5512
-5614
-5699
-5765
-5811
-5837
-5845
-5833
-5802
-5751
-5681
-5593
-5487
-5361
-5219
-5060
-4882
-4691
-4483
-4260
-4024
-3775
-3512
-3239
-2955
-2661
-2359
-2049
-1734
-1412
-1086
-757
-425
-92
241
573
902
1229
1550
1867
2177
2481
2775
3060
3334
3597
3848
4086
4311
4521
4716
4894
5058
5203
5331
5441
5534
5608
5663
5700
5717
5716
5695
5656
5599
5522
5427
5315
5184
5037
4873
4693
4499
4288
4064
3826
3576
3315
3043
2761
2470
2170
1864
1552
1236
914
591
265
-60
-386
-710
-1030
-1348
-1661
-1969
-2269
-2561
-2845
-3119
-3383
-3635
-3875
-4102
-4316
-4514
-4697
-4865
-5017
-5152
-5270
-5370
-5452
-5516
-5562
-5589
-5598
-5588
-5560
-5513
-5448
-5364
-5264
-5146
-5011
-4859
-4691
-4509
-4311
-4099
-3873
-3636
-3386
-3125
-2854
-2574
-2286
-1990
-1687
-1380
-1068
-753
-436
-117
202
519
835
1148
1457
1761
2057
2348
2630
2904
3168
3420
3661
3891
4106
4309
4497
4668
4826
4967
5091
5198
5288
5360
5414
5451
5469
5470
5452
5416
5361
5290
5201
5095
4972
4832
4677
4506
4321
4120
3907
3681
3443
3194
2934
2665
2387
2102
1809
1512
1209
903
593
282
-29
-340
-651
-958
-1262
-1561
-1855
-2144
-2424
-2696
-2959
-3213
-3454
-3685
-3903
-4107
-4299
-4476
-4637
-4784
-4914
-5028
-5125
-5205
-5268
-5313
-5341
-5351
-5343
-5317
-5274
-5213
-5135
-5041
-4929
-4801
-4657
-4499
-4326
-4137
-3936
-3722
-3496
-3258
-3010
-2752
-2484
-2209
-1927
-1639
-1345
-1047
-748
-444
-140
165
469
770
1069
1365
1655
1940
2218
2489
2750
3003
3245
3477
3696
3904
4097
4279
4444
4595
4731
4850
4955
5043
5112
5166
5203
5221
5223
5208
5174
5124
5058
4974
4873
4758
4625
4479
4318
4141
3951
3749
3534
3308
3070
2823
2567
2302
2032
1753
1469
1180
888
593
296
0
-298
-594
-888
-1178
-1465
-1746
-2021
-2289
-2550
-2801
-3044
-3276
-3496
-3705
-3901
-4085
-4255
-4410
-4551
-4677
-4787
-4880
-4959
-5020
-5065
-5093
-5102
-5097
-5075
-5034
-4978
-4904
-4816
-4711
-4590
-4454
-4305
-4140
-3962
-3771
-3569
-3353
-3127
-2891
-2646
-2392
-2130
-1862
-1588
-1308
-1024
-739
-450
-160
131
421
708
994
1275
1552
1824
2090
2348
2598
2840
3071
3294
3504
3703
3888
4062
4221
4366
4497
4612
4713
4797
4866
4918
4954
4974
4977
4963
4933
4886
4825
4746
4651
4543
4418
4279
4126
3960
3780
3588
3384
3170
2946
2711
2468
2217
1958
1693
1423
1149
871
590
307
24
-258
-540
-819
-1096
-1369
-1638
-1900
-2156
-2405
-2645
-2876
-3098
-3310
-3509
-3697
-3873
-4036
-4185
-4320
-4441
-4547
-4637
-4713
-4772
-4816
-4844
-4855
-4850
-4831
-4794
-4742
-4673
-4590
-4491
-4378
-4250
-4108
-3953
-3785
-3604
-3412
-3209
-2995
-2771
-2539
-2297
-2049
-1794
-1533
-1269
-1000
-727
-453
-177
99
375
649
921
1188
1452
1712
1965
2211
2449
2680
2901
3112
3314
3503
3681
3846
3999
4138
4264
4374
4471
4553
4619
4670
4706
4726
4730
4718
4691
4648
4590
4518
4429
4327
4209
4079
3934
3777
3607
3426
3234
3031
2817
2595
2365
2127
1882
1631
1375
1115
851
585
316
47
-221
-489
-755
-1018
-1277
-1532
-1782
-2026
-2262
-2491
-2712
-2923
-3124
-3315
-3494
-3662
-3818
-3960
-4089
-4206
-4308
-4395
-4467
-4525
-4568
-4595
-4608
-4604
-4587
-4554
-4505
-4441
-4363
-4271
-4164
-4045
-3911
-3765
-3606
-3436
-3255
-3062
-2859
-2648
-2429
-2200
-1966
-1725
-1478
-1227
-972
-714
-453
-192
70
331
591
849
1104
1354
1600
1841
2075
2301
2522
2732
2933
3124
3305
3475
3633
3778
3911
4032
4137
4231
4309
4373
4423
4458
4478
4483
4473
4448
4409
4355
4288
4205
4108
3999
3876
3741
3592
3433
3262
3080
2889
2688
2478
2261
2036
1804
1567
1325
1078
829
576
323
68
-186
-440
-692
-941
-1188
-1429
-1666
-1897
-2122
-2339
-2549
-2749
-2941
-3122
-3293
-3453
-3601
-3737
-3860
-3972
-4069
-4152
-4223
-4278
-4321
-4347
-4360
-4358
-4342
-4313
-4268
-4209
-4136
-4050
-3950
-3837
-3712
-3575
-3426
-3266
-3094
-2913
-2723
-2524
-2316
-2101
-1880
-1652
-1419
-1182
-941
-697
-451
-204
44
291
537
780
1021
1260
1493
1720
1942
2157
2365
2564
2756
2937
3109
3270
3421
3559
3686
3801
3901
3991
4066
4127
4175
4210
4230
4235
4228
4205
4170
4120
4057
3980
3890
3788
3672
3545
3406
3257
3095
2925
2746
2556
2358
2154
1942
1724
1501
1272
1039
804
566
326
86
-154
-394
-632
-867
-1100
-1328
-1552
-1772
-1984
-2189
-2388
-2577
-2759
-2931
-3093
-3245
-3386
-3516
-3632
-3739
-3830
-3911
-3979
-4032
-4073
-4099
-4112
-4112
-4098
-4071
-4030
-3975
-3907
-3827
-3734
-3629
-3512
-3383
-3244
-3093
-2933
-2763
-2584
-2397
-2202
-2000
-1791
-1577
-1358
-1134
-908
-678
-446
-213
19
253
485
715
942
1167
1386
1601
1810
2014
2211
2399
2579
2752
2914
3067
3209
3341
3461
3570
3666
3751
3824
3882
3928
3962
3982
3988
3982
3962
3930
3884
3825
3754
3671
3574
3467
3348
3219
3078
2928
2769
2599
2422
2237
2044
1845
1641
1431
1217
999
776
553
328
102
-125
-350
-574
-795
-1016
-1230
-1442
-1647
-1848
-2041
-2229
-2408
-2579
-2742
-2895
-3039
-3172
-3295
-3406
-3507
-3594
-3670
-3735
-3787
-3825
-3851
-3865
-3865
-3853
-3828
-3791
-3741
-3678
-3604
-3518
-3419
-3311
-3191
-3060
-2919
-2770
-2610
-2443
-2268
-2085
-1896
-1701
-1500
-1294
-1084
-872
-656
-439
-221
0
218
436
652
865
1076
1282
1485
1682
1873
2058
2236
2406
2568
2722
2865
3000
3124
3238
3340
3433
3513
3581
3638
3682
3714
3734
3741
3736
3719
3689
3647
3593
3527
3450
3360
3261
3150
3030
2899
2759
2609
2452
2287
2113
1933
1748
1555
1359
1159
955
747
537
326
115
-97
-309
-518
-727
-933
-1134
-1332
-1526
-1714
-1897
-2071
-2241
-2402
-2554
-2699
-2834
-2959
-3075
-3180
-3275
-3358
-3430
-3492
-3541
-3578
-3603
-3617
-3618
-3608
-3586
-3552
-3506
-3448
-3379
-3300
-3209
-3107
-2996
-2874
-2744
-2604
-2456
-2300
-2137
-1967
-1789
-1607
-1420
-1228
-1032
-833
-632
-429
-225
-19
185
389
591
790
988
1182
1371
1555
1735
1908
2074
2235
2386
2531
2666
2792
2909
3016
3113
3199
3276
3339
3394
3436
3467
3486
3494
3490
3475
3448
3409
3360
3300
3227
3146
3053
2951
2838
2717
2586
2449
2301
2148
1987
1819
1646
1468
1285
1098
908
715
519
322
125
-73
-270
-467
-661
-852
-1041
-1227
-1407
-1582
-1754
-1917
-2075
-2226
-2369
-2504
-2631
-2749
-2857
-2956
-3045
-3123
-3191
-3249
-3296
-3331
-3356
-3370
-3372
-3363
-3343
-3312
-3270
-3217
-3154
-3080
-2997
-2903
-2800
-2687
-2566
-2437
-2299
-2155
-2004
-1845
-1681
-1512
-1338
-1160
-978
-792
-605
-417
-227
-35
155
344
532
719
902
1083
1260
1432
1598
1761
1916
2065
2207
2340
2468
2585
2695
2795
2886
2967
3039
3099
3150
3190
3220
3239
3247
3244
3230
3206
3171
3126
3070
3005
2929
2844
2750
2646
2535
2414
2286
2150
2008
1858
1704
1543
1378
1209
1035
859
680
499
316
132
-51
-234
-416
-596
-775
-950
-1122
-1290
-1454
-1612
-1765
-1912
-2052
-2185
-2310
-2429
-2539
-2640
-2733
-2815
-2889
-2953
-3008
-3052
-3085
-3108
-3122
-3125
-3117
-3100
-3071
-3034
-2986
-2928
-2860
-2784
-2697
-2602
-2499
-2387
-2268
-2141
-2008
-1868
-1722
-1570
-1414
-1254
-1088
-921
-750
-576
-401
-226
-49
127
303
477
650
819
987
1150
1309
1465
1615
1759
1897
2029
2153
2271
2380
2483
2575
2660
2736
2803
2859
2907
2945
2973
2991
2999
2998
2986
2964
2932
2891
2840
2781
2712
2633
2548
2452
2349
2239
2121
1997
1865
1728
1585
1438
1285
1129
970
807
642
475
306
138
-31
-201
-369
-535
-700
-862
-1020
-1176
-1326
-1473
-1614
-1750
-1880
-2004
-2120
-2229
-2330
-2424
-2511
-2587
-2656
-2716
-2767
-2807
-2839
-2861
-2875
-2878
-2871
-2856
-2830
-2797
-2753
-2700
-2638
-2568
-2490
-2403
-2308
-2206
-2097
-1981
-1859
-1731
-1596
-1458
-1314
-1166
-1015
-860
-704
-544
-384
-222
-60
102
263
424
582
739
893
1043
1190
1332
1471
1604
1731
1852
1968
2076
2177
2272
2357
2436
2506
2567
2620
2664
2700
2726
2744
2752
2751
2741
2722
2693
2656
2610
2555
2493
2422
2343
2257
2163
2062
1955
1840
1721
1595
1465
1330
1191
1048
902
753
602
449
294
140
-15
-170
-324
-477
-627
-775
-921
-1063
-1202
-1336
-1466
-1591
-1710
-1823
-1930
-2031
-2124
-2210
-2290
-2360
-2424
-2479
-2526
-2563
-2593
-2615
-2627
-2631
-2626
-2612
-2589
-2559
-2520
-2472
-2416
-2352
-2282
-2202
-2116
-2024
-1925
-1818
-1708
-1590
-1469
-1342
-1212
-1077
-939
-798
-655
-510
-364
-217
-68
80
227
373
518
661
801
939
1073
1203
1329
1451
1567
1678
1784
1883
1976
2061
2140
2213
2277
2333
2382
2423
2456
2480
2497
2505
2504
2496
2479
2453
2420
2379
2329
2274
2209
2138
2059
1975
1883
1785
1683
1574
1461
1342
1220
1094
964
831
697
559
420
280
140
0
-142
-281
-420
-557
-692
-824
-954
-1079
-1202
-1319
-1433
-1541
-1645
-1742
-1834
-1919
-1998
-2069
-2134
-2193
-2243
-2286
-2321
-2348
-2368
-2379
-2383
-2379
-2368
-2347
-2320
-2286
-2243
-2193
-2135
-2071
-2001
-1923
-1839
-1750
-1655
-1554
-1449
-1339
-1225
-1107
-986
-861
-734
-604
-474
-341
-208
-74
59
193
325
456
585
713
836
958
1076
1190
1299
1405
1506
1601
1691
1775
1853
1925
1990
2048
2100
2144
2182
2212
2234
2250
2257
2258
2250
2235
2213
2183
2147
2102
2052
1995
1931
1861
1785
1703
1615
1524
1426
1324
1218
1108
995
878
759
637
514
389
263
137
10
-116
-242
-366
-490
-611
-730
-846
-960
-1069
-1176
-1277
-1375
-1469
-1556
-1638
-1716
-1786
-1851
-1910
-1962
-2008
-2046
-2078
-2104
-2121
-2132
-2136
-2133
-2123
-2105
-2081
-2050
-2013
-1968
-1917
-1860
-1796
-1728
-1654
-1574
-1489
-1399
-1305
-1208
-1105
-1000
-891
-779
-667
-550
-434
-315
-197
-77
42
161
279
397
512
626
737
845
951
1052
1151
1246
1335
1421
1502
1576
1646
1711
1770
1821
1867
1908
1941
1969
1989
2003
2010
2011
2004
1991
1972
1946
1914
1875
1830
1780
1724
1661
1594
1522
1444
1361
1275
1185
1090
994
892
789
684
575
467
356
244
132
19
-93
-205
-315
-425
-532
-638
-742
-842
-940
-1033
-1124
-1211
-1293
-1371
-1445
-1514
-1576
-1634
-1686
-1733
-1774
-1808
-1836
-1859
-1875
-1885
-1889
-1886
-1878
-1863
-1842
-1814
-1782
-1743
-1698
-1648
-1592
-1531
-1466
-1396
-1321
-1243
-1159
-1072
-984
-890
-794
-697
-597
-495
-392
-287
-183
-77
27
132
237
340
442
541
639
735
828
918
1005
1087
1167
1242
1313
1379
1441
1498
1548
1595
1636
1672
1701
1726
1744
1757
1763
1764
1758
1747
1731
1708
1680
1646
1607
1562
1514
1460
1401
1337
1270
1198
1123
1043
962
876
788
698
606
511
416
319
222
124
25
-72
-170
-266
-362
-456
-548
-638
-727
-811
-894
-973
-1048
-1121
-1189
-1253
-1312
-1368
-1418
-1464
-1505
-1540
-1570
-1595
-1615
-1630
-1638
-1642
-1640
-1633
-1620
-1602
-1578
-1549
-1516
-1477
-1434
-1386
-1333
-1276
-1216
-1151
-1083
-1012
-937
-859
-778
-696
-611
-524
-437
-347
-257
-167
-75
15
106
197
285
373
460
544
627
708
785
860
932
1001
1065
1127
1184
1238
1286
1330
1371
1406
1437
1462
1483
1499
1510
1516
1517
1512
1503
1489
1469
1445
1416
1383
1345
1303
1257
1206
1152
1094
1032
968
901
830
758
682
604
525
445
363
280
197
113
29
-54
-138
-221
-301
-382
-461
-538
-613
-686
-757
-824
-888
-950
-1009
-1062
-1114
-1161
-1204
-1243
-1277
-1307
-1334
-1355
-1372
-1384
-1392
-1395
-1393
-1387
-1376
-1361
-1341
-1316
-1288
-1256
-1219
-1178
-1134
-1086
-1034
-980
-922
-861
-798
-733
-665
-595
-523
-450
-376
-300
-225
-148
-71
5
82
158
234
307
381
452
521
589
654
718
777
835
890
942
990
1034
1076
1113
1147
1176
1203
1224
1242
1255
1264
1269
1269
1266
1258
1246
1230
1210
1186
1158
1126
1091
1052
1010
965
917
865
811
756
697
636
573
509
443
376
308
240
170
100
30
-39
-108
-177
-245
-311
-376
-440
-503
-563
-621
-677
-731
-780
-829
-874
-916
-955
-991
-1022
-1051
-1076
-1097
-1115
-1129
-1139
-1145
-1148
-1146
-1141
-1132
-1120
-1103
-1083
-1060
-1032
-1003
-970
-933
-894
-851
-806
-760
-710
-658
-604
-548
-492
-433
-373
-312
-251
-189
-126
-63
0
61
123
184
245
304
362
418
473
526
577
626
673
717
759
797
833
867
897
924
948
969
986
1001
1011
1019
1021
1021
1019
1013
1003
990
974
954
932
906
877
846
812
776
738
697
653
608
561
512
462
411
358
304
251
196
140
85
29
-26
-81
-136
-190
-243
-294
-345
-394
-442
-488
-531
-574
-614
-652
-687
-721
-751
-778
-803
-826
-846
-862
-876
-887
-894
-899
-901
-899
-895
-888
-877
-865
-849
-830
-809
-785
-760
-731
-700
-667
-631
-594
-555
-515
-474
-430
-385
-340
-293
-247
-199
-151
-102
-53
-5
42
90
138
184
230
274
317
359
400
439
477
512
545
577
607
634
660
682
703
721
737
749
760
767
772
775
774
772
767
760
750
737
722
705
685
663
639
613
586
556
525
493
459
423
386
349
310
270
231
190
149
108
66
25
-15
-56
-97
-137
-176
-215
-252
-287
-323
-356
-389
-420
-449
-477
-503
-526
-548
-568
-586
-602
-616
-628
-638
-645
-650
-653
-654
-652
-649
-643
-635
-626
-614
-600
-584
-567
-547
-526
-504
-480
-455
-428
-400
-370
-340
-309
-277
-245
-212
-178
-144
-110
-75
-41
-7
26
60
93
126
158
189
219
249
276
303
329
353
376
398
418
437
454
469
483
495
505
512
519
524
527
528
527
525
521
515
509
500
489
477
463
447
431
413
394
374
353
330
307
283
258
234
207
181
154
127
100
73
45
18
-8
-35
-61
-87
-112
-137
-161
-184
-207
-228
-248
-267
-285
-303
-318
-334
-347
-359
-370
-379
-388
-394
-400
-404
-406
-407
-407
-405
-403
-398
-393
-386
-378
-369
-358
-347
-334
-321
-307
-291
-275
-258
-242
-224
-205
-186
-167
-147
-127
-107
-87
-66
-46
-26
-6
13
32
51
70
88
106
123
139
155
170
184
197
209
221
231
241
250
256
263
269
274
277
280
281
282
282
280
278
275
271
266
261
255
247
239
230
221
211
201
190
178
166
154
141
128
115
102
89
75
62
48
35
22
9
-3
-15
-27
-39
-51
-62
-72
-82
-92
-101
-109
-117
-124
-131
-137
-143
-147
-152
-155
-158
-160
-162
-163
-163
-163
-162
-161
-158
-156
-153
-149
-146
-141
-137
-131
-126
-120
-115
-108
-101
-95
-88
-82
-74
-68
-61
-54
-47
-40
-33
-27
-20
-14
-8
-3
2
7
12
17
21
25
29
32
35
37
40
42
43
44
45
46
46
46
46
45
44
43
41
40
38
36
33
31
29
27
24
22
19
16
14
11
9
7
5
3
1
0
0
0
0
0
0
0
0
0
0
0
0
0
0
0
0
0
0
0
0
0
0
0
0
0
0
0
0
0
0
0
0
0
0
0
0
0
0
0
0
0
0
0
0
0
0
0
0
0
0
0
0
0
0
0
0
0
0
0
0
0
0
0
0
0
0
0
0
0
0
0
0
0
0
0
0
0
0
0
0
0
0
0
0
0
0
0
0
0
0
0
0
0
0
0
0
0
0
0
0
0
0
0
0
0
0
0
0
0
0
0
0
0
0
0
0
0
0
0
0
0
0
0
0
0
0
0
0
0
0
0
0
0
0
0
0
0
0
0
0
0
0
0
0
0
0
0
0
0
0
0
0
0
0
0
0
0
0
0
0
0
0
0
0
0
0
0
0
0
0
0
0
0
0
0
0
0
0
0
0
0
0
0
0
0
0
0
0
0
0
0
0
0
0
0
0
0
0
0
0
0
0
0
0
0
0
0
0
0
0
0
0
0
0
0
0
0
0
0
0
0
0
0
0
0
0
0
0
0
0
0
0
0
0
0
0
0
0
0
0
0
0
0
0
0
0
0
0
0
0
0
0
0
0
0
0
0
0
0
0
0
0
0
0
0
0
0
0
0
0
0
0
0
0
0
0
0
0
0
0
0
0
0
0
0
0
0
0
0
0
0
0
0
0
0
0
0
0
0
0
0
0
0
0
0
0
0
0
0
0
0
0
0
0
0
0
0
0
0
0
0
0
0
0
0
0
0
0
0
0
0
0
0
0
0
0
0
0
0
0
0
0
0
0
0
0
0
0
0
0
0
0
0
0
0
0
0
0
0
0
0
0
0
0
0
0
0
0
0
0
0
0
0
0
0
0
0
0
0
0
0
0
0
0
0
0
0
0
0
0
0
0
0
0
0
0
0
0
0
0
0
0
0
0
0
0
0
0
0
0
0
0
0
0
0
0
0
0
0
0
0
0
0
0
0
0
0
0
0
0
0
0
0
0
0
0
0
0
0
0
0
0
0
0
0
0
0
0
0
0
0
0
0
0
0
0
0
0
0
0
0
0
0
0
0
0
0
0
0
0
0
0
0
0
0
0
0
0
0
0
0
0
0
0
0
0
0
0
0
0
0
0
0
0
0
0
0
0
0
0
0
0
0
0
0
0
0
0
0
0
0
0
0
0
0
0
0
0
0
0
0
0
0
0
0
0
0
0
0
0
0
0
0
0
0
0
0
0
0
0
0
0
0
0
0
0
0
0
0
0
0
0
0
0
0
0
0
0
0
0
0
0
0
0
0
0
0
0
0
0
0
0
0
0
0
0
0
0
0
0
0
0
0
0
0
0
0
0
0
0
0
0
0
0
0
0
0
0
0
0
0
0
0
0
0
0
0
0
0
0
0
0
0
0
0
0
0
0
0
0
0
0
0
0
0
0
0
0
0
0
0
0
0
0
0
0
0
0
0
0
0
0
0
0
0
0
0
0
0
0
0
0
0
0
0
0
0
0
0
0
0
0
0
0
0
0
0
0
0
0
0
0
0
0
0
0
0
0
0
0
0
0
0
0
0
0
0
0
0
0
0
0
0
0
0
0
0
0
0
0
0
0
0
0
0
0
0
0
0
0
0
0
0
0
0
0
0
0
0
0
0
0
0
0
0
0
0
0
0
0
0
0
0
0
0
0
0
0
0
0
0
0
0
0
0
0
0
0
0
0
0
0
0
0
0
0
0
0
0
0
0
0
0
0
0
0
0
0
0
0
0
0
0
0
0
0
0
0
0
0
0
0
0
0
0
0
0
0
0
0
0
0
0
0
0
0
0
0
0
0
0
0
0
0
0
0
0
0
0
0
0
0
0
0
0
0
0
0
0
0
0
0
0
0
0
0
0
0
0
0
0
0
0
0
0
0
0
0
0
0
0
0
0
0
0
0
0
0
0
0
0
0
0
0
0
0
0
0
0
0
0
0
0
0
0
0
0
0
0
0
0
0
0
0
0
0
0
0
0
0
0
0
0
0
0
0
0
0
0
0
0
0
0
0
0
0
0
0
0
0
0
0
0
0
0
0
0
0
0
0
0
0
0
0
0
0
0
0
0
0
0
0
0
0
0
0
0
0
0
0
0
0
0
0
0
0
0
0
0
0
0
0
0
0
0
0
0
0
0
0
0
0
0
0
0
0
0
0
0
0
0
0
0
0
0
0
0
0
0
0
0
0
0
0
0
0
0
0
0
0
0
0
0
0
0
0
0
0
0
0
0
0
0
0
0
0
0
0
0
0
0
0
0
0
0
0
0
0
0
0
0
0
0
0
0
0
0
0
0
0
0
0
0
0
0
0
0
0
0
0
0
0
0
0
0
0
0
0
0
0
0
0
0
0
0
0
0
0
0
0
0
0
0
0
0
0
0
0
0
0
0
0
0
0
0
0
0
0
0
0
0
0
0
0
0
0
0
0
0
0
0
0
0
0
0
0
0
0
0
0
0
0
0
0
0
0
0
0
0
0
0
0
0
0
0
0
0
0
0
0
0
0
0
0
0
0
0
0
0
0
0
0
0
0
0
0
0
0
0
0
0
0
0
0
0
0
0
0
0
0
0
0
0
0
0
0
0
0
0
0
0
0
0
0
0
0
0
0
0
0
0
0
0
0
0
0
0
0
0
0
0
0
0
0
0
0
0
0
0
0
0
0
0
0
0
0
0
0
0
0
0
0
0
0
0
0
0
0
0
0
0
0
0
0
0
0
0
0
0
0
0
0
0
0
0
0
0
0
0
0
0
0
0
0
0
0
0
0
0
0
0
0
0
0
0
0
0
0
0
0
0
0
0
0
0
0
0
0
0
0
0
0
0
0
0
0
0
0
0
0
0
0
0
0
0
0
0
0
0
0
0
0
0
0
0
0
0
0
0
0
0
0
0
0
0
0
0
0
0
0
0
0
0
0
0
0
0
0
0
0
0
0
0
0
0
0
0
0
0
0
0
0
0
0
0
0
0
0
0
0
0
0
0
0
0
0
0
0
0
0
0
0
0
0
0
0
0
0
0
0
0
0
0
0
0
0
0
0
0
0
0
0
0
0
0
0
0
0
0
0
0
0
0
0
0
0
0
0
0
0
0
0
0
0
0
0
0
0
0
0
0
0
0
0
0
0
0
0
0
0
0
0
0
0
0
0
0
0
0
0
0
0
0
0
0
0
0
0
0
0
0
0
0
0
0
0
0
0
0
0
0
0
0
0
0
0
0
0
0
0
0
0
0
0
0
0
0
0
0
0
0
0
0
0
0
0
0
0
0
0
0
0
0
0
0
0
0
0
0
0
0
0
0
0
0
0
0
0
0
0
0
0
0
0
0
0
0
0
0
0
0
0
0
0
0
0
0
0
0
0
0
0
0
0
0
0
0
0
0
0
0
0
0
0
0
0
0
0
0
0
0
0
0
0
0
0
0
0
0
0
0
0
0
0
0
0
0
0
0
0
0
0
0
0
0
0
0
0
0
0
0
0
0
0
0
0
0
0
0
0
0
0
0
0
0
0
0
0
0
0
0
0
0
0
0
0
0
0
0
0
0
0
0
0
0
0
0
0
0
0
0
0
0
0
0
0
0
0
0
0
0
0
0
0
0
0
0
0
0
0
0
0
0
0
0
0
0
0
0
0
0
0
0
0
0
0
0
0
0
0
0
0
0
0
0
0
0
0
0
0
0
0
0
0
0
0
0
0
0
0
0
0
0
0
0
0
0
0
0
0
0
0
0
0
0
0
0
0
0
0
0
0
0
0
0
0
0
0
0
0
0
0
0
0
0
0
0
0
0
0
0
0
0
0
0
0
0
0
0
0
0
0
0
0
0
0
0
0
0
0
0
0
0
0
0
0
0
0
0
0
0
0
0
0
0
0
0
0
0
0
0
0
0
0
0
0
0
0
0
0
0
0
0
0
0
0
0
0
0
0
0
0
0
0
0
0
0
0
0
0
0
0
0
0
0
0
0
0
0
0
0
0
0
0
0
0
0
0
0
0
0
0
0
0
0
0
0
0
0
0
0
0
0
0
0
0
0
0
0
0
0
0
0
0
0
0
0
0
0
0
0
0
0
0
0
0
0
0
0
0
0
0
0
0
0
0
0
0
0
0
0
0
0
0
0
0
0
0
0
0
0
0
0
0
0
0
0
0
0
0
0
0
0
0
0
0
0
0
0
0
0
0
0
0
0
0
0
0
0
0
0
0
0
0
0
0
0
0
0
0
0
0
0
0
0
0
0
0
0
0
0
0
0
0
0
0
0
0
0
0
0
0
0
0
0
0
0
0
0
0
0
0
0
0
0
0
0
0
0
0
0
0
0
0
0
0
0
0
0
0
0
0
0
0
0
0
0
0
0
0
0
0
0
0
0
0
0
0
0
0
0
0
0
0
0
0
0
0
0
0
0
0
0
0
0
0
0
0
0
0
0
0
0
0
0
0
0
0
0
0
0
0
0
0
0
0
0
0
0
0
0
0
0
0
0
0
0
0
0
0
0
0
0
0
0
0
0
0
0
0
0
0
0
0
0
0
0
0
0
0
0
0
0
0
0
0
0
0
0
0
0
0
0
0
0
0
0
0
0
0
0
0
0
0
0
0
0
0
0
0
0
0
0
0
0
0
0
0
0
0
0
0
0
0
0
0
0
0
0
0
0
0
0
0
0
0
0
0
0
0
0
0
0
0
0
0
0
0
0
0
0
0
0
0
0
0
0
0
0
0
0
0
0
0
0
0
0
0
0
0
0
0
0
0
0
0
0
0
0
0
0
0
0
0
0
0
0
0
0
0
0
0
0
0
0
0
0
0
0
0
0
0
0
0
0
0
0
0
0
0
0
0
0
0
0
0
0
0
0
0
0
0
0
0
0
0
0
0
0
0
0
0
0
0
0
0
0
0
0
0
0
0
0
0
0
0
0
0
0
0
0
0
0
0
0
0
0
0
0
0
0
0
0
0
0
0
0
0
0
0
0
0
0
0
0
0
0
0
0
0
0
0
0
0
0
0
0
0
0
0
0
0
0
0
0
0
0
0
0
0
0
0
0
0
0
0
0
0
0
0
0
0
0
0
0
0
0
0
0
0
0
0
0
0
0
0
0
0
0
0
0
0
0
0
0
0
0
0
0
0
0
0
0
0
0
0
0
0
0
0
0
0
0
0
0
0
0
0
0
0
0
0
0
0
0
0
0
0
0
0
0
0
0
0
0
0
0
0
0
0
0
0
0
0
0
0
0
0
0
0
0
0
0
0
0
0
0
0
0
0
0
0
0
0
0
0
0
0
0
0
0
0
0
0
0
0
0
0
0
0
0
0
0
0
0
0
0
0
0
0
0
0
0
0
0
0
0
0
0
0
0
0
0
0
0
0
0
0
0
0
0
0
0
0
0
0
0
0
0
0
0
0
0
0
0
0
0
0
0
0
0
0
0
0
0
0
0
0
0
0
0
0
0
0
0
0
0
0
0
0
0
0
0
0
0
0
0
0
0
0
0
0
0
0
0
0
0
0
0
0
0
0
0
0
0
0
0
0
0
0
0
0
0
0
0
0
0
0
0
0
0
0
0
0
0
0
0
0
0
0
0
0
0
0
0
0
0
0
0
0
0
0
0
0
0
0
0
0
0
0
0
0
0
0
0
0
0
0
0
0
0
0
0
0
0
0
0
0
0
0
0
0
0
0
0
0
0
0
0
0
0
0
0
0
0
0
0
0
0
0
0
0
0
0
0
0
0
0
0
0
0
0
0
0
0
0
0
0
0
0
0
0
0
0
0
0
0
0
0
0
0
0
0
0
0
0
0
0
0
0
0
0
0
0
0
0
0
0
0
0
0
0
0
0
0
0
0
0
0
0
0
0
0
0
0
0
0
0
0
0
0
0
0
0
0
0
0
0
0
0
0
0
0
0
0
0
0
0
0
0
0
0
0
0
0
0
0
0
0
0
0
0
0
0
0
0
0
0
0
0
0
0
0
0
0
0
0
0
0
0
0
0
0
0
0
0
0
0
0
0
0
0
0
0
0
0
0
0
0
0
0
0
0
0
0
0
0
0
0
0
0
0
0
0
0
0
0
0
0
0
0
0
0
0
0
0
0
0
0
0
0
0
0
0
0
0
0
0
0
0
0
0
0
0
0
0
0
0
0
0
0
0
0
0
0
0
0
0
0
0
0
0
0
0
0
0
0
0
0
0
0
0
0
0
0
0
0
0
0
0
0
0
0
0
0
0
0
0
0
0
0
0
0
0
0
0
0
0
0
0
0
0
0
0
0
0
0
0
0
0
0
0
0
0
0
0
0
0
0
0
0
0
0
0
0
0
0
0
0
0
0
0
0
0
0
0
0
0
0
0
0
0
0
0
0
0
0
0
0
0
0
0
0
0
0
0
0
0
0
0
0
0
0
0
0
0
0
0
0
0
0
0
0
0
0
0
0
0
0
0
0
0
0
0
0
0
0
0
0
0
0
0
0
0
0
0
0
0
0
0
0
0
0
0
0
0
0
0
0
0
0
0
0
0
0
0
0
0
0
0
0
0
0
0
0
0
0
0
0
0
0
0
0
0
0
0
0
0
0
0
0
0
0
0
0
0
0
0
0
0
0
0
0
0
0
0
0
0
0
0
0
0
0
0
0
0
0
0
0
0
0
0
0
0
0
0
0
0
0
0
0
0
0
0
0
0
0
0
0
0
0
0
0
0
0
0
0
0
0
0
0
0
0
0
0
0
0
0
0
0
0
0
0
0
0
0
0
0
0
0
0
0
0
0
0
0
0
0
0
0
0
0
0
0
0
0
0
0
0
0
0
0
0
0
0
0
0
0
0
0
0
0
0
0
0
0
0
0
0
0
0
0
0
0
0
0
0
0
0
0
0
0
0
0
0
0
0
0
0
0
0
0
0
0
0
0
0
0
0
0
0
0
0
0
0
0
0
0
0
0
0
0
0
0
0
0
0
0
0
0
0
0
0
0
0
0
0
0
0
0
0
0
0
0
0
0
0
0
0
0
0
0
0
0
0
0
0
0
0
0
0
0
0
0
0
0
0
0
0
0
0
0
0
0
0
0
0
0
0
0
0
0
0
0
0
0
0
0
0
0
0
0
0
0
0
0
0
0
0
0
0
0
0
0
0
0
0
0
0
0
0
0
0
0
0
0
0
0
0
0
0
0
0
0
0
0
0
0
0
0
0
0
0
0
0
0
0
0
0
0
0
0
0
0
0
0
0
0
0
0
0
0
0
0
0
0
0
0
0
0
0
0
0
0
0
0
0
0
0
0
0
0
0
0
0
0
0
0
0
0
0
0
0
0
0
0
0
0
0
0
0
0
0
0
0
0
0
0
0
0
0
0
0
0
0
0
0
0
0
0
0
0
0
0
0
0
0
0
0
0
0
0
0
0
0
0
0
0
0
0
0
0
0
0
0
0
0
0
0
0
0
0
0
0
0
0
0
0
0
0
0
0
0
0
0
0
0
0
0
0
0
0
0
0
0
0
0
0
0
0
0
0
0
0
0
0
0
0
0
0
0
0
0
0
0
0
0
0
0
0
0
0
0
0
0
0
0
0
0
0
0
0
0
0
0
0
0
0
0
0
0
0
0
0
0
0
0
0
0
0
0
0
0
0
0
0
0
0
0
0
0
0
0
0
0
0
0
0
0
0
0
0
0
0
0
0
0
0
0
0
0
0
0
0
0
0
0
0
0
0
0
0
0
0
0
0
0
0
0
0
0
0
0
0
0
0
0
0
0
0
0
0
0
0
0
0
0
0
0
0
0
0
0
0
0
0
0
0
0
0
0
0
0
0
0
0
0
0
0
0
0
0
0
0
0
0
0
0
0
0
0
0
0
0
0
0
0
0
0
0
0
0
0
0
0
0
0
0
0
0
0
0
0
0
0
0
0
0
0
0
0
0
0
0
0
0
0
0
0
0
0
0
0
0
0
0
0
0
0
0
0
0
0
0
0
0
0
0
0
0
0
0
0
0
0
0
0
0
0
0
0
0
0
0
0
0
0
0
0
0
0
0
0
0
0
0
0
0
0
0
0
0
0
0
0
0
0
0
0
0
0
0
0
0
0
0
0
0
0
0
0
0
0
0
0
0
0
0
0
0
0
0
0
0
0
0
0
0
0
0
0
0
0
0
0
0
0
0
0
0
0
0
0
0
0
0
0
0
0
0
0
0
0
0
0
0
0
0
0
0
0
0
0
0
0
0
0
0
0
0
0
0
0
0
0
0
0
0
0
0
0
0
0
0
0
0
0
0
0
0
0
0
0
0
0
0
0
0
0
0
0
0
0
0
0
0
0
0
0
0
0
0
0
0
0
0
0
0
0
0
0
0
0
0
0
0
0
0
0
0
0
0
0
0
0
0
0
0
0
0
0
0
0
0
0
0
0
0
0
0
0
0
0
0
0
0
0
0
0
0
0
0
0
0
0
0
0
0
0
0
0
0
0
0
0
0
0
0
0
0
0
0
0
0
0
0
0
0
0
0
0
0
0
0
0
0
0
0
0
0
0
0
0
0
0
0
0
0
0
0
0
0
0
0
0
0
0
0
0
0
0
0
0
0
0
0
0
0
0
0
0
0
0
0
0
0
0
0
0
0
0
0
0
0
0
0
0
0
0
0
0
0
0
0
0
0
0
0
0
0
0
0
0
0
0
0
0
0
0
0
0
0
0
0
0
0
0
0
0
0
0
0
0
0
0
0
0
0
0
0
0
0
0
0
0
0
0
0
0
0
0
0
0
0
0
0
0
0
0
0
0
0
0
0
0
0
0
0
0
0
0
0
0
0
0
0
0
0
0
0
0
0
0
0
0
0
0
0
0
0
0
0
0
0
0
0
0
0
0
0
0
0
0
0
0
0
0
0
0
0
0
0
0
0
0
0
0
0
0
0
0
0
0
0
0
0
0
0
0
0
0
0
0
0
0
0
0
0
0
0
0
0
0
0
0
0
0
0
0
0
0
0
0
0
0
0
0
0
0
0
0
0
0
0
0
0
0
0
0
0
0
0
0
0
0
0
0
0
0
0
0
0
0
0
0
0
0
0
0
0
0
0
0
0
0
0
0
0
0
0
0
0
0
0
0
0
0
0
0
0
0
0
0
0
0
0
0
0
0
0
0
0
0
0
0
0
0
0
0
0
0
0
0
0
0
0
0
0
0
0
0
0
0
0
0
0
0
0
0
0
0
0
0
0
0
0
0
0
0
0
0
0
0
0
0
0
0
0
0
0
0
0
0
0
0
0
0
0
0
0
0
0
0
0
0
0
0
0
0
0
0
0
0
0
0
0
0
0
0
0
0
0
0
0
0
0
0
0
0
0
0
0
0
0
0
0
0
0
0
0
0
0
0
0
0
0
0
0
0
0
0
0
0
0
0
0
0
0
0
0
0
0
0
0
0
0
0
0
0
0
0
0
0
0
0
0
0
0
0
0
0
0
0
0
0
0
0
0
0
0
0
0
0
0
0
0
0
0
0
0
0
0
0
0
0
0
0
0
0
0
0
0
0
0
0
0
0
0
0
0
0
0
0
0
0
0
0
0
0
0
0
0
0
0
0
0
0
0
0
0
0
0
0
0
0
0
0
0
0
0
0
0
0
0
0
0
0
0
0
0
0
0
0
0
0
0
0
0
0
0
0
0
0
0
0
0
0
0
0
0
0
0
0
0
0
0
0
0
0
0
0
0
0
0
0
0
0
0
0
0
0
0
0
0
0
0
0
0
0
0
0
0
0
0
0
0
0
0
0
0
0
0
0
0
0
0
0
0
0
0
0
0
0
0
0
0
0
0
0
0
0
0
0
0
0
0
0
0
0
0
0
0
0
0
0
0
0
0
0
0
0
0
0
0
0
0
0
0
0
0
0
0
0
0
0
0
0
0
0
0
0
0
0
0
0
0
0
0
0
0
0
0
0
0
0
0
0
0
0
0
0
0
0
0
0
0
0
0
0
0
0
0
0
0
0
0
0
0
0
0
0
0
0
0
0
0
0
0
0
0
0
0
0
0
0
0
0
0
0
0
0
0
0
0
0
0
0
0
0
0
0
0
0
0
0
0
0
0
0
0
0
0
0
0
0
0
0
0
0
0
0
0
0
0
0
0
0
0
0
0
0
0
0
0
0
0
0
0
0
0
0
0
0
0
0
0
0
0
0
0
0
0
0
0
0
0
0
0
0
0
0
0
0
0
0
0
0
0
0
0
0
0
0
0
0
0
0
0
0
0
0
0
0
0
0
0
0
0
0
0
0
0
0
0
0
0
0
0
0
0
0
0
0
0
0
0
0
0
0
0
0
0
0
0
0
0
0
0
0
0
0
0
0
0
0
0
0
0
0
0
0
0
0
0
0
0
0
0
0
0
0
0
0
0
0
0
0
0
0
0
0
0
0
0
0
0
0
0
0
0
0
0
0
0
0
0
0
0
0
0
0
0
0
0
0
0
0
0
0
0
0
0
0
0
0
0
0
0
0
0
0
0
0
0
0
0
0
0
0
0
0
0
0
0
0
0
0
0
0
0
0
0
0
0
0
0
0
0
0
0
0
0
0
0
0
0
0
0
0
0
0
0
0
0
0
0
0
0
0
0
0
0
0
0
0
0
0
0
0
0
0
0
0
0
0
0
0
0
0
0
0
0
0
0
0
0
0
0
0
0
0
0
0
0
0
0
0
0
0
0
0
0
0
0
0
0
0
0
0
0
0
0
0
0
0
0
0
0
0
0
0
0
0
0
0
0
0
0
0
0
0
0
0
0
0
0
0
0
0
0
0
0
0
0
0
0
0
0
0
0
0
0
0
0
0
0
0
0
0
0
0
0
0
0
0
0
0
0
0
0
0
0
0
0
0
0
0
0
0
0
0
0
0
0
0
0
0
0
0
0
0
0
0
0
0
0
0
0
0
0
0
0
0
0
0
0
0
0
0
0
0
0
0
0
0
0
0
0
0
0
0
0
0
0
0
0
0
0
0
0
0
0
0
0
0
0
0
0
0
0
0
0
0
0
0
0
0
0
0
0
0
0
0
0
0
0
0
0
0
0
0
0
0
0
0
0
0
0
0
0
0
0
0
0
0
0
0
0
0
0
0
0
0
0
0
0
0
0
0
0
0
0
0
0
0
0
0
0
0
0
0
0
0
0
0
0
0
0
0
0
0
0
0
0
0
0
0
0
0
0
0
0
0
0
0
0
0
0
0
0
0
0
0
0
0
0
0
0
0
0
0
0
0
0
0
0
0
0
0
0
0
0
0
0
0
0
0
0
0
0
0
0
0
0
0
0
0
0
0
0
0
0
0
0
0
0
0
0
0
0
0
0
0
0
0
0
0
0
0
0
0
0
0
0
0
0
0
0
0
0
0
0
0
0
0
0
0
0
0
0
0
0
0
0
0
0
0
0
0
0
0
0
0
0
0
0
0
0
0
0
0
0
0
0
0
0
0
0
0
0
0
0
0
0
0
0
0
0
0
0
0
0
0
0
0
0
0
0
0
0
0
0
0
0
0
0
0
0
0
0
0
0
0
0
0
0
0
0
0
0
0
0
0
0
0
0
0
0
0
0
0
0
0
0
0
0
0
0
0
0
0
0
0
0
0
0
0
0
0
0
0
0
0
0
0
0
0
0
0
0
0
0
0
0
0
0
0
0
0
0
0
0
0
0
0
0
0
0
0
0
0
0
0
0
0
0
0
0
0
0
0
0
0
0
0
0
0
0
0
0
0
0
0
0
0
0
0
0
0
0
0
0
0
0
0
0
0
0
0
0
0
0
0
0
0
0
0
0
0
0
0
0
0
0
0
0
0
0
0
0
0
0
0
0
0
0
0
0
0
0
0
0
0
0
0
0
0
0
0
0
0
0
0
0
0
0
0
0
0
0
0
0
0
0
0
0
0
0
0
0
0
0
0
0
0
0
0
0
0
0
0
0
0
0
0
0
0
0
0
0
0
0
0
0
0
0
0
0
0
0
0
0
0
0
0
0
0
0
0
0
0
0
0
0
0
0
0
0
0
0
0
0
0
0
0
0
0
0
0
0
0
0
0
0
0
0
0
0
0
0
0
0
0
0
0
0
0
0
0
0
0
0
0
0
0
0
0
0
0
0
0
0
0
0
0
0
0
0
0
0
0
0
0
0
0
0
0
0
0
0
0
0
0
0
0
0
0
0
0
0
0
0
0
0
0
0
0
0
0
0
0
0
0
0
0
0
0
0
0
0
0
0
0
0
0
0
0
0
0
0
0
0
0
0
0
0
0
0
0
0
0
0
0
0
0
0
0
0
0
0
0
0
0
0
0
0
0
0
0
0
0
0
0
0
0
0
0
0
0
0
0
0
0
0
0
0
0
0
0
0
0
0
0
0
0
0
0
0
0
0
0
0
0
0
0
0
0
0
0
0
0
0
0
0
0
0
0
0
0
0
0
0
0
0
0
0
0
0
0
0
0
0
0
0
0
0
0
0
0
0
0
0
0
0
0
0
0
0
0
0
0
0
0
0
0
0
0
0
0
0
0
0
0
0
0
0
0
0
0
0
0
0
0
0
0
0
0
0
0
0
0
0
0
0
0
0
0
0
0
0
0
0
0
0
0
0
0
0
0
0
0
0
0
0
0
0
0
0
0
0
0
0
0
0
0
0
0
0
0
0
0
0
0
0
0
0
0
0
0
0
0
0
0
0
0
0
0
0
0
0
0
0
0
0
0
0
0
0
0
0
0
0
0
0
0
0
0
0
0
0
0
0
0
0
0
0
0
0
0
0
0
0
0
0
0
0
0
0
0
0
0
0
0
0
0
0
0
0
0
0
0
0
0
0
0
0
0
0
0
0
0
0
0
0
0
0
0
0
0
0
0
0
0
0
0
0
0
0
0
0
0
0
0
0
0
0
0
0
0
0
0
0
0
0
0
0
0
0
0
0
0
0
0
0
0
0
0
0
0
0
0
0
0
0
0
0
0
0
0
0
0
0
0
0
0
0
0
0
0
0
0
0
0
0
0
0
0
0
0
0
0
0
0
0
0
0
0
0
0
0
0
0
0
0
0
0
0
0
0
0
0
0
0
0
0
0
0
0
0
0
0
0
0
0
0
0
0
0
0
0
0
0
0
0
0
0
0
0
0
0
0
0
0
0
0
0
0
0
0
0
0
0
0
0
0
0
0
0
0
0
0
0
0
0
0
0
0
0
0
0
0
0
0
0
0
0
0
0
0
0
0
0
0
0
0
0
0
0
0
0
0
0
0
0
0
0
0
0
0
0
0
0
0
0
0
0
0
0
0
0
0
0
0
0
0
0
0
0
0
0
0
0
0
0
0
0
0
0
0
0
0
0
0
0
0
0
0
0
0
0
0
0
0
0
0
0
0
0
0
0
0
0
0
0
0
0
0
0
0
0
0
0
0
0
0
0
0
0
0
0
0
0
0
0
0
0
0
0
0
0
0
0
0
0
0
0
0
0
0
0
0
0
0
0
0
0
0
0
0
0
0
0
0
0
0
0
0
0
0
0
0
0
0
0
0
0
0
0
0
0
0
0
0
0
0
0
0
0
0
0
0
0
0
0
0
0
0
0
0
0
0
0
0
0
0
0
0
0
0
0
0
0
0
0
0
0
0
0
0
0
0
0
0
0
0
0
0
0
0
0
0
0
0
0
0
0
0
0
0
0
0
0
0
0
0
0
0
0
0
0
0
0
0
0
0
0
0
0
0
0
0
0
0
0
0
0
0
0
0
0
0
0
0
0
0
0
0
0
0
0
0
0
0
0
0
0
0
0
0
0
0
0
0
0
0
0
0
0
0
0
0
0
0
0
0
0
0
0
0
0
0
0
0
0
0
0
0
0
0
0
0
0
0
0
0
0
0
0
0
0
0
0
0
0
0
0
0
0
0
0
0
0
0
0
0
0
0
0
0
0
0
0
0
0
0
0
0
0
0
0
0
0
0
0
0
0
0
0
0
0
0
0
0
0
0
0
0
0
0
0
0
0
0
0
0
0
0
0
0
0
0
0
0
0
0
0
0
0
0
0
0
0
0
0
0
0
0
0
0
0
0
0
0
0
0
0
0
0
0
0
0
0
0
0
0
0
0
0
0
0
0
0
0
0
0
0
0
0
0
0
0
0
0
0
0
0
0
0
0
0
0
0
0
0
0
0
0
0
0
0
0
0
0
0
0
0
0
0
0
0
0
0
0
0
0
0
0
0
0
0
0
0
0
0
0
0
0
0
0
0
0
0
0
0
0
0
0
0
0
0
0
0
0
0
0
0
0
0
0
0
0
0
0
0
0
0
0
0
0
0
0
0
0
0
0
0
0
0
0
0
0
0
0
0
0
0
0
0
0
0
0
0
0
0
0
0
0
0
0
0
0
0
0
0
0
0
0
0
0
0
0
0
0
0
0
0
0
0
0
0
0
0
0
0
0
0
0
0
0
0
0
0
0
0
0
0
0
0
0
0
0
0
0
0
0
0
0
0
0
0
0
0
0
0
0
0
0
0
0
0
0
0
0
0
0
0
0
0
0
0
0
0
0
0
0
0
0
0
0
0
0
0
0
0
0
0
0
0
0
0
0
0
0
0
0
0
0
0
0
0
0
0
0
0
0
0
0
0
0
0
0
0
0
0
0
0
0
0
0
0
0
0
0
0
0
0
0
0
0
0
0
0
0
0
0
0
0
0
0
0
0
0
0
0
0
0
0
0
0
0
0
0
0
0
0
0
0
0
0
0
0
0
0
0
0
0
0
0
0
0
0
0
0
0
0
0
0
0
0
0
0
0
0
0
0
0
0
0
0
0
0
0
0
0
0
0
0
0
0
0
0
0
0
0
0
0
0
0
0
0
0
0
0
0
0
0
0
0
0
0
0
0
0
0
0
0
0
0
0
0
0
0
0
0
0
0
0
0
0
0
0
0
0
0
0
0
0
0
0
0
0
0
0
0
0
0
0
0
0
0
0
0
0
0
0
0
0
0
0
0
0
0
0
0
0
0
0
0
0
0
0
0
0
0
0
0
0
0
0
0
0
0
0
0
0
0
0
0
0
0
0
0
0
0
0
0
0
0
0
0
0
0
0
0
0
0
0
0
0
0
0
0
0
0
0
0
0
0
0
0
0
0
0
0
0
0
0
0
0
0
0
0
0
0
0
0
0
0
0
0
0
0
0
0
0
0
0
0
0
0
0
0
0
0
0
0
0
0
0
0
0
0
0
0
0
0
0
0
0
0
0
0
0
0
0
0
0
0
0
0
0
0
0
0
0
0
0
0
0
0
0
0
0
0
0
0
0
0
0
0
0
0
0
0
0
0
0
0
0
0
0
0
0
0
0
0
0
0
0
0
0
0
0
0
0
0
0
0
0
0
0
0
0
0
0
0
0
0
0
0
0
0
0
0
0
0
0
0
0
0
0
0
0
0
0
0
0
0
0
0
0
0
0
0
0
0
0
0
0
0
0
0
0
0
0
0
0
0
0
0
0
0
0
0
0
0
0
0
0
0
0
0
0
0
0
0
0
0
0
0
0
0
0
0
0
0
0
0
0
0
0
0
0
0
0
0
0
0
0
0
0
0
0
0
0
0
0
0
0
0
0
0
0
0
0
0
0
0
0
0
0
0
0
0
0
0
0
0
0
0
0
0
0
0
0
0
0
0
0
0
0
0
0
0
0
0
0
0
0
0
0
0
0
0
0
0
0
0
0
0
0
0
0
0
0
0
0
0
0
0
0
0
0
0
0
0
0
0
0
0
0
0
0
0
0
0
0
0
0
0
0
0
0
0
0
0
0
0
0
0
0
0
0
0
0
0
0
0
0
0
0
0
0
0
0
0
0
0
0
0
0
0
0
0
0
0
0
0
0
0
0
0
0
0
0
0
0
0
0
0
0
0
0
0
0
0
0
0
0
0
0
0
0
0
0
0
0
0
0
0
0
0
0
0
0
0
0
0
0
0
0
0
0
0
0
0
0
0
0
0
0
0
0
0
0
0
0
0
0
0
0
0
0
0
0
0
0
0
0
0
0
0
0
0
0
0
0
0
0
0
0
0
0
0
0
0
0
0
0
0
0
0
0
0
0
0
0
0
0
0
0
0
0
0
0
0
0
0
0
0
0
0
0
0
0
0
0
0
0
0
0
0
0
0
0
0
0
0
0
0
0
0
0
0
0
0
0
0
0
0
0
0
0
0
0
0
0
0
0
0
0
0
0
0
0
0
0
0
0
0
0
0
0
0
0
0
0
0
0
0
0
0
0
0
0
0
0
0
0
0
0
0
0
0
0
0
0
0
0
0
0
0
0
0
0
0
0
0
0
0
0
0
0
0
0
0
0
0
0
0
0
0
0
0
0
0
0
0
0
0
0
0
0
0
0
0
0
0
0
0
0
0
0
0
0
0
0
0
0
0
0
0
0
0
0
0
0
0
0
0
0
0
0
0
0
0
0
0
0
0
0
0
0
0
0
0
0
0
0
0
0
0
0
0
0
0
0
0
0
0
0
0
0
0
0
0
0
0
0
0
0
0
0
0
0
0
0
0
0
0
0
0
0
0
0
0
0
0
0
0
0
0
0
0
0
0
0
0
0
0
0
0
0
0
0
0
0
0
0
0
0
0
0
0
0
0
0
0
0
0
0
0
0
0
0
0
0
0
0
0
0
0
0
0
0
0
0
0
0
0
0
0
0
0
0
0
0
0
0
0
0
0
0
0
0
0
0
0
0
0
0
0
0
0
0
0
0
0
0
0
0
0
0
0
0
0
0
0
0
0
0
0
0
0
0
0
0
0
0
0
0
0
0
0
0
0
0
0
0
0
0
0
0
0
0
0
0
0
0
0
0
0
0
0
0
0
0
0
0
0
0
0
0
0
0
0
0
0
0
0
0
0
0
0
0
0
0
0
0
0
0
0
0
0
0
0
0
0
0
0
0
0
0
0
0
0
0
0
0
0
0
0
0
0
0
0
0
0
0
0
0
0
0
0
0
0
0
0
0
0
0
0
0
0
0
0
0
0
0
0
0
0
0
0
0
0
0
0
0
0
0
0
0
0
0
0
0
0
0
0
0
0
0
0
0
0
0
0
0
0
0
0
0
0
0
0
0
0
0
0
0
0
0
0
0
0
0
0
0
0
0
0
0
0
0
0
0
0
0
0
0
0
0
0
0
0
0
0
0
0
0
0
0
0
0
0
0
0
0
0
0
0
0
0
0
0
0
0
0
0
0
0
0
0
0
0
0
0
0
0
0
0
0
0
0
0
0
0
0
0
0
0
0
0
0
0
0
0
0
0
0
0
0
0
0
0
0
0
0
0
0
0
0
0
0
0
0
0
0
0
0
0
0
0
0
0
0
0
0
0
0
0
0
0
0
0
0
0
0
0
0
0
0
0
0
0
0
0
0
0
0
0
0
0
0
0
0
0
0
0
0
0
0
0
0
0
0
0
0
0
0
0
0
0
0
0
0
0
0
0
0
0
0
0
0
0
0
0
0
0
0
0
0
0
0
0
0
0
0
0
0
0
0
0
0
0
0
0
0
0
0
0
0
0
0
0
0
0
0
0
0
0
0
0
0
0
0
0
0
0
0
0
0
0
0
0
0
0
0
0
0
0
0
0
0
0
0
0
0
0
0
0
0
0
0
0
0
0
0
0
0
0
0
0
0
0
0
0
0
0
0
0
0
0
0
0
0
0
0
0
0
0
0
0
0
0
0
0
0
0
0
0
0
0
0
0
0
0
0
0
0
0
0
0
0
0
0
0
0
0
0
0
0
0
0
0
0
0
0
0
0
0
0
0
0
0
0
0
0
0
0
0
0
0
0
0
0
0
0
0
0
0
0
0
0
0
0
0
0
0
0
0
0
0
0
0
0
0
0
0
0
0
0
0
0
0
0
0
0
0
0
0
0
0
0
0
0
0
0
0
0
0
0
0
0
0
0
0
0
0
0
0
0
0
0
0
0
0
0
0
0
0
0
0
0
0
0
0
0
0
0
0
0
0
0
0
0
0
0
0
0
0
0
0
0
0
0
0
0
0
0
0
0
0
0
0
0
0
0
0
0
0
0
0
0
0
0
0
0
0
0
0
0
0
0
0
0
0
0
0
0
0
0
0
0
0
0
0
0
0
0
0
0
0
0
0
0
0
0
0
0
0
0
0
0
0
0
0
0
0
0
0
0
0
0
0
0
0
0
0
0
0
0
0
0
0
0
0
0
0
0
0
0
0
0
0
0
0
0
0
0
0
0
0
0
0
0
0
0
0
0
0
0
0
0
0
0
0
0
0
0
0
0
0
0
0
0
0
0
0
0
0
0
0
0
0
0
0
0
0
0
0
0
0
0
0
0
0
0
0
0
0
0
0
0
0
0
0
0
0
0
0
0
0
0
0
0
0
0
0
0
0
0
0
0
0
0
0
0
0
0
0
0
0
0
0
0
0
0
0
0
0
0
0
0
0
0
0
0
0
0
0
0
0
0
0
0
0
0
0
0
0
0
0
0
0
0
0
0
0
0
0
0
0
0
0
0
0
0
0
0
0
0
0
0
0
0
0
0
0
0
0
0
0
0
0
0
0
0
0
0
0
0
0
0
0
0
0
0
0
0
0
0
0
0
0
0
0
0
0
0
0
0
0
0
0
0
0
0
0
0
0
0
0
0
0
0
0
0
0
0
0
0
0
0
0
0
0
0
0
0
0
0
0
0
0
0
0
0
0
0
0
0
0
0
0
0
0
0
0
0
0
0
0
0
0
0
0
0
0
0
0
0
0
0
0
0
0
0
0
0
0
0
0
0
0
0
0
0
0
0
0
0
0
0
0
0
0
0
0
0
0
0
0
0
0
0
0
0
0
0
0
0
0
0
0
0
0
0
0
0
0
0
0
0
0
0
0
0
0
0
0
0
0
0
0
0
0
0
0
0
0
0
0
0
0
0
0
0
0
0
0
0
0
0
0
0
0
0
0
0
0
0
0
0
0
0
0
0
0
0
0
0
0
0
0
0
0
0
0
0
0
0
0
0
0
0
0
0
0
0
0
0
0
0
0
0
0
0
0
0
0
0
0
0
0
0
0
0
0
0
0
0
0
0
0
0
0
0
0
0
0
0
0
0
0
0
0
0
0
0
0
0
0
0
0
0
0
0
0
0
0
0
0
0
0
0
0
0
0
0
0
0
0
0
0
0
0
0
0
0
0
0
0
0
0
0
0
0
0
0
0
0
0
0
0
0
0
0
0
0
0
0
0
0
0
0
0
0
0
0
0
0
0
0
0
0
0
0
0
0
0
0
0
0
0
0
0
0
0
0
0
0
0
0
0
0
0
0
0
0
0
0
0
0
0
0
0
0
0
0
0
0
0
0
0
0
0
0
0
0
0
0
0
0
0
0
0
0
0
0
0
0
0
0
0
0
0
0
0
0
0
0
0
0
0
0
0
0
0
0
0
0
0
0
0
0
0
0
0
0
0
0
0
0
0
0
0
0
0
0
0
0
0
0
0
0
0
0
0
0
0
0
0
0
0
0
0
0
0
0
0
0
0
0
0
0
0
0
0
0
0
0
0
0
0
0
0
0
0
0
0
0
0
0
0
0
0
0
0
0
0
0
0
0
0
0
0
0
0
0
0
0
0
0
0
0
0
0
0
0
0
0
0
0
0
0
0
0
0
0
0
0
0
0
0
0
0
0
0
0
0
0
0
0
0
0
0
0
0
0
0
0
0
0
0
0
0
0
0
0
0
0
0
0
0
0
0
0
0
0
0
0
0
0
0
0
0
0
0
0
0
0
0
0
0
0
0
0
0
0
0
0
0
0
0
0
0
0
0
0
0
0
0
0
0
0
0
0
0
0
0
0
0
0
0
0
0
0
0
0
0
0
0
0
0
0
0
0
0
0
0
0
0
0
0
0
0
0
0
0
0
0
0
0
0
0
0
0
0
0
0
0
0
0
0
0
0
0
0
0
0
0
0
0
0
0
0
0
0
0
0
0
0
0
0
0
0
0
0
0
0
0
0
0
0
0
0
0
0
0
0
0
0
0
0
0
0
0
0
0
0
0
0
0
0
0
0
0
0
0
0
0
0
0
0
0
0
0
0
0
0
0
0
0
0
0
0
0
0
0
0
0
0
0
0
0
0
0
0
0
0
0
0
0
0
0
0
0
0
0
0
0
0
0
0
0
0
0
0
0
0
0
0
0
0
0
0
0
0
0
0
0
0
0
0
0
0
0
0
0
0
0
0
0
0
0
0
0
0
0
0
0
0
0
0
0
0
0
0
0
0
0
0
0
0
0
0
0
0
0
0
0
0
0
0
0
0
0
0
0
0
0
0
0
0
0
0
0
0
0
0
0
0
0
0
0
0
0
0
0
0
0
0
0
0
0
0
0
0
0
0
0
0
0
0
0
0
0
0
0
0
0
0
0
0
0
0
0
0
0
0
0
0
0
0
0
0
0
0
0
0
0
0
0
0
0
0
0
0
0
0
0
0
0
0
0
0
0
0
0
0
0
0
0
0
0
0
0
0
0
0
0
0
0
0
0
0
0
0
0
0
0
0
0
0
0
0
0
0
0
0
0
0
0
0
0
0
0
0
0
0
0
0
0
0
0
0
0
0
0
0
0
0
0
0
0
0
0
0
0
0
0
0
0
0
0
0
0
0
0
0
0
0
0
0
0
0
0
0
0
0
0
0
0
0
0
0
0
0
0
0
0
0
0
0
0
0
0
0
0
0
0
0
0
0
0
0
0
0
0
0
0
0
0
0
0
0
0
0
0
0
0
0
0
0
0
0
0
0
0
0
0
0
0
0
0
0
0
0
0
0
0
0
0
0
0
0
0
0
0
0
0
0
0
0
0
0
0
0
0
0
0
0
0
0
0
0
0
0
0
0
0
0
0
0
0
0
0
0
0
0
0
0
0
0
0
0
0
0
0
0
0
0
0
0
0
0
0
0
0
0
0
0
0
0
0
0
0
0
0
0
0
0
0
0
0
0
0
0
0
0
0
0
0
0
0
0
0
0
0
0
0
0
0
0
0
0
0
0
0
0
0
0
0
0
0
0
0
0
0
0
0
0
0
0
0
0
0
0
0
0
0
0
0
0
0
0
0
0
0
0
0
0
0
0
0
0
0
0
0
0
0
0
0
0
0
0
0
0
0
0
0
0
0
0
0
0
0
0
0
0
0
0
0
0
0
0
0
0
0
0
0
0
0
0
0
0
0
0
0
0
0
0
0
0
0
0
0
0
0
0
0
0
0
0
0
0
0
0
0
0
0
0
0
0
0
0
0
0
0
0
0
0
0
0
0
0
0
0
0
0
0
0
0
0
0
0
0
0
0
0
0
0
0
0
0
0
0
0
0
0
0
0
0
0
0
0
0
0
0
0
0
0
0
0
0
0
0
0
0
0
0
0
0
0
0
0
0
0
0
0
0
0
0
0
0
0
0
0
0
0
0
0
0
0
0
0
0
0
0
0
0
0
0
0
0
0
0
0
0
0
0
0
0
0
0
0
0
0
0
0
0
0
0
0
0
0
0
0
0
0
0
0
0
0
0
0
0
0
0
0
0
0
0
0
0
0
0
0
0
0
0
0
0
0
0
0
0
0
0
0
0
0
0
0
0
0
0
0
0
0
0
0
0
0
0
0
0
0
0
0
0
0
0
0
0
0
0
0
0
0
0
0
0
0
0
0
0
0
0
0
0
0
0
0
0
0
0
0
0
0
0
0
0
0
0
0
0
0
0
0
0
0
0
0
0
0
0
0
0
0
0
0
0
0
0
0
0
0
0
0
0
0
0
0
0
0
0
0
0
0
0
0
0
0
0
0
0
0
0
0
0
0
0
0
0
0
0
0
0
0
0
0
0
0
0
0
0
0
0
0
0
0
0
0
0
0
0
0
0
0
0
0
0
0
0
0
0
0
0
0
0
0
0
0
0
0
0
0
0
0
0
0
0
0
0
0
0
0
0
0
0
0
0
0
0
0
0
0
0
0
0
0
0
0
0
0
0
0
0
0
0
0
0
0
0
0
0
0
0
0
0
0
0
0
0
0
0
0
0
0
0
0
0
0
0
0
0
0
0
0
0
0
0
0
0
0
0
0
0
0
0
0
0
0
0
0
0
0
0
0
0
0
0
0
0
0
0
0
0
0
0
0
0
0
0
0
0
0
0
0
0
0
0
0
0
0
0
0
0
0
0
0
0
0
0
0
0
0
0
0
0
0
0
0
0
0
0
0
0
0
0
0
0
0
0
0
0
0
0
0
0
0
0
0
0
0
0
0
0
0
0
0
0
0
0
0
0
0
0
0
0
0
0
0
0
0
0
0
0
0
0
0
0
0
0
0
0
0
0
0
0
0
0
0
0
0
0
0
0
0
0
0
0
0
0
0
0
0
0
0
0
0
0
0
0
0
0
0
0
0
0
0
0
0
0
0
0
0
0
0
0
0
0
0
0
0
0
0
0
0
0
0
0
0
0
0
0
0
0
0
0
0
0
0
0
0
0
0
0
0
0
0
0
0
0
0
0
0
0
0
0
0
0
0
0
0
0
0
0
0
0
0
0
0
0
0
0
0
0
0
0
0
0
0
0
0
0
0
0
0
0
0
0
0
0
0
0
0
0
0
0
0
0
0
0
0
0
0
0
0
0
0
0
0
0
0
0
0
0
0
0
0
0
0
0
0
0
0
0
0
0
0
0
0
0
0
0
0
0
0
0
0
0
0
0
0
0
0
0
0
0
0
0
0
0
0
0
0
0
0
0
0
0
0
0
0
0
0
0
0
0
0
0
0
0
0
0
0
0
0
0
0
0
0
0
0
0
0
0
0
0
0
0
0
0
0
0
0
0
0
0
0
0
0
0
0
0
0
0
0
0
0
0
0
0
0
0
0
0
0
0
0
0
0
0
0
0
0
0
0
0
0
0
0
0
0
0
0
0
0
0
0
0
0
0
0
0
0
0
0
0
0
0
0
0
0
0
0
0
0
0
0
0
0
0
0
0
0
0
0
0
0
0
0
0
0
0
0
0
0
0
0
0
0
0
0
0
0
0
0
0
0
0
0
0
0
0
0
0
0
0
0
0
0
0
0
0
0
0
0
0
0
0
0
0
0
0
0
0
0
0
0
0
0
0
0
0
0
0
0
0
0
0
0
0
0
0
0
0
0
0
0
0
0
0
0
0
0
0
0
0
0
0
0
0
0
0
0
0
0
0
0
0
0
0
0
0
0
0
0
0
0
0
0
0
0
0
0
0
0
0
0
0
0
0
0
0
0
0
0
0
0
0
0
0
0
0
0
0
0
0
0
0
0
0
0
0
0
0
0
0
0
0
0
0
0
0
0
0
0
0
0
0
0
0
0
0
0
0
0
0
0
0
0
0
0
0
0
0
0
0
0
0
0
0
0
0
0
0
0
0
0
0
0
0
0
0
0
0
0
0
0
0
0
0
0
0
0
0
0
0
0
0
0
0
0
0
0
0
0
0
0
0
0
0
0
0
0
0
0
0
0
0
0
0
0
0
0
0
0
0
0
0
0
0
0
0
0
0
0
0
0
0
0
0
0
0
0
0
0
0
0
0
0
0
0
0
0
0
0
0
0
0
0
0
0
0
0
0
0
0
0
0
0
0
0
0
0
0
0
0
0
0
0
0
0
0
0
0
0
0
0
0
0
0
0
0
0
0
0
0
0
0
0
0
0
0
0
0
0
0
0
0
0
0
0
0
0
0
0
0
0
0
0
0
0
0
0
0
0
0
0
0
0
0
0
0
0
0
0
0
0
0
0
0
0
0
0
0
0
0
0
0
0
0
0
0
0
0
0
0
0
0
0
0
0
0
0
0
0
0
0
0
0
0
0
0
0
0
0
0
0
0
0
0
0
0
0
0
0
0
0
0
0
0
0
0
0
0
0
0
0
0
0
0
0
0
0
0
0
0
0
0
0
0
0
0
0
0
0
0
0
0
0
0
0
0
0
0
0
0
0
0
0
0
0
0
0
0
0
0
0
0
0
0
0
0
0
0
0
0
0
0
0
0
0
0
0
0
0
0
0
0
0
0
0
0
0
0
0
0
0
0
0
0
0
0
0
0
0
0
0
0
0
0
0
0
0
0
0
0
0
0
0
0
0
0
0
0
0
0
0
0
0
0
0
0
0
0
0
0
0
0
0
0
0
0
0
0
0
0
0
0
0
0
0
0
0
0
0
0
0
0
0
0
0
0
0
0
0
0
0
0
0
0
0
0
0
0
0
0
0
0
0
0
0
0
0
0
0
0
0
0
0
0
0
0
0
0
0
0
0
0
0
0
0
0
0
0
0
0
0
0
0
0
0
0
0
0
0
0
0
0
0
0
0
0
0
0
0
0
0
0
0
0
0
0
0
0
0
0
0
0
0
0
0
0
0
0
0
0
0
0
0
0
0
0
0
0
0
0
0
0
0
0
0
0
0
0
0
0
0
0
0
0
0
0
0
0
0
0
0
0
0
0
0
0
0
0
0
0
0
0
0
0
0
0
0
0
0
0
0
0
0
0
0
0
0
0
0
0
0
0
0
0
0
0
0
0
0
0
0
0
0
0
0
0
0
0
0
0
0
0
0
0
0
0
0
0
0
0
0
0
0
0
0
0
0
0
0
0
0
0
0
0
0
0
0
0
0
0
0
0
0
0
0
0
0
0
0
0
0
0
0
0
0
0
0
0
0
0
0
0
0
0
0
0
0
0
0
0
0
0
0
0
0
0
0
0
0
0
0
0
0
0
0
0
0
0
0
0
0
0
0
0
0
0
0
0
0
0
0
0
0
0
0
0
0
0
0
0
0
0
0
0
0
0
0
0
0
0
0
0
0
0
0
0
0
0
0
0
0
0
0
0
0
0
0
0
0
0
0
0
0
0
0
0
0
0
0
0
0
0
0
0
0
0
0
0
0
0
0
0
0
0
0
0
0
0
0
0
0
0
0
0
0
0
0
0
0
0
0
0
0
0
0
0
0
0
0
0
0
0
0
0
0
0
0
0
0
0
0
0
0
0
0
0
0
0
0
0
0
0
0
0
0
0
0
0
0
0
0
0
0
0
0
0
0
0
0
0
0
0
0
0
0
0
0
0
0
0
0
0
0
0
0
0
0
0
0
0
0
0
0
0
0
0
0
0
0
0
0
0
0
0
0
0
0
0
0
0
0
0
0
0
0
0
0
0
0
0
0
0
0
0
0
0
0
0
0
0
0
0
0
0
0
0
0
0
0
0
0
0
0
0
0
0
0
0
0
0
0
0
0
0
0
0
0
0
0
0
0
0
0
0
0
0
0
0
0
0
0
0
0
0
0
0
0
0
0
0
0
0
0
0
0
0
0
0
0
0
0
0
0
0
0
0
0
0
0
0
0
0
0
0
0
0
0
0
0
0
0
0
0
0
0
0
0
0
0
0
0
0
0
0
0
0
0
0
0
0
0
0
0
0
0
0
0
0
0
0
0
0
0
0
0
0
0
0
0
0
0
0
0
0
0
0
0
0
0
0
0
0
0
0
0
0
0
0
0
0
0
0
0
0
0
0
0
0
0
0
0
0
0
0
0
0
0
0
0
0
0
0
0
0
0
0
0
0
0
0
0
0
0
0
0
0
0
0
0
0
0
0
0
0
0
0
0
0
0
0
0
0
0
0
0
0
0
0
0
0
0
0
0
0
0
0
0
0
0
0
0
0
0
0
0
0
0
0
0
0
0
0
0
0
0
0
0
0
0
0
0
0
0
0
0
0
0
0
0
0
0
0
0
0
0
0
0
0
0
0
0
0
0
0
0
0
0
0
0
0
0
0
0
0
0
0
0
0
0
0
0
0
0
0
0
0
0
0
0
0
0
0
0
0
0
0
0
0
0
0
0
0
0
0
0
0
0
0
0
0
0
0
0
0
0
0
0
0
0
0
0
0
0
0
0
0
0
0
0
0
0
0
0
0
0
0
0
0
0
0
0
0
0
0
0
0
0
0
0
0
0
0
0
0
0
0
0
0
0
0
0
0
0
0
0
0
0
0
0
0
0
0
0
0
0
0
0
0
0
0
0
0
0
0
0
0
0
0
0
0
0
0
0
0
0
0
0
0
0
0
0
0
0
0
0
0
0
0
0
0
0
0
0
0
0
0
0
0
0
0
0
0
0
0
0
0
0
0
0
0
0
0
0
0
0
0
0
0
0
0
0
0
0
0
0
0
0
0
0
0
0
0
0
0
0
0
0
0
0
0
0
0
0
0
0
0
0
0
0
0
0
0
0
0
0
0
0
0
0
0
0
0
0
0
0
0
0
0
0
0
0
0
0
0
0
0
0
0
0
0
0
0
0
0
0
0
0
0
0
0
0
0
0
0
0
0
0
0
0
0
0
0
0
0
0
0
0
0
0
0
0
0
0
0
0
0
0
0
0
0
0
0
0
0
0
0
0
0
0
0
0
0
0
0
0
0
0
0
0
0
0
0
0
0
0
0
0
0
0
0
0
0
0
0
0
0
0
0
0
0
0
0
0
0
0
0
0
0
0
0
0
0
0
0
0
0
0
0
0
0
0
0
0
0
0
0
0
0
0
0
0
0
0
0
0
0
0
0
0
0
0
0
0
0
0
0
0
0
0
0
0
0
0
0
0
0
0
0
0
0
0
0
0
0
0
0
0
0
0
0
0
0
0
0
0
0
0
0
0
0
0
0
0
0
0
0
0
0
0
0
0
0
0
0
0
0
0
0
0
0
0
0
0
0
0
0
0
0
0
0
0
0
0
0
0
0
0
0
0
0
0
0
0
0
0
0
0
0
0
0
0
0
0
0
0
0
0
0
0
0
0
0
0
0
0
0
0
0
0
0
0
0
0
0
0
0
0
0
0
0
0
0
0
0
0
0
0
0
0
0
0
0
0
0
0
0
0
0
0
0
0
0
0
0
0
0
0
0
0
0
0
0
0
0
0
0
0
0
0
0
0
0
0
0
0
0
0
0
0
0
0
0
0
0
0
0
0
0
0
0
0
0
0
0
0
0
0
0
0
0
0
0
0
0
0
0
0
0
0
0
0
0
0
0
0
0
0
0
0
0
0
0
0
0
0
0
0
0
0
0
0
0
0
0
0
0
0
0
0
0
0
0
0
0
0
0
0
0
0
0
0
0
0
0
0
0
0
0
0
0
0
0
0
0
0
0
0
0
0
0
0
0
0
0
0
0
0
0
0
0
0
0
0
0
0
0
0
0
0
0
0
0
0
0
0
0
0
0
0
0
0
0
0
0
0
0
0
0
0
0
0
0
0
0
0
0
0
0
0
0
0
0
0
0
0
0
0
0
0
0
0
0
0
0
0
0
0
0
0
0
0
0
0
0
0
0
0
0
0
0
0
0
0
0
0
0
0
0
0
0
0
0
0
0
0
0
0
0
0
0
0
0
0
0
0
0
0
0
0
0
0
0
0
0
0
0
0
0
0
0
0
0
0
0
0
0
0
0
0
0
0
0
0
0
0
0
0
0
0
0
0
0
0
0
0
0
0
0
0
0
0
0
0
0
0
0
0
0
0
0
0
0
0
0
0
0
0
0
0
0
0
0
0
0
0
0
0
0
0
0
0
0
0
0
0
0
0
0
0
0
0
0
0
0
0
0
0
0
0
0
0
0
0
0
0
0
0
0
0
0
0
0
0
0
0
0
0
0
0
0
0
0
0
0
0
0
0
0
0
0
0
0
0
0
0
0
0
0
0
0
0
0
0
0
0
0
0
0
0
0
0
0
0
0
0
0
0
0
0
0
0
0
0
0
0
0
0
0
0
0
0
0
0
0
0
0
0
0
0
0
0
0
0
0
0
0
0
0
0
0
0
0
0
0
0
0
0
0
0
0
0
0
0
0
0
0
0
0
0
0
0
0
0
0
0
0
0
0
0
0
0
0
0
0
0
0
0
0
0
0
0
0
0
0
0
0
0
0
0
0
0
0
0
0
0
0
0
0
0
0
0
0
0
0
0
0
0
0
0
0
0
0
0
0
0
0
0
0
0
0
0
0
0
0
0
0
0
0
0
0
0
0
0
0
0
0
0
0
0
0
0
0
0
0
0
0
0
0
0
0
0
0
0
0
0
0
0
0
0
0
0
0
0
0
0
0
0
0
0
0
0
0
0
0
0
0
0
0
0
0
0
0
0
0
0
0
0
0
0
0
0
0
0
0
0
0
0
0
0
0
0
0
0
0
0
0
0
0
0
0
0
0
0
0
0
0
0
0
0
0
0
0
0
0
0
0
0
0
0
0
0
0
0
0
0
0
0
0
0
0
0
0
0
0
0
0
0
0
0
0
0
0
0
0
0
0
0
0
0
0
0
0
0
0
0
0
0
0
0
0
0
0
0
0
0
0
0
0
0
0
0
0
0
0
0
0
0
0
0
0
0
0
0
0
0
0
0
0
0
0
0
0
0
0
0
0
0
0
0
0
0
0
0
0
0
0
0
0
0
0
0
0
0
0
0
0
0
0
0
0
0
0
0
0
0
0
0
0
0
0
0
0
0
0
0
0
0
0
0
0
0
0
0
0
0
0
0
0
0
0
0
0
0
0
0
0
0
0
0
0
0
0
0
0
0
0
0
0
0
0
0
0
0
0
0
0
0
0
0
0
0
0
0
0
0
0
0
0
0
0
0
0
0
0
0
0
0
0
0
0
0
0
0
0
0
0
0
0
0
0
0
0
0
0
0
0
0
0
0
0
0
0
0
0
0
0
0
0
0
0
0
0
0
0
0
0
0
0
0
0
0
0
0
0
0
0
0
0
0
0
0
0
0
0
0
0
0
0
0
0
0
0
0
0
0
0
0
0
0
0
0
0
0
0
0
0
0
0
0
0
0
0
0
0
0
0
0
0
0
0
0
0
0
0
0
0
0
0
0
0
0
0
0
0
0
0
0
0
0
0
0
0
0
0
0
0
0
0
0
0
0
0
0
0
0
0
0
0
0
0
0
0
0
0
0
0
0
0
0
0
0
0
0
0
0
0
0
0
0
0
0
0
0
0
0
0
0
0
0
0
0
0
0
0
0
0
0
0
0
0
0
0
0
0
0
0
0
0
0
0
0
0
0
0
0
0
0
0
0
0
0
0
0
0
0
0
0
0
0
0
0
0
0
0
0
0
0
0
0
0
0
0
0
0
0
0
0
0
0
0
0
0
0
0
0
0
0
0
0
0
0
0
0
0
0
0
0
0
0
0
0
0
0
0
0
0
0
0
0
0
0
0
0
0
0
0
0
0
0
0
0
0
0
0
0
0
0
0
0
0
0
0
0
0
0
0
0
0
0
0
0
0
0
0
0
0
0
0
0
0
0
0
0
0
0
0
0
0
0
0
0
0
0
0
0
0
0
0
0
0
0
0
0
0
0
0
0
0
0
0
0
0
0
0
0
0
0
0
0
0
0
0
0
0
0
0
0
0
0
0
0
0
0
0
0
0
0
0
0
0
0
0
0
0
0
0
0
0
0
0
0
0
0
0
0
0
0
0
0
0
0
0
0
0
0
0
0
0
0
0
0
0
0
0
0
0
0
0
0
0
0
0
0
0
0
0
0
0
0
0
0
0
0
0
0
0
0
0
0
0
0
0
0
0
0
0
0
0
0
0
0
0
0
0
0
0
0
0
0
0
0
0
0
0
0
0
0
0
0
0
0
0
0
0
0
0
0
0
0
0
0
0
0
0
0
0
0
0
0
0
0
0
0
0
0
0
0
0
0
0
0
0
0
0
0
0
0
0
0
0
0
0
0
0
0
0
0
0
0
0
0
0
0
0
0
0
0
0
0
0
0
0
0
0
0
0
0
0
0
0
0
0
0
0
0
0
0
0
0
0
0
0
0
0
0
0
0
0
0
0
0
0
0
0
0
0
0
0
0
0
0
0
0
0
0
0
0
0
0
0
0
0
0
0
0
0
0
0
0
0
0
0
0
0
0
0
0
0
0
0
0
0
0
0
0
0
0
0
0
0
0
0
0
0
0
0
0
0
0
0
0
0
0
0
0
0
0
0
0
0
0
0
0
0
0
0
0
0
0
0
0
0
0
0
0
0
0
0
0
0
0
0
0
0
0
0
0
0
0
0
0
0
0
0
0
0
0
0
0
0
0
0
0
0
0
0
0
0
0
0
0
0
0
0
0
0
0
0
0
0
0
0
0
0
0
0
0
0
0
0
0
0
0
0
0
0
0
0
0
0
0
0
0
0
0
0
0
0
0
0
0
0
0
0
0
0
0
0
0
0
0
0
0
0
0
0
0
0
0
0
0
0
0
0
0
0
0
0
0
0
0
0
0
0
0
0
0
0
0
0
0
0
0
0
0
0
0
0
0
0
0
0
0
0
0
0
0
0
0
0
0
0
0
0
0
0
0
0
0
0
0
0
0
0
0
0
0
0
0
0
0
0
0
0
0
0
0
0
0
0
0
0
0
0
0
0
0
0
0
0
0
0
0
0
0
0
0
0
0
0
0
0
0
0
0
0
0
0
0
0
0
0
0
0
0
0
0
0
0
0
0
0
0
0
0
0
0
0
0
0
0
0
0
0
0
0
0
0
0
0
0
0
0
0
0
0
0
0
0
0
0
0
0
0
0
0
0
0
0
0
0
0
0
0
0
0
0
0
0
0
0
0
0
0
0
0
0
0
0
0
0
0
0
0
0
0
0
0
0
0
0
0
0
0
0
0
0
0
0
0
0
0
0
0
0
0
0
0
0
0
0
0
0
0
0
0
0
0
0
0
0
0
0
0
0
0
0
0
0
0
0
0
0
0
0
0
0
0
0
0
0
0
0
0
0
0
0
0
0
0
0
0
0
0
0
0
0
0
0
0
0
0
0
0
0
0
0
0
0
0
0
0
0
0
0
0
0
0
0
0
0
0
0
0
0
0
0
0
0
0
0
0
0
0
0
0
0
0
0
0
0
0
0
0
0
0
0
0
0
0
0
0
0
0
0
0
0
0
0
0
0
0
0
0
0
0
0
0
0
0
0
0
0
0
0
0
0
0
0
0
0
0
0
0
0
0
0
0
0
0
0
0
0
0
0
0
0
0
0
0
0
0
0
0
0
0
0
0
0
0
0
0
0
0
0
0
0
0
0
0
0
0
0
0
0
0
0
0
0
0
0
0
0
0
0
0
0
0
0
0
0
0
0
0
0
0
0
0
0
0
0
0
0
0
0
0
0
0
0
0
0
0
0
0
0
0
0
0
0
0
0
0
0
0
0
0
0
0
0
0
0
0
0
0
0
0
0
0
0
0
0
0
0
0
0
0
0
0
0
0
0
0
0
0
0
0
0
0
0
0
0
0
0
0
0
0
0
0
0
0
0
0
0
0
0
0
0
0
0
0
0
0
0
0
0
0
0
0
0
0
0
0
0
0
0
0
0
0
0
0
0
0
0
0
0
0
0
0
0
0
0
0
0
0
0
0
0
0
0
0
0
0
0
0
0
0
0
0
0
0
0
0
0
0
0
0
0
0
0
0
0
0
0
0
0
0
0
0
0
0
0
0
0
0
0
0
0
0
0
0
0
0
0
0
0
0
0
0
0
0
0
0
0
0
0
0
0
0
0
0
0
0
0
0
0
0
0
0
0
0
0
0
0
0
0
0
0
0
0
0
0
0
0
0
0
0
0
0
0
0
0
0
0
0
0
0
0
0
0
0
0
0
0
0
0
0
0
0
0
0
0
0
0
0
0
0
0
0
0
0
0
0
0
0
0
0
0
0
0
0
0
0
0
0
0
0
0
0
0
0
0
0
0
0
0
0
0
0
0
0
0
0
0
0
0
0
0
0
0
0
0
0
0
0
0
0
0
0
0
0
0
0
0
0
0
0
0
0
0
0
0
0
0
0
0
0
0
0
0
0
0
0
0
0
0
0
0
0
0
0
0
0
0
0
0
0
0
0
0
0
0
0
0
0
0
0
0
0
0
0
0
0
0
0
0
0
0
0
0
0
0
0
0
0
0
0
0
0
0
0
0
0
0
0
0
0
0
0
0
0
0
0
0
0
0
0
0
0
0
0
0
0
0
0
0
0
0
0
0
0
0
0
0
0
0
0
0
0
0
0
0
0
0
0
0
0
0
0
0
0
0
0
0
0
0
0
0
0
0
0
0
0
0
0
0
0
0
0
0
0
0
0
0
0
0
0
0
0
0
0
0
0
0
0
0
0
0
0
0
0
0
0
0
0
0
0
0
0
0
0
0
0
0
0
0
0
0
0
0
0
0
0
0
0
0
0
0
0
0
0
0
0
0
0
0
0
0
0
0
0
0
0
0
0
0
0
0
0
0
0
0
0
0
0
0
0
0
0
0
0
0
0
0
0
0
0
0
0
0
0
0
0
0
0
0
0
0
0
0
0
0
0
0
0
0
0
0
0
0
0
0
0
0
0
0
0
0
0
0
0
0
0
0
0
0
0
0
0
0
0
0
0
0
0
0
0
0
0
0
0
0
0
0
0
0
0
0
0
0
0
0
0
0
0
0
0
0
0
0
0
0
0
0
0
0
0
0
0
0
0
0
0
0
0
0
0
0
0
0
0
0
0
0
0
0
0
0
0
0
0
0
0
0
0
0
0
0
0
0
0
0
0
0
0
0
0
0
0
0
0
0
0
0
0
0
0
0
0
0
0
0
0
0
0
0
0
0
0
0
0
0
0
0
0
0
0
0
0
0
0
0
0
0
0
0
0
0
0
0
0
0
0
0
0
0
0
0
0
0
0
0
0
0
0
0
0
0
0
0
0
0
0
0
0
0
0
0
0
0
0
0
0
0
0
0
0
0
0
0
0
0
0
0
0
0
0
0
0
0
0
0
0
0
0
0
0
0
0
0
0
0
0
0
0
0
0
0
0
0
0
0
0
0
0
0
0
0
0
0
0
0
0
0
0
0
0
0
0
0
0
0
0
0
0
0
0
0
0
0
0
0
0
0
0
0
0
0
0
0
0
0
0
0
0
0
0
0
0
0
0
0
0
0
0
0
0
0
0
0
0
0
0
0
0
0
0
0
0
0
0
0
0
0
0
0
0
0
0
0
0
0
0
0
0
0
0
0
0
0
0
0
0
0
0
0
0
0
0
0
0
0
0
0
0
0
0
0
0
0
0
0
0
0
0
0
0
0
0
0
0
0
0
0
0
0
0
0
0
0
0
0
0
0
0
0
0
0
0
0
0
0
0
0
0
0
0
0
0
0
0
0
0
0
0
0
0
0
0
0
0
0
0
0
0
0
0
0
0
0
0
0
0
0
0
0
0
0
0
0
0
0
0
0
0
0
0
0
0
0
0
0
0
0
0
0
0
0
0
0
0
0
0
0
0
0
0
0
0
0
0
0
0
0
0
0
0
0
0
0
0
0
0
0
0
0
0
0
0
0
0
0
0
0
0
0
0
0
0
0
0
0
0
0
0
0
0
0
0
0
0
0
0
0
0
0
0
0
0
0
0
0
0
0
0
0
0
0
0
0
0
0
0
0
0
0
0
0
0
0
0
0
0
0
0
0
0
0
0
0
0
0
0
0
0
0
0
0
0
0
0
0
0
0
0
0
0
0
0
0
0
0
0
0
0
0
0
0
0
0
0
0
0
0
0
0
0
0
0
0
0
0
0
0
0
0
0
0
0
0
0
0
0
0
0
0
0
0
0
0
0
0
0
0
0
0
0
0
0
0
0
0
0
0
0
0
0
0
0
0
0
0
0
0
0
0
0
0
0
0
0
0
0
0
0
0
0
0
0
0
0
0
0
0
0
0
0
0
0
0
0
0
0
0
0
0
0
0
0
0
0
0
0
0
0
0
0
0
0
0
0
0
0
0
0
0
0
0
0
0
0
0
0
0
0
0
0
0
0
0
0
0
0
0
0
0
0
0
0
0
0
0
0
0
0
0
0
0
0
0
0
0
0
0
0
0
0
0
0
0
0
0
0
0
0
0
0
0
0
0
0
0
0
0
0
0
0
0
0
0
0
0
0
0
0
0
0
0
0
0
0
0
0
0
0
0
0
0
0
0
0
0
0
0
0
0
0
0
0
0
0
0
0
0
0
0
0
0
0
0
0
0
0
0
0
0
0
0
0
0
0
0
0
0
0
0
0
0
0
0
0
0
0
0
0
0
0
0
0
0
0
0
0
0
0
0
0
0
0
0
0
0
0
0
0
0
0
0
0
0
0
0
0
0
0
0
0
0
0
0
0
0
0
0
0
0
0
0
0
0
0
0
0
0
0
0
0
0
0
0
0
0
0
0
0
0
0
0
0
0
0
0
0
0
0
0
0
0
0
0
0
0
0
0
0
0
0
0
0
0
0
0
0
0
0
0
0
0
0
0
0
0
0
0
0
0
0
0
0
0
0
0
0
0
0
0
0
0
0
0
0
0
0
0
0
0
0
0
0
0
0
0
0
0
0
0
0
0
0
0
0
0
0
0
0
0
0
0
0
0
0
0
0
0
0
0
0
0
0
0
0
0
0
0
0
0
0
0
0
0
0
0
0
0
0
0
0
0
0
0
0
0
0
0
0
0
0
0
0
0
0
0
0
0
0
0
0
0
0
0
0
0
0
0
0
0
0
0
0
0
0
0
0
0
0
0
0
0
0
0
0
0
0
0
0
0
0
0
0
0
0
0
0
0
0
0
0
0
0
0
0
0
0
0
0
0
0
0
0
0
0
0
0
0
0
0
0
0
0
0
0
0
0
0
0
0
0
0
0
0
0
0
0
0
0
0
0
0
0
0
0
0
0
0
0
0
0
0
0
0
0
0
0
0
0
0
0
0
0
0
0
0
0
0
0
0
0
0
0
0
0
0
0
0
0
0
0
0
0
0
0
0
0
0
0
0
0
0
0
0
0
0
0
0
0
0
0
0
0
0
0
0
0
0
0
0
0
0
0
0
0
0
0
0
0
0
0
0
0
0
0
0
0
0
0
0
0
0
0
0
0
0
0
0
0
0
0
0
0
0
0
0
0
0
0
0
0
0
0
0
0
0
0
0
0
0
0
0
0
0
0
0
0
0
0
0
0
0
0
0
0
0
0
0
0
0
0
0
0
0
0
0
0
0
0
0
0
0
0
0
0
0
0
0
0
0
0
0
0
0
0
0
0
0
0
0
0
0
0
0
0
0
0
0
0
0
0
0
0
0
0
0
0
0
0
0
0
0
0
0
0
0
0
0
0
0
0
0
0
0
0
0
0
0
0
0
0
0
0
0
0
0
0
0
0
0
0
0
0
0
0
0
0
0
0
0
0
0
0
0
0
0
0
0
0
0
0
0
0
0
0
0
0
0
0
0
0
0
0
0
0
0
0
0
0
0
0
0
0
0
0
0
0
0
0
0
0
0
0
0
0
0
0
0
0
0
0
0
0
0
0
0
0
0
0
0
0
0
0
0
0
0
0
0
0
0
0
0
0
0
0
0
0
0
0
0
0
0
0
0
0
0
0
0
0
0
0
0
0
0
0
0
0
0
0
0
0
0
0
0
0
0
0
0
0
0
0
0
0
0
0
0
0
0
0
0
0
0
0
0
0
0
0
0
0
0
0
0
0
0
0
0
0
0
0
0
0
0
0
0
0
0
0
0
0
0
0
0
0
0
0
0
0
0
0
0
0
0
0
0
0
0
0
0
0
0
0
0
0
0
0
0
0
0
0
0
0
0
0
0
0
0
0
0
0
0
0
0
0
0
0
0
0
0
0
0
0
0
0
0
0
0
0
0
0
0
0
0
0
0
0
0
0
0
0
0
0
0
0
0
0
0
0
0
0
0
0
0
0
0
0
0
0
0
0
0
0
0
0
0
0
0
0
0
0
0
0
0
0
0
0
0
0
0
0
0
0
0
0
0
0
0
0
0
0
0
0
0
0
0
0
0
0
0
0
0
0
0
0
0
0
0
0
0
0
0
0
0
0
0
0
0
0
0
0
0
0
0
0
0
0
0
0
0
0
0
0
0
0
0
0
0
0
0
0
0
0
0
0
0
0
0
0
0
0
0
0
0
0
0
0
0
0
0
0
0
0
0
0
0
0
0
0
0
0
0
0
0
0
0
0
0
0
0
0
0
0
0
0
0
0
0
0
0
0
0
0
0
0
0
0
0
0
0
0
0
0
0
0
0
0
0
0
0
0
0
0
0
0
0
0
0
0
0
0
0
0
0
0
0
0
0
0
0
0
0
0
0
0
0
0
0
0
0
0
0
0
0
0
0
0
0
0
0
0
0
0
0
0
0
0
0
0
0
0
0
0
0
0
0
0
0
0
0
0
0
0
0
0
0
0
0
0
0
0
0
0
0
0
0
0
0
0
0
0
0
0
0
0
0
0
0
0
0
0
0
0
0
0
0
0
0
0
0
0
0
0
0
0
0
0
0
0
0
0
0
0
0
0
0
0
0
0
0
0
0
0
0
0
0
0
0
0
0
0
0
0
0
0
0
0
0
0
0
0
0
0
0
0
0
0
0
0
0
0
0
0
0
0
0
0
0
0
0
0
0
0
0
0
0
0
0
0
0
0
0
0
0
0
0
0
0
0
0
0
0
0
0
0
0
0
0
0
0
0
0
0
0
0
0
0
0
0
0
0
0
0
0
0
0
0
0
0
0
0
0
0
0
0
0
0
0
0
0
0
0
0
0
0
0
0
0
0
0
0
0
0
0
0
0
0
0
0
0
0
0
0
0
0
0
0
0
0
0
0
0
0
0
0
0
0
0
0
0
0
0
0
0
0
0
0
0
0
0
0
0
0
0
0
0
0
0
0
0
0
0
0
0
0
0
0
0
0
0
0
0
0
0
0
0
0
0
0
0
0
0
0
0
0
0
0
0
0
0
0
0
0
0
0
0
0
0
0
0
0
0
0
0
0
0
0
0
0
0
0
0
0
0
0
0
0
0
0
0
0
0
0
0
0
0
0
0
0
0
0
0
0
0
0
0
0
0
0
0
0
0
0
0
0
0
0
0
0
0
0
0
0
0
0
0
0
0
0
0
0
0
0
0
0
0
0
0
0
0
0
0
0
0
0
0
0
0
0
0
0
0
0
0
0
0
0
0
0
0
0
0
0
0
0
0
0
0
0
0
0
0
0
0
0
0
0
0
0
0
0
0
0
0
0
0
0
0
0
0
0
0
0
0
0
0
0
0
0
0
0
0
0
0
0
0
0
0
0
0
0
0
0
0
0
0
0
0
0
0
0
0
0
0
0
0
0
0
0
0
0
0
0
0
0
0
0
0
0
0
0
0
0
0
0
0
0
0
0
0
0
0
0
0
0
0
0
0
0
0
0
0
0
0
0
0
0
0
0
0
0
0
0
0
0
0
0
0
0
0
0
0
0
0
0
0
0
0
0
0
0
0
0
0
0
0
0
0
0
0
0
0
0
0
0
0
0
0
0
0
0
0
0
0
0
0
0
0
0
0
0
0
0
0
0
0
0
0
0
0
0
0
0
0
0
0
0
0
0
0
0
0
0
0
0
0
0
0
0
0
0
0
0
0
0
0
0
0
0
0
0
0
0
0
0
0
0
0
0
0
0
0
0
0
0
0
0
0
0
0
0
0
0
0
0
0
0
0
0
0
0
0
0
0
0
0
0
0
0
0
0
0
0
0
0
0
0
0
0
0
0
0
0
0
0
0
0
0
0
0
0
0
0
0
0
0
0
0
0
0
0
0
0
0
0
0
0
0
0
0
0
0
0
0
0
0
0
0
0
0
0
0
0
0
0
0
0
0
0
0
0
0
0
0
0
0
0
0
0
0
0
0
0
0
0
0
0
0
0
0
0
0
0
0
0
0
0
0
0
0
0
0
0
0
0
0
0
0
0
0
0
0
0
0
0
0
0
0
0
0
0
0
0
0
0
0
0
0
0
0
0
0
0
0
0
0
0
0
0
0
0
0
0
0
0
0
0
0
0
0
0
0
0
0
0
0
0
0
0
0
0
0
0
0
0
0
0
0
0
0
0
0
0
0
0
0
0
0
0
0
0
0
0
0
0
0
0
0
0
0
0
0
0
0
0
0
0
0
0
0
0
0
0
0
0
0
0
0
0
0
0
0
0
0
0
0
0
0
0
0
0
0
0
0
0
0
0
0
0
0
0
0
0
0
0
0
0
0
0
0
0
0
0
0
0
0
0
0
0
0
0
0
0
0
0
0
0
0
0
0
0
0
0
0
0
0
0
0
0
0
0
0
0
0
0
0
0
0
0
0
0
0
0
0
0
0
0
0
0
0
0
0
0
0
0
0
0
0
0
0
0
0
0
0
0
0
0
0
0
0
0
0
0
0
0
0
0
0
0
0
0
0
0
0
0
0
0
0
0
0
0
0
0
0
0
0
0
0
0
0
0
0
0
0
0
0
0
0
0
0
0
0
0
0
0
0
0
0
0
0
0
0
0
0
0
0
0
0
0
0
0
0
0
0
0
0
0
0
0
0
0
0
0
0
0
0
0
0
0
0
0
0
0
0
0
0
0
0
0
0
0
0
0
0
0
0
0
0
0
0
0
0
0
0
0
0
0
0
0
0
0
0
0
0
0
0
0
0
0
0
0
0
0
0
0
0
0
0
0
0
0
0
0
0
0
0
0
0
0
0
0
0
0
0
0
0
0
0
0
0
0
0
0
0
0
0
0
0
0
0
0
0
0
0
0
0
0
0
0
0
0
0
0
0
0
0
0
0
0
0
0
0
0
0
0
0
0
0
0
0
0
0
0
0
0
0
0
0
0
0
0
0
0
0
0
0
0
0
0
0
0
0
0
0
0
0
0
0
0
0
0
0
0
0
0
0
0
0
0
0
0
0
0
0
0
0
0
0
0
0
0
0
0
0
0
0
0
0
0
0
0
0
0
0
0
0
0
0
0
0
0
0
0
0
0
0
0
0
0
0
0
0
0
0
0
0
0
0
0
0
0
0
0
0
0
0
0
0
0
0
0
0
0
0
0
0
0
0
0
0
0
0
0
0
0
0
0
0
0
0
0
0
0
0
0
0
0
0
0
0
0
0
0
0
0
0
0
0
0
0
0
0
0
0
0
0
0
0
0
0
0
0
0
0
0
0
0
0
0
0
0
0
0
0
0
0
0
0
0
0
0
0
0
0
0
0
0
0
0
0
0
0
0
0
0
0
0
0
0
0
0
0
0
0
0
0
0
0
0
0
0
0
0
0
0
0
0
0
0
0
0
0
0
0
0
0
0
0
0
0
0
0
0
0
0
0
0
0
0
0
0
0
0
0
0
0
0
0
0
0
0
0
0
0
0
0
0
0
0
0
0
0
0
0
0
0
0
0
0
0
0
0
0
0
0
0
0
0
0
0
0
0
0
0
0
0
0
0
0
0
0
0
0
0
0
0
0
0
0
0
0
0
0
0
0
0
0
0
0
0
0
0
0
0
0
0
0
0
0
0
0
0
0
0
0
0
0
0
0
0
0
0
0
0
0
0
0
0
0
0
0
0
0
0
0
0
0
0
0
0
0
0
0
0
0
0
0
0
0
0
0
0
0
0
0
0
0
0
0
0
0
0
0
0
0
0
0
0
0
0
0
0
0
0
0
0
0
0
0
0
0
0
0
0
0
0
0
0
0
0
0
0
0
0
0
0
0
0
0
0
0
0
0
0
0
0
0
0
0
0
0
0
0
0
0
0
0
0
0
0
0
0
0
0
0
0
0
0
0
0
0
0
0
0
0
0
0
0
0
0
0
0
0
0
0
0
0
0
0
0
0
0
0
0
0
0
0
0
0
0
0
0
0
0
0
0
0
0
0
0
0
0
0
0
0
0
0
0
0
0
0
0
0
0
0
0
0
0
0
0
0
0
0
0
0
0
0
0
0
0
0
0
0
0
0
0
0
0
0
0
0
0
0
0
0
0
0
0
0
0
0
0
0
0
0
0
0
0
0
0
0
0
0
0
0
0
0
0
0
0
0
0
0
0
0
0
0
0
0
0
0
0
0
0
0
0
0
0
0
0
0
0
0
0
0
0
0
0
0
0
0
0
0
0
0
0
0
0
0
0
0
0
0
0
0
0
0
0
0
0
0
0
0
0
0
0
0
0
0
0
0
0
0
0
0
0
0
0
0
0
0
0
0
0
0
0
0
0
0
0
0
0
0
0
0
0
0
0
0
0
0
0
0
0
0
0
0
0
0
0
0
0
0
0
0
0
0
0
0
0
0
0
0
0
0
0
0
0
0
0
0
0
0
0
0
0
0
0
0
0
0
0
0
0
0
0
0
0
0
0
0
0
0
0
0
0
0
0
0
0
0
0
0
0
0
0
0
0
0
0
0
0
0
0
0
0
0
0
0
0
0
0
0
0
0
0
0
0
0
0
0
0
0
0
0
0
0
0
0
0
0
0
0
0
0
0
0
0
0
0
0
0
0
0
0
0
0
0
0
0
0
0
0
0
0
0
0
0
0
0
0
0
0
0
0
0
0
0
0
0
0
0
0
0
0
0
0
0
0
0
0
0
0
0
0
0
0
0
0
0
0
0
0
0
0
0
0
0
0
0
0
0
0
0
0
0
0
0
0
0
0
0
0
0
0
0
0
0
0
0
0
0
0
0
0
0
0
0
0
0
0
0
0
0
0
0
0
0
0
0
0
0
0
0
0
0
0
0
0
0
0
0
0
0
0
0
0
0
0
0
0
0
0
0
0
0
0
0
0
0
0
0
0
0
0
0
0
0
0
0
0
0
0
0
0
0
0
0
0
0
0
0
0
0
0
0
0
0
0
0
0
0
0
0
0
0
0
0
0
0
0
0
0
0
0
0
0
0
0
0
0
0
0
0
0
0
0
0
0
0
0
0
0
0
0
0
0
0
0
0
0
0
0
0
0
0
0
0
0
0
0
0
0
0
0
0
0
0
0
0
0
0
0
0
0
0
0
0
0
0
0
0
0
0
0
0
0
0
0
0
0
0
0
0
0
0
0
0
0
0
0
0
0
0
0
0
0
0
0
0
0
0
0
0
0
0
0
0
0
0
0
0
0
0
0
0
0
0
0
0
0
0
0
0
0
0
0
0
0
0
0
0
0
0
0
0
0
0
0
0
0
0
0
0
0
0
0
0
0
0
0
0
0
0
0
0
0
0
0
0
0
0
0
0
0
0
0
0
0
0
0
0
0
0
0
0
0
0
0
0
0
0
0
0
0
0
0
0
0
0
0
0
0
0
0
0
0
0
0
0
0
0
0
0
0
0
0
0
0
0
0
0
0
0
0
0
0
0
0
0
0
0
0
0
0
0
0
0
0
0
0
0
0
0
0
0
0
0
0
0
0
0
0
0
0
0
0
0
0
0
0
0
0
0
0
0
0
0
0
0
0
0
0
0
0
0
0
0
0
0
0
0
0
0
0
0
0
0
0
0
0
0
0
0
0
0
0
0
0
0
0
0
0
0
0
0
0
0
0
0
0
0
0
0
0
0
0
0
0
0
0
0
0
0
0
0
0
0
0
0
0
0
0
0
0
0
0
0
0
0
0
0
0
0
0
0
0
0
0
0
0
0
0
0
0
0
0
0
0
0
0
0
0
0
0
0
0
0
0
0
0
0
0
0
0
0
0
0
0
0
0
0
0
0
0
0
0
0
0
0
0
0
0
0
0
0
0
0
0
0
0
0
0
0
0
0
0
0
0
0
0
0
0
0
0
0
0
0
0
0
0
0
0
0
0
0
0
0
0
0
0
0
0
0
0
0
0
0
0
0
0
0
0
0
0
0
0
0
0
0
0
0
0
0
0
0
0
0
0
0
0
0
0
0
0
0
0
0
0
0
0
0
0
0
0
0
0
0
0
0
0
0
0
0
0
0
0
0
0
0
0
0
0
0
0
0
0
0
0
0
0
0
0
0
0
0
0
0
0
0
0
0
0
0
0
0
0
0
0
0
0
0
0
0
0
0
0
0
0
0
0
0
0
0
0
0
0
0
0
0
0
0
0
0
0
0
0
0
0
0
0
0
0
0
0
0
0
0
0
0
0
0
0
0
0
0
0
0
0
0
0
0
0
0
0
0
0
0
0
0
0
0
0
0
0
0
0
0
0
0
0
0
0
0
0
0
0
0
0
0
0
0
0
0
0
0
0
0
0
0
0
0
0
0
0
0
0
0
0
0
0
0
0
0
0
0
0
0
0
0
0
0
0
0
0
0
0
0
0
0
0
0
0
0
0
0
0
0
0
0
0
0
0
0
0
0
0
0
0
0
0
0
0
0
0
0
0
0
0
0
0
0
0
0
0
0
0
0
0
0
0
0
0
0
0
0
0
0
0
0
0
0
0
0
0
0
0
0
0
0
0
0
0
0
0
0
0
0
0
0
0
0
0
0
0
0
0
0
0
0
0
0
0
0
0
0
0
0
0
0
0
0
0
0
0
0
0
0
0
0
0
0
0
0
0
0
0
0
0
0
0
0
0
0
0
0
0
0
0
0
0
0
0
0
0
0
0
0
0
0
0
0
0
0
0
0
0
0
0
0
0
0
0
0
0
0
0
0
0
0
0
0
0
0
0
0
0
0
0
0
0
0
0
0
0
0
0
0
0
0
0
0
0
0
0
0
0
0
0
0
0
0
0
0
0
0
0
0
0
0
0
0
0
0
0
0
0
0
0
0
0
0
0
0
0
0
0
0
0
0
0
0
0
0
0
0
0
0
0
0
0
0
0
0
0
0
0
0
0
0
0
0
0
0
0
0
0
0
0
0
0
0
0
0
0
0
0
0
0
0
0
0
0
0
0
0
0
0
0
0
0
0
0
0
0
0
0
0
0
0
0
0
0
0
0
0
0
0
0
0
0
0
0
0
0
0
0
0
0
0
0
0
0
0
0
0
0
0
0
0
0
0
0
0
0
0
0
0
0
0
0
0
0
0
0
0
0
0
0
0
0
0
0
0
0
0
0
0
0
0
0
0
0
0
0
0
0
0
0
0
0
0
0
0
0
0
0
0
0
0
0
0
0
0
0
0
0
0
0
0
0
0
0
0
0
0
0
0
0
0
0
0
0
0
0
0
0
0
0
0
0
0
0
0
0
0
0
0
0
0
0
0
0
0
0
0
0
0
0
0
0
0
0
0
0
0
0
0
0
0
0
0
0
0
0
0
0
0
0
0
0
0
0
0
0
0
0
0
0
0
0
0
0
0
0
0
0
0
0
0
0
0
0
0
0
0
0
0
0
0
0
0
0
0
0
0
0
0
0
0
0
0
0
0
0
0
0
0
0
0
0
0
0
0
0
0
0
0
0
0
0
0
0
0
0
0
0
0
0
0
0
0
0
0
0
0
0
0
0
0
0
0
0
0
0
0
0
0
0
0
0
0
0
0
0
0
0
0
0
0
0
0
0
0
0
0
0
0
0
0
0
0
0
0
0
0
0
0
0
0
0
0
0
0
0
0
0
0
0
0
0
0
0
0
0
0
0
0
0
0
0
0
0
0
0
0
0
0
0
0
0
0
0
0
0
0
0
0
0
0
0
0
0
0
0
0
0
0
0
0
0
0
0
0
0
0
0
0
0
0
0
0
0
0
0
0
0
0
0
0
0
0
0
0
0
0
0
0
0
0
0
0
0
0
0
0
0
0
0
0
0
0
0
0
0
0
0
0
0
0
0
0
0
0
0
0
0
0
0
0
0
0
0
0
0
0
0
0
0
0
0
0
0
0
0
0
0
0
0
0
0
0
0
0
0
0
0
0
0
0
0
0
0
0
0
0
0
0
0
0
0
0
0
0
0
0
0
0
0
0
0
0
0
0
0
0
0
0
0
0
0
0
0
0
0
0
0
0
0
0
0
0
0
0
0
0
0
0
0
0
0
0
0
0
0
0
0
0
0
0
0
0
0
0
0
0
0
0
0
0
0
0
0
0
0
0
0
0
0
0
0
0
0
0
0
0
0
0
0
0
0
0
0
0
0
0
0
0
0
0
0
0
0
0
0
0
0
0
0
0
0
0
0
0
0
0
0
0
0
0
0
0
0
0
0
0
0
0
0
0
0
0
0
0
0
0
0
0
0
0
0
0
0
0
0
0
0
0
0
0
0
0
0
0
0
0
0
0
0
0
0
0
0
0
0
0
0
0
0
0
0
0
0
0
0
0
0
0
0
0
0
0
0
0
0
0
0
0
0
0
0
0
0
0
0
0
0
0
0
0
0
0
0
0
0
0
0
0
0
0
0
0
0
0
0
0
0
0
0
0
0
0
0
0
0
0
0
0
0
0
0
0
0
0
0
0
0
0
0
0
0
0
0
0
0
0
0
0
0
0
0
0
0
0
0
0
0
0
0
0
0
0
0
0
0
0
0
0
0
0
0
0
0
0
0
0
0
0
0
0
0
0
0
0
0
0
0
0
0
0
0
0
0
0
0
0
0
0
0
0
0
0
0
0
0
0
0
0
0
0
0
0
0
0
0
0
0
0
0
0
0
0
0
0
0
0
0
0
0
0
0
0
0
0
0
0
0
0
0
0
0
0
0
0
0
0
0
0
0
0
0
0
0
0
0
0
0
0
0
0
0
0
0
0
0
0
0
0
0
0
0
0
0
0
0
0
0
0
0
0
0
0
0
0
0
0
0
0
0
0
0
0
0
0
0
0
0
0
0
0
0
0
0
0
0
0
0
0
0
0
0
0
0
0
0
0
0
0
0
0
0
0
0
0
0
0
0
0
0
0
0
0
0
0
0
0
0
0
0
0
0
0
0
0
0
0
0
0
0
0
0
0
0
0
0
0
0
0
0
0
0
0
0
0
0
0
0
0
0
0
0
0
0
0
0
0
0
0
0
0
0
0
0
0
0
0
0
0
0
0
0
0
0
0
0
0
0
0
0
0
0
0
0
0
0
0
0
0
0
0
0
0
0
0
0
0
0
0
0
0
0
0
0
0
0
0
0
0
0
0
0
0
0
0
0
0
0
0
0
0
0
0
0
0
0
0
0
0
0
0
0
0
0
0
0
0
0
0
0
0
0
0
0
0
0
0
0
0
0
0
0
0
0
0
0
0
0
0
0
0
0
0
0
0
0
0
0
0
0
0
0
0
0
0
0
0
0
0
0
0
0
0
0
0
0
0
0
0
0
0
0
0
0
0
0
0
0
0
0
0
0
0
0
0
0
0
0
0
0
0
0
0
0
0
0
0
0
0
0
0
0
0
0
0
0
0
0
0
0
0
0
0
0
0
0
0
0
0
0
0
0
0
0
0
0
0
0
0
0
0
0
0
0
0
0
0
0
0
0
0
0
0
0
0
0
0
0
0
0
0
0
0
0
0
0
0
0
0
0
0
0
0
0
0
0
0
0
0
0
0
0
0
0
0
0
0
0
0
0
0
0
0
0
0
0
0
0
0
0
0
0
0
0
0
0
0
0
0
0
0
0
0
0
0
0
0
0
0
0
0
0
0
0
0
0
0
0
0
0
0
0
0
0
0
0
0
0
0
0
0
0
0
0
0
0
0
0
0
0
0
0
0
0
0
0
0
0
0
0
0
0
0
0
0
0
0
0
0
0
0
0
0
0
0
0
0
0
0
0
0
0
0
0
0
0
0
0
0
0
0
0
0
0
0
0
0
0
0
0
0
0
0
0
0
0
0
0
0
0
0
0
0
0
0
0
0
0
0
0
0
0
0
0
0
0
0
0
0
0
0
0
0
0
0
0
0
0
0
0
0
0
0
0
0
0
0
0
0
0
0
0
0
0
0
0
0
0
0
0
0
0
0
0
0
0
0
0
0
0
0
0
0
0
0
0
0
0
0
0
0
0
0
0
0
0
0
0
0
0
0
0
0
0
0
0
0
0
0
0
0
0
0
0
0
0
0
0
0
0
0
0
0
0
0
0
0
0
0
0
0
0
0
0
0
0
0
0
0
0
0
0
0
0
0
0
0
0
0
0
0
0
0
0
0
0
0
0
0
0
0
0
0
0
0
0
0
0
0
0
0
0
0
0
0
0
0
0
0
0
0
0
0
0
0
0
0
0
0
0
0
0
0
0
0
0
0
0
0
0
0
0
0
0
0
0
0
0
0
0
0
0
0
0
0
0
0
0
0
0
0
0
0
0
0
0
0
0
0
0
0
0
0
0
0
0
0
0
0
0
0
0
0
0
0
0
0
0
0
0
0
0
0
0
0
0
0
0
0
0
0
0
0
0
0
0
0
0
0
0
0
0
0
0
0
0
0
0
0
0
0
0
0
0
0
0
0
0
0
0
0
0
0
0
0
0
0
0
0
0
0
0
0
0
0
0
0
0
0
0
0
0
0
0
0
0
0
0
0
0
0
0
0
0
0
0
0
0
0
0
0
0
0
0
0
0
0
0
0
0
0
0
0
0
0
0
0
0
0
0
0
0
0
0
0
0
0
0
0
0
0
0
0
0
0
0
0
0
0
0
0
0
0
0
0
0
0
0
0
0
0
0
0
0
0
0
0
0
0
0
0
0
0
0
0
0
0
0
0
0
0
0
0
0
0
0
0
0
0
0
0
0
0
0
0
0
0
0
0
0
0
0
0
0
0
0
0
0
0
0
0
0
0
0
0
0
0
0
0
0
0
0
0
0
0
0
0
0
0
0
0
0
0
0
0
0
0
0
0
0
0
0
0
0
0
0
0
0
0
0
0
0
0
0
0
0
0
0
0
0
0
0
0
0
0
0
0
0
0
0
0
0
0
0
0
0
0
0
0
0
0
0
0
0
0
0
0
0
0
0
0
0
0
0
0
0
0
0
0
0
0
0
0
0
0
0
0
0
0
0
0
0
0
0
0
0
0
0
0
0
0
0
0
0
0
0
0
0
0
0
0
0
0
0
0
0
0
0
0
0
0
0
0
0
0
0
0
0
0
0
0
0
0
0
0
0
0
0
0
0
0
0
0
0
0
0
0
0
0
0
0
0
0
0
0
0
0
0
0
0
0
0
0
0
0
0
0
0
0
0
0
0
0
0
0
0
0
0
0
0
0
0
0
0
0
0
0
0
0
0
0
0
0
0
0
0
0
0
0
0
0
0
0
0
0
0
0
0
0
0
0
0
0
0
0
0
0
0
0
0
0
0
0
0
0
0
0
0
0
0
0
0
0
0
0
0
0
0
0
0
0
0
0
0
0
0
0
0
0
0
0
0
0
0
0
0
0
0
0
0
0
0
0
0
0
0
0
0
0
0
0
0
0
0
0
0
0
0
0
0
0
0
0
0
0
0
0
0
0
0
0
0
0
0
0
0
0
0
0
0
0
0
0
0
0
0
0
0
0
0
0
0
0
0
0
0
0
0
0
0
0
0
0
0
0
0
0
0
0
0
0
0
0
0
0
0
0
0
0
0
0
0
0
0
0
0
0
0
0
0
0
0
0
0
0
0
0
0
0
0
0
0
0
0
0
0
0
0
0
0
0
0
0
0
0
0
0
0
0
0
0
0
0
0
0
0
0
0
0
0
0
0
0
0
0
0
0
0
0
0
0
0
0
0
0
0
0
0
0
0
0
0
0
0
0
0
0
0
0
0
0
0
0
0
0
0
0
0
0
0
0
0
0
0
0
0
0
0
0
0
0
0
0
0
0
0
0
0
0
0
0
0
0
0
0
0
0
0
0
0
0
0
0
0
0
0
0
0
0
0
0
0
0
0
0
0
0
0
0
0
0
0
0
0
0
0
0
0
0
0
0
0
0
0
0
0
0
0
0
0
0
0
0
0
0
0
0
0
0
0
0
0
0
0
0
