0
0
1329
2659
3979
5286
6575
7837
9071
10275
11443
12572
13654
14691
15677
16608
17486
18304
19062
19758
20392
20962
21464
21902
22273
22580
22824
23001
23115
23168
23166
23100
22983
22811
22592
22324
22013
21659
21272
20848
20394
19914
19410
18889
18351
17799
17241
16677
16112
15548
14991
14440
13899
13372
12862
12367
11892
11439
11011
10609
10227
9875
9549
9250
8979
8733
8515
8322
8156
8012
7893
7794
7715
7653
7610
7583
7565
7560
7560
7571
7583
7599
7615
7627
7636
7639
7635
7620
7593
7554
7500
7433
7348
7247
7128
6989
6832
6656
6461
6248
6016
5766
5502
5217
4921
4610
4286
3952
3605
3254
2896
2533
2167
1801
1439
1077
722
374
30
-299
-615
-917
-1205
-1477
-1730
-1965
-2178
-2371
-2543
-2691
-2816
-2920
-3002
-3060
-3093
-3106
-3098
-3068
-3020
-2952
-2867
-2766
-2650
-2522
-2383
-2235
-2075
-1911
-1742
-1570
-1399
-1228
-1061
-899
-743
-596
-457
-329
-216
-119
-34
34
87
120
132
126
103
59
-5
-88
-190
-309
-447
-604
-777
-964
-1167
-1380
-1607
-1844
-2089
-2339
-2598
-2860
-3122
-3387
-3651
-3910
-4168
-4419
-4663
-4899
-5123
-5338
-5538
-5727
-5901
-6061
-6205
-6334
-6446
-6541
-6619
-6679
-6727
-6757
-6771
-6770
-6759
-6731
-6694
-6645
-6588
-6519
-6447
-6368
-6284
-6198
-6113
-6027
-5942
-5861
-5785
-5716
-5652
-5599
-5554
-5518
-5498
-5489
-5491
-5508
-5538
-5583
-5641
-5716
-5800
-5901
-6010
-6135
-6269
-6411
-6564
-6723
-6890
-7058
-7230
-7402
-7573
-7741
-7902
-8059
-8204
-8339
-8461
-8567
-8655
-8724
-8774
-8800
-8801
-8778
-8730
-8653
-8545
-8410
-8242
-8045
-7817
-7558
-7270
-6950
-6602
-6223
-5818
-5387
-4931
-4452
-3953
-3435
-2900
-2351
-1793
-1221
-646
-68
511
1087
1656
2215
2764
3298
3812
4308
4776
5220
5632
6014
6360
6671
6941
7177
7365
7512
7616
7672
7687
7655
7579
7456
7289
7080
6828
6536
6204
5835
5431
4993
4530
4035
3520
2983
2430
1864
1284
702
118
-470
-1048
-1620
-2177
-2718
-3238
-3736
-4208
-4649
-5055
-5427
-5759
-6049
-6297
-6498
-6654
-6758
-6816
-6823
-6777
-6684
-6537
-6342
-6097
-5802
-5462
-5073
-4645
-4174
-3664
-3118
-2540
-1931
-1296
-636
42
735
1440
2153
2870
3589
4300
5006
5699
6376
7035
7671
8278
8856
9403
9913
10383
10813
11201
11541
11838
12085
12282
12430
12527
12576
12573
12519
12415
12266
12066
11823
11535
11207
10840
10434
9995
9524
9024
8500
7954
7390
6810
6219
5620
5014
4409
3805
3207
2617
2040
1477
932
405
-96
-570
-1020
-1438
-1828
-2182
-2503
-2790
-3040
-3255
-3434
-3574
-3680
-3749
-3784
-3784
-3755
-3689
-3596
-3474
-3325
-3153
-2955
-2739
-2508
-2258
-1996
-1724
-1442
-1159
-868
-578
-288
-6
271
541
800
1046
1279
1495
1694
1875
2038
2180
2300
2398
2476
2533
2565
2577
2566
2536
2485
2413
2325
2219
2097
1959
1809
1648
1477
1294
1109
915
718
521
322
126
-69
-258
-440
-618
-784
-941
-1090
-1225
-1349
-1458
-1554
-1637
-1706
-1760
-1801
-1826
-1839
-1840
-1827
-1803
-1769
-1724
-1670
-1608
-1540
-1467
-1388
-1309
-1228
-1146
-1065
-988
-913
-845
-783
-726
-682
-643
-617
-603
-596
-606
-625
-659
-704
-763
-834
-918
-1015
-1119
-1237
-1364
-1498
-1642
-1791
-1945
-2102
-2263
-2424
-2584
-2742
-2894
-3042
-3182
-3313
-3433
-3541
-3633
-3714
-3774
-3821
-3847
-3852
-3837
-3799
-3739
-3659
-3553
-3427
-3276
-3101
-2904
-2687
-2447
-2185
-1906
-1607
-1293
-963
-618
-261
104
480
860
1248
1635
2025
2408
2792
3165
3533
3890
4231
4559
4873
5163
5438
5688
5914
6118
6297
6447
6569
6666
6734
6771
6783
6766
6720
6645
6544
6420
6268
6094
5898
5681
5448
5195
4929
4650
4359
4059
3753
3444
3132
2819
2511
2208
1909
1622
1345
1080
828
594
377
178
1
-160
-297
-413
-505
-577
-627
-656
-662
-648
-615
-564
-498
-415
-318
-211
-94
29
158
290
422
553
676
790
898
991
1069
1126
1166
1181
1177
1138
1073
979
852
691
494
263
-5
-311
-651
-1031
-1445
-1896
-2380
-2899
-3450
-4030
-4640
-5274
-5934
-6614
-7310
-8022
-8744
-9474
-10211
-10945
-11680
-12404
-13118
-13816
-14496
-15153
-15781
-16379
-16942
-17466
-17950
-18386
-18774
-19112
-19395
-19622
-19788
-19893
-19939
-19920
-19834
-19683
-19465
-19183
-18834
-18420
-17943
-17403
-16800
-16139
-15420
-14648
-13822
-12948
-12029
-11069
-10070
-9038
-7976
-6888
-5779
-4653
-3513
-2369
-1221
-72
1069
2197
3311
4408
5478
6523
7534
8509
9446
10342
11191
11993
12744
13442
14086
14674
15205
15679
16090
16447
16738
16976
17153
17272
17336
17343
17297
17199
17052
16860
16620
16339
16017
15662
15273
14852
14405
13935
13445
12939
12417
11884
11344
10801
10254
9711
9172
8639
8114
7602
7104
6619
6150
5702
5275
4866
4481
4116
3773
3455
3158
2886
2633
2402
2195
2004
1834
1681
1547
1426
1319
1224
1139
1064
997
934
878
823
767
713
657
597
534
463
387
303
210
109
-1
-121
-252
-392
-541
-702
-870
-1047
-1231
-1423
-1621
-1822
-2030
-2239
-2449
-2659
-2869
-3074
-3276
-3472
-3659
-3837
-4005
-4160
-4304
-4431
-4544
-4637
-4714
-4772
-4808
-4823
-4820
-4794
-4745
-4675
-4585
-4470
-4336
-4179
-4006
-3810
-3595
-3365
-3116
-2855
-2581
-2293
-1996
-1690
-1378
-1061
-739
-417
-95
224
538
845
1147
1438
1716
1984
2237
2473
2693
2895
3080
3242
3384
3510
3608
3689
3747
3784
3800
3794
3768
3724
3662
3581
3484
3372
3245
3106
2958
2801
2633
2461
2285
2107
1927
1748
1574
1401
1235
1077
927
787
657
541
438
349
275
216
173
144
133
138
158
192
243
307
385
474
573
682
799
924
1054
1187
1324
1460
1592
1725
1850
1969
2079
2179
2268
2343
2402
2444
2472
2479
2466
2433
2379
2304
2207
2088
1945
1784
1601
1394
1172
928
667
389
100
-206
-523
-848
-1181
-1517
-1857
-2196
-2534
-2868
-3195
-3513
-3817
-4109
-4383
-4636
-4870
-5078
-5261
-5418
-5545
-5642
-5707
-5737
-5734
-5697
-5623
-5515
-5370
-5191
-4975
-4728
-4444
-4130
-3785
-3413
-3013
-2588
-2141
-1672
-1188
-688
-178
340
862
1388
1912
2429
2939
3436
3914
4377
4818
5231
5616
5970
6291
6572
6814
7016
7174
7287
7350
7364
7332
7248
7115
6932
6696
6412
6079
5700
5274
4803
4290
3735
3145
2521
1862
1175
464
-267
-1019
-1786
-2561
-3341
-4124
-4906
-5684
-6447
-7199
-7932
-8643
-9328
-9983
-10606
-11192
-11738
-12243
-12706
-13118
-13483
-13796
-14058
-14264
-14418
-14517
-14560
-14547
-14480
-14359
-14185
-13960
-13681
-13358
-12987
-12573
-12116
-11619
-11091
-10527
-9935
-9318
-8680
-8024
-7353
-6669
-5981
-5287
-4598
-3911
-3232
-2566
-1914
-1281
-668
-83
476
1006
1505
1968
2396
2787
3136
3449
3719
3947
4137
4284
4388
4452
4477
4466
4414
4327
4208
4058
3876
3665
3431
3174
2896
2605
2295
1974
1649
1315
977
640
307
-21
-341
-651
-946
-1228
-1491
-1736
-1956
-2156
-2333
-2483
-2608
-2704
-2774
-2815
-2828
-2815
-2771
-2701
-2603
-2481
-2336
-2166
-1970
-1755
-1524
-1273
-1006
-726
-432
-130
178
496
815
1138
1460
1778
2094
2405
2709
3002
3287
3557
3816
4061
4291
4504
4701
4881
5043
5188
5315
5425
5518
5595
5655
5697
5726
5742
5745
5735
5716
5686
5649
5605
5556
5502
5445
5387
5331
5273
5220
5170
5124
5087
5053
5028
5011
5004
5007
5017
5038
5072
5111
5163
5224
5292
5372
5457
5549
5649
5754
5862
5975
6088
6201
6313
6423
6531
6632
6729
6815
6893
6959
7018
7061
7090
7105
7104
7088
7053
7001
6931
6844
6737
6615
6473
6311
6134
5943
5732
5508
5271
5023
4761
4491
4212
3929
3639
3347
3055
2762
2472
2187
1910
1638
1379
1133
900
682
481
300
137
-3
-123
-218
-290
-336
-358
-356
-328
-272
-195
-92
32
183
353
545
755
982
1225
1484
1752
2030
2317
2607
2902
3197
3491
3780
4061
4334
4595
4843
5074
5287
5479
5648
5795
5917
6005
6069
6103
6104
6076
6014
5919
5793
5632
5439
5213
4959
4672
4358
4014
3646
3252
2836
2399
1947
1475
990
497
-7
-516
-1030
-1539
-2050
-2555
-3051
-3538
-4012
-4468
-4909
-5328
-5728
-6103
-6452
-6774
-7068
-7333
-7570
-7773
-7948
-8090
-8202
-8283
-8334
-8356
-8349
-8317
-8260
-8179
-8075
-7953
-7814
-7660
-7495
-7320
-7138
-6951
-6768
-6583
-6406
-6235
-6076
-5934
-5804
-5696
-5611
-5551
-5515
-5509
-5536
-5594
-5687
-5814
-5979
-6181
-6420
-6698
-7013
-7365
-7753
-8174
-8636
-9125
-9647
-10196
-10774
-11375
-11997
-12638
-13291
-13957
-14629
-15307
-15983
-16656
-17320
-17974
-18611
-19228
-19820
-20384
-20917
-21414
-21872
-22286
-22654
-22973
-23238
-23448
-23600
-23694
-23724
-23693
-23596
-23432
-23203
-22906
-22545
-22116
-21620
-21061
-20439
-19755
-19010
-18208
-17350
-16440
-15481
-14476
-13429
-12339
-11218
-10065
-8885
-7681
-6459
-5225
-3981
-2727
-1478
-230
1011
2237
3449
4640
5807
6945
8051
9126
10162
11156
12108
13016
13875
14685
15444
16149
16805
17405
17951
18444
18881
19266
19597
19877
20104
20284
20416
20499
20539
20538
20496
20417
20302
20155
19977
19771
19544
19290
19020
18732
18430
18115
17790
17460
17124
16787
16446
16109
15772
15443
15118
14797
14485
14183
13888
13605
13333
13070
12815
12574
12340
12117
11901
11693
11495
11302
11115
10933
10753
10577
10402
10227
10052
9874
9692
9508
9319
9123
8921
8711
8495
8269
8034
7789
7538
7275
7003
6722
6433
6133
5826
5514
5195
4868
4542
4208
3876
3540
3205
2872
2544
2220
1901
1590
1290
1000
721
456
206
-29
-248
-449
-631
-791
-934
-1056
-1156
-1235
-1292
-1330
-1344
-1340
-1312
-1268
-1203
-1121
-1024
-909
-781
-639
-487
-325
-157
18
198
380
563
743
921
1093
1257
1413
1558
1691
1810
1910
1997
2062
2111
2138
2144
2129
2087
2027
1942
1834
1703
1550
1372
1175
957
719
461
186
-105
-410
-726
-1056
-1393
-1741
-2091
-2445
-2799
-3155
-3507
-3854
-4194
-4527
-4847
-5158
-5453
-5733
-5995
-6241
-6463
-6668
-6850
-7010
-7150
-7261
-7354
-7421
-7467
-7489
-7488
-7468
-7426
-7366
-7287
-7190
-7079
-6956
-6818
-6673
-6517
-6358
-6194
-6029
-5861
-5700
-5539
-5388
-5244
-5111
-4991
-4883
-4793
-4721
-4666
-4630
-4615
-4625
-4653
-4707
-4782
-4883
-5005
-5150
-5318
-5508
-5716
-5944
-6188
-6450
-6724
-7011
-7311
-7616
-7925
-8241
-8552
-8865
-9171
-9469
-9756
-10029
-10287
-10525
-10741
-10932
-11098
-11233
-11336
-11404
-11439
-11436
-11394
-11311
-11188
-11021
-10812
-10562
-10267
-9931
-9551
-9130
-8669
-8171
-7634
-7062
-6457
-5820
-5155
-4463
-3751
-3020
-2271
-1510
-741
36
810
1585
2354
3111
3854
4582
5286
5966
6617
7237
7821
8367
8869
9330
9746
10111
10425
10688
10896
11053
11153
11198
11187
11122
11001
10824
10596
10317
9988
9613
9193
8728
8223
7683
7108
6505
5876
5219
4548
3862
3164
2460
1752
1045
345
-345
-1020
-1682
-2321
-2934
-3521
-4073
-4595
-5078
-5521
-5921
-6277
-6589
-6851
-7067
-7233
-7348
-7415
-7430
-7394
-7308
-7175
-6996
-6769
-6499
-6188
-5833
-5444
-5019
-4561
-4075
-3561
-3027
-2471
-1900
-1315
-721
-120
481
1085
1680
2272
2852
3416
3966
4496
5002
5485
5941
6368
6768
7132
7465
7763
8024
8251
8441
8594
8712
8792
8839
8849
8826
8771
8685
8570
8422
8254
8060
7843
7605
7350
7080
6796
6502
6199
5888
5577
5259
4946
4633
4325
4022
3730
3446
3174
2915
2669
2438
2222
2023
1841
1678
1533
1401
1291
1197
1117
1057
1010
977
958
952
957
970
994
1025
1061
1102
1146
1192
1236
1277
1319
1355
1385
1409
1427
1436
1432
1420
1397
1362
1317
1257
1185
1103
1008
900
781
651
510
362
202
37
-135
-315
-496
-683
-871
-1058
-1243
-1429
-1609
-1786
-1955
-2117
-2270
-2414
-2543
-2662
-2770
-2863
-2942
-3007
-3053
-3084
-3102
-3102
-3087
-3056
-3011
-2949
-2874
-2787
-2687
-2576
-2455
-2326
-2189
-2044
-1899
-1748
-1595
-1443
-1293
-1144
-1002
-864
-736
-618
-510
-415
-331
-261
-208
-173
-154
-149
-168
-202
-255
-327
-416
-524
-648
-789
-945
-1119
-1303
-1500
-1708
-1926
-2151
-2381
-2614
-2848
-3083
-3315
-3539
-3760
-3972
-4173
-4359
-4529
-4680
-4816
-4927
-5018
-5082
-5121
-5133
-5116
-5070
-4994
-4885
-4746
-4575
-4375
-4143
-3879
-3584
-3261
-2909
-2534
-2129
-1704
-1256
-789
-303
196
710
1234
1763
2298
2835
3370
3903
4428
4940
5446
5931
6402
6850
7275
7675
8048
8391
8701
8977
9220
9425
9595
9723
9816
9866
9879
9853
9790
9686
9544
9368
9154
8910
8632
8324
7991
7632
7249
6846
6428
5994
5548
5094
4633
4170
3708
3250
2798
2353
1925
1507
1109
731
372
39
-269
-548
-798
-1021
-1210
-1367
-1493
-1584
-1646
-1673
-1670
-1636
-1573
-1482
-1363
-1219
-1057
-870
-666
-449
-216
25
272
525
778
1027
1269
1504
1725
1930
2120
2286
2428
2542
2626
2676
2694
2676
2620
2523
2386
2205
1984
1718
1409
1058
663
227
-251
-769
-1324
-1916
-2539
-3195
-3878
-4590
-5321
-6073
-6841
-7624
-8412
-9205
-10000
-10791
-11575
-12347
-13100
-13840
-14554
-15239
-15892
-16512
-17094
-17633
-18127
-18575
-18971
-19315
-19604
-19832
-20008
-20120
-20172
-20164
-20090
-19958
-19762
-19505
-19188
-18810
-18375
-17886
-17339
-16742
-16093
-15401
-14663
-13885
-13070
-12221
-11341
-10433
-9503
-8555
-7590
-6616
-5634
-4646
-3659
-2677
-1706
-743
205
1135
2043
2926
3785
4610
5404
6164
6887
7574
8220
8827
9390
9912
10392
10828
11222
11571
11878
12146
12368
12553
12699
12808
12880
12918
12921
12894
12839
12759
12651
12520
12369
12197
12009
11809
11593
11368
11131
10889
10639
10387
10132
9872
9615
9359
9105
8851
8600
8355
8112
7876
7642
7414
7188
6968
6751
6539
6329
6120
5914
5707
5503
5296
5089
4884
4673
4458
4240
4016
3791
3559
3320
3074
2823
2563
2297
2026
1749
1464
1173
880
580
275
-31
-340
-650
-958
-1267
-1573
-1876
-2168
-2458
-2739
-3008
-3267
-3513
-3743
-3959
-4157
-4338
-4495
-4633
-4748
-4840
-4908
-4948
-4966
-4958
-4922
-4858
-4767
-4651
-4509
-4337
-4144
-3926
-3684
-3420
-3133
-2826
-2502
-2161
-1806
-1438
-1059
-668
-273
126
529
930
1330
1725
2112
2493
2860
3216
3553
3874
4179
4459
4719
4956
5164
5349
5505
5636
5736
5808
5852
5867
5854
5811
5739
5645
5521
5374
5204
5013
4802
4571
4325
4063
3792
3508
3217
2920
2621
2319
2020
1724
1435
1153
881
623
377
148
-63
-257
-429
-580
-708
-813
-895
-951
-984
-992
-975
-934
-870
-785
-676
-549
-405
-242
-66
128
330
542
762
986
1212
1440
1663
1880
2093
2296
2485
2660
2818
2960
3077
3174
3247
3291
3311
3302
3263
3196
3097
2966
2806
2617
2395
2144
1866
1560
1228
873
495
97
-320
-755
-1199
-1655
-2119
-2587
-3057
-3525
-3988
-4446
-4892
-5322
-5737
-6130
-6500
-6846
-7163
-7446
-7696
-7911
-8088
-8224
-8322
-8374
-8382
-8347
-8266
-8140
-7968
-7752
-7491
-7187
-6841
-6453
-6029
-5567
-5070
-4541
-3980
-3399
-2790
-2163
-1520
-862
-199
471
1142
1809
2471
3121
3758
4374
4967
5535
6075
6580
7048
7477
7865
8207
8503
8749
8943
9084
9172
9205
9184
9105
8970
8780
8536
8237
7886
7484
7033
6534
5992
5405
4780
4122
3429
2705
1957
1185
396
-407
-1219
-2037
-2859
-3680
-4492
-5299
-6085
-6858
-7609
-8335
-9034
-9701
-10337
-10934
-11492
-12006
-12480
-12906
-13285
-13620
-13904
-14139
-14324
-14460
-14544
-14582
-14569
-14510
-14406
-14256
-14064
-13831
-13559
-13251
-12908
-12532
-12130
-11702
-11247
-10774
-10283
-9779
-9264
-8737
-8208
-7673
-7140
-6612
-6085
-5570
-5059
-4566
-4085
-3618
-3171
-2743
-2333
-1945
-1579
-1237
-919
-624
-353
-104
120
322
504
662
799
918
1020
1103
1170
1225
1267
1296
1318
1331
1340
1342
1340
1339
1337
1337
1338
1343
1357
1373
1399
1434
1473
1522
1583
1652
1731
1820
1919
2027
2145
2270
2405
2545
2693
2844
2999
3161
3322
3486
3647
3809
3967
4122
4270
4411
4547
4674
4790
4895
4987
5069
5139
5193
5234
5259
5269
5269
5251
5220
5171
5112
5037
4953
4856
4747
4629
4503
4370
4230
4086
3940
3792
3640
3492
3346
3205
3070
2942
2822
2713
2616
2530
2457
2401
2359
2334
2324
2333
2360
2402
2465
2543
2641
2756
2885
3032
3192
3365
3556
3753
3961
4180
4402
4632
4862
5095
5330
5560
5785
6004
6215
6416
6606
6779
6939
7080
7203
7307
7389
7447
7480
7492
7477
7438
7372
7278
7161
7017
6846
6654
6435
6196
5935
5654
5352
5035
4704
4359
4004
3641
3269
2897
2522
2150
1780
1416
1063
718
390
78
-217
-489
-740
-964
-1163
-1333
-1474
-1585
-1662
-1708
-1719
-1695
-1640
-1549
-1423
-1266
-1076
-854
-604
-324
-18
316
670
1045
1440
1850
2271
2703
3143
3586
4029
4472
4911
5339
5755
6159
6543
6905
7249
7562
7849
8104
8328
8513
8664
8774
8847
8877
8867
8813
8716
8576
8396
8172
7908
7601
7257
6876
6457
6007
5523
5012
4473
3912
3328
2726
2113
1484
848
206
-432
-1073
-1707
-2333
-2949
-3549
-4130
-4691
-5228
-5742
-6224
-6675
-7098
-7485
-7836
-8150
-8424
-8665
-8862
-9025
-9145
-9230
-9275
-9284
-9258
-9197
-9107
-8985
-8835
-8661
-8461
-8244
-8007
-7757
-7497
-7229
-6955
-6681
-6408
-6142
-5884
-5637
-5406
-5191
-5000
-4830
-4688
-4574
-4492
-4442
-4426
-4449
-4505
-4603
-4741
-4919
-5135
-5391
-5684
-6019
-6390
-6797
-7241
-7714
-8222
-8754
-9315
-9898
-10502
-11121
-11756
-12399
-13051
-13704
-14358
-15005
-15647
-16275
-16887
-17481
-18051
-18591
-19105
-19586
-20027
-20429
-20790
-21102
-21370
-21588
-21754
-21865
-21923
-21925
-21870
-21757
-21588
-21360
-21079
-20737
-20341
-19890
-19386
-18829
-18224
-17572
-16875
-16134
-15354
-14535
-13684
-12800
-11890
-10953
-9995
-9021
-8031
-7031
-6021
-5008
-3996
-2984
-1977
-978
8
981
1935
2871
3788
4679
5544
6382
7192
7971
8716
9432
10113
10759
11373
11952
12495
13007
13483
13925
14336
14713
15060
15376
15664
15922
16155
16362
16546
16705
16844
16959
17059
17143
17208
17258
17292
17318
17330
17331
17322
17303
17275
17240
17195
17145
17088
17023
16950
16870
16783
16688
16586
16477
16356
16228
16088
15940
15779
15608
15424
15227
15016
14791
14555
14300
14033
13746
13447
13130
12799
12452
12089
11712
11320
10911
10493
10060
9615
9159
8695
8222
7742
7256
6767
6275
5787
5295
4808
4326
3853
3388
2931
2490
2063
1654
1260
887
538
210
-92
-369
-620
-842
-1038
-1201
-1336
-1439
-1511
-1554
-1566
-1549
-1502
-1426
-1323
-1193
-1039
-862
-661
-441
-204
51
319
600
889
1185
1485
1785
2087
2384
2674
2958
3231
3490
3730
3955
4160
4341
4498
4631
4735
4811
4855
4872
4855
4808
4726
4611
4464
4286
4076
3836
3564
3264
2936
2585
2209
1809
1392
954
505
37
-436
-921
-1408
-1897
-2386
-2875
-3355
-3827
-4289
-4738
-5171
-5585
-5979
-6352
-6699
-7019
-7315
-7580
-7816
-8022
-8197
-8340
-8450
-8528
-8575
-8595
-8579
-8536
-8464
-8369
-8246
-8100
-7933
-7748
-7545
-7327
-7095
-6859
-6611
-6361
-6111
-5859
-5614
-5374
-5144
-4925
-4719
-4534
-4364
-4216
-4091
-3991
-3917
-3871
-3854
-3864
-3906
-3976
-4077
-4211
-4374
-4565
-4784
-5031
-5303
-5599
-5918
-6259
-6615
-6987
-7374
-7768
-8171
-8576
-8984
-9388
-9786
-10178
-10554
-10919
-11263
-11584
-11880
-12146
-12383
-12587
-12752
-12881
-12967
-13013
-13012
-12966
-12873
-12730
-12540
-12300
-12013
-11673
-11287
-10855
-10374
-9849
-9283
-8673
-8026
-7343
-6621
-5875
-5100
-4299
-3479
-2640
-1790
-931
-67
798
1662
2518
3361
4190
5000
5789
6549
7280
7976
8636
9255
9833
10361
10844
11278
11659
11988
12258
12477
12639
12744
12791
12784
12719
12601
12429
12205
11928
11607
11237
10822
10369
9877
9348
8790
8200
7589
6955
6300
5635
4959
4275
3589
2904
2222
1549
884
238
-393
-1003
-1589
-2151
-2680
-3182
-3649
-4083
-4481
-4841
-5164
-5445
-5688
-5893
-6055
-6178
-6259
-6306
-6311
-6282
-6215
-6115
-5984
-5820
-5627
-5409
-5164
-4896
-4607
-4304
-3982
-3646
-3302
-2947
-2584
-2219
-1850
-1483
-1118
-755
-400
-52
290
619
937
1242
1534
1812
2075
2323
2554
2768
2972
3157
3327
3479
3620
3746
3858
3960
4047
4126
4197
4257
4312
4358
4400
4439
4473
4506
4538
4568
4601
4635
4669
4709
4751
4794
4842
4896
4951
5011
5074
5142
5212
5283
5358
5433
5507
5580
5652
5722
5788
5847
5900
5949
5987
6015
6034
6040
6031
6011
5974
5920
5852
5764
5658
5535
5391
5228
5046
4844
4625
4386
4128
3852
3558
3247
2924
2586
2234
1872
1499
1119
731
337
-57
-452
-849
-1240
-1629
-2009
-2379
-2743
-3089
-3422
-3739
-4040
-4318
-4578
-4815
-5028
-5214
-5376
-5513
-5623
-5706
-5762
-5791
-5793
-5767
-5713
-5636
-5535
-5410
-5262
-5093
-4905
-4701
-4479
-4244
-3998
-3744
-3478
-3210
-2938
-2668
-2397
-2130
-1871
-1621
-1381
-1154
-942
-746
-570
-412
-277
-165
-78
-14
27
36
21
-20
-87
-179
-300
-441
-609
-796
-1007
-1235
-1482
-1744
-2021
-2305
-2603
-2904
-3209
-3515
-3821
-4120
-4413
-4696
-4966
-5219
-5455
-5670
-5863
-6028
-6166
-6272
-6349
-6392
-6399
-6369
-6301
-6198
-6052
-5869
-5647
-5384
-5082
-4744
-4367
-3956
-3508
-3030
-2519
-1980
-1416
-826
-215
413
1054
1710
2374
3044
3714
4383
5048
5703
6347
6975
7586
8173
8735
9273
9774
10245
10677
11074
11430
11743
12012
12235
12416
12545
12629
12667
12655
12597
12495
12345
12151
11913
11637
11320
10966
10579
10157
9710
9235
8738
8219
7685
7137
6581
6016
5451
4885
4321
3768
3225
2695
2183
1688
1219
771
351
-39
-397
-723
-1014
-1269
-1490
-1675
-1822
-1933
-2005
-2043
-2044
-2015
-1950
-1854
-1730
-1576
-1400
-1201
-980
-745
-495
-233
36
310
584
859
1129
1389
1638
1872
2089
2285
2457
2605
2724
2812
2867
2885
2870
2816
2722
2591
2418
2203
1948
1654
1318
942
530
80
-406
-925
-1477
-2056
-2664
-3295
-3950
-4621
-5308
-6006
-6716
-7430
-8147
-8862
-9571
-10272
-10962
-11637
-12296
-12929
-13539
-14121
-14671
-15189
-15673
-16115
-16519
-16882
-17199
-17473
-17698
-17878
-18009
-18093
-18126
-18111
-18049
-17939
-17780
-17578
-17330
-17039
-16705
-16332
-15921
-15473
-14991
-14479
-13937
-13369
-12776
-12164
-11529
-10881
-10220
-9548
-8868
-8181
-7492
-6801
-6114
-5429
-4753
-4084
-3424
-2775
-2140
-1520
-917
-330
238
789
1318
1831
2318
2788
3236
3664
4072
4460
4828
5176
5508
5820
6116
6396
6657
6907
7142
7362
7573
7769
7956
8133
8299
8458
8607
8748
8884
9011
9131
9245
9351
9454
9547
9630
9710
9779
9842
9894
9937
9969
9991
10000
9996
9977
9947
9901
9838
9758
9660
9546
9410
9257
9083
8889
8676
8438
8182
7905
7606
7289
6949
6594
6216
5824
5413
4988
4548
4096
3634
3162
2681
2197
1707
1217
729
241
-238
-710
-1174
-1624
-2058
-2477
-2877
-3254
-3609
-3938
-4239
-4510
-4751
-4960
-5133
-5274
-5377
-5444
-5472
-5465
-5418
-5332
-5212
-5053
-4856
-4626
-4359
-4060
-3731
-3372
-2983
-2570
-2135
-1676
-1200
-708
-203
310
831
1360
1885
2411
2930
3443
3945
4432
4903
5355
5785
6189
6569
6919
7239
7527
7778
7997
8177
8322
8429
8496
8527
8518
8472
8391
8271
8115
7927
7706
7457
7176
6868
6541
6188
5815
5428
5027
4613
4194
3768
3341
2916
2493
2076
1670
1275
897
535
192
-129
-426
-698
-941
-1158
-1344
-1500
-1624
-1719
-1779
-1809
-1807
-1775
-1712
-1622
-1500
-1355
-1186
-994
-781
-552
-304
-45
223
502
783
1070
1354
1633
1907
2168
2420
2656
2876
3073
3246
3397
3520
3614
3676
3707
3707
3670
3598
3494
3350
3173
2961
2714
2431
2117
1773
1399
995
566
115
-355
-845
-1351
-1867
-2395
-2927
-3462
-3996
-4526
-5049
-5560
-6055
-6533
-6991
-7424
-7828
-8204
-8545
-8852
-9120
-9348
-9534
-9676
-9773
-9823
-9826
-9783
-9689
-9549
-9361
-9124
-8841
-8517
-8146
-7734
-7282
-6791
-6266
-5711
-5123
-4510
-3874
-3219
-2545
-1862
-1171
-471
226
920
1611
2287
2950
3593
4218
4815
5383
5923
6423
6888
7313
7694
8031
8321
8563
8755
8897
8989
9030
9016
8950
8835
8668
8451
8186
7874
7515
7114
6671
6189
5671
5119
4536
3925
3288
2630
1954
1262
558
-153
-870
-1589
-2305
-3020
-3723
-4416
-5099
-5762
-6408
-7030
-7631
-8206
-8753
-9270
-9755
-10210
-10631
-11017
-11372
-11685
-11968
-12216
-12426
-12604
-12745
-12854
-12931
-12973
-12987
-12969
-12925
-12853
-12756
-12636
-12494
-12332
-12150
-11951
-11739
-11511
-11273
-11025
-10766
-10500
-10231
-9954
-9673
-9392
-9108
-8822
-8539
-8256
-7970
-7690
-7410
-7133
-6857
-6584
-6312
-6042
-5773
-5505
-5239
-4970
-4701
-4431
-4156
-3883
-3604
-3321
-3035
-2740
-2444
-2142
-1831
-1513
-1188
-857
-517
-171
186
547
914
1290
1672
2056
2447
2839
3235
3633
4029
4425
4820
5208
5593
5970
6339
6696
7044
7374
7692
7994
8277
8540
8782
9003
9199
9372
9516
9636
9725
9793
9825
9831
9808
9754
9675
9564
9426
9261
9069
8851
8611
8348
8061
7758
7435
7097
6743
6381
6008
5627
5242
4855
4467
4083
3703
3330
2969
2618
2281
1961
1661
1378
1121
884
674
492
336
207
110
41
4
-5
20
71
153
262
399
564
750
966
1199
1450
1724
2010
2311
2619
2940
3263
3593
3920
4246
4568
4880
5183
5475
5752
6008
6247
6461
6654
6822
6959
7068
7149
7200
7217
7203
7153
7074
6961
6816
6638
6433
6196
5931
5641
5325
4985
4626
4248
3855
3448
3031
2605
2176
1747
1318
892
474
69
-324
-702
-1059
-1392
-1702
-1985
-2239
-2461
-2650
-2802
-2918
-2997
-3035
-3034
-2995
-2913
-2791
-2631
-2429
-2190
-1915
-1601
-1255
-877
-467
-32
430
916
1417
1937
2471
3011
3561
4113
4662
5209
5749
6277
6788
7283
7755
8203
8623
9012
9367
9686
9967
10206
10405
10557
10665
10726
10738
10706
10623
10492
10316
10090
9819
9501
9142
8740
8300
7821
7307
6760
6185
5579
4953
4306
3642
2963
2277
1582
885
189
-504
-1189
-1864
-2522
-3167
-3788
-4389
-4961
-5507
-6019
-6501
-6949
-7362
-7734
-8070
-8368
-8626
-8841
-9020
-9161
-9258
-9321
-9347
-9338
-9294
-9220
-9114
-8981
-8822
-8642
-8440
-8222
-7990
-7746
-7493
-7236
-6976
-6716
-6459
-6214
-5976
-5748
-5539
-5345
-5173
-5023
-4897
-4798
-4727
-4686
-4675
-4697
-4750
-4836
-4956
-5110
-5297
-5516
-5766
-6046
-6358
-6697
-7065
-7453
-7866
-8300
-8753
-9222
-9701
-10193
-10693
-11197
-11704
-12207
-12708
-13204
-13687
-14158
-14614
-15054
-15470
-15866
-16235
-16574
-16886
-17166
-17411
-17622
-17798
-17934
-18032
-18092
-18112
-18092
-18030
-17931
-17792
-17612
-17393
-17138
-16845
-16518
-16156
-15758
-15334
-14878
-14395
-13884
-13352
-12796
-12223
-11630
-11021
-10397
-9764
-9120
-8471
-7814
-7155
-6491
-5828
-5167
-4507
-3853
-3201
-2559
-1924
-1295
-676
-67
532
1119
1698
2265
2819
3363
3894
4418
4929
5430
5921
6403
6877
7341
7798
8247
8688
9125
9553
9978
10396
10807
11215
11617
12015
12408
12796
13177
13554
13925
14286
14643
14990
15328
15656
15973
16279
16570
16850
17109
17353
17581
17788
17973
18137
18277
18391
18481
18541
18573
18577
18548
18490
18398
18274
18121
17929
17707
17452
17162
16838
16483
16098
15680
15235
14759
14259
13731
13181
12613
12021
11414
10791
10157
9514
8863
8207
7550
6899
6247
5603
4971
4352
3748
3164
2599
2057
1547
1059
604
183
-203
-555
-870
-1146
-1380
-1579
-1732
-1844
-1916
-1949
-1938
-1889
-1802
-1678
-1517
-1323
-1094
-838
-553
-243
93
445
816
1202
1595
2001
2408
2817
3224
3626
4018
4398
4765
5113
5441
5744
6022
6270
6489
6676
6827
6941
7017
7056
7053
7013
6931
6807
6646
6442
6199
5920
5603
5251
4866
4447
4001
3528
3029
2508
1969
1411
842
263
-322
-912
-1502
-2090
-2670
-3243
-3803
-4348
-4876
-5381
-5864
-6322
-6751
-7151
-7520
-7856
-8157
-8422
-8651
-8843
-8999
-9116
-9200
-9245
-9253
-9230
-9169
-9078
-8959
-8811
-8637
-8439
-8219
-7979
-7726
-7457
-7179
-6894
-6603
-6311
-6023
-5738
-5459
-5193
-4939
-4701
-4479
-4281
-4105
-3954
-3830
-3733
-3665
-3629
-3626
-3653
-3713
-3805
-3930
-4088
-4277
-4496
-4744
-5020
-5320
-5644
-5993
-6356
-6742
-7136
-7544
-7962
-8383
-8805
-9228
-9643
-10054
-10451
-10833
-11198
-11542
-11863
-12153
-12417
-12646
-12840
-12997
-13113
-13188
-13218
-13206
-13146
-13041
-12888
-12685
-12438
-12140
-11796
-11405
-10969
-10489
-9967
-9406
-8802
-8166
-7496
-6793
-6065
-5309
-4533
-3740
-2933
-2114
-1284
-453
377
1205
2026
2833
3628
4405
5160
5893
6595
7267
7906
8510
9075
9601
10085
10522
10917
11262
11563
11813
12017
12173
12278
12336
12347
12312
12230
12105
11937
11728
11480
11195
10877
10523
10142
9728
9295
8838
8363
7869
7360
6841
6314
5783
5246
4709
4176
3645
3120
2604
2101
1609
1131
667
224
-202
-609
-996
-1361
-1704
-2025
-2326
-2603
-2858
-3092
-3302
-3491
-3659
-3810
-3940
-4052
-4144
-4221
-4283
-4329
-4361
-4384
-4392
-4390
-4380
-4361
-4333
-4299
-4260
-4213
-4165
-4108
-4051
-3988
-3923
-3854
-3781
-3707
-3629
-3548
-3461
-3372
-3277
-3179
-3074
-2964
-2846
-2720
-2585
-2443
-2289
-2124
-1951
-1764
-1567
-1357
-1131
-892
-642
-376
-98
195
502
823
1158
1503
1860
2230
2607
2994
3391
3792
4198
4609
5019
5430
5841
6246
6645
7038
7419
7788
8143
8481
8801
9103
9381
9634
9861
10060
10230
10368
10472
10545
10581
10585
10548
10477
10366
10219
10035
9814
9556
9260
8931
8568
8171
7745
7287
6803
6293
5762
5206
4634
4047
3444
2832
2213
1592
967
344
-274
-886
-1484
-2072
-2643
-3193
-3723
-4230
-4709
-5160
-5581
-5969
-6323
-6643
-6926
-7174
-7380
-7552
-7684
-7774
-7829
-7848
-7826
-7773
-7681
-7557
-7403
-7220
-7009
-6772
-6514
-6234
-5936
-5626
-5303
-4969
-4630
-4288
-3946
-3604
-3271
-2943
-2630
-2330
-2042
-1775
-1530
-1305
-1106
-934
-788
-672
-583
-528
-503
-507
-543
-611
-705
-832
-987
-1167
-1371
-1602
-1852
-2121
-2408
-2708
-3020
-3340
-3669
-3998
-4327
-4655
-4975
-5285
-5582
-5865
-6128
-6369
-6586
-6775
-6935
-7064
-7158
-7215
-7235
-7215
-7153
-7050
-6906
-6717
-6483
-6210
-5893
-5533
-5131
-4690
-4212
-3696
-3147
-2563
-1948
-1308
-642
45
751
1472
2204
2944
3688
4434
5178
5913
6640
7352
8046
8719
9370
9991
10580
11139
11659
12143
12583
12980
13334
13641
13902
14110
14271
14382
14443
14453
14415
14328
14195
14012
13787
13517
13208
12858
12472
12055
11605
11126
10623
10099
9556
8996
8427
7847
7262
6677
6094
5515
4945
4385
3839
3312
2802
2316
1852
1418
1010
630
282
-34
-316
-566
-782
-963
-1112
-1224
-1305
-1359
-1375
-1366
-1329
-1266
-1179
-1069
-940
-794
-632
-459
-276
-87
107
303
497
689
871
1046
1207
1356
1489
1600
1690
1764
1809
1827
1822
1785
1721
1626
1503
1346
1162
946
700
423
121
-208
-567
-950
-1355
-1782
-2228
-2694
-3175
-3669
-4173
-4687
-5207
-5735
-6260
-6788
-7312
-7829
-8341
-8841
-9328
-9800
-10259
-10697
-11115
-11513
-11888
-12237
-12561
-12859
-13127
-13369
-13584
-13767
-13921
-14049
-14144
-14213
-14252
-14264
-14250
-14209
-14142
-14052
-13938
-13804
-13645
-13470
-13277
-13066
-12843
-12603
-12351
-12089
-11818
-11538
-11248
-10956
-10658
-10358
-10055
-9746
-9438
-9129
-8820
-8511
-8201
-7896
-7588
-7284
-6978
-6674
-6368
-6065
-5761
-5455
-5147
-4839
-4526
-4213
-3893
-3569
-3239
-2904
-2564
-2215
-1861
-1497
-1125
-745
-356
41
446
859
1281
1710
2146
2589
3037
3491
3945
4403
4863
5322
5780
6234
6683
7124
7558
7979
8391
8785
9162
9523
9862
10177
10471
10737
10976
11184
11363
11508
11619
11695
11736
11739
11705
11634
11525
11377
11190
10967
10708
10409
10079
9712
9314
8886
8427
7942
7433
6900
6351
5783
5201
4606
4005
3398
2792
2186
1584
991
410
-158
-705
-1236
-1738
-2216
-2664
-3080
-3462
-3804
-4110
-4376
-4597
-4778
-4911
-4999
-5043
-5040
-4990
-4893
-4751
-4565
-4336
-4064
-3751
-3399
-3011
-2587
-2132
-1648
-1139
-603
-51
521
1104
1697
2298
2899
3502
4100
4687
5267
5830
6375
6897
7398
7870
8309
8717
9094
9430
9728
9987
10203
10378
10509
10596
10639
10637
10594
10504
10377
10205
9995
9749
9466
9147
8800
8423
8019
7593
7146
6682
6205
5716
5219
4720
4216
3718
3221
2734
2262
1801
1357
935
534
158
-191
-513
-804
-1065
-1290
-1485
-1645
-1771
-1861
-1915
-1938
-1928
-1883
-1810
-1707
-1574
-1416
-1235
-1031
-808
-567
-314
-49
225
505
786
1069
1347
1618
1882
2133
2370
2588
2786
2962
3114
3238
3334
3402
3437
3439
3407
3343
3242
3107
2938
2733
2495
2227
1923
1591
1230
842
429
-6
-460
-934
-1423
-1920
-2430
-2944
-3460
-3976
-4489
-4995
-5491
-5974
-6441
-6888
-7312
-7713
-8083
-8427
-8735
-9009
-9247
-9447
-9605
-9723
-9801
-9836
-9826
-9773
-9679
-9539
-9358
-9135
-8870
-8568
-8227
-7852
-7441
-6997
-6528
-6029
-5508
-4965
-4404
-3826
-3236
-2640
-2037
-1431
-824
-223
372
954
1524
2079
2615
3129
3617
4080
4512
4916
5284
5621
5919
6182
6404
6589
6735
6841
6906
6933
6918
6867
6777
6647
6483
6284
6052
5788
5491
5168
4820
4444
4049
3632
3196
2747
2281
1804
1320
828
330
-170
-671
-1170
-1668
-2161
-2647
-3124
-3593
-4055
-4501
-4937
-5360
-5767
-6161
-6540
-6903
-7253
-7584
-7901
-8202
-8489
-8758
-9016
-9257
-9485
-9700
-9902
-10093
-10271
-10439
-10596
-10743
-10880
-11011
-11130
-11243
-11347
-11443
-11532
-11614
-11689
-11754
-11813
-11865
-11906
-11939
-11963
-11976
-11978
-11969
-11947
-11912
-11862
-11799
-11716
-11619
-11500
-11364
-11206
-11027
-10828
-10602
-10353
-10081
-9783
-9458
-9109
-8731
-8328
-7898
-7441
-6955
-6447
-5912
-5353
-4769
-4164
-3537
-2890
-2226
-1545
-850
-144
575
1300
2032
2766
3499
4233
4959
5679
6386
7080
7759
8418
9057
9667
10252
10808
11332
11821
12273
12686
13058
13390
13680
13922
14120
14272
14377
14435
14446
14410
14329
14200
14028
13813
13554
13256
12919
12546
12138
11701
11235
10743
10226
9689
9138
8572
7996
7413
6826
6241
5659
5081
4515
3963
3426
2907
2412
1940
1495
1080
697
346
28
-251
-494
-699
-866
-993
-1082
-1133
-1146
-1120
-1060
-964
-835
-674
-482
-263
-18
249
536
840
1159
1492
1831
2177
2525
2871
3213
3551
3877
4191
4489
4768
5026
5262
5474
5656
5812
5935
6028
6087
6114
6106
6060
5984
5873
5728
5550
5339
5098
4830
4533
4211
3865
3499
3116
2716
2304
1883
1455
1022
591
162
-262
-673
-1074
-1459
-1826
-2171
-2492
-2783
-3049
-3282
-3480
-3643
-3767
-3855
-3902
-3907
-3873
-3794
-3676
-3515
-3316
-3073
-2792
-2474
-2121
-1729
-1307
-857
-376
127
652
1197
1758
2331
2914
3503
4091
4678
5264
5839
6402
6947
7477
7982
8464
8916
9336
9725
10076
10389
10661
10891
11077
11218
11315
11364
11365
11321
11227
11088
10902
10671
10398
10080
9721
9326
8891
8422
7922
7391
6834
6253
5652
5033
4398
3756
3100
2445
1786
1128
473
-171
-806
-1426
-2031
-2618
-3184
-3725
-4242
-4731
-5193
-5625
-6024
-6392
-6728
-7031
-7301
-7539
-7740
-7910
-8049
-8159
-8236
-8286
-8308
-8304
-8278
-8231
-8163
-8075
-7975
-7861
-7733
-7598
-7459
-7314
-7168
-7021
-6877
-6739
-6608
-6485
-6374
-6272
-6186
-6118
-6061
-6024
-6008
-6007
-6029
-6068
-6131
-6212
-6314
-6436
-6574
-6734
-6910
-7103
-7312
-7536
-7773
-8021
-8276
-8543
-8815
-9094
-9375
-9655
-9938
-10216
-10491
-10761
-11022
-11275
-11514
-11746
-11962
-12161
-12347
-12513
-12662
-12793
-12903
-12993
-13065
-13114
-13142
-13149
-13137
-13105
-13050
-12978
-12885
-12774
-12647
-12503
-12342
-12166
-11979
-11780
-11569
-11346
-11116
-10876
-10632
-10382
-10127
-9867
-9606
-9342
-9077
-8811
-8546
-8282
-8020
-7756
-7494
-7236
-6978
-6720
-6465
-6208
-5953
-5695
-5438
-5178
-4915
-4648
-4377
-4100
-3815
-3522
-3223
-2910
-2590
-2254
-1907
-1545
-1171
-780
-374
51
489
950
1422
1914
2426
2950
3493
4053
4626
5214
5814
6428
7048
7680
8318
8960
9607
10254
10899
11542
12176
12802
13419
14019
14602
15167
15712
16231
16723
17187
17618
18012
18375
18698
18978
19219
19415
19565
19672
19729
19741
19703
19618
19483
19302
19071
18795
18474
18106
17698
17247
16758
16232
15670
15079
14455
13809
13137
12448
11744
11026
10297
9566
8830
8098
7371
6654
5948
5260
4593
3945
3326
2736
2176
1653
1164
717
309
-55
-376
-651
-883
-1065
-1202
-1293
-1337
-1334
-1289
-1200
-1067
-896
-686
-438
-158
154
492
855
1242
1645
2065
2495
2934
3376
3821
4263
4697
5122
5531
5928
6303
6652
6977
7273
7539
7771
7964
8120
8238
8318
8351
8342
8294
8200
8065
7883
7662
7399
7095
6753
6374
5958
5514
5034
4527
3998
3442
2868
2278
1676
1063
444
-182
-805
-1424
-2037
-2641
-3233
-3808
-4364
-4900
-5411
-5897
-6354
-6779
-7174
-7534
-7860
-8150
-8402
-8620
-8799
-8941
-9047
-9117
-9150
-9149
-9114
-9052
-8954
-8832
-8685
-8509
-8317
-8104
-7875
-7634
-7382
-7122
-6858
-6590
-6326
-6063
-5806
-5561
-5325
-5104
-4898
-4715
-4549
-4408
-4287
-4195
-4126
-4088
-4078
-4096
-4143
-4218
-4324
-4456
-4616
-4802
-5013
-5250
-5507
-5785
-6083
-6395
-6724
-7062
-7409
-7765
-8123
-8481
-8839
-9189
-9533
-9866
-10185
-10489
-10773
-11038
-11275
-11486
-11671
-11824
-11944
-12030
-12080
-12096
-12070
-12008
-11904
-11762
-11580
-11358
-11097
-10797
-10458
-10085
-9674
-9230
-8751
-8245
-7707
-7142
-6557
-5945
-5316
-4670
-4009
-3340
-2658
-1974
-1288
-603
82
761
1431
2087
2734
3359
3970
4560
5125
5667
6181
6669
7126
7553
7948
8313
8642
8939
9202
9429
9627
9788
9917
10009
10074
10108
10111
10088
10033
9955
9852
9723
9579
9408
9219
9013
8795
8562
8316
8058
7792
7519
7239
6955
6664
6371
6079
5782
5489
5195
4903
4609
4321
4036
3751
3470
3191
2918
2642
2372
2103
1837
1571
1306
1039
775
509
245
-22
-291
-563
-837
-1111
-1389
-1672
-1954
-2242
-2531
-2823
-3114
-3410
-3704
-3997
-4290
-4582
-4870
-5156
-5434
-5704
-5967
-6221
-6463
-6694
-6908
-7107
-7287
-7450
-7590
-7707
-7799
-7867
-7905
-7916
-7898
-7847
-7763
-7646
-7496
-7309
-7089
-6832
-6542
-6216
-5852
-5456
-5027
-4564
-4071
-3545
-2992
-2412
-1806
-1179
-529
135
816
1512
2214
2923
3636
4351
5060
5764
6457
7137
7801
8446
9066
9658
10226
10757
11254
11715
12133
12509
12839
13125
13361
13545
13681
13763
13794
13771
13694
13567
13384
13151
12868
12534
12152
11725
11255
10740
10189
9602
8981
8329
7651
6949
6228
5491
4740
3980
3214
2447
1684
926
178
-556
-1274
-1973
-2648
-3297
-3917
-4504
-5059
-5576
-6057
-6498
-6896
-7253
-7568
-7838
-8065
-8247
-8386
-8483
-8537
-8550
-8525
-8461
-8361
-8227
-8059
-7863
-7644
-7396
-7131
-6844
-6544
-6230
-5911
-5586
-5254
-4926
-4600
-4281
-3972
-3675
-3391
-3125
-2879
-2655
-2454
-2278
-2128
-2005
-1915
-1850
-1816
-1812
-1838
-1893
-1978
-2087
-2227
-2389
-2577
-2787
-3014
-3261
-3521
-3797
-4080
-4372
-4668
-4965
-5261
-5550
-5831
-6103
-6360
-6601
-6821
-7018
-7190
-7334
-7449
-7531
-7579
-7589
-7563
-7499
-7394
-7249
-7058
-6829
-6557
-6247
-5893
-5498
-5064
-4593
-4086
-3545
-2971
-2365
-1733
-1077
-398
301
1016
1745
2483
3226
3972
4720
5462
6199
6921
7631
8324
8992
9641
10262
10852
11413
11934
12423
12871
13279
13645
13967
14245
14477
14664
14803
14897
14946
14948
14906
14820
14693
14524
14314
14067
13787
13469
13126
12749
12347
11923
11478
11015
10535
10046
9546
9040
8529
8020
7511
7007
6508
6021
5545
5080
4634
4202
3793
3399
3029
2684
2359
2058
1781
1529
1298
1097
917
759
625
510
419
347
290
253
226
217
217
227
247
270
297
330
361
393
419
442
458
467
466
457
435
399
351
287
208
114
4
-123
-264
-423
-597
-787
-991
-1211
-1441
-1689
-1944
-2210
-2487
-2772
-3063
-3360
-3661
-3964
-4269
-4572
-4877
-5176
-5472
-5762
-6047
-6321
-6586
-6843
-7087
-7321
-7544
-7751
-7946
-8126
-8294
-8447
-8585
-8712
-8824
-8923
-9008
-9083
-9145
-9195
-9241
-9276
-9301
-9324
-9337
-9347
-9353
-9360
-9361
-9363
-9368
-9374
-9383
-9393
-9410
-9433
-9458
-9492
-9532
-9576
-9628
-9688
-9754
-9824
-9902
-9982
-10069
-10159
-10250
-10342
-10434
-10527
-10613
-10698
-10775
-10846
-10907
-10957
-10994
-11017
-11025
-11014
-10984
-10929
-10854
-10755
-10629
-10479
-10298
-10089
-9849
-9579
-9279
-8944
-8582
-8185
-7760
-7300
-6814
-6298
-5754
-5183
-4586
-3965
-3324
-2665
-1987
-1294
-588
124
844
1568
2291
3013
3729
4434
5130
5809
6470
7110
7723
8310
8867
9393
9880
10329
10738
11106
11428
11706
11935
12117
12251
12335
12370
12353
12288
12173
12013
11804
11550
11253
10911
10532
10114
9665
9180
8669
8132
7573
6994
6402
5798
5183
4566
3952
3339
2735
2140
1563
1002
464
-46
-532
-982
-1399
-1780
-2122
-2421
-2678
-2890
-3056
-3176
-3249
-3272
-3247
-3175
-3056
-2891
-2679
-2424
-2128
-1793
-1417
-1005
-563
-90
412
936
1482
2042
2620
3205
3797
4391
4984
5573
6154
6721
7274
7807
8319
8805
9264
9693
10088
10446
10770
11053
11297
11496
11655
11769
11841
11869
11852
11792
11690
11546
11362
11139
10879
10583
10256
9897
9512
9100
8665
8211
7740
7257
6760
6258
5752
5244
4740
4240
3748
3269
2801
2352
1920
1510
1121
759
424
116
-162
-410
-628
-813
-965
-1087
-1177
-1235
-1265
-1265
-1234
-1179
-1099
-995
-868
-723
-560
-380
-191
8
218
430
644
859
1071
1276
1476
1661
1837
1996
2136
2259
2362
2440
2496
2524
2528
2503
2452
2374
2263
2128
1962
1768
1549
1303
1032
736
419
82
-274
-646
-1033
-1434
-1841
-2258
-2682
-3104
-3529
-3953
-4369
-4778
-5177
-5563
-5934
-6288
-6621
-6932
-7222
-7485
-7721
-7929
-8106
-8255
-8371
-8455
-8507
-8526
-8510
-8461
-8381
-8268
-8123
-7948
-7746
-7514
-7255
-6971
-6666
-6336
-5989
-5623
-5244
-4849
-4445
-4033
-3613
-3191
-2765
-2342
-1920
-1504
-1096
-695
-307
69
430
775
1103
1410
1697
1964
2210
2430
2628
2806
2956
3081
3185
3264
3321
3352
3365
3354
3322
3272
3202
3115
3011
2892
2758
2610
2452
2283
2106
1918
1725
1525
1321
1113
901
690
474
258
44
-169
-385
-599
-810
-1020
-1231
-1438
-1645
-1853
-2062
-2269
-2479
-2690
-2901
-3115
-3336
-3559
-3786
-4020
-4260
-4505
-4759
-5022
-5293
-5570
-5859
-6157
-6461
-6778
-7104
-7436
-7777
-8125
-8483
-8844
-9211
-9582
-9955
-10333
-10707
-11077
-11446
-11809
-12165
-12511
-12844
-13162
-13464
-13749
-14011
-14250
-14463
-14650
-14804
-14928
-15017
-15070
-15082
-15057
-14990
-14880
-14726
-14527
-14284
-13993
-13654
-13269
-12836
-12357
-11834
-11263
-10651
-9993
-9295
-8557
-7782
-6973
-6132
-5260
-4362
-3441
-2497
-1539
-567
419
1404
2396
3383
4366
5340
6298
7239
8158
9051
9918
10752
11547
12306
13021
13692
14316
14888
15407
15872
16285
16637
16932
17169
17346
17463
17520
17520
17462
17345
17176
16952
16678
16351
15979
15563
15104
14609
14079
13515
12924
12310
11674
11022
10359
9686
9005
8328
7650
6979
6320
5673
5044
4436
3848
3290
2757
2256
1788
1358
960
601
282
2
-237
-437
-598
-718
-798
-841
-846
-817
-753
-658
-533
-379
-203
-3
216
454
706
967
1236
1511
1787
2060
2332
2596
2849
3091
3316
3525
3713
3881
4023
4140
4232
4294
4327
4332
4305
4248
4161
4044
3897
3722
3520
3291
3037
2760
2462
2147
1813
1463
1106
737
364
-16
-395
-772
-1144
-1508
-1861
-2197
-2518
-2821
-3101
-3357
-3585
-3786
-3956
-4093
-4198
-4264
-4297
-4292
-4248
-4168
-4049
-3893
-3697
-3467
-3200
-2898
-2563
-2196
-1800
-1376
-927
-454
40
552
1078
1615
2163
2717
3275
3832
4383
4932
5468
5994
6503
6995
7465
7912
8331
8723
9083
9412
9705
9962
10181
10364
10507
10609
10672
10694
10676
10617
10520
10382
10204
9994
9745
9462
9149
8805
8431
8031
7606
7161
6696
6214
5717
5208
4690
4166
3635
3102
2572
2043
1520
1005
498
-1
-484
-954
-1405
-1842
-2260
-2659
-3037
-3395
-3732
-4047
-4341
-4615
-4865
-5097
-5308
-5499
-5670
-5824
-5960
-6083
-6188
-6285
-6366
-6437
-6499
-6552
-6601
-6643
-6682
-6718
-6755
-6789
-6825
-6866
-6909
-6955
-7009
-7067
-7132
-7201
-7278
-7363
-7455
-7555
-7661
-7772
-7891
-8014
-8143
-8277
-8414
-8551
-8692
-8832
-8973
-9111
-9246
-9378
-9503
-9621
-9735
-9835
-9928
-10012
-10083
-10141
-10186
-10218
-10233
-10236
-10223
-10195
-10150
-10091
-10015
-9925
-9823
-9705
-9570
-9428
-9274
-9108
-8934
-8751
-8561
-8367
-8167
-7967
-7764
-7563
-7363
-7168
-6978
-6793
-6618
-6452
-6296
-6151
-6021
-5905
-5805
-5719
-5650
-5596
-5563
-5542
-5541
-5556
-5587
-5636
-5698
-5775
-5865
-5967
-6080
-6200
-6329
-6462
-6598
-6736
-6874
-7009
-7138
-7258
-7369
-7468
-7553
-7619
-7666
-7692
-7692
-7668
-7613
-7532
-7415
-7269
-7086
-6870
-6615
-6322
-5991
-5626
-5218
-4773
-4289
-3772
-3216
-2625
-2000
-1344
-660
54
793
1554
2338
3140
3954
4778
5612
6451
7289
8126
8953
9773
10579
11368
12136
12879
13594
14280
14928
15538
16112
16641
17125
17561
17948
18286
18567
18796
18969
19089
19152
19160
19113
19009
18853
18643
18384
18074
17716
17315
16871
16388
15866
15312
14727
14116
13483
12827
12160
11481
10791
10100
9409
8722
8041
7374
6723
6088
5478
4892
4334
3807
3315
2857
2441
2061
1725
1430
1180
973
809
692
617
589
601
656
749
883
1056
1259
1494
1762
2056
2371
2710
3065
3434
3812
4202
4594
4986
5377
5758
6131
6491
6835
7160
7462
7741
7991
8212
8400
8557
8676
8758
8804
8809
8776
8702
8590
8435
8244
8013
7745
7436
7097
6723
6316
5881
5417
4929
4419
3889
3341
2781
2209
1629
1043
455
-132
-715
-1292
-1860
-2412
-2953
-3476
-3980
-4462
-4921
-5353
-5760
-6136
-6486
-6800
-7088
-7341
-7563
-7753
-7910
-8039
-8134
-8199
-8235
-8246
-8227
-8184
-8120
-8032
-7926
-7804
-7666
-7515
-7353
-7185
-7008
-6830
-6650
-6469
-6295
-6125
-5963
-5810
-5667
-5539
-5424
-5326
-5245
-5183
-5139
-5114
-5111
-5128
-5167
-5225
-5304
-5401
-5520
-5656
-5810
-5983
-6167
-6363
-6573
-6793
-7022
-7255
-7494
-7735
-7974
-8215
-8451
-8678
-8898
-9106
-9305
-9487
-9653
-9801
-9930
-10036
-10120
-10180
-10214
-10223
-10203
-10159
-10082
-9983
-9850
-9692
-9504
-9289
-9048
-8779
-8484
-8166
-7824
-7461
-7080
-6676
-6258
-5823
-5374
-4915
-4446
-3970
-3487
-3000
-2513
-2025
-1540
-1059
-583
-115
344
792
1229
1651
2059
2453
2829
3186
3528
3850
4151
4436
4700
4946
5173
5381
5570
5739
5897
6033
6156
6261
6356
6437
6503
6561
6610
6647
6680
6703
6720
6733
6742
6748
6751
6753
6752
6752
6751
6748
6744
6745
6740
6736
6734
6728
6720
6708
6696
6679
6655
6628
6591
6544
6492
6427
6350
6260
6155
6037
5899
5745
5572
5379
5166
4932
4675
4396
4094
3771
3421
3054
2660
2244
1810
1351
876
380
-131
-659
-1199
-1754
-2316
-2884
-3457
-4036
-4613
-5187
-5755
-6316
-6863
-7399
-7914
-8411
-8884
-9331
-9748
-10133
-10483
-10797
-11071
-11301
-11490
-11630
-11724
-11771
-11764
-11705
-11595
-11434
-11218
-10950
-10628
-10256
-9832
-9358
-8836
-8267
-7655
-7000
-6306
-5574
-4808
-4011
-3190
-2342
-1474
-592
300
1203
2108
3012
3914
4803
5679
6538
7376
8187
8967
9717
10428
11099
11724
12305
12837
13316
13739
14109
14418
14672
14866
14996
15068
15079
15029
14919
14749
14523
14239
13903
13514
13074
12588
12057
11485
10875
10232
9554
8852
8125
7381
6619
5847
5066
4284
3497
2717
1944
1184
440
-286
-992
-1671
-2327
-2949
-3540
-4098
-4618
-5101
-5543
-5946
-6311
-6630
-6913
-7152
-7349
-7507
-7626
-7708
-7754
-7763
-7739
-7686
-7603
-7493
-7361
-7203
-7030
-6841
-6638
-6424
-6202
-5976
-5750
-5522
-5299
-5081
-4871
-4674
-4489
-4315
-4163
-4027
-3911
-3814
-3740
-3689
-3660
-3653
-3671
-3711
-3775
-3858
-3964
-4088
-4231
-4392
-4566
-4756
-4956
-5164
-5381
-5602
-5824
-6045
-6263
-6475
-6682
-6875
-7054
-7218
-7363
-7489
-7590
-7668
-7716
-7738
-7730
-7688
-7614
-7505
-7361
-7180
-6967
-6716
-6428
-6107
-5748
-5355
-4929
-4472
-3984
-3466
-2922
-2352
-1757
-1144
-511
137
798
1468
2150
2834
3517
4204
4883
5557
6221
6872
7509
8128
8725
9301
9850
10372
10866
11331
11762
12160
12523
12850
13143
13396
13613
13793
13935
14040
14108
14141
14140
14100
14030
13930
13799
13639
13451
13240
13004
12748
12473
12180
11872
11553
11220
10883
10534
10182
9829
9472
9117
8765
8415
8069
7731
7403
7080
6767
6465
6173
5894
5623
5366
5120
4885
4660
4447
4245
4051
3868
3690
3521
3359
3201
3045
2896
2747
2600
2454
2304
2153
1999
1841
1679
1513
1338
1156
968
772
569
355
133
-93
-329
-574
-827
-1083
-1348
-1616
-1889
-2168
-2447
-2726
-3006
-3285
-3564
-3835
-4103
-4366
-4618
-4864
-5099
-5322
-5532
-5728
-5910
-6075
-6225
-6357
-6473
-6569
-6646
-6703
-6745
-6766
-6771
-6754
-6721
-6675
-6608
-6528
-6435
-6329
-6213
-6089
-5956
-5815
-5671
-5527
-5379
-5237
-5094
-4958
-4832
-4713
-4608
-4515
-4436
-4377
-4334
-4313
-4312
-4334
-4381
-4453
-4548
-4670
-4819
-4993
-5196
-5423
-5677
-5957
-6258
-6584
-6931
-7298
-7682
-8083
-8498
-8926
-9362
-9806
-10252
-10701
-11146
-11590
-12023
-12445
-12857
-13249
-13621
-13971
-14296
-14590
-14853
-15084
-15276
-15431
-15543
-15612
-15639
-15619
-15550
-15437
-15271
-15059
-14796
-14486
-14123
-13714
-13257
-12756
-12211
-11623
-10993
-10326
-9624
-8889
-8124
-7333
-6519
-5684
-4835
-3970
-3101
-2223
-1347
-474
392
1248
2090
2911
3707
4483
5227
5938
6614
7250
7846
8397
8906
9363
9774
10135
10441
10697
10900
11051
11151
11197
11195
11141
11040
10893
10699
10466
10189
9878
9533
9156
8752
8321
7872
7405
6923
6434
5938
5439
4942
4449
3967
3495
3040
2606
2190
1803
1443
1114
812
552
326
137
-9
-116
-182
-207
-191
-134
-32
107
287
504
757
1047
1370
1721
2101
2506
2935
3385
3852
4330
4823
5319
5821
6325
6826
7323
7808
8284
8742
9185
9605
10004
10375
10722
11036
11319
11568
11783
11965
12105
12210
12276
12305
12297
12248
12166
12044
11889
11700
11475
11222
10939
10630
10296
9937
9562
9166
8755
8330
7896
7453
7008
6559
6110
5664
5224
4793
4370
3960
3565
3186
2824
2482
2160
1860
1582
1328
1099
895
715
559
428
321
236
175
136
116
115
134
169
217
278
351
434
522
617
711
811
907
1002
1094
1174
1249
1317
1372
1412
1437
1448
1443
1422
1382
1323
1244
1149
1030
897
742
568
381
173
-48
-287
-538
-801
-1074
-1358
-1649
-1946
-2247
-2550
-2855
-3157
-3457
-3750
-4037
-4315
-4587
-4842
-5082
-5314
-5523
-5720
-5895
-6048
-6184
-6299
-6389
-6459
-6505
-6531
-6534
-6515
-6471
-6409
-6326
-6222
-6098
-5956
-5800
-5627
-5442
-5243
-5032
-4812
-4588
-4352
-4115
-3875
-3631
-3392
-3151
-2917
-2687
-2464
-2247
-2040
-1843
-1658
-1485
-1326
-1179
-1046
-929
-827
-739
-665
-607
-561
-531
-515
-511
-517
-537
-565
-603
-648
-701
-760
-822
-886
-954
-1021
-1087
-1153
-1215
-1273
-1323
-1370
-1411
-1442
-1464
-1478
-1483
-1479
-1464
-1440
-1407
-1365
-1315
-1255
-1191
-1117
-1040
-959
-873
-790
-704
-618
-538
-463
-394
-335
-284
-247
-224
-215
-225
-253
-302
-376
-471
-591
-737
-909
-1111
-1338
-1594
-1880
-2194
-2538
-2908
-3307
-3731
-4184
-4659
-5155
-5673
-6209
-6763
-7329
-7909
-8497
-9091
-9689
-10287
-10880
-11467
-12042
-12609
-13155
-13680
-14183
-14659
-15100
-15512
-15884
-16218
-16507
-16750
-16945
-17089
-17179
-17217
-17197
-17117
-16980
-16784
-16526
-16208
-15831
-15394
-14897
-14343
-13731
-13063
-12345
-11576
-10759
-9896
-8991
-8045
-7069
-6056
-5018
-3957
-2875
-1780
-673
437
1553
2662
3765
4855
5930
6984
8010
9009
9974
10902
11789
12629
13424
14169
14862
15498
16078
16600
17060
17459
17795
18071
18283
18432
18521
18549
18517
18427
18279
18077
17823
17519
17170
16777
16341
15868
15362
14827
14264
13679
13074
12453
11820
11182
10537
9893
9252
8618
7992
7381
6786
6208
5654
5121
4615
4136
3688
3270
2883
2529
2208
1921
1667
1448
1260
1104
981
889
822
786
774
786
819
871
943
1029
1126
1233
1348
1469
1592
1714
1835
1950
2059
2160
2249
2325
2385
2432
2459
2467
2459
2427
2375
2300
2206
2091
1954
1796
1618
1424
1206
976
729
468
196
-87
-376
-672
-974
-1273
-1573
-1873
-2165
-2449
-2723
-2984
-3231
-3462
-3675
-3866
-4034
-4178
-4299
-4389
-4453
-4488
-4492
-4465
-4408
-4317
-4200
-4047
-3864
-3652
-3411
-3140
-2844
-2521
-2172
-1804
-1413
-1005
-579
-136
313
777
1246
1721
2196
2675
3148
3616
4076
4528
4966
5391
5797
6189
6555
6901
7224
7520
7792
8033
8246
8430
8584
8709
8802
8864
8896
8898
8871
8813
8728
8616
8477
8314
8127
7918
7688
7440
7173
6890
6595
6288
5969
5643
5311
4971
4630
4287
3942
3599
3259
2923
2590
2265
1947
1636
1333
1040
756
480
214
-41
-288
-523
-752
-970
-1180
-1386
-1583
-1775
-1961
-2144
-2322
-2498
-2675
-2850
-3027
-3204
-3385
-3568
-3757
-3949
-4146
-4351
-4563
-4780
-5006
-5239
-5476
-5724
-5976
-6235
-6501
-6771
-7048
-7327
-7609
-7889
-8174
-8457
-8736
-9013
-9282
-9545
-9804
-10046
-10280
-10500
-10706
-10892
-11063
-11214
-11344
-11451
-11535
-11594
-11629
-11636
-11618
-11570
-11495
-11393
-11264
-11103
-10918
-10705
-10468
-10203
-9915
-9606
-9273
-8921
-8553
-8167
-7768
-7358
-6939
-6512
-6083
-5651
-5218
-4793
-4370
-3958
-3561
-3173
-2804
-2454
-2127
-1823
-1543
-1293
-1072
-884
-729
-607
-521
-470
-460
-480
-540
-636
-769
-936
-1139
-1374
-1642
-1939
-2266
-2619
-2993
-3391
-3804
-4234
-4676
-5127
-5584
-6044
-6501
-6956
-7401
-7834
-8252
-8652
-9031
-9380
-9703
-9993
-10251
-10471
-10650
-10787
-10879
-10924
-10923
-10871
-10768
-10615
-10409
-10154
-9846
-9486
-9078
-8617
-8111
-7555
-6957
-6316
-5636
-4918
-4164
-3381
-2570
-1735
-878
-5
881
1777
2678
3579
4478
5369
6250
7113
7960
8782
9578
10344
11078
11774
12433
13049
13620
14143
14620
15047
15422
15744
16015
16230
16394
16503
16561
16566
16522
16426
16286
16096
15867
15593
15283
14935
14556
14147
13710
13254
12775
12282
11775
11259
10740
10217
9697
9182
8674
8179
7698
7236
6794
6373
5980
5609
5271
4963
4685
4442
4232
4057
3916
3811
3739
3703
3700
3727
3787
3875
3993
4137
4305
4493
4702
4928
5166
5420
5680
5946
6217
6488
6759
7021
7278
7523
7756
7972
8171
8349
8508
8640
8746
8824
8878
8896
8887
8846
8773
8670
8532
8363
8164
7932
7672
7383
7066
6723
6355
5964
5552
5120
4674
4211
3736
3248
2756
2255
1755
1252
750
252
-241
-723
-1195
-1658
-2104
-2535
-2951
-3344
-3720
-4074
-4406
-4718
-5002
-5268
-5505
-5719
-5913
-6080
-6226
-6350
-6452
-6534
-6595
-6641
-6666
-6679
-6679
-6662
-6638
-6602
-6562
-6515
-6462
-6408
-6354
-6300
-6248
-6200
-6156
-6118
-6090
-6068
-6058
-6057
-6067
-6088
-6122
-6166
-6222
-6290
-6370
-6461
-6561
-6673
-6794
-6923
-7059
-7200
-7347
-7497
-7648
-7800
-7952
-8101
-8247
-8386
-8516
-8641
-8753
-8855
-8944
-9017
-9075
-9115
-9140
-9144
-9128
-9093
-9036
-8960
-8860
-8736
-8595
-8431
-8247
-8040
-7816
-7569
-7307
-7029
-6732
-6421
-6100
-5761
-5416
-5060
-4698
-4332
-3961
-3587
-3216
-2844
-2475
-2113
-1757
-1407
-1068
-742
-427
-124
161
434
689
929
1151
1354
1542
1709
1858
1992
2107
2209
2290
2361
2415
2456
2489
2508
2519
2521
2519
2513
2502
2492
2481
2472
2465
2468
2475
2488
2511
2545
2590
2647
2719
2803
2903
3015
3145
3289
3449
3619
3806
4008
4219
4443
4675
4919
5166
5421
5677
5938
6197
6452
6701
6944
7177
7398
7604
7794
7963
8114
8238
8334
8406
8444
8452
8425
8363
8264
8128
7955
7740
7486
7191
6857
6483
6071
5620
5131
4607
4047
3458
2836
2185
1509
811
95
-640
-1389
-2147
-2910
-3677
-4441
-5200
-5952
-6689
-7411
-8112
-8787
-9435
-10047
-10629
-11169
-11665
-12119
-12524
-12877
-13176
-13421
-13607
-13735
-13804
-13810
-13757
-13641
-13462
-13223
-12921
-12562
-12143
-11667
-11136
-10554
-9920
-9240
-8515
-7751
-6948
-6111
-5248
-4357
-3446
-2518
-1576
-626
324
1278
2221
3159
4079
4982
5859
6713
7533
8319
9068
9773
10437
11052
11617
12132
12590
12994
13342
13630
13862
14034
14147
14202
14200
14139
14026
13856
13632
13361
13038
12671
12261
11810
11324
10802
10249
9670
9065
8442
7802
7147
6482
5812
5139
4467
3798
3138
2488
1848
1227
623
38
-521
-1059
-1571
-2053
-2506
-2930
-3327
-3688
-4021
-4323
-4592
-4836
-5045
-5227
-5381
-5507
-5610
-5689
-5745
-5782
-5800
-5802
-5791
-5764
-5731
-5689
-5639
-5588
-5532
-5478
-5424
-5376
-5332
-5295
-5264
-5244
-5235
-5236
-5250
-5275
-5317
-5367
-5433
-5511
-5601
-5705
-5818
-5940
-6076
-6219
-6367
-6522
-6679
-6839
-7000
-7159
-7315
-7465
-7608
-7744
-7866
-7977
-8072
-8150
-8211
-8250
-8268
-8265
-8235
-8179
-8098
-7988
-7848
-7682
-7486
-7259
-7004
-6720
-6406
-6062
-5694
-5295
-4873
-4425
-3957
-3462
-2950
-2421
-1874
-1313
-741
-158
432
1030
1629
2229
2830
3423
4013
4594
5164
5722
6266
6793
7304
7792
8260
8708
9127
9524
9895
10239
10557
10847
11109
11343
11547
11727
11877
11999
12098
12170
12220
12247
12249
12232
12195
12139
12069
11980
11879
11765
11643
11507
11369
11219
11069
10912
10753
10595
10432
10273
10117
9959
9808
9656
9510
9370
9231
9097
8967
8839
8716
8596
8477
8358
8241
8125
8005
7883
7758
7629
7493
7353
7205
7044
6876
6697
6505
6300
6081
5847
5601
5337
5058
4762
4451
4124
3778
3418
3042
2650
2246
1829
1400
959
510
51
-413
-882
-1352
-1827
-2296
-2767
-3228
-3685
-4131
-4565
-4985
-5389
-5776
-6144
-6487
-6809
-7102
-7371
-7611
-7819
-7997
-8145
-8257
-8338
-8385
-8398
-8376
-8321
-8233
-8112
-7961
-7779
-7568
-7332
-7068
-6782
-6474
-6147
-5804
-5447
-5081
-4704
-4325
-3940
-3559
-3182
-2811
-2453
-2107
-1777
-1468
-1183
-923
-688
-487
-317
-184
-86
-28
-10
-33
-99
-207
-362
-559
-798
-1081
-1409
-1774
-2183
-2630
-3113
-3632
-4183
-4762
-5370
-6001
-6652
-7323
-8006
-8699
-9399
-10105
-10804
-11499
-12187
-12861
-13516
-14150
-14760
-15344
-15893
-16408
-16882
-17315
-17702
-18044
-18337
-18574
-18762
-18893
-18966
-18984
-18946
-18845
-18690
-18474
-18204
-17875
-17492
-17057
-16570
-16034
-15451
-14823
-14153
-13446
-12705
-11932
-11129
-10305
-9458
-8597
-7722
-6838
-5953
-5064
-4181
-3305
-2441
-1593
-762
45
829
1583
2305
2995
3648
4259
4835
5367
5857
6302
6702
7056
7366
7629
7848
8024
8156
8247
8294
8306
8280
8220
8125
8004
7853
7679
7483
7269
7040
6797
6547
6288
6028
5767
5509
5258
5013
4781
4565
4360
4178
4013
3873
3756
3663
3598
3559
3549
3565
3612
3687
3788
3920
4077
4262
4471
4705
4960
5236
5532
5845
6171
6509
6857
7215
7578
7943
8308
8671
9031
9383
9726
10056
10372
10674
10957
11221
11461
11680
11875
12045
12183
12297
12384
12440
12467
12466
12436
12377
12289
12175
12032
11864
11673
11458
11219
10964
10685
10395
10086
9766
9433
9091
8745
8390
8034
7674
7318
6965
6614
6270
5936
5606
5290
4985
4694
4414
4153
3905
3672
3457
3255
3073
2905
2755
2620
2499
2394
2302
2224
2158
2099
2052
2012
1979
1952
1926
1907
1888
1866
1843
1820
1788
1753
1710
1659
1601
1531
1450
1358
1256
1139
1009
868
713
545
365
173
-33
-247
-471
-704
-947
-1195
-1449
-1709
-1970
-2234
-2495
-2757
-3015
-3269
-3517
-3758
-3988
-4207
-4414
-4609
-4785
-4947
-5093
-5220
-5328
-5416
-5486
-5531
-5559
-5564
-5550
-5514
-5456
-5380
-5285
-5170
-5037
-4889
-4728
-4549
-4361
-4159
-3949
-3730
-3509
-3281
-3054
-2824
-2596
-2373
-2156
-1944
-1743
-1554
-1373
-1211
-1063
-932
-816
-723
-646
-592
-557
-546
-556
-586
-639
-711
-806
-919
-1054
-1206
-1372
-1557
-1755
-1966
-2185
-2415
-2652
-2893
-3137
-3381
-3624
-3864
-4098
-4324
-4539
-4743
-4931
-5106
-5263
-5399
-5514
-5608
-5680
-5725
-5744
-5737
-5708
-5651
-5565
-5454
-5318
-5157
-4970
-4761
-4530
-4278
-4008
-3723
-3422
-3107
-2783
-2454
-2118
-1780
-1441
-1107
-781
-463
-157
136
407
662
889
1092
1266
1409
1521
1593
1632
1634
1593
1512
1391
1229
1021
772
481
149
-224
-638
-1089
-1575
-2096
-2651
-3236
-3847
-4482
-5136
-5809
-6497
-7196
-7900
-8607
-9312
-10013
-10701
-11379
-12039
-12675
-13287
-13871
-14418
-14928
-15397
-15825
-16202
-16533
-16808
-17028
-17189
-17293
-17337
-17316
-17234
-17087
-16877
-16604
-16266
-15864
-15401
-14879
-14297
-13660
-12968
-12226
-11432
-10593
-9712
-8794
-7839
-6853
-5842
-4806
-3754
-2684
-1607
-524
558
1638
2709
3767
4810
5830
6826
7794
8730
9630
10494
11311
12088
12815
13495
14124
14700
15224
15692
16104
16462
16762
17008
17196
17333
17416
17446
17427
17358
17244
17085
16882
16641
16364
16053
15708
15336
14942
14521
14083
13630
13162
12686
12203
11717
11229
10741
10258
9780
9313
8856
8409
7978
7563
7164
6785
6421
6080
5755
5455
5172
4910
4669
4445
4241
4054
3885
3731
3591
3464
3351
3243
3149
3060
2977
2898
2819
2743
2665
2585
2501
2413
2317
2214
2104
1982
1851
1710
1555
1390
1214
1026
827
616
394
162
-78
-329
-586
-849
-1115
-1388
-1661
-1937
-2210
-2482
-2747
-3006
-3258
-3499
-3730
-3947
-4150
-4335
-4504
-4652
-4779
-4886
-4970
-5027
-5060
-5070
-5052
-5010
-4942
-4843
-4719
-4571
-4396
-4197
-3973
-3727
-3457
-3167
-2859
-2532
-2188
-1830
-1461
-1078
-689
-292
109
514
918
1321
1722
2117
2501
2878
3244
3598
3936
4259
4564
4849
5117
5362
5584
5784
5962
6118
6246
6354
6437
6498
6536
6550
6543
6515
6466
6401
6319
6220
6103
5975
5835
5684
5524
5356
5181
5001
4821
4637
4454
4272
4091
3915
3743
3578
3418
3264
3120
2981
2854
2732
2621
2520
2424
2339
2259
2185
2118
2056
1996
1942
1886
1833
1779
1720
1659
1594
1520
1438
1347
1247
1133
1005
863
705
530
337
127
-104
-355
-624
-912
-1223
-1552
-1898
-2266
-2649
-3051
-3469
-3900
-4343
-4799
-5263
-5737
-6216
-6696
-7179
-7662
-8137
-8608
-9071
-9521
-9958
-10377
-10778
-11157
-11509
-11837
-12134
-12402
-12635
-12834
-12995
-13119
-13204
-13246
-13248
-13209
-13125
-13000
-12830
-12619
-12368
-12075
-11742
-11371
-10965
-10522
-10046
-9542
-9010
-8452
-7872
-7275
-6659
-6034
-5398
-4756
-4114
-3475
-2840
-2213
-1600
-1007
-430
123
648
1142
1604
2030
2418
2766
3068
3325
3536
3701
3815
3879
3891
3852
3763
3626
3438
3201
2918
2587
2214
1801
1347
859
334
-218
-797
-1399
-2018
-2656
-3304
-3960
-4620
-5278
-5931
-6577
-7210
-7823
-8419
-8987
-9529
-10039
-10511
-10946
-11340
-11691
-11994
-12248
-12452
-12605
-12705
-12748
-12738
-12672
-12551
-12376
-12146
-11861
-11525
-11138
-10703
-10219
-9690
-9121
-8512
-7866
-7187
-6477
-5742
-4982
-4205
-3410
-2604
-1790
-972
-155
661
1469
2267
3050
3818
4563
5287
5983
6649
7287
7889
8457
8989
9481
9933
10346
10715
11046
11333
11581
11786
11951
12075
12163
12216
12231
12211
12161
12082
11975
11843
11685
11511
11316
11110
10889
10659
10422
10181
9936
9694
9455
9219
8991
8773
8565
8369
8190
8026
7877
7749
7639
7544
7475
7421
7388
7375
7379
7403
7447
7504
7576
7662
7763
7875
7997
8126
8260
8401
8540
8683
8824
8960
9090
9211
9326
9429
9520
9593
9652
9693
9716
9718
9697
9658
9596
9509
9400
9266
9110
8929
8727
8500
8251
7982
7693
7384
7055
6712
6353
5980
5593
5198
4795
4382
3966
3544
3122
2699
2280
1862
1451
1048
650
266
-109
-473
-821
-1158
-1476
-1780
-2068
-2338
-2592
-2827
-3047
-3249
-3431
-3601
-3754
-3891
-4015
-4127
-4224
-4311
-4388
-4455
-4516
-4570
-4619
-4666
-4710
-4753
-4794
-4841
-4887
-4941
-4998
-5061
-5133
-5211
-5299
-5394
-5497
-5613
-5739
-5875
-6019
-6173
-6336
-6507
-6687
-6871
-7063
-7260
-7459
-7663
-7867
-8069
-8271
-8467
-8660
-8845
-9020
-9187
-9341
-9482
-9608
-9717
-9808
-9879
-9930
-9959
-9966
-9946
-9903
-9836
-9741
-9622
-9474
-9303
-9105
-8881
-8630
-8357
-8062
-7742
-7401
-7041
-6664
-6270
-5860
-5439
-5006
-4566
-4119
-3666
-3215
-2760
-2312
-1868
-1430
-1004
-588
-187
197
564
910
1236
1536
1814
2065
2290
2486
2654
2795
2904
2986
3038
3060
3056
3023
2967
2886
2777
2651
2503
2335
2153
1958
1751
1532
1307
1079
849
620
394
174
-38
-237
-425
-594
-746
-880
-988
-1076
-1136
-1169
-1175
-1150
-1096
-1013
-897
-751
-573
-367
-132
133
426
743
1086
1449
1832
2235
2654
3084
3523
3970
4420
4872
5321
5763
6196
6619
7026
7411
7776
8116
8425
8704
8948
9157
9326
9454
9538
9579
9574
9520
9416
9266
9066
8815
8517
8168
7775
7332
6846
6316
5746
5135
4488
3809
3100
2362
1602
822
27
-781
-1598
-2420
-3236
-4055
-4861
-5656
-6431
-7188
-7917
-8618
-9287
-9920
-10511
-11062
-11564
-12017
-12420
-12771
-13063
-13301
-13478
-13596
-13655
-13653
-13591
-13468
-13285
-13045
-12746
-12393
-11984
-11525
-11014
-10458
-9859
-9217
-8539
-7825
-7082
-6312
-5517
-4708
-3881
-3044
-2199
-1353
-506
331
1162
1979
2781
3559
4316
5047
5745
6410
7041
7635
8188
8699
9169
9591
9970
10301
10586
10823
11014
11158
11255
11307
11314
11278
11198
11081
10925
10731
10503
10244
9953
9636
9296
8930
8545
8144
7729
7301
6865
6421
5972
5521
5071
4622
4178
3739
3307
2888
2476
2077
1690
1319
961
617
291
-23
-321
-602
-867
-1119
-1358
-1581
-1793
-1992
-2181
-2360
-2532
-2693
-2849
-3002
-3149
-3293
-3437
-3579
-3722
-3866
-4013
-4163
-4317
-4475
-4640
-4808
-4982
-5164
-5350
-5541
-5740
-5942
-6148
-6360
-6572
-6789
-7005
-7223
-7438
-7653
-7862
-8065
-8261
-8450
-8629
-8794
-8949
-9089
-9212
-9316
-9400
-9466
-9509
-9528
-9523
-9492
-9436
-9354
-9242
-9105
-8937
-8741
-8519
-8267
-7987
-7681
-7348
-6989
-6604
-6197
-5768
-5314
-4845
-4356
-3852
-3334
-2803
-2263
-1713
-1160
-601
-41
520
1076
1628
2175
2710
3236
3749
4248
4731
5194
5641
6066
6471
6854
7211
7548
7858
8142
8405
8639
8854
9040
9204
9346
9466
9564
9641
9699
9739
9765
9774
9770
9755
9730
9696
9655
9610
9559
9507
9454
9402
9355
9307
9267
9232
9203
9183
9170
9168
9173
9187
9212
9245
9289
9341
9398
9465
9540
9618
9701
9785
9870
9957
10042
10122
10199
10267
10326
10375
10412
10435
10438
10426
10391
10336
10259
10157
10028
9872
9689
9477
9236
8963
8662
8331
7968
7575
7154
6704
6226
5724
5196
4645
4070
3478
2868
2245
1607
961
308
-349
-1007
-1665
-2316
-2958
-3591
-4207
-4808
-5388
-5944
-6475
-6976
-7447
-7883
-8280
-8640
-8963
-9240
-9475
-9667
-9812
-9911
-9962
-9968
-9927
-9842
-9711
-9532
-9317
-9056
-8755
-8420
-8049
-7644
-7211
-6751
-6269
-5765
-5245
-4714
-4173
-3629
-3080
-2535
-1999
-1471
-959
-464
7
455
870
1256
1606
1918
2189
2415
2596
2730
2813
2846
2827
2757
2633
2453
2223
1939
1606
1221
787
305
-220
-789
-1396
-2042
-2722
-3433
-4171
-4933
-5712
-6509
-7319
-8134
-8956
-9774
-10587
-11394
-12185
-12958
-13711
-14439
-15137
-15803
-16432
-17024
-17572
-18076
-18533
-18941
-19296
-19600
-19851
-20044
-20182
-20263
-20286
-20254
-20167
-20025
-19826
-19577
-19277
-18926
-18527
-18083
-17599
-17072
-16510
-15915
-15288
-14630
-13951
-13249
-12533
-11800
-11056
-10305
-9550
-8795
-8041
-7294
-6554
-5826
-5112
-4413
-3734
-3075
-2439
-1826
-1239
-679
-148
356
830
1273
1691
2074
2431
2761
3060
3335
3580
3804
4003
4182
4342
4482
4606
4716
4813
4900
4979
5049
5118
5181
5245
5309
5377
5450
5526
5611
5704
5806
5921
6046
6183
6331
6494
6670
6858
7059
7270
7495
7732
7978
8236
8500
8771
9050
9330
9614
9901
10186
10471
10752
11028
11296
11556
11807
12044
12270
12480
12674
12849
13007
13146
13263
13359
13433
13483
13512
13517
13498
13456
13390
13302
13193
13060
12909
12736
12546
12338
12112
11873
11620
11354
11078
10793
10502
10205
9905
9599
9297
8993
8692
8396
8105
7821
7544
7278
7020
6775
6542
6319
6112
5917
5736
5566
5413
5272
5143
5028
4924
4830
4749
4675
4611
4551
4499
4451
4407
4364
4322
4276
4230
4177
4122
4059
3988
3906
3816
3711
3598
3468
3325
3166
2993
2804
2599
2380
2142
1891
1623
1342
1048
742
422
93
-247
-592
-944
-1301
-1660
-2020
-2378
-2735
-3086
-3430
-3764
-4088
-4399
-4696
-4973
-5234
-5475
-5693
-5888
-6061
-6206
-6324
-6413
-6477
-6510
-6515
-6489
-6433
-6349
-6238
-6095
-5927
-5734
-5517
-5275
-5012
-4728
-4426
-4110
-3781
-3437
-3085
-2726
-2366
-2003
-1642
-1284
-933
-593
-265
50
348
625
882
1114
1321
1499
1648
1770
1855
1911
1932
1920
1869
1787
1671
1521
1336
1122
873
594
288
-45
-403
-782
-1181
-1601
-2032
-2478
-2933
-3393
-3858
-4320
-4782
-5239
-5684
-6118
-6538
-6937
-7316
-7673
-8004
-8305
-8576
-8817
-9020
-9189
-9319
-9411
-9468
-9480
-9455
-9388
-9283
-9137
-8955
-8737
-8480
-8190
-7870
-7517
-7135
-6730
-6302
-5856
-5393
-4915
-4428
-3937
-3439
-2942
-2452
-1966
-1495
-1036
-595
-176
217
584
921
1223
1488
1716
1905
2049
2151
2208
2219
2182
2100
1971
1794
1567
1301
987
629
231
-206
-681
-1190
-1732
-2303
-2898
-3516
-4153
-4805
-5470
-6139
-6814
-7489
-8157
-8816
-9465
-10097
-10706
-11292
-11850
-12376
-12868
-13320
-13731
-14100
-14420
-14691
-14911
-15080
-15193
-15253
-15255
-15200
-15087
-14920
-14695
-14415
-14078
-13687
-13247
-12753
-12211
-11624
-10993
-10320
-9609
-8864
-8086
-7282
-6451
-5598
-4729
-3843
-2949
-2047
-1142
-238
663
1553
2434
3302
4153
4980
5787
6568
7321
8039
8731
9384
10003
10586
11128
11635
12097
12519
12904
13247
13550
13813
14036
14225
14370
14486
14562
14609
14622
14606
14559
14489
14393
14275
14138
13979
13804
13616
13416
13204
12981
12752
12515
12278
12036
11792
11547
11302
11059
10820
10581
10345
10114
9887
9661
9442
9225
9011
8800
8592
8386
8179
7976
7771
7564
7356
7145
6930
6710
6487
6255
6018
5772
5519
5258
4985
4704
4412
4112
3801
3478
3150
2808
2457
2100
1735
1361
980
598
208
-181
-573
-964
-1354
-1740
-2121
-2495
-2861
-3216
-3560
-3891
-4206
-4504
-4784
-5043
-5281
-5495
-5687
-5852
-5992
-6103
-6187
-6244
-6269
-6268
-6234
-6173
-6082
-5962
-5816
-5638
-5438
-5212
-4958
-4685
-4388
-4073
-3739
-3390
-3024
-2646
-2261
-1866
-1467
-1064
-659
-256
145
540
927
1305
1668
2022
2360
2679
2979
3260
3521
3759
3972
4164
4328
4469
4585
4676
4741
4784
4801
4794
4765
4713
4643
4555
4446
4322
4185
4036
3874
3706
3527
3346
3161
2978
2793
2612
2435
2265
2102
1953
1811
1685
1571
1475
1392
1325
1279
1248
1237
1241
1264
1305
1364
1438
1528
1631
1747
1874
2011
2156
2308
2463
2621
2778
2934
3085
3227
3363
3486
3598
3691
3767
3822
3857
3865
3849
3807
3733
3632
3499
3334
3137
2906
2645
2346
2019
1659
1265
844
393
-86
-589
-1117
-1664
-2234
-2818
-3416
-4026
-4645
-5266
-5890
-6513
-7129
-7737
-8334
-8915
-9477
-10017
-10531
-11017
-11472
-11892
-12275
-12617
-12919
-13175
-13385
-13547
-13661
-13723
-13735
-13696
-13603
-13459
-13264
-13015
-12720
-12374
-11980
-11543
-11064
-10540
-9981
-9386
-8758
-8103
-7421
-6718
-5999
-5262
-4518
-3767
-3016
-2267
-1524
-793
-75
623
1299
1945
2563
3149
3697
4204
4667
5086
5457
5778
6047
6264
6428
6534
6587
6583
6525
6409
6242
6020
5748
5424
5052
4634
4174
3675
3135
2562
1960
1330
675
-1
-690
-1395
-2106
-2820
-3536
-4249
-4951
-5644
-6320
-6979
-7614
-8222
-8804
-9350
-9864
-10339
-10776
-11170
-11520
-11826
-12085
-12298
-12462
-12577
-12644
-12663
-12634
-12557
-12433
-12265
-12053
-11797
-11499
-11168
-10794
-10389
-9953
-9488
-8995
-8479
-7941
-7389
-6818
-6235
-5644
-5047
-4443
-3840
-3238
-2642
-2048
-1464
-894
-334
210
741
1252
1746
2220
2672
3104
3513
3900
4266
4607
4930
5229
5509
5767
6005
6227
6431
6616
6789
6949
7095
7229
7357
7473
7585
7692
7792
7893
7992
8091
8192
8292
8399
8507
8621
8738
8861
8993
9130
9268
9417
9570
9728
9892
10057
10229
10402
10576
10748
10922
11094
11260
11423
11580
11729
11870
11998
12118
12222
12310
12388
12442
12481
12501
12502
12479
12437
12369
12280
12167
12034
11875
11692
11487
11260
11008
10737
10444
10132
9802
9453
9090
8712
8316
7914
7501
7078
6650
6217
5782
5346
4910
4476
4047
3626
3210
2806
2411
2030
1660
1307
969
649
343
58
-211
-459
-689
-900
-1092
-1266
-1423
-1561
-1682
-1789
-1882
-1961
-2028
-2083
-2130
-2169
-2203
-2230
-2256
-2281
-2306
-2332
-2362
-2400
-2441
-2492
-2553
-2622
-2709
-2805
-2915
-3043
-3183
-3341
-3514
-3704
-3909
-4132
-4369
-4624
-4889
-5168
-5461
-5765
-6076
-6396
-6723
-7053
-7386
-7720
-8052
-8379
-8699
-9011
-9313
-9603
-9875
-10131
-10368
-10583
-10772
-10937
-11074
-11181
-11256
-11301
-11310
-11287
-11228
-11135
-11001
-10836
-10631
-10391
-10117
-9805
-9462
-9086
-8681
-8242
-7779
-7291
-6777
-6244
-5693
-5125
-4545
-3954
-3358
-2757
-2156
-1555
-961
-379
196
754
1296
1814
2311
2780
3223
3634
4012
4353
4661
4930
5161
5350
5496
5604
5670
5693
5677
5620
5523
5390
5217
5009
4770
4498
4197
3869
3519
3146
2757
2354
1937
1512
1082
652
223
-198
-614
-1017
-1404
-1774
-2122
-2445
-2742
-3011
-3248
-3451
-3619
-3748
-3843
-3895
-3909
-3881
-3814
-3705
-3557
-3366
-3139
-2874
-2573
-2239
-1871
-1473
-1050
-601
-129
359
865
1382
1909
2441
2973
3505
4032
4547
5050
5535
6005
6444
6863
7248
7603
7922
8202
8443
8641
8796
8902
8964
8978
8943
8857
8725
8541
8311
8032
7707
7338
6922
6468
5974
5440
4874
4277
3651
2999
2327
1634
929
210
-513
-1242
-1970
-2694
-3409
-4113
-4801
-5470
-6118
-6739
-7333
-7894
-8420
-8909
-9359
-9768
-10133
-10453
-10728
-10953
-11131
-11260
-11340
-11371
-11355
-11289
-11173
-11015
-10811
-10563
-10274
-9945
-9577
-9175
-8742
-8276
-7782
-7263
-6725
-6169
-5594
-5008
-4412
-3809
-3204
-2594
-1990
-1389
-796
-212
357
913
1452
1970
2469
2945
3400
3826
4226
4602
4949
5267
5557
5819
6053
6259
6435
6585
6709
6805
6879
6927
6954
6959
6944
6909
6857
6788
6708
6613
6504
6387
6260
6126
5984
5838
5689
5533
5376
5218
5058
4898
4740
4580
4421
4262
4104
3946
3791
3631
3476
3318
3159
2998
2834
2666
2495
2319
2136
1949
1752
1549
1336
1116
885
643
392
128
-147
-434
-731
-1040
-1361
-1694
-2035
-2389
-2749
-3118
-3497
-3880
-4268
-4660
-5056
-5451
-5845
-6236
-6623
-7005
-7379
-7740
-8091
-8430
-8752
-9054
-9339
-9602
-9841
-10054
-10240
-10399
-10530
-10628
-10696
-10731
-10730
-10698
-10628
-10524
-10385
-10212
-10002
-9759
-9483
-9173
-8833
-8461
-8061
-7631
-7176
-6700
-6200
-5680
-5143
-4588
-4022
-3446
-2863
-2272
-1681
-1088
-499
85
664
1229
1787
2326
2849
3354
3840
4301
4740
5151
5540
5898
6229
6530
6803
7048
7261
7446
7603
7731
7832
7908
7957
7984
7985
7970
7936
7884
7817
7736
7647
7548
7444
7335
7225
7118
7012
6911
6815
6729
6656
6595
6546
6515
6500
6503
6527
6568
6629
6709
6813
6935
7078
7240
7420
7617
7832
8060
8302
8555
8816
9089
9362
9643
9920
10196
10467
10734
10987
11227
11452
11663
11848
12013
12150
12261
12339
12388
12402
12378
12319
12221
12084
11905
11684
11426
11125
10782
10399
9977
9515
9018
8482
7914
7312
6681
6025
5342
4637
3916
3178
2426
1668
904
138
-623
-1381
-2130
-2863
-3580
-4276
-4949
-5593
-6208
-6787
-7329
-7835
-8294
-8713
-9087
-9410
-9685
-9910
-10081
-10204
-10272
-10289
-10253
-10165
-10031
-9846
-9611
-9335
-9013
-8652
-8251
-7815
-7349
-6851
-6332
-5786
-5228
-4651
-4065
-3474
-2882
-2291
-1706
-1131
-572
-29
490
987
1450
1883
2281
2638
2956
3232
3459
3641
3771
3852
3882
3858
3783
3655
3475
3242
2958
2623
2240
1812
1338
820
264
-331
-960
-1622
-2313
-3028
-3765
-4518
-5288
-6068
-6855
-7647
-8436
-9221
-9997
-10763
-11516
-12247
-12960
-13647
-14306
-14935
-15532
-16094
-16619
-17105
-17549
-17952
-18313
-18628
-18900
-19126
-19307
-19443
-19534
-19581
-19584
-19544
-19463
-19340
-19178
-18983
-18748
-18482
-18184
-17858
-17502
-17122
-16719
-16295
-15851
-15393
-14921
-14436
-13942
-13440
-12934
-12422
-11908
-11393
-10881
-10369
-9862
-9359
-8860
-8370
-7885
-7408
-6939
-6478
-6026
-5581
-5142
-4714
-4292
-3875
-3464
-3059
-2659
-2263
-1869
-1478
-1088
-697
-308
85
477
874
1275
1678
2087
2500
2920
3345
3776
4212
4654
5103
5556
6015
6479
6945
7413
7884
8355
8826
9295
9762
10224
10680
11130
11572
12002
12421
12826
13213
13590
13945
14280
14594
14889
15156
15401
15621
15811
15977
16112
16220
16297
16347
16365
16355
16317
16250
16152
16027
15877
15702
15500
15277
15030
14764
14481
14180
13864
13533
13195
12845
12486
12127
11763
11396
11032
10673
10315
9967
9624
9294
8976
8670
8378
8105
7845
7603
7383
7178
6993
6827
6679
6553
6444
6353
6278
6220
6178
6149
6133
6130
6135
6151
6170
6195
6222
6249
6276
6297
6317
6325
6327
6317
6294
6257
6202
6131
6041
5930
5797
5644
5466
5265
5040
4791
4522
4225
3906
3564
3202
2819
2416
1995
1560
1108
647
171
-307
-797
-1287
-1778
-2268
-2751
-3230
-3698
-4154
-4593
-5014
-5417
-5796
-6149
-6476
-6773
-7041
-7274
-7471
-7633
-7758
-7846
-7894
-7905
-7873
-7805
-7698
-7552
-7368
-7148
-6891
-6602
-6280
-5927
-5549
-5148
-4719
-4272
-3809
-3331
-2844
-2346
-1848
-1346
-847
-353
130
600
1053
1489
1904
2292
2652
2982
3278
3539
3762
3947
4089
4189
4248
4259
4229
4154
4033
3868
3660
3408
3114
2780
2411
2003
1561
1088
584
58
-497
-1066
-1654
-2256
-2866
-3482
-4099
-4716
-5329
-5933
-6523
-7098
-7656
-8189
-8697
-9176
-9625
-10035
-10414
-10754
-11051
-11308
-11521
-11691
-11812
-11891
-11921
-11907
-11848
-11742
-11594
-11400
-11170
-10898
-10588
-10244
-9867
-9460
-9027
-8567
-8089
-7593
-7082
-6561
-6034
-5499
-4967
-4439
-3918
-3408
-2908
-2430
-1969
-1535
-1124
-744
-391
-77
203
446
651
817
938
1021
1062
1059
1015
929
803
635
431
187
-91
-402
-745
-1118
-1515
-1939
-2380
-2842
-3318
-3808
-4301
-4803
-5306
-5807
-6302
-6792
-7269
-7730
-8175
-8600
-9001
-9379
-9728
-10043
-10328
-10579
-10793
-10971
-11110
-11209
-11269
-11285
-11264
-11198
-11092
-10947
-10762
-10538
-10273
-9975
-9639
-9271
-8872
-8441
-7984
-7500
-6991
-6465
-5915
-5352
-4774
-4185
-3585
-2979
-2371
-1759
-1149
-538
66
663
1249
1829
2395
2950
3487
4011
4516
5001
5472
5922
6350
6760
7152
7520
7870
8199
8508
8801
9072
9328
9567
9788
9994
10184
10364
10528
10681
10822
10956
11077
11191
11297
11396
11489
11576
11657
11733
11803
11871
11931
11989
12041
12088
12129
12166
12194
12215
12231
12237
12235
12220
12196
12161
12113
12048
11972
11878
11766
11638
11492
11325
11139
10932
10701
10451
10178
9884
9566
9223
8863
8479
8074
7647
7200
6737
6253
5752
5238
4709
4168
3616
3054
2490
1917
1345
773
201
-364
-923
-1470
-2007
-2532
-3037
-3522
-3990
-4434
-4851
-5241
-5600
-5931
-6228
-6492
-6722
-6915
-7070
-7191
-7274
-7317
-7322
-7291
-7222
-7116
-6973
-6798
-6590
-6350
-6078
-5780
-5453
-5106
-4733
-4343
-3936
-3513
-3081
-2639
-2190
-1739
-1289
-840
-397
40
463
875
1273
1649
2007
2344
2654
2942
3201
3430
3631
3803
3943
4050
4127
4174
4188
4171
4127
4051
3947
3818
3664
3488
3290
3073
2839
2592
2332
2063
1784
1504
1221
940
660
388
122
-130
-369
-592
-798
-983
-1150
-1290
-1408
-1498
-1562
-1599
-1607
-1588
-1538
-1460
-1354
-1221
-1062
-878
-668
-435
-184
86
377
679
993
1317
1647
1981
2316
2650
2978
3300
3609
3904
4185
4443
4680
4892
5077
5232
5353
5443
5498
5513
5492
5431
5329
5186
5002
4777
4513
4206
3865
3479
3060
2606
2119
1598
1051
480
-119
-735
-1369
-2015
-2670
-3337
-4005
-4669
-5331
-5983
-6625
-7250
-7855
-8440
-8996
-9524
-10018
-10476
-10894
-11272
-11606
-11896
-12137
-12327
-12466
-12555
-12593
-12575
-12505
-12382
-12206
-11981
-11702
-11378
-11003
-10583
-10122
-9620
-9077
-8503
-7894
-7257
-6594
-5912
-5214
-4498
-3773
-3042
-2311
-1577
-855
-141
561
1243
1904
2542
3152
3729
4272
4779
5246
5670
6051
6388
6675
6913
7105
7245
7334
7373
7361
7301
7190
7031
6824
6571
6277
5941
5564
5149
4702
4221
3711
3176
2616
2036
1442
831
212
-416
-1046
-1677
-2305
-2931
-3545
-4150
-4740
-5313
-5870
-6402
-6913
-7398
-7858
-8289
-8690
-9061
-9399
-9707
-9981
-10221
-10428
-10604
-10744
-10856
-10932
-10980
-10998
-10983
-10943
-10875
-10783
-10666
-10529
-10369
-10190
-9993
-9778
-9549
-9308
-9054
-8790
-8516
-8236
-7949
-7657
-7361
-7059
-6757
-6454
-6149
-5843
-5537
-5229
-4925
-4619
-4313
-4008
-3704
-3399
-3093
-2786
-2475
-2164
-1850
-1530
-1208
-880
-547
-209
137
490
851
1221
1597
1983
2379
2784
3199
3620
4052
4490
4940
5395
5856
6322
6795
7270
7750
8229
8707
9182
9658
10126
10589
11043
11487
11920
12336
12737
13123
13486
13829
14149
14444
14713
14955
15167
15348
15497
15616
15700
15749
15764
15743
15690
15597
15472
15310
15115
14889
14627
14332
14010
13659
13282
12876
12449
11998
11532
11044
10542
10028
9504
8970
8435
7893
7352
6815
6281
5754
5237
4732
4240
3763
3301
2860
2444
2046
1673
1320
996
697
425
177
-43
-237
-405
-548
-667
-763
-837
-889
-923
-937
-939
-923
-899
-863
-818
-769
-716
-662
-610
-561
-520
-484
-460
-450
-451
-469
-504
-559
-634
-731
-848
-990
-1157
-1349
-1562
-1801
-2064
-2348
-2657
-2988
-3337
-3707
-4091
-4492
-4908
-5334
-5770
-6211
-6657
-7103
-7548
-7988
-8423
-8845
-9254
-9649
-10022
-10376
-10705
-11005
-11277
-11516
-11723
-11893
-12023
-12114
-12165
-12172
-12135
-12056
-11932
-11765
-11549
-11291
-10990
-10644
-10260
-9834
-9368
-8869
-8334
-7766
-7171
-6548
-5903
-5237
-4554
-3859
-3153
-2439
-1723
-1010
-301
400
1090
1762
2416
3047
3653
4228
4772
5282
5754
6186
6574
6923
7223
7480
7685
7845
7954
8015
8026
7990
7905
7775
7597
7379
7118
6816
6477
6105
5697
5264
4805
4321
3819
3298
2768
2230
1686
1142
600
63
-462
-976
-1474
-1950
-2404
-2832
-3233
-3602
-3937
-4237
-4498
-4724
-4907
-5049
-5151
-5210
-5228
-5202
-5134
-5025
-4876
-4689
-4462
-4200
-3905
-3578
-3224
-2840
-2435
-2008
-1562
-1101
-633
-149
336
822
1306
1788
2259
2721
3169
3597
4006
4391
4752
5082
5385
5656
5892
6093
6256
6381
6470
6520
6529
6498
6427
6321
6176
5991
5771
5518
5230
4912
4564
4190
3789
3368
2925
2466
1990
1504
1009
507
1
-503
-1009
-1507
-2000
-2482
-2951
-3408
-3846
-4265
-4665
-5039
-5391
-5717
-6017
-6288
-6529
-6744
-6925
-7080
-7200
-7293
-7355
-7389
-7393
-7372
-7320
-7245
-7143
-7021
-6874
-6709
-6525
-6320
-6102
-5871
-5627
-5375
-5113
-4843
-4568
-4290
-4008
-3727
-3447
-3168
-2894
-2625
-2359
-2099
-1848
-1604
-1368
-1141
-923
-713
-512
-320
-138
38
203
363
515
658
798
934
1062
1187
1313
1433
1555
1673
1791
1912
2034
2158
2282
2409
2540
2672
2810
2950
3094
3238
3385
3536
3687
3838
3989
4140
4288
4433
4573
4711
4840
4961
5071
5170
5260
5331
5392
5434
5456
5462
5446
5409
5349
5266
5157
5023
4862
4676
4463
4225
3956
3665
3343
2998
2629
2233
1815
1377
917
438
-58
-568
-1091
-1624
-2169
-2717
-3268
-3821
-4372
-4918
-5458
-5986
-6504
-7003
-7485
-7945
-8384
-8795
-9178
-9530
-9848
-10134
-10381
-10592
-10760
-10889
-10975
-11021
-11022
-10980
-10894
-10763
-10591
-10376
-10120
-9824
-9488
-9117
-8707
-8267
-7792
-7292
-6764
-6210
-5639
-5048
-4440
-3822
-3193
-2562
-1927
-1292
-663
-40
575
1175
1762
2327
2873
3395
3892
4361
4801
5209
5585
5926
6235
6506
6744
6946
7112
7242
7336
7399
7429
7426
7394
7333
7246
7135
7002
6850
6679
6496
6300
6094
5883
5668
5452
5241
5034
4836
4644
4469
4311
4167
4043
3942
3864
3814
3786
3789
3819
3877
3965
4084
4231
4407
4611
4845
5100
5383
5690
6017
6364
6728
7108
7496
7896
8302
8712
9121
9527
9929
10321
10700
11065
11411
11734
12034
12305
12548
12757
12932
13072
13170
13228
13244
13215
13144
13026
12863
12654
12400
12100
11755
11367
10936
10465
9954
9406
8826
8210
7566
6897
6202
5490
4759
4014
3261
2499
1739
978
222
-524
-1258
-1974
-2673
-3347
-3996
-4615
-5199
-5749
-6264
-6735
-7166
-7554
-7895
-8188
-8435
-8631
-8782
-8882
-8933
-8935
-8889
-8797
-8660
-8480
-8259
-7995
-7698
-7362
-6997
-6601
-6178
-5734
-5271
-4790
-4297
-3795
-3287
-2779
-2269
-1766
-1275
-793
-325
122
548
948
1323
1666
1979
2255
2497
2697
2860
2983
3065
3103
3096
3048
2958
2824
2648
2432
2175
1879
1546
1174
771
335
-131
-626
-1148
-1690
-2255
-2835
-3431
-4040
-4658
-5284
-5914
-6545
-7176
-7804
-8425
-9037
-9639
-10229
-10803
-11360
-11901
-12422
-12922
-13398
-13852
-14279
-14682
-15060
-15411
-15736
-16033
-16304
-16550
-16769
-16961
-17128
-17269
-17386
-17481
-17553
-17602
-17629
-17640
-17630
-17600
-17554
-17493
-17416
-17324
-17218
-17100
-16970
-16827
-16674
-16508
-16334
-16145
-15952
-15744
-15529
-15301
-15064
-14817
-14559
-14290
-14008
-13713
-13405
-13085
-12749
-12399
-12032
-11649
-11250
-10832
-10396
-9939
-9467
-8972
-8458
-7922
-7366
-6789
-6193
-5576
-4939
-4283
-3607
-2912
-2201
-1473
-730
25
796
1575
2362
3160
3962
4767
5572
6375
7176
7971
8758
9534
10294
11040
11771
12478
13163
13822
14453
15056
15628
16165
16666
17131
17557
17942
18289
18591
18853
19069
19242
19373
19458
19502
19501
19460
19377
19254
19094
18894
18660
18395
18098
17770
17417
17039
16640
16222
15788
15341
14882
14418
13946
13475
13003
12535
12073
11619
11178
10748
10336
9940
9566
9211
8878
8570
8285
8027
7795
7589
7411
7258
7131
7030
6956
6905
6875
6867
6878
6909
6954
7015
7086
7168
7258
7350
7446
7541
7634
7720
7798
7870
7924
7964
7987
7990
7971
7931
7864
7771
7650
7501
7322
7113
6874
6605
6305
5974
5613
5224
4809
4368
3899
3408
2897
2368
1821
1262
691
113
-474
-1061
-1646
-2230
-2806
-3371
-3923
-4459
-4975
-5468
-5937
-6376
-6786
-7164
-7502
-7806
-8069
-8291
-8468
-8609
-8699
-8745
-8745
-8701
-8611
-8476
-8297
-8075
-7811
-7506
-7166
-6788
-6377
-5934
-5462
-4966
-4447
-3910
-3357
-2792
-2221
-1642
-1065
-489
80
637
1182
1708
2216
2696
3149
3571
3963
4314
4629
4903
5134
5321
5461
5555
5601
5598
5549
5446
5298
5102
4860
4573
4240
3867
3452
3000
2515
1993
1442
866
265
-356
-994
-1645
-2307
-2972
-3640
-4309
-4973
-5627
-6270
-6897
-7504
-8094
-8655
-9189
-9694
-10165
-10603
-11003
-11366
-11686
-11967
-12206
-12400
-12554
-12663
-12726
-12752
-12732
-12672
-12571
-12430
-12254
-12043
-11798
-11521
-11216
-10886
-10528
-10154
-9758
-9348
-8927
-8495
-8058
-7617
-7176
-6736
-6303
-5875
-5458
-5055
-4666
-4297
-3945
-3613
-3304
-3021
-2763
-2531
-2326
-2151
-2002
-1884
-1792
-1731
-1695
-1688
-1708
-1751
-1821
-1912
-2024
-2157
-2309
-2475
-2656
-2850
-3054
-3267
-3485
-3707
-3932
-4156
-4376
-4594
-4805
-5007
-5201
-5383
-5553
-5706
-5844
-5965
-6070
-6155
-6220
-6266
-6290
-6296
-6280
-6241
-6184
-6108
-6011
-5895
-5758
-5608
-5439
-5256
-5058
-4847
-4623
-4388
-4146
-3892
-3633
-3370
-3101
-2830
-2557
-2282
-2007
-1735
-1464
-1196
-932
-672
-417
-168
76
315
547
772
993
1206
1418
1622
1824
2021
2215
2407
2597
2787
2977
3168
3362
3555
3756
3961
4170
4385
4609
4837
5076
5324
5577
5839
6113
6394
6685
6984
7291
7605
7927
8254
8587
8923
9262
9604
9945
10284
10620
10949
11274
11589
11895
12189
12466
12727
12969
13192
13391
13568
13715
13837
13929
13990
14017
14011
13970
13894
13781
13632
13446
13220
12957
12654
12320
11946
11536
11093
10615
10109
9572
9008
8416
7803
7167
6514
5846
5162
4471
3772
3068
2366
1666
971
286
-385
-1042
-1682
-2300
-2892
-3457
-3993
-4498
-4967
-5400
-5794
-6148
-6459
-6732
-6957
-7138
-7275
-7369
-7418
-7421
-7379
-7294
-7171
-7006
-6800
-6560
-6284
-5976
-5637
-5270
-4879
-4469
-4036
-3589
-3131
-2663
-2190
-1713
-1238
-769
-306
147
584
1008
1412
1793
2151
2480
2782
3052
3290
3494
3667
3800
3897
3960
3984
3973
3927
3845
3728
3580
3397
3186
2947
2683
2394
2086
1758
1414
1057
690
318
-62
-438
-814
-1183
-1545
-1896
-2233
-2554
-2852
-3131
-3384
-3611
-3810
-3978
-4113
-4215
-4284
-4321
-4319
-4283
-4209
-4104
-3961
-3787
-3577
-3338
-3069
-2770
-2445
-2099
-1727
-1342
-937
-519
-92
342
780
1221
1658
2090
2511
2922
3317
3692
4047
4378
4685
4959
5203
5412
5586
5724
5822
5880
5897
5875
5809
5701
5550
5358
5129
4856
4547
4200
3818
3404
2958
2486
1986
1463
919
361
-212
-796
-1385
-1980
-2575
-3165
-3748
-4320
-4876
-5420
-5942
-6438
-6910
-7352
-7763
-8140
-8479
-8779
-9040
-9259
-9435
-9568
-9654
-9696
-9692
-9645
-9552
-9416
-9233
-9012
-8745
-8440
-8099
-7724
-7314
-6872
-6405
-5911
-5393
-4856
-4303
-3740
-3161
-2578
-1991
-1403
-816
-238
333
891
1435
1962
2467
2951
3409
3841
4244
4614
4954
5259
5529
5763
5962
6124
6248
6333
6381
6392
6370
6309
6214
6086
5927
5733
5512
5262
4988
4688
4366
4023
3663
3285
2893
2489
2073
1654
1222
789
354
-83
-518
-952
-1381
-1805
-2221
-2631
-3029
-3421
-3801
-4171
-4526
-4871
-5204
-5522
-5830
-6124
-6404
-6672
-6929
-7174
-7408
-7628
-7842
-8041
-8234
-8416
-8589
-8756
-8916
-9068
-9209
-9347
-9479
-9603
-9721
-9834
-9942
-10042
-10135
-10220
-10299
-10370
-10431
-10487
-10529
-10561
-10580
-10587
-10580
-10557
-10518
-10463
-10389
-10294
-10177
-10040
-9881
-9696
-9485
-9250
-8987
-8697
-8378
-8030
-7653
-7248
-6810
-6344
-5850
-5326
-4775
-4195
-3589
-2957
-2300
-1623
-923
-204
533
1285
2052
2827
3610
4397
5192
5983
6774
7556
8332
9094
9845
10576
11286
11973
12634
13266
13865
14432
14963
15454
15907
16313
16676
16996
17267
17493
17668
17794
17872
17899
17878
17809
17690
17524
17315
17059
16763
16423
16047
15634
15186
14706
14199
13667
13112
12537
11945
11338
10724
10102
9478
8852
8228
7612
7005
6410
5827
5264
4720
4197
3699
3227
2781
2367
1981
1628
1303
1012
756
530
335
173
41
-61
-133
-179
-200
-197
-174
-129
-72
6
90
187
290
395
504
611
713
808
894
967
1026
1068
1092
1096
1076
1032
963
867
744
592
410
200
-39
-306
-602
-926
-1276
-1651
-2048
-2467
-2908
-3363
-3836
-4320
-4816
-5317
-5821
-6327
-6832
-7331
-7820
-8299
-8763
-9208
-9635
-10034
-10407
-10750
-11060
-11334
-11571
-11768
-11925
-12036
-12105
-12125
-12101
-12027
-11906
-11736
-11518
-11254
-10943
-10586
-10186
-9741
-9258
-8734
-8176
-7583
-6959
-6309
-5631
-4934
-4218
-3490
-2749
-2002
-1252
-502
241
981
1705
2416
3104
3772
4414
5025
5604
6147
6654
7120
7547
7927
8262
8551
8792
8982
9126
9218
9263
9258
9204
9106
8958
8768
8534
8259
7948
7597
7216
6800
6359
5892
5403
4896
4372
3840
3296
2748
2196
1649
1106
571
44
-466
-960
-1434
-1887
-2314
-2714
-3087
-3431
-3742
-4018
-4265
-4473
-4648
-4787
-4889
-4958
-4992
-4991
-4956
-4891
-4792
-4666
-4511
-4330
-4124
-3896
-3649
-3384
-3103
-2810
-2507
-2192
-1877
-1553
-1230
-911
-594
-282
21
314
592
860
1111
1346
1562
1759
1935
2090
2223
2334
2422
2487
2530
2551
2550
2528
2484
2422
2339
2239
2124
1992
1847
1687
1519
1341
1155
961
764
564
360
157
-44
-244
-440
-630
-815
-992
-1161
-1322
-1469
-1611
-1742
-1860
-1969
-2066
-2151
-2227
-2292
-2345
-2389
-2426
-2453
-2471
-2484
-2490
-2494
-2491
-2487
-2478
-2470
-2462
-2453
-2447
-2445
-2445
-2451
-2460
-2475
-2498
-2527
-2561
-2604
-2653
-2709
-2773
-2844
-2919
-3001
-3089
-3179
-3275
-3374
-3471
-3570
-3670
-3767
-3859
-3948
-4029
-4105
-4171
-4227
-4271
-4302
-4318
-4317
-4301
-4265
-4214
-4140
-4045
-3933
-3796
-3636
-3457
-3254
-3030
-2782
-2515
-2228
-1921
-1596
-1251
-894
-520
-135
262
669
1080
1498
1918
2336
2754
3164
3567
3962
4343
4710
5056
5384
5691
5971
6222
6446
6640
6799
6922
7010
7063
7077
7050
6985
6879
6733
6548
6321
6056
5752
5412
5036
4624
4180
3710
3208
2680
2129
1559
972
369
-244
-866
-1492
-2117
-2742
-3360
-3972
-4566
-5145
-5709
-6247
-6757
-7242
-7696
-8112
-8494
-8835
-9138
-9397
-9611
-9778
-9902
-9978
-10004
-9986
-9915
-9799
-9635
-9427
-9175
-8879
-8539
-8161
-7746
-7297
-6816
-6303
-5764
-5202
-4620
-4020
-3409
-2785
-2157
-1525
-892
-265
355
963
1561
2139
2697
3233
3744
4228
4678
5097
5485
5835
6147
6424
6663
6861
7022
7143
7225
7269
7276
7248
7184
7089
6964
6807
6625
6421
6194
5948
5685
5410
5127
4835
4539
4243
3950
3661
3383
3114
2858
2622
2405
2210
2036
1892
1776
1687
1629
1603
1612
1651
1725
1833
1973
2149
2357
2592
2860
3156
3479
3827
4195
4587
4995
5419
5857
6302
6754
7212
7667
8122
8567
9006
9432
9842
10234
10603
10950
11270
11558
11816
12041
12228
12380
12492
12563
12592
12583
12526
12430
12288
12107
11882
11617
11311
10966
10585
10167
9716
9233
8724
8189
7627
7045
6446
5831
5205
4571
3931
3291
2650
2014
1385
768
165
-424
-992
-1539
-2063
-2558
-3026
-3461
-3866
-4237
-4572
-4873
-5135
-5359
-5547
-5697
-5809
-5884
-5924
-5926
-5891
-5830
-5731
-5604
-5447
-5267
-5061
-4832
-4585
-4317
-4038
-3744
-3442
-3134
-2818
-2503
-2191
-1879
-1572
-1274
-987
-713
-451
-209
16
219
404
565
703
814
900
960
995
1001
980
931
859
758
632
479
304
107
-116
-357
-618
-898
-1195
-1510
-1835
-2175
-2525
-2884
-3250
-3625
-4005
-4389
-4773
-5161
-5545
-5932
-6314
-6693
-7069
-7440
-7806
-8163
-8517
-8863
-9201
-9533
-9856
-10174
-10484
-10789
-11085
-11374
-11660
-11939
-12213
-12481
-12746
-13007
-13267
-13521
-13773
-14023
-14270
-14515
-14760
-15003
-15242
-15482
-15717
-15951
-16181
-16411
-16633
-16850
-17061
-17265
-17461
-17646
-17822
-17985
-18135
-18270
-18388
-18486
-18563
-18620
-18652
-18658
-18637
-18588
-18508
-18394
-18248
-18065
-17848
-17591
-17295
-16959
-16585
-16166
-15706
-15205
-14660
-14075
-13449
-12782
-12074
-11324
-10538
-9717
-8859
-7967
-7048
-6095
-5120
-4121
-3099
-2062
-1007
58
1133
2210
3290
4369
5440
6504
7552
8586
9597
10587
11549
12482
13379
14242
15065
15845
16582
17271
17914
18504
19044
19530
19958
20336
20657
20920
21129
21281
21382
21426
21418
21359
21250
21093
20891
20647
20360
20036
19679
19289
18870
18425
17958
17472
16971
16459
15939
15412
14884
14359
13836
13324
12822
12333
11863
11409
10977
10567
10183
9827
9494
9195
8923
8681
8469
8289
8137
8015
7923
7858
7818
7804
7815
7847
7896
7964
8046
8141
8246
8356
8472
8590
8705
8818
8921
9016
9096
9164
9213
9244
9249
9233
9189
9119
9020
8888
8727
8533
8307
8048
7755
7430
7073
6684
6265
5818
5341
4840
4314
3768
3201
2618
2022
1414
798
178
-445
-1067
-1682
-2292
-2889
-3473
-4038
-4583
-5105
-5596
-6064
-6496
-6894
-7257
-7578
-7861
-8101
-8297
-8450
-8554
-8617
-8629
-8599
-8522
-8399
-8232
-8022
-7769
-7477
-7148
-6783
-6383
-5951
-5492
-5007
-4501
-3976
-3434
-2879
-2318
-1752
-1184
-617
-57
496
1033
1556
2060
2541
2996
3422
3818
4179
4506
4794
5041
5248
5413
5536
5613
5643
5630
5570
5467
5320
5131
4896
4622
4307
3958
3572
3151
2699
2220
1713
1184
634
67
-516
-1107
-1710
-2315
-2923
-3532
-4135
-4731
-5318
-5893
-6454
-6993
-7516
-8016
-8492
-8942
-9365
-9758
-10123
-10458
-10758
-11029
-11264
-11469
-11640
-11778
-11884
-11957
-12002
-12018
-12004
-11963
-11895
-11802
-11689
-11554
-11399
-11224
-11037
-10835
-10622
-10400
-10168
-9930
-9687
-9443
-9197
-8952
-8708
-8470
-8235
-8007
-7783
-7568
-7364
-7167
-6982
-6803
-6636
-6479
-6333
-6199
-6071
-5952
-5845
-5744
-5651
-5563
-5483
-5406
-5333
-5263
-5196
-5128
-5061
-4989
-4919
-4844
-4764
-4682
-4591
-4495
-4392
-4280
-4162
-4032
-3897
-3751
-3597
-3436
-3266
-3086
-2899
-2708
-2508
-2303
-2093
-1880
-1663
-1448
-1228
-1011
-797
-584
-376
-174
18
205
385
551
706
851
983
1096
1198
1284
1353
1408
1444
1467
1474
1461
1437
1394
1339
1272
1191
1100
997
887
767
648
520
389
261
133
10
-109
-218
-320
-407
-485
-543
-587
-611
-614
-595
-553
-485
-391
-272
-125
52
255
489
751
1041
1357
1704
2076
2471
2893
3337
3801
4284
4787
5300
5826
6364
6909
7457
8007
8556
9099
9636
10162
10672
11167
11643
12095
12521
12918
13287
13618
13916
14174
14393
14570
14702
14791
14834
14829
14775
14675
14527
14332
14089
13798
13465
13086
12664
12204
11701
11166
10595
9992
9364
8710
8030
7337
6627
5902
5172
4438
3705
2974
2249
1533
835
152
-509
-1146
-1754
-2336
-2883
-3393
-3866
-4302
-4694
-5044
-5349
-5609
-5822
-5990
-6111
-6188
-6218
-6204
-6143
-6041
-5898
-5718
-5498
-5244
-4956
-4642
-4299
-3933
-3546
-3140
-2723
-2293
-1856
-1417
-977
-539
-106
315
723
1114
1488
1841
2171
2471
2743
2983
3192
3367
3508
3610
3677
3706
3699
3653
3571
3452
3299
3110
2890
2638
2357
2048
1719
1364
987
597
190
-226
-646
-1076
-1509
-1936
-2362
-2779
-3186
-3579
-3954
-4311
-4648
-4959
-5242
-5498
-5723
-5919
-6078
-6203
-6292
-6346
-6362
-6341
-6284
-6188
-6060
-5894
-5695
-5464
-5200
-4906
-4588
-4242
-3875
-3486
-3080
-2658
-2225
-1782
-1330
-877
-423
28
474
911
1337
1749
2143
2519
2874
3203
3507
3782
4029
4242
4425
4572
4687
4764
4807
4817
4789
4728
4630
4498
4337
4141
3918
3664
3386
3083
2758
2414
2051
1674
1285
884
478
67
-347
-756
-1163
-1563
-1955
-2336
-2703
-3051
-3382
-3693
-3981
-4245
-4482
-4694
-4877
-5032
-5155
-5250
-5311
-5344
-5345
-5316
-5256
-5165
-5048
-4904
-4730
-4534
-4312
-4071
-3806
-3526
-3226
-2914
-2588
-2252
-1906
-1557
-1203
-846
-488
-134
214
561
897
1222
1537
1839
2126
2399
2655
2894
3112
3313
3493
3654
3792
3911
4010
4089
4145
4184
4201
4203
4183
4148
4094
4028
3946
3850
3744
3624
3496
3358
3209
3059
2900
2734
2563
2392
2217
2040
1861
1682
1501
1322
1140
961
779
601
419
237
57
-128
-315
-499
-691
-886
-1086
-1290
-1501
-1717
-1943
-2174
-2417
-2670
-2931
-3202
-3487
-3781
-4089
-4407
-4740
-5083
-5438
-5805
-6181
-6569
-6969
-7372
-7786
-8205
-8630
-9057
-9487
-9913
-10343
-10764
-11182
-11590
-11987
-12372
-12740
-13091
-13421
-13729
-14011
-14264
-14487
-14678
-14835
-14953
-15034
-15074
-15072
-15026
-14934
-14794
-14607
-14373
-14088
-13755
-13373
-12941
-12463
-11934
-11357
-10735
-10072
-9364
-8614
-7827
-7003
-6146
-5260
-4344
-3404
-2444
-1466
-475
528
1534
2545
3552
4554
5545
6524
7483
8424
9338
10224
11078
11893
12672
13407
14098
14743
15338
15880
16371
16806
17185
17505
17770
17976
18124
18213
18247
18223
18144
18012
17828
17593
17310
16982
16611
16199
15753
15270
14759
14219
13655
13073
12473
11861
11240
10613
9986
9360
8738
8124
7523
6937
6367
5817
5290
4788
4314
3865
3445
3060
2707
2385
2096
1841
1618
1431
1272
1147
1050
985
945
930
940
972
1021
1087
1167
1258
1358
1466
1574
1684
1790
1894
1987
2070
2142
2196
2234
2252
2249
2220
2168
2090
1985
1853
1693
1502
1281
1036
758
454
124
-234
-612
-1016
-1443
-1887
-2343
-2818
-3302
-3796
-4296
-4796
-5301
-5799
-6292
-6779
-7248
-7705
-8143
-8558
-8951
-9317
-9653
-9954
-10221
-10455
-10648
-10800
-10912
-10977
-11003
-10982
-10916
-10805
-10645
-10444
-10196
-9905
-9573
-9197
-8785
-8332
-7845
-7324
-6773
-6192
-5587
-4960
-4311
-3646
-2970
-2284
-1592
-896
-203
490
1173
1845
2504
3145
3765
4362
4934
5476
5989
6470
6913
7322
7691
8020
8309
8557
8762
8925
9045
9121
9158
9152
9107
9020
8896
8735
8539
8310
8049
7758
7440
7100
6737
6353
5951
5536
5109
4670
4228
3780
3332
2883
2438
1996
1564
1141
732
333
-50
-418
-766
-1098
-1406
-1697
-1965
-2214
-2438
-2640
-2823
-2982
-3119
-3235
-3333
-3410
-3470
-3511
-3535
-3547
-3541
-3525
-3497
-3459
-3412
-3357
-3296
-3232
-3164
-3090
-3019
-2947
-2877
-2806
-2740
-2678
-2617
-2564
-2514
-2469
-2431
-2398
-2371
-2347
-2329
-2317
-2308
-2301
-2301
-2301
-2303
-2307
-2307
-2310
-2309
-2304
-2298
-2286
-2269
-2245
-2215
-2176
-2129
-2072
-2005
-1928
-1843
-1746
-1640
-1524
-1394
-1257
-1108
-951
-787
-616
-437
-254
-62
128
322
515
710
902
1089
1270
1444
1609
1762
1905
2032
2145
2241
2320
2378
2414
2432
2422
2392
2335
2254
2148
2016
1861
1676
1468
1238
980
702
400
77
-264
-622
-995
-1382
-1783
-2191
-2609
-3029
-3452
-3877
-4296
-4712
-5119
-5515
-5897
-6263
-6609
-6935
-7238
-7512
-7760
-7977
-8161
-8312
-8429
-8507
-8545
-8549
-8512
-8433
-8315
-8158
-7961
-7724
-7451
-7139
-6792
-6409
-5997
-5552
-5076
-4579
-4056
-3515
-2954
-2381
-1796
-1201
-603
-6
591
1182
1763
2332
2884
3419
3930
4414
4871
5298
5689
6043
6361
6638
6871
7062
7209
7309
7364
7370
7331
7244
7113
6937
6715
6452
6148
5804
5424
5007
4562
4084
3581
3055
2510
1947
1372
786
198
-394
-983
-1568
-2143
-2705
-3251
-3778
-4283
-4758
-5208
-5625
-6006
-6353
-6660
-6927
-7151
-7332
-7466
-7560
-7604
-7603
-7556
-7465
-7329
-7149
-6927
-6664
-6363
-6024
-5650
-5245
-4806
-4342
-3856
-3346
-2823
-2283
-1730
-1171
-607
-44
518
1072
1621
2155
2673
3172
3652
4107
4535
4935
5305
5644
5948
6216
6450
6645
6803
6927
7008
7056
7066
7039
6979
6884
6757
6600
6416
6205
5969
5714
5436
5147
4841
4525
4203
3875
3546
3219
2895
2579
2271
1979
1699
1438
1197
979
785
615
474
361
278
226
207
217
262
337
445
584
753
953
1182
1435
1714
2020
2344
2691
3052
3430
3822
4221
4629
5039
5454
5866
6276
6679
7072
7452
7822
8176
8508
8819
9108
9374
9612
9819
10001
10151
10270
10356
10407
10427
10416
10367
10290
10178
10037
9863
9662
9430
9173
8892
8585
8259
7912
7549
7171
6777
6376
5966
5547
5129
4705
4283
3864
3451
3044
2645
2261
1886
1526
1183
855
548
257
-13
-262
-489
-694
-881
-1042
-1183
-1301
-1402
-1481
-1540
-1581
-1605
-1614
-1605
-1585
-1551
-1509
-1456
-1397
-1329
-1258
-1185
-1110
-1035
-963
-892
-826
-767
-712
-670
-634
-609
-594
-593
-599
-624
-659
-705
-767
-842
-927
-1027
-1135
-1257
-1392
-1534
-1688
-1846
-2016
-2191
-2370
-2554
-2742
-2932
-3123
-3316
-3506
-3696
-3881
-4064
-4245
-4419
-4588
-4750
-4907
-5056
-5200
-5336
-5467
-5591
-5709
-5820
-5926
-6028
-6128
-6222
-6317
-6411
-6505
-6600
-6697
-6799
-6906
-7020
-7142
-7274
-7417
-7567
-7735
-7914
-8108
-8319
-8548
-8794
-9056
-9337
-9636
-9955
-10294
-10649
-11022
-11414
-11820
-12242
-12681
-13129
-13590
-14061
-14539
-15022
-15509
-15997
-16483
-16965
-17440
-17902
-18355
-18791
-19210
-19603
-19975
-20316
-20628
-20906
-21146
-21347
-21507
-21621
-21687
-21704
-21672
-21586
-21445
-21250
-20997
-20686
-20317
-19890
-19405
-18858
-18257
-17598
-16885
-16118
-15298
-14425
-13508
-12544
-11540
-10495
-9415
-8298
-7155
-5987
-4796
-3588
-2369
-1141
92
1327
2554
3774
4979
6170
7338
8480
9593
10671
11713
12714
13673
14583
15445
16256
17012
17712
18354
18940
19461
19927
20331
20673
20954
21177
21340
21446
21495
21489
21431
21323
21167
20964
20719
20438
20118
19766
19384
18976
18546
18097
17635
17159
16675
16188
15701
15212
14732
14258
13796
13350
12918
12506
12114
11745
11399
11079
10785
10519
10280
10069
9887
9731
9603
9501
9427
9376
9347
9337
9348
9379
9422
9478
9545
9619
9700
9782
9866
9946
10019
10087
10144
10188
10216
10226
10219
10188
10134
10056
9951
9818
9657
9466
9245
8994
8710
8398
8057
7685
7285
6860
6407
5929
5429
4912
4374
3820
3253
2672
2085
1492
897
302
-290
-877
-1454
-2018
-2568
-3100
-3610
-4098
-4561
-4994
-5399
-5769
-6106
-6408
-6673
-6898
-7083
-7229
-7334
-7398
-7420
-7402
-7346
-7248
-7109
-6935
-6726
-6481
-6202
-5895
-5558
-5196
-4812
-4405
-3980
-3539
-3087
-2625
-2154
-1683
-1211
-741
-277
178
623
1054
1465
1860
2234
2583
2906
3200
3466
3700
3904
4073
4209
4310
4378
4407
4403
4362
4289
4179
4039
3864
3659
3424
3160
2869
2555
2218
1859
1482
1086
677
252
-181
-621
-1070
-1521
-1973
-2425
-2878
-3326
-3765
-4199
-4623
-5038
-5438
-5828
-6204
-6564
-6906
-7233
-7545
-7837
-8113
-8368
-8609
-8832
-9037
-9224
-9397
-9554
-9696
-9824
-9938
-10040
-10129
-10210
-10279
-10342
-10396
-10441
-10482
-10518
-10549
-10576
-10602
-10624
-10642
-10660
-10677
-10693
-10708
-10722
-10734
-10744
-10754
-10763
-10764
-10765
-10762
-10754
-10740
-10721
-10691
-10656
-10611
-10554
-10487
-10405
-10311
-10201
-10076
-9935
-9777
-9600
-9402
-9189
-8954
-8697
-8422
-8126
-7811
-7475
-7118
-6742
-6348
-5935
-5505
-5061
-4601
-4130
-3646
-3152
-2650
-2142
-1631
-1117
-605
-92
413
911
1403
1880
2346
2792
3221
3628
4015
4375
4707
5012
5288
5531
5740
5916
6058
6162
6232
6265
6261
6221
6144
6033
5886
5706
5495
5253
4982
4683
4361
4015
3650
3267
2868
2460
2041
1619
1191
766
345
-71
-476
-867
-1242
-1598
-1931
-2235
-2516
-2764
-2981
-3163
-3307
-3413
-3480
-3504
-3489
-3430
-3326
-3181
-2990
-2760
-2484
-2170
-1815
-1421
-993
-528
-33
493
1047
1622
2222
2837
3468
4110
4758
5410
6063
6710
7354
7983
8598
9198
9771
10322
10843
11334
11791
12208
12588
12928
13221
13469
13671
13823
13930
13983
13988
13943
13848
13703
13509
13271
12984
12654
12284
11871
11424
10938
10423
9878
9308
8715
8103
7476
6837
6189
5539
4886
4238
3591
2960
2339
1735
1153
590
55
-452
-929
-1373
-1781
-2154
-2487
-2783
-3039
-3254
-3428
-3559
-3653
-3703
-3715
-3689
-3625
-3525
-3392
-3226
-3032
-2808
-2558
-2289
-1999
-1694
-1374
-1045
-707
-365
-23
318
653
981
1297
1599
1885
2152
2399
2620
2816
2985
3125
3234
3311
3357
3368
3348
3293
3204
3083
2928
2743
2526
2279
2008
1708
1383
1039
672
288
-110
-522
-942
-1372
-1804
-2238
-2672
-3100
-3523
-3935
-4337
-4723
-5091
-5442
-5769
-6073
-6354
-6605
-6829
-7023
-7185
-7316
-7414
-7482
-7514
-7513
-7482
-7414
-7318
-7190
-7034
-6847
-6633
-6396
-6134
-5849
-5544
-5223
-4884
-4534
-4173
-3800
-3423
-3045
-2661
-2282
-1902
-1530
-1164
-811
-467
-137
180
475
756
1017
1256
1473
1670
1842
1992
2115
2219
2298
2353
2389
2399
2390
2360
2312
2245
2162
2064
1952
1829
1695
1554
1405
1250
1094
936
777
621
469
322
182
50
-73
-185
-287
-373
-450
-506
-553
-585
-599
-599
-580
-549
-504
-442
-365
-277
-175
-62
61
194
335
484
637
797
957
1121
1283
1446
1605
1761
1912
2056
2192
2321
2438
2547
2642
2728
2799
2857
2902
2936
2954
2958
2950
2928
2895
2848
2791
2724
2647
2560
2466
2365
2261
2150
2037
1922
1805
1693
1579
1473
1367
1268
1174
1092
1014
948
891
844
808
783
768
765
776
794
822
863
911
967
1028
1098
1172
1246
1325
1401
1477
1550
1616
1673
1724
1760
1785
1795
1788
1762
1712
1644
1552
1432
1286
1112
909
676
413
121
-206
-561
-948
-1367
-1815
-2293
-2799
-3331
-3888
-4467
-5069
-5690
-6326
-6980
-7644
-8315
-8991
-9669
-10347
-11022
-11688
-12338
-12978
-13597
-14195
-14764
-15303
-15812
-16284
-16718
-17106
-17448
-17744
-17989
-18180
-18317
-18397
-18416
-18379
-18279
-18117
-17895
-17610
-17264
-16856
-16389
-15862
-15280
-14640
-13947
-13205
-12412
-11575
-10692
-9774
-8820
-7835
-6820
-5783
-4727
-3656
-2574
-1485
-396
690
1772
2837
3890
4922
5929
6907
7854
8765
9638
10467
11251
11989
12676
13309
13889
14414
14882
15292
15645
15937
16175
16352
16474
16537
16547
16501
16407
16261
16072
15832
15556
15237
14883
14498
14083
13639
13177
12692
12194
11681
11161
10636
10109
9583
9061
8548
8044
7553
7079
6621
6184
5768
5378
5011
4669
4355
4068
3809
3579
3375
3201
3053
2929
2831
2757
2705
2673
2660
2665
2686
2718
2761
2812
2868
2929
2988
3049
3104
3153
3193
3224
3239
3243
3228
3198
3145
3074
2979
2860
2719
2554
2365
2150
1912
1651
1365
1057
729
379
9
-374
-776
-1191
-1617
-2051
-2492
-2936
-3384
-3831
-4272
-4710
-5137
-5554
-5957
-6344
-6710
-7057
-7378
-7674
-7941
-8182
-8388
-8561
-8702
-8803
-8871
-8900
-8892
-8846
-8763
-8639
-8479
-8280
-8047
-7779
-7475
-7139
-6773
-6376
-5952
-5505
-5034
-4541
-4032
-3506
-2967
-2418
-1860
-1299
-734
-171
391
946
1492
2025
2548
3056
3543
4012
4460
4883
5281
5656
6000
6316
6604
6860
7086
7281
7445
7578
7684
7756
7798
7811
7796
7757
7692
7598
7482
7350
7191
7017
6825
6617
6398
6165
5922
5672
5413
5152
4884
4616
4345
4075
3809
3543
3283
3025
2773
2528
2289
2059
1833
1615
1404
1202
1007
819
635
459
287
120
-40
-201
-356
-510
-665
-817
-970
-1124
-1281
-1441
-1602
-1769
-1938
-2114
-2294
-2476
-2666
-2861
-3062
-3266
-3476
-3689
-3906
-4125
-4345
-4567
-4788
-5010
-5230
-5444
-5653
-5855
-6049
-6235
-6409
-6571
-6718
-6848
-6962
-7058
-7132
-7187
-7218
-7225
-7208
-7165
-7094
-6997
-6873
-6721
-6540
-6331
-6094
-5830
-5541
-5224
-4881
-4516
-4128
-3720
-3293
-2847
-2386
-1914
-1430
-939
-441
59
560
1057
1551
2034
2508
2963
3406
3824
4224
4597
4941
5254
5539
5786
5994
6167
6299
6390
6437
6443
6403
6318
6188
6017
5800
5539
5238
4893
4510
4089
3633
3144
2622
2072
1496
897
278
-355
-1001
-1657
-2320
-2984
-3645
-4301
-4950
-5583
-6199
-6796
-7370
-7916
-8432
-8915
-9363
-9771
-10138
-10462
-10740
-10972
-11156
-11292
-11376
-11409
-11395
-11328
-11210
-11044
-10827
-10566
-10257
-9906
-9513
-9081
-8610
-8107
-7571
-7010
-6422
-5814
-5190
-4551
-3903
-3248
-2590
-1934
-1283
-642
-10
603
1195
1767
2311
2829
3313
3764
4179
4555
4893
5187
5440
5649
5813
5934
6010
6041
6027
5973
5875
5738
5561
5348
5100
4819
4508
4171
3807
3423
3021
2605
2174
1738
1294
851
408
-31
-460
-878
-1282
-1670
-2036
-2379
-2698
-2988
-3249
-3481
-3676
-3838
-3966
-4057
-4112
-4131
-4109
-4053
-3959
-3830
-3666
-3468
-3238
-2977
-2687
-2373
-2032
-1670
-1288
-890
-476
-52
382
819
1262
1704
2143
2574
2998
3409
3809
4193
4555
4897
5216
5509
5777
6016
6229
6409
6558
6675
6763
6817
6838
6828
6789
6716
6617
6491
6334
6155
5954
5729
5483
5222
4944
4653
4353
4046
3732
3414
3098
2783
2470
2164
1866
1584
1313
1056
815
595
397
218
62
-69
-176
-257
-311
-342
-344
-321
-271
-195
-96
27
173
341
530
737
960
1201
1455
1721
1998
2284
2574
2868
3165
3462
3757
4050
4337
4615
4884
5142
5389
5620
5838
6038
6223
6388
6538
6665
6771
6860
6928
6976
7004
7013
7003
6978
6932
6868
6790
6696
6593
6476
6346
6209
6064
5912
5755
5594
5432
5271
5105
4944
4787
4636
4488
4346
4213
4086
3971
3863
3766
3678
3601
3533
3477
3429
3390
3362
3342
3329
3322
3321
3328
3336
3345
3355
3368
3379
3386
3392
3389
3378
3361
3337
3300
3251
3192
3118
3027
2924
2804
2669
2517
2348
2161
1960
1740
1505
1251
985
703
409
102
-217
-543
-881
-1223
-1573
-1927
-2280
-2635
-2987
-3338
-3681
-4018
-4348
-4666
-4972
-5263
-5539
-5801
-6042
-6266
-6468
-6648
-6808
-6946
-7059
-7152
-7216
-7263
-7285
-7285
-7264
-7223
-7162
-7085
-6989
-6879
-6757
-6623
-6480
-6330
-6174
-6019
-5862
-5706
-5558
-5419
-5287
-5168
-5066
-4982
-4915
-4870
-4853
-4860
-4894
-4960
-5056
-5183
-5345
-5540
-5771
-6035
-6337
-6673
-7045
-7447
-7883
-8351
-8849
-9375
-9928
-10507
-11104
-11721
-12354
-12999
-13656
-14316
-14982
-15646
-16305
-16952
-17590
-18210
-18809
-19387
-19933
-20448
-20927
-21369
-21766
-22118
-22421
-22670
-22865
-23007
-23085
-23105
-23061
-22951
-22780
-22541
-22237
-21867
-21431
-20930
-20364
-19736
-19047
-18298
-17493
-16633
-15723
-14762
-13757
-12710
-11625
-10505
-9357
-8178
-6984
-5771
-4543
-3308
-2071
-833
398
1619
2825
4015
5181
6321
7428
8502
9541
10536
11487
12395
13254
14060
14815
15516
16162
16753
17285
17762
18182
18547
18856
19107
19308
19456
19553
19602
19605
19564
19480
19359
19200
19009
18790
18543
18272
17978
17670
17347
17013
16670
16322
15972
15623
15278
14939
14606
14284
13976
13680
13400
13136
12890
12661
12455
12267
12096
11948
11817
11707
11615
11539
11481
11436
11406
11387
11377
11377
11384
11394
11409
11421
11434
11442
11445
11438
11424
11396
11355
11298
11226
11132
11020
10885
10733
10552
10349
10123
9875
9596
9300
8974
8627
8257
7864
7450
7019
6569
6100
5620
5125
4618
4103
3583
3056
2527
2000
1475
956
444
-59
-548
-1024
-1481
-1921
-2341
-2737
-3108
-3454
-3771
-4060
-4318
-4548
-4743
-4910
-5042
-5141
-5206
-5241
-5245
-5214
-5156
-5068
-4950
-4805
-4638
-4445
-4230
-3996
-3742
-3472
-3190
-2897
-2591
-2279
-1965
-1645
-1327
-1011
-696
-389
-91
197
473
736
983
1212
1423
1616
1787
1939
2066
2173
2256
2315
2350
2365
2355
2322
2268
2192
2095
1979
1845
1692
1524
1340
1144
933
714
484
246
2
-248
-501
-756
-1014
-1270
-1524
-1777
-2027
-2272
-2513
-2749
-2978
-3200
-3415
-3622
-3825
-4019
-4208
-4386
-4560
-4730
-4892
-5052
-5206
-5357
-5506
-5655
-5802
-5947
-6097
-6249
-6403
-6562
-6726
-6894
-7070
-7252
-7442
-7641
-7846
-8061
-8285
-8518
-8758
-9006
-9263
-9525
-9795
-10070
-10352
-10632
-10919
-11204
-11489
-11772
-12050
-12322
-12586
-12838
-13081
-13310
-13520
-13714
-13888
-14036
-14165
-14266
-14336
-14380
-14389
-14366
-14312
-14219
-14087
-13921
-13715
-13471
-13188
-12865
-12502
-12103
-11662
-11185
-10673
-10124
-9544
-8928
-8289
-7618
-6922
-6204
-5467
-4711
-3942
-3162
-2375
-1583
-792
-1
780
1555
2312
3055
3778
4476
5147
5787
6395
6967
7499
7989
8437
8839
9194
9498
9753
9956
10108
10206
10251
10246
10187
10078
9921
9712
9454
9154
8811
8426
8004
7546
7056
6537
5994
5430
4845
4248
3638
3026
2410
1796
1188
588
2
-566
-1115
-1637
-2133
-2598
-3029
-3422
-3777
-4092
-4362
-4586
-4765
-4897
-4981
-5013
-4996
-4932
-4819
-4658
-4448
-4194
-3897
-3556
-3177
-2756
-2302
-1816
-1301
-759
-194
390
990
1603
2224
2851
3478
4103
4723
5332
5927
6507
7066
7602
8113
8595
9043
9459
9841
10183
10485
10747
10968
11146
11280
11373
11420
11423
11386
11306
11184
11027
10828
10597
10328
10032
9704
9350
8972
8571
8155
7723
7276
6822
6361
5898
5435
4974
4516
4071
3637
3214
2810
2423
2057
1716
1396
1102
838
599
390
211
61
-58
-149
-209
-240
-244
-220
-172
-98
-3
116
253
404
574
754
945
1146
1349
1556
1766
1970
2172
2368
2554
2727
2889
3035
3161
3270
3358
3424
3466
3484
3477
3443
3382
3298
3182
3042
2874
2680
2461
2220
1955
1668
1359
1032
686
327
-45
-428
-823
-1224
-1630
-2039
-2447
-2855
-3258
-3655
-4044
-4421
-4788
-5139
-5475
-5791
-6089
-6367
-6623
-6853
-7062
-7247
-7403
-7534
-7642
-7720
-7775
-7802
-7806
-7782
-7738
-7668
-7577
-7464
-7332
-7181
-7014
-6830
-6634
-6425
-6205
-5975
-5741
-5498
-5254
-5006
-4758
-4509
-4266
-4026
-3790
-3559
-3335
-3122
-2918
-2722
-2536
-2364
-2201
-2049
-1909
-1777
-1660
-1553
-1454
-1366
-1285
-1213
-1148
-1088
-1034
-982
-936
-890
-843
-796
-746
-694
-638
-574
-503
-425
-339
-243
-136
-19
109
250
402
568
744
932
1134
1347
1568
1804
2044
2296
2555
2819
3088
3359
3634
3908
4183
4452
4719
4978
5231
5472
5705
5919
6123
6310
6478
6628
6757
6863
6951
7013
7049
7063
7049
7011
6947
6858
6742
6602
6439
6249
6040
5808
5556
5287
4999
4695
4381
4052
3716
3370
3020
2669
2316
1966
1619
1278
946
625
321
29
-246
-503
-736
-950
-1136
-1299
-1435
-1546
-1629
-1682
-1707
-1703
-1674
-1614
-1529
-1417
-1280
-1122
-940
-737
-518
-281
-32
229
501
777
1054
1335
1612
1882
2145
2395
2630
2846
3042
3218
3363
3479
3569
3621
3637
3618
3555
3457
3315
3129
2900
2629
2313
1951
1550
1105
619
90
-474
-1076
-1713
-2380
-3075
-3800
-4546
-5311
-6093
-6889
-7692
-8498
-9307
-10113
-10911
-11697
-12464
-13215
-13941
-14639
-15303
-15932
-16522
-17069
-17569
-18019
-18420
-18765
-19053
-19280
-19449
-19556
-19597
-19577
-19490
-19341
-19126
-18849
-18505
-18105
-17639
-17120
-16541
-15908
-15227
-14496
-13719
-12902
-12046
-11156
-10234
-9288
-8319
-7331
-6327
-5317
-4299
-3284
-2269
-1260
-266
715
1676
2613
3525
4405
5254
6069
6843
7578
8269
8916
9514
10067
10572
11027
11431
11787
12096
12353
12561
12722
12839
12908
12935
12921
12869
12779
12653
12496
12309
12096
11858
11600
11322
11027
10721
10405
10081
9753
9422
9092
8765
8444
8128
7821
7525
7241
6974
6717
6476
6254
6049
5857
5688
5533
5397
5276
5171
5083
5009
4948
4898
4858
4831
4809
4794
4783
4775
4767
4759
4749
4733
4711
4684
4643
4596
4534
4460
4372
4268
4146
4007
3850
3680
3488
3277
3051
2803
2541
2263
1965
1654
1332
996
646
289
-76
-446
-824
-1199
-1579
-1954
-2328
-2692
-3051
-3401
-3737
-4059
-4369
-4656
-4926
-5173
-5399
-5601
-5777
-5928
-6049
-6142
-6208
-6243
-6246
-6223
-6170
-6085
-5972
-5829
-5661
-5464
-5242
-4997
-4724
-4435
-4122
-3791
-3445
-3083
-2711
-2326
-1934
-1533
-1129
-724
-313
88
491
887
1274
1651
2022
2375
2717
3044
3354
3645
3920
4176
4408
4624
4819
4992
5147
5280
5392
5485
5560
5616
5651
5672
5681
5670
5647
5611
5566
5511
5444
5372
5295
5212
5127
5039
4950
4859
4771
4683
4600
4518
4442
4369
4300
4237
4180
4126
4076
4033
3991
3956
3919
3889
3858
3826
3795
3762
3726
3683
3637
3582
3519
3444
3362
3268
3159
3034
2896
2739
2565
2373
2161
1929
1679
1407
1115
803
471
118
-253
-642
-1048
-1470
-1909
-2356
-2819
-3291
-3769
-4256
-4744
-5233
-5721
-6206
-6685
-7153
-7609
-8051
-8478
-8883
-9264
-9623
-9952
-10253
-10521
-10752
-10949
-11107
-11225
-11300
-11335
-11327
-11269
-11170
-11024
-10835
-10598
-10318
-9992
-9626
-9216
-8766
-8278
-7754
-7195
-6605
-5986
-5341
-4675
-3987
-3287
-2571
-1848
-1119
-393
335
1052
1760
2455
3129
3780
4404
5003
5567
6094
6583
7027
7428
7782
8086
8338
8539
8683
8774
8810
8787
8708
8576
8387
8142
7846
7498
7098
6652
6160
5626
5052
4441
3797
3122
2421
1698
957
200
-567
-1338
-2114
-2885
-3651
-4405
-5147
-5869
-6571
-7244
-7889
-8502
-9079
-9618
-10112
-10567
-10976
-11336
-11648
-11909
-12122
-12281
-12386
-12443
-12448
-12401
-12306
-12159
-11966
-11729
-11445
-11123
-10763
-10364
-9932
-9470
-8981
-8468
-7935
-7382
-6818
-6243
-5661
-5075
-4489
-3907
-3331
-2765
-2211
-1675
-1155
-656
-180
269
690
1085
1444
1776
2076
2341
2571
2769
2932
3061
3159
3224
3255
3258
3230
3180
3100
2998
2876
2734
2576
2404
2219
2023
1822
1617
1411
1204
1000
805
614
437
269
115
-20
-138
-239
-318
-374
-410
-421
-408
-374
-311
-227
-118
13
168
344
540
755
990
1240
1505
1783
2074
2370
2676
2986
3299
3613
3924
4232
4534
4828
5114
5385
5643
5885
6108
6316
6500
6665
6807
6925
7016
7086
7132
7149
7142
7108
7050
6968
6862
6734
6582
6411
6219
6010
5784
5545
5291
5026
4751
4468
4182
3888
3595
3302
3009
2721
2442
2166
1901
1648
1406
1178
966
767
590
426
282
157
52
-32
-98
-145
-173
-180
-170
-141
-94
-34
43
134
236
350
474
607
749
896
1047
1199
1355
1509
1663
1811
1959
2100
2235
2363
2483
2592
2693
2782
2859
2927
2983
3031
3064
3085
3098
3099
3091
3076
3050
3020
2983
2938
2894
2844
2794
2743
2693
2649
2608
2571
2542
2518
2507
2504
2513
2533
2566
2615
2675
2750
2843
2948
3071
3208
3359
3524
3701
3893
4096
4311
4534
4765
5004
5248
5495
5742
5989
6235
6476
6711
6936
7151
7353
7541
7710
7861
7991
8098
8182
8239
8267
8266
8237
8175
8082
7956
7796
7603
7376
7116
6824
6500
6144
5755
5342
4897
4425
3933
3415
2879
2324
1753
1170
576
-25
-630
-1238
-1842
-2444
-3039
-3621
-4191
-4749
-5283
-5800
-6291
-6755
-7196
-7600
-7976
-8315
-8621
-8894
-9125
-9319
-9476
-9593
-9671
-9710
-9713
-9680
-9612
-9509
-9372
-9205
-9011
-8789
-8543
-8277
-7991
-7692
-7380
-7059
-6730
-6401
-6072
-5748
-5431
-5127
-4835
-4562
-4308
-4080
-3879
-3707
-3565
-3461
-3389
-3357
-3365
-3413
-3505
-3640
-3818
-4035
-4301
-4609
-4958
-5350
-5780
-6247
-6752
-7289
-7862
-8459
-9085
-9734
-10400
-11083
-11780
-12483
-13190
-13900
-14605
-15301
-15988
-16656
-17305
-17930
-18526
-19090
-19620
-20105
-20553
-20955
-21307
-21605
-21851
-22044
-22175
-22246
-22257
-22207
-22092
-21915
-21674
-21372
-21008
-20579
-20094
-19547
-18946
-18288
-17578
-16818
-16012
-15160
-14270
-13340
-12380
-11387
-10369
-9328
-8269
-7195
-6113
-5022
-3932
-2841
-1759
-684
376
1422
2445
3446
4421
5366
6280
7159
8001
8807
9574
10297
10979
11620
12212
12763
13270
13734
14149
14526
14862
15152
15404
15618
15795
15938
16047
16124
16173
16193
16191
16165
16118
16055
15975
15884
15779
15668
15548
15424
15296
15170
15039
14913
14792
14672
14558
14452
14352
14258
14173
14096
14026
13964
13911
13863
13821
13785
13752
13725
13700
13674
13648
13624
13595
13563
13524
13477
13423
13358
13284
13195
13094
12979
12847
12697
12532
12347
12144
11921
11678
11416
11135
10836
10516
10180
9822
9451
9062
8657
8239
7809
7366
6917
6457
5994
5527
5055
4583
4113
3646
3184
2732
2286
1855
1432
1027
637
264
-88
-420
-730
-1020
-1283
-1523
-1736
-1926
-2088
-2225
-2337
-2422
-2482
-2518
-2529
-2517
-2482
-2428
-2350
-2259
-2147
-2024
-1883
-1733
-1570
-1401
-1227
-1046
-863
-678
-498
-317
-141
27
188
339
479
608
723
822
909
978
1032
1068
1086
1085
1071
1036
987
918
836
737
625
499
360
210
50
-120
-295
-477
-662
-852
-1041
-1231
-1420
-1603
-1786
-1960
-2129
-2287
-2440
-2581
-2711
-2829
-2935
-3030
-3110
-3178
-3233
-3277
-3306
-3325
-3333
-3329
-3317
-3296
-3268
-3234
-3195
-3155
-3113
-3073
-3032
-2997
-2968
-2946
-2931
-2930
-2942
-2967
-3008
-3066
-3145
-3242
-3362
-3506
-3670
-3859
-4075
-4313
-4577
-4866
-5180
-5517
-5878
-6260
-6664
-7089
-7529
-7990
-8459
-8946
-9442
-9941
-10452
-10959
-11468
-11973
-12469
-12959
-13434
-13894
-14332
-14749
-15143
-15503
-15835
-16129
-16389
-16608
-16786
-16919
-17006
-17044
-17032
-16970
-16855
-16686
-16465
-16192
-15865
-15483
-15049
-14565
-14028
-13445
-12814
-12138
-11421
-10664
-9871
-9042
-8186
-7300
-6394
-5468
-4525
-3573
-2614
-1654
-693
261
1203
2133
3044
3928
4789
5618
6414
7172
7887
8558
9182
9754
10276
10743
11154
11511
11804
12041
12217
12332
12389
12387
12326
12209
12036
11809
11528
11199
10824
10406
9945
9444
8913
8349
7757
7145
6513
5867
5209
4544
3876
3208
2548
1898
1257
637
36
-542
-1092
-1614
-2103
-2556
-2973
-3350
-3688
-3981
-4233
-4437
-4598
-4715
-4785
-4811
-4789
-4726
-4623
-4476
-4289
-4065
-3806
-3513
-3189
-2836
-2459
-2056
-1636
-1197
-744
-282
189
666
1142
1620
2090
2558
3014
3458
3885
4296
4688
5061
5408
5731
6030
6303
6545
6760
6946
7103
7228
7329
7398
7438
7455
7443
7404
7344
7260
7157
7034
6895
6741
6574
6395
6206
6014
5811
5610
5407
5203
5005
4810
4626
4445
4276
4117
3973
3843
3724
3623
3537
3468
3416
3379
3359
3354
3366
3394
3435
3491
3557
3636
3727
3822
3927
4036
4149
4265
4381
4496
4604
4710
4809
4898
4978
5046
5100
5138
5163
5166
5154
5120
5065
4993
4895
4777
4637
4474
4289
4083
3855
3604
3337
3047
2742
2417
2078
1723
1358
982
594
199
-202
-606
-1013
-1421
-1824
-2227
-2623
-3013
-3395
-3764
-4124
-4468
-4798
-5112
-5408
-5687
-5945
-6186
-6403
-6602
-6779
-6932
-7066
-7179
-7270
-7342
-7392
-7422
-7437
-7433
-7413
-7378
-7326
-7265
-7191
-7106
-7014
-6914
-6807
-6697
-6582
-6468
-6353
-6239
-6127
-6019
-5914
-5816
-5721
-5635
-5555
-5484
-5420
-5363
-5315
-5274
-5242
-5215
-5197
-5183
-5175
-5170
-5168
-5169
-5170
-5169
-5168
-5163
-5152
-5134
-5110
-5073
-5027
-4965
-4892
-4800
-4696
-4569
-4423
-4259
-4070
-3863
-3629
-3375
-3097
-2795
-2468
-2118
-1747
-1349
-934
-497
-40
435
927
1430
1951
2482
3022
3569
4117
4669
5221
5767
6310
6843
7365
7873
8363
8833
9281
9704
10103
10469
10805
11109
11375
11605
11796
11946
12058
12125
12152
12135
12076
11974
11830
11646
11417
11152
10847
10504
10130
9720
9282
8815
8323
7807
7272
6722
6155
5580
4998
4413
3827
3245
2668
2103
1550
1015
496
2
-470
-911
-1323
-1705
-2052
-2361
-2635
-2868
-3066
-3219
-3334
-3407
-3440
-3434
-3388
-3305
-3182
-3026
-2836
-2614
-2364
-2084
-1783
-1461
-1118
-764
-398
-23
357
737
1115
1486
1848
2196
2526
2834
3122
3382
3610
3807
3969
4095
4178
4220
4217
4173
4081
3942
3758
3523
3244
2916
2542
2123
1661
1156
612
29
-588
-1238
-1919
-2628
-3359
-4112
-4879
-5660
-6449
-7243
-8039
-8830
-9615
-10388
-11146
-11883
-12599
-13288
-13947
-14571
-15158
-15705
-16209
-16668
-17080
-17441
-17749
-18005
-18205
-18350
-18438
-18469
-18445
-18361
-18223
-18028
-17781
-17480
-17125
-16724
-16274
-15778
-15241
-14664
-14048
-13399
-12720
-12012
-11281
-10528
-9759
-8974
-8179
-7380
-6576
-5771
-4970
-4175
-3387
-2615
-1857
-1116
-398
301
973
1619
2237
2828
3385
3910
4403
4865
5292
5686
6047
6372
6667
6930
7162
7363
7535
7680
7801
7895
7966
8016
8045
8061
8058
8041
8011
7970
7924
7868
7806
7743
7677
7610
7541
7476
7413
7353
7296
7246
7201
7160
7125
7098
7073
7056
7043
7032
7028
7026
7027
7027
7028
7028
7027
7024
7015
6999
6980
6953
6911
6864
6809
6735
6651
6556
6443
6315
6174
6013
5839
5647
5438
5212
4974
4718
4448
4163
3865
3557
3233
2902
2562
2215
1863
1506
1146
786
428
74
-277
-619
-953
-1277
-1589
-1886
-2169
-2433
-2679
-2906
-3109
-3289
-3447
-3581
-3688
-3770
-3825
-3854
-3857
-3833
-3782
-3705
-3601
-3475
-3325
-3151
-2957
-2740
-2507
-2256
-1988
-1708
-1414
-1112
-801
-484
-164
160
484
804
1121
1434
1738
2031
2316
2587
2846
3088
3311
3522
3711
3882
4034
4163
4275
4364
4435
4486
4515
4528
4523
4499
4458
4405
4336
4255
4165
4064
3956
3840
3722
3600
3480
3358
3241
3128
3020
2918
2828
2748
2678
2621
2579
2551
2537
2540
2558
2596
2645
2713
2795
2893
3004
3132
3269
3418
3577
3744
3914
4093
4272
4454
4632
4806
4974
5136
5284
5419
5542
5644
5727
5789
5826
5837
5821
5776
5702
5592
5451
5276
5067
4820
4541
4226
3874
3487
3069
2617
2133
1619
1077
508
-83
-698
-1332
-1982
-2646
-3321
-4001
-4685
-5372
-6054
-6729
-7394
-8043
-8678
-9289
-9877
-10436
-10964
-11457
-11912
-12326
-12699
-13024
-13302
-13529
-13706
-13828
-13896
-13911
-13867
-13767
-13615
-13403
-13137
-12819
-12446
-12024
-11551
-11031
-10468
-9861
-9218
-8536
-7825
-7084
-6319
-5533
-4730
-3913
-3091
-2264
-1437
-616
199
1000
1779
2540
3272
3979
4650
5284
5879
6428
6932
7389
7795
8147
8444
8685
8871
8999
9067
9077
9030
8927
8764
8549
8278
7958
7587
7167
6703
6196
5651
5069
4454
3809
3143
2451
1744
1021
288
-450
-1191
-1929
-2665
-3388
-4097
-4792
-5467
-6119
-6746
-7344
-7909
-8444
-8941
-9400
-9821
-10199
-10538
-10834
-11088
-11296
-11462
-11585
-11665
-11701
-11700
-11656
-11575
-11457
-11305
-11118
-10900
-10654
-10379
-10082
-9763
-9424
-9071
-8699
-8321
-7930
-7534
-7133
-6732
-6331
-5934
-5539
-5153
-4776
-4409
-4052
-3712
-3383
-3071
-2773
-2493
-2229
-1984
-1755
-1542
-1349
-1170
-1007
-860
-724
-605
-494
-395
-307
-227
-152
-83
-17
49
112
178
243
316
392
475
566
665
775
896
1025
1169
1325
1493
1673
1868
2075
2294
2528
2769
3020
3287
3557
3839
4124
4418
4714
5011
5310
5608
5904
6196
6483
6760
7030
7289
7534
7765
7982
8182
8362
8523
8664
8785
8883
8955
9007
9032
9036
9011
8967
8894
8799
8682
8541
8379
8195
7992
7771
7531
7278
7010
6727
6437
6136
5826
5511
5195
4876
4557
4241
3929
3618
3319
3029
2746
2476
2218
1975
1748
1537
1341
1165
1003
862
740
634
549
481
429
393
375
374
385
410
448
495
552
616
688
765
844
924
1006
1086
1166
1240
1306
1366
1421
1463
1496
1517
1525
1523
1507
1476
1431
1375
1302
1218
1120
1009
886
754
613
461
304
141
-26
-194
-366
-534
-700
-859
-1011
-1156
-1288
-1408
-1513
-1600
-1669
-1718
-1746
-1750
-1728
-1682
-1608
-1506
-1378
-1218
-1032
-814
-568
-295
10
340
695
1077
1481
1908
2355
2820
3300
3793
4300
4813
5331
5854
6375
6891
7401
7904
8391
8864
9315
9745
10150
10527
10873
11185
11463
11700
11899
12054
12166
12232
12249
12222
12144
12020
11846
11622
11350
11031
10663
10250
9795
9296
8760
8182
7571
6925
6251
5550
4828
4082
3321
2546
1763
974
184
-605
-1389
-2161
-2920
-3664
-4385
-5083
-5757
-6397
-7006
-7579
-8115
-8612
-9066
-9478
-9844
-10165
-10440
-10666
-10846
-10980
-11068
-11107
-11103
-11056
-10968
-10840
-10672
-10470
-10236
-9972
-9680
-9365
-9028
-8675
-8307
-7932
-7547
-7159
-6774
-6391
-6019
-5656
-5308
-4980
-4672
-4389
-4131
-3907
-3713
-3553
-3429
-3346
-3300
-3295
-3331
-3410
-3531
-3694
-3897
-4143
-4429
-4755
-5114
-5513
-5946
-6408
-6899
-7418
-7961
-8520
-9099
-9694
-10296
-10906
-11519
-12132
-12740
-13341
-13928
-14502
-15058
-15593
-16098
-16580
-17027
-17441
-17817
-18155
-18451
-18702
-18908
-19066
-19178
-19239
-19250
-19211
-19122
-18981
-18791
-18549
-18259
-17921
-17539
-17110
-16635
-16123
-15569
-14980
-14355
-13700
-13013
-12301
-11568
-10811
-10037
-9249
-8451
-7643
-6828
-6011
-5194
-4380
-3571
-2769
-1979
-1200
-435
312
1042
1751
2440
3107
3749
4367
4962
5529
6074
6591
7083
7548
7990
8405
8800
9168
9515
9840
10146
10433
10702
10953
11190
11413
11622
11819
12008
12187
12358
12522
12680
12833
12982
13127
13269
13411
13550
13688
13824
13958
14092
14223
14354
14480
14606
14728
14843
14955
15062
15160
15252
15332
15404
15464
15514
15548
15568
15574
15559
15530
15480
15411
15323
15213
15082
14927
14751
14553
14333
14090
13825
13537
13228
12899
12551
12180
11797
11393
10975
10543
10097
9642
9179
8706
8229
7749
7268
6790
6312
5838
5373
4917
4472
4036
3618
3217
2831
2466
2122
1799
1499
1225
976
750
552
379
235
114
22
-46
-89
-106
-101
-72
-23
44
131
235
352
484
625
776
935
1097
1260
1428
1590
1751
1903
2049
2184
2310
2422
2516
2597
2658
2702
2724
2725
2705
2663
2597
2509
2399
2265
2110
1933
1737
1519
1284
1030
762
479
183
-124
-437
-759
-1083
-1415
-1742
-2068
-2391
-2708
-3015
-3314
-3598
-3868
-4120
-4357
-4571
-4767
-4940
-5088
-5214
-5312
-5385
-5432
-5454
-5447
-5417
-5363
-5281
-5177
-5052
-4906
-4739
-4554
-4355
-4142
-3917
-3683
-3442
-3198
-2951
-2708
-2466
-2232
-2008
-1794
-1599
-1417
-1259
-1121
-1009
-924
-868
-843
-849
-891
-968
-1077
-1225
-1412
-1634
-1897
-2194
-2528
-2898
-3303
-3740
-4208
-4709
-5232
-5782
-6354
-6945
-7552
-8175
-8804
-9441
-10080
-10721
-11352
-11980
-12590
-13186
-13763
-14316
-14841
-15335
-15793
-16214
-16594
-16931
-17220
-17461
-17649
-17784
-17865
-17887
-17854
-17760
-17608
-17396
-17126
-16796
-16408
-15963
-15462
-14910
-14303
-13647
-12945
-12198
-11412
-10585
-9728
-8836
-7921
-6983
-6027
-5055
-4075
-3092
-2102
-1120
-144
821
1769
2695
3597
4472
5316
6121
6889
7615
8296
8934
9517
10050
10532
10958
11330
11643
11901
12104
12247
12335
12369
12345
12273
12145
11968
11745
11476
11164
10812
10422
10001
9547
9065
8560
8032
7489
6933
6363
5790
5213
4632
4060
3492
2933
2388
1858
1345
851
381
-64
-484
-876
-1239
-1570
-1872
-2141
-2377
-2581
-2752
-2892
-2998
-3074
-3119
-3134
-3124
-3084
-3018
-2929
-2818
-2686
-2537
-2370
-2188
-1993
-1788
-1573
-1352
-1124
-895
-664
-434
-205
23
243
459
665
866
1056
1236
1406
1566
1716
1853
1977
2095
2199
2293
2379
2454
2523
2584
2636
2686
2731
2771
2810
2846
2884
2925
2966
3012
3061
3118
3179
3249
3327
3413
3507
3611
3726
3853
3988
4134
4289
4455
4630
4812
5001
5197
5400
5608
5819
6033
6247
6460
6671
6879
7080
7272
7459
7636
7797
7948
8080
8199
8300
8378
8439
8474
8489
8478
8443
8384
8298
8184
8045
7880
7686
7469
7222
6953
6661
6343
6004
5643
5263
4864
4447
4018
3574
3121
2657
2188
1709
1233
751
274
-203
-674
-1137
-1590
-2034
-2464
-2880
-3279
-3659
-4024
-4365
-4688
-4989
-5267
-5519
-5751
-5956
-6142
-6302
-6439
-6552
-6645
-6716
-6767
-6799
-6813
-6810
-6791
-6760
-6718
-6664
-6604
-6536
-6461
-6385
-6306
-6230
-6152
-6082
-6017
-5957
-5905
-5865
-5834
-5814
-5810
-5814
-5832
-5869
-5916
-5976
-6055
-6144
-6245
-6361
-6486
-6621
-6767
-6918
-7077
-7238
-7403
-7566
-7727
-7887
-8037
-8181
-8313
-8432
-8537
-8621
-8688
-8729
-8747
-8742
-8706
-8638
-8541
-8409
-8242
-8041
-7804
-7529
-7216
-6863
-6476
-6049
-5586
-5086
-4551
-3981
-3380
-2745
-2085
-1399
-684
50
803
1572
2353
3143
3940
4741
5538
6333
7121
7893
8652
9392
10110
10801
11462
12090
12683
13237
13750
14218
14640
15013
15337
15609
15825
15990
16098
16151
16150
16093
15979
15810
15591
15319
14996
14626
14211
13751
13251
12713
12139
11535
10900
10244
9566
8869
8160
7442
6720
5994
5272
4557
3851
3161
2486
1833
1204
603
31
-507
-1012
-1477
-1905
-2291
-2635
-2935
-3192
-3404
-3571
-3695
-3774
-3810
-3806
-3758
-3672
-3548
-3390
-3196
-2975
-2724
-2450
-2156
-1841
-1510
-1168
-819
-464
-107
246
593
934
1259
1570
1861
2133
2377
2597
2783
2940
3062
3148
3197
3207
3176
3106
2996
2843
2648
2416
2140
1828
1477
1089
667
211
-275
-792
-1332
-1897
-2485
-3087
-3706
-4337
-4975
-5620
-6265
-6910
-7550
-8182
-8803
-9410
-10002
-10572
-11121
-11644
-12140
-12607
-13040
-13441
-13806
-14135
-14424
-14676
-14885
-15055
-15185
-15274
-15322
-15329
-15296
-15225
-15116
-14968
-14787
-14569
-14320
-14041
-13734
-13399
-13038
-12654
-12251
-11830
-11392
-10939
-10477
-10006
-9527
-9043
-8556
-8070
-7584
-7099
-6620
-6150
-5687
-5232
-4785
-4350
-3929
-3517
-3122
-2738
-2369
-2014
-1674
-1347
-1033
-731
-443
-166
100
354
599
837
1064
1285
1500
1710
1916
2121
2323
2520
2718
2918
3118
3319
3522
3726
3934
4145
4357
4573
4790
5010
5231
5454
5677
5900
6122
6343
6560
6772
6982
7182
7375
7561
7735
7898
8048
8184
8307
8412
8497
8566
8614
8640
8645
8630
8590
8528
8440
8332
8197
8039
7857
7653
7424
7175
6909
6619
6311
5987
5646
5292
4926
4550
4162
3770
3374
2973
2573
2178
1785
1399
1023
658
303
-34
-354
-655
-935
-1192
-1424
-1631
-1813
-1964
-2088
-2181
-2246
-2280
-2282
-2256
-2197
-2110
-1993
-1848
-1676
-1478
-1256
-1009
-743
-457
-155
166
497
840
1191
1546
1907
2268
2628
2982
3330
3670
3998
4314
4613
4896
5159
5398
5614
5809
5977
6119
6233
6320
6379
6406
6408
6380
6323
6242
6131
5999
5840
5659
5456
5236
4997
4745
4480
4205
3918
3629
3336
3041
2749
2461
2181
1910
1649
1407
1177
965
773
606
462
341
250
183
147
139
158
207
285
393
528
689
878
1091
1327
1583
1860
2155
2462
2784
3116
3454
3794
4138
4478
4815
5143
5458
5760
6046
6309
6552
6766
6954
7109
7228
7315
7362
7370
7339
7264
7145
6983
6779
6527
6231
5894
5510
5087
4620
4117
3575
2996
2383
1744
1073
381
-335
-1068
-1818
-2577
-3343
-4113
-4880
-5643
-6398
-7141
-7865
-8570
-9251
-9904
-10525
-11112
-11658
-12166
-12627
-13043
-13410
-13727
-13989
-14197
-14351
-14448
-14488
-14470
-14393
-14262
-14076
-13833
-13536
-13188
-12788
-12341
-11847
-11312
-10737
-10122
-9475
-8801
-8097
-7373
-6629
-5871
-5104
-4326
-3550
-2774
-2003
-1241
-494
236
945
1628
2285
2910
3499
4056
4571
5045
5473
5859
6196
6487
6727
6918
7060
7151
7193
7187
7130
7028
6879
6685
6449
6170
5854
5501
5113
4695
4248
3776
3278
2763
2230
1680
1125
557
-14
-588
-1160
-1730
-2291
-2846
-3387
-3916
-4429
-4926
-5401
-5855
-6287
-6695
-7079
-7439
-7768
-8073
-8351
-8600
-8825
-9020
-9190
-9333
-9452
-9546
-9616
-9662
-9688
-9696
-9680
-9650
-9603
-9541
-9464
-9377
-9277
-9169
-9052
-8928
-8799
-8663
-8526
-8383
-8239
-8095
-7948
-7802
-7653
-7507
-7359
-7213
-7066
-6919
-6771
-6623
-6473
-6321
-6166
-6007
-5845
-5677
-5502
-5322
-5132
-4935
-4729
-4509
-4282
-4038
-3785
-3518
-3237
-2941
-2629
-2302
-1962
-1605
-1234
-848
-448
-31
395
838
1289
1751
2224
2704
3188
3681
4176
4674
5170
5664
6156
6640
7119
7585
8041
8483
8907
9316
9706
10073
10418
10738
11030
11298
11534
11742
11919
12064
12177
12257
12304
12316
12297
12244
12162
12045
11898
11721
11516
11281
11023
10741
10435
10109
9763
9402
9026
8638
8239
7836
7425
7009
6596
6184
5777
5372
4981
4598
4226
3870
3529
3205
2899
2614
2350
2106
1887
1689
1516
1365
1236
1132
1051
989
950
930
930
945
979
1024
1085
1155
1235
1320
1411
1503
1598
1692
1782
1866
1943
2011
2065
2110
2138
2151
2148
2125
2082
2021
1937
1832
1706
1558
1391
1199
989
759
512
249
-34
-329
-635
-954
-1278
-1612
-1948
-2284
-2618
-2951
-3275
-3589
-3891
-4180
-4449
-4696
-4922
-5124
-5296
-5440
-5551
-5625
-5666
-5669
-5632
-5554
-5439
-5280
-5081
-4838
-4551
-4226
-3860
-3451
-3006
-2527
-2007
-1457
-873
-263
374
1031
1712
2404
3115
3834
4557
5284
6009
6726
7438
8134
8813
9470
10102
10706
11280
11819
12317
12775
13187
13553
13872
14139
14351
14508
14612
14657
14646
14575
14448
14264
14023
13726
13374
12967
12511
12007
11454
10858
10218
9545
8835
8093
7322
6529
5713
4884
4040
3188
2333
1477
623
-221
-1053
-1872
-2670
-3447
-4196
-4919
-5608
-6265
-6885
-7464
-8003
-8501
-8953
-9363
-9724
-10040
-10309
-10531
-10709
-10842
-10932
-10976
-10980
-10945
-10870
-10760
-10618
-10443
-10242
-10016
-9767
-9498
-9213
-8915
-8609
-8294
-7977
-7662
-7347
-7040
-6742
-6454
-6181
-5928
-5691
-5477
-5288
-5124
-4987
-4878
-4797
-4748
-4731
-4744
-4789
-4866
-4975
-5110
-5280
-5476
-5702
-5953
-6226
-6526
-6844
-7181
-7534
-7902
-8281
-8669
-9065
-9464
-9865
-10263
-10658
-11047
-11426
-11793
-12150
-12488
-12808
-13107
-13386
-13639
-13868
-14069
-14243
-14385
-14498
-14582
-14633
-14653
-14641
-14598
-14523
-14416
-14278
-14111
-13916
-13690
-13442
-13166
-12865
-12545
-12201
-11837
-11458
-11060
-10649
-10224
-9791
-9348
-8898
-8439
-7979
-7517
-7052
-6588
-6125
-5665
-5209
-4759
-4310
-3871
-3439
-3011
-2593
-2180
-1779
-1382
-995
-615
-241
126
488
844
1195
1541
1886
2228
2566
2905
3245
3583
3923
4265
4612
4961
5314
5671
6034
6400
6773
7149
7531
7916
8307
8704
9101
9501
9905
10309
10712
11115
11514
11913
12302
12686
13064
13429
13784
14126
14454
14761
15054
15325
15577
15803
16006
16183
16332
16453
16544
16604
16635
16632
16598
16533
16431
16299
16134
15936
15708
15448
15157
14839
14492
14121
13724
13305
12865
12404
11931
11441
10940
10429
9910
9390
8867
8344
7824
7311
6808
6314
5835
5371
4924
4498
4096
3716
3364
3037
2739
2470
2233
2025
1850
1706
1593
1513
1462
1443
1456
1495
1562
1654
1772
1911
2071
2248
2441
2649
2868
3094
3323
3561
3797
4029
4258
4478
4688
4884
5066
5231
5375
5496
5593
5665
5711
5729
5713
5669
5595
5487
5346
5173
4970
4734
4468
4172
3848
3496
3118
2716
2294
1853
1392
918
432
-62
-565
-1073
-1578
-2083
-2581
-3075
-3555
-4020
-4471
-4900
-5310
-5696
-6054
-6384
-6681
-6949
-7184
-7380
-7543
-7669
-7758
-7809
-7825
-7801
-7741
-7645
-7517
-7353
-7158
-6933
-6682
-6402
-6101
-5781
-5438
-5083
-4717
-4343
-3962
-3579
-3198
-2821
-2451
-2093
-1748
-1423
-1116
-833
-578
-352
-156
8
134
221
271
279
247
174
57
-104
-306
-548
-834
-1162
-1526
-1929
-2367
-2840
-3345
-3877
-4435
-5017
-5618
-6236
-6865
-7505
-8149
-8797
-9440
-10080
-10710
-11324
-11921
-12499
-13051
-13574
-14066
-14521
-14939
-15318
-15652
-15939
-16178
-16368
-16508
-16593
-16623
-16601
-16521
-16387
-16198
-15954
-15654
-15304
-14901
-14450
-13948
-13403
-12813
-12181
-11513
-10810
-10073
-9308
-8520
-7709
-6878
-6035
-5181
-4321
-3459
-2597
-1738
-890
-53
770
1574
2354
3113
3841
4540
5205
5835
6429
6982
7500
7973
8401
8790
9130
9430
9684
9895
10061
10182
10264
10304
10304
10266
10189
10077
9936
9759
9556
9326
9069
8792
8494
8177
7847
7505
7152
6790
6422
6050
5678
5306
4934
4568
4207
3854
3509
3173
2850
2536
2234
1947
1673
1412
1165
931
714
509
318
138
-28
-181
-326
-458
-580
-695
-800
-900
-992
-1079
-1160
-1239
-1312
-1382
-1454
-1520
-1587
-1653
-1718
-1785
-1849
-1913
-1977
-2042
-2106
-2167
-2225
-2281
-2333
-2383
-2427
-2465
-2497
-2522
-2536
-2542
-2535
-2518
-2484
-2441
-2381
-2303
-2210
-2099
-1969
-1820
-1652
-1461
-1252
-1022
-773
-502
-210
100
432
778
1145
1530
1929
2341
2766
3203
3650
4103
4560
5022
5487
5948
6410
6864
7311
7747
8171
8582
8973
9346
9697
10026
10328
10601
10846
11063
11243
11390
11502
11580
11620
11623
11587
11512
11400
11250
11063
10839
10577
10283
9956
9592
9201
8780
8333
7860
7364
6847
6316
5766
5205
4634
4055
3471
2886
2302
1723
1147
583
27
-512
-1035
-1539
-2027
-2489
-2929
-3346
-3734
-4095
-4429
-4734
-5010
-5254
-5470
-5656
-5816
-5945
-6048
-6125
-6176
-6204
-6210
-6196
-6163
-6113
-6050
-5973
-5888
-5797
-5699
-5598
-5495
-5397
-5299
-5211
-5129
-5059
-5000
-4956
-4929
-4915
-4923
-4950
-4997
-5063
-5152
-5263
-5396
-5549
-5726
-5919
-6135
-6367
-6615
-6881
-7158
-7446
-7744
-8051
-8362
-8674
-8986
-9292
-9592
-9882
-10163
-10425
-10672
-10894
-11093
-11267
-11409
-11519
-11593
-11633
-11630
-11587
-11502
-11372
-11196
-10974
-10703
-10385
-10019
-9603
-9143
-8635
-8078
-7480
-6837
-6153
-5427
-4666
-3874
-3046
-2191
-1310
-407
512
1448
2393
3346
4300
5253
6200
7137
8061
8967
9850
10707
11536
12331
13088
13805
14478
15106
15684
16210
16683
17100
17459
17762
18006
18189
18311
18375
18377
18319
18204
18032
17801
17519
17184
16800
16367
15890
15375
14819
14229
13608
12957
12286
11592
10883
10159
9431
8695
7961
7225
6498
5781
5079
4390
3725
3081
2464
1871
1311
782
288
-171
-593
-976
-1323
-1627
-1898
-2127
-2317
-2471
-2586
-2664
-2709
-2721
-2700
-2653
-2575
-2476
-2350
-2207
-2045
-1869
-1680
-1483
-1278
-1069
-859
-653
-450
-253
-66
109
272
417
545
655
741
806
846
862
853
817
757
665
549
409
241
48
-171
-412
-675
-961
-1265
-1587
-1925
-2277
-2644
-3021
-3408
-3798
-4196
-4596
-4997
-5395
-5791
-6181
-6564
-6938
-7301
-7653
-7987
-8310
-8618
-8904
-9173
-9423
-9653
-9866
-10052
-10219
-10368
-10494
-10598
-10683
-10746
-10790
-10819
-10827
-10818
-10794
-10755
-10702
-10637
-10561
-10473
-10377
-10273
-10161
-10045
-9924
-9800
-9675
-9550
-9420
-9293
-9166
-9040
-8919
-8799
-8682
-8568
-8455
-8347
-8242
-8138
-8034
-7934
-7835
-7735
-7633
-7529
-7425
-7314
-7201
-7083
-6956
-6822
-6679
-6525
-6363
-6186
-5998
-5797
-5580
-5348
-5100
-4836
-4557
-4260
-3945
-3614
-3265
-2903
-2524
-2129
-1720
-1297
-862
-416
39
505
975
1451
1933
2413
2896
3371
3846
4312
4770
5218
5650
6070
6469
6850
7210
7546
7856
8142
8396
8624
8820
8981
9113
9210
9270
9300
9294
9252
9176
9068
8925
8749
8544
8311
8046
7757
7446
7107
6750
6376
5987
5583
5169
4750
4323
3897
3470
3050
2633
2228
1835
1456
1095
755
437
145
-124
-361
-567
-744
-886
-995
-1069
-1107
-1109
-1076
-1007
-903
-762
-589
-382
-145
123
417
738
1085
1452
1838
2240
2656
3084
3518
3959
4400
4841
5277
5705
6123
6530
6920
7289
7640
7964
8263
8534
8776
8984
9155
9296
9403
9468
9497
9491
9445
9362
9242
9088
8896
8673
8417
8129
7813
7469
7102
6715
6306
5883
5445
4998
4543
4084
3624
3166
2713
2270
1835
1417
1018
636
277
-55
-360
-635
-880
-1089
-1267
-1406
-1511
-1579
-1608
-1601
-1553
-1471
-1353
-1198
-1010
-789
-538
-257
51
382
734
1106
1493
1892
2303
2717
3136
3553
3968
4374
4769
5151
5512
5855
6174
6466
6729
6959
7155
7313
7435
7514
7552
7546
7496
7400
7259
7075
6843
6567
6248
5885
5479
5034
4550
4030
3478
2894
2281
1643
982
302
-394
-1101
-1817
-2539
-3261
-3982
-4695
-5401
-6090
-6765
-7419
-8050
-8651
-9225
-9766
-10270
-10737
-11163
-11549
-11889
-12185
-12433
-12633
-12788
-12892
-12947
-12954
-12913
-12825
-12690
-12511
-12285
-12019
-11712
-11365
-10986
-10572
-10125
-9653
-9153
-8634
-8092
-7537
-6968
-6390
-5805
-5217
-4627
-4043
-3464
-2892
-2334
-1790
-1264
-756
-270
195
630
1037
1419
1771
2091
2378
2632
2854
3042
3198
3319
3409
3463
3490
3481
3447
3380
3287
3169
3027
2858
2671
2463
2239
1996
1739
1473
1192
904
608
305
1
-308
-617
-926
-1234
-1539
-1842
-2137
-2429
-2714
-2992
-3263
-3525
-3781
-4030
-4272
-4502
-4728
-4943
-5154
-5356
-5553
-5744
-5928
-6111
-6286
-6459
-6628
-6794
-6957
-7120
-7280
-7441
-7600
-7759
-7916
-8073
-8232
-8386
-8540
-8694
-8845
-8995
-9139
-9281
-9419
-9549
-9673
-9788
-9895
-9990
-10074
-10144
-10199
-10239
-10260
-10265
-10244
-10206
-10142
-10055
-9942
-9803
-9637
-9441
-9215
-8960
-8676
-8356
-8009
-7631
-7219
-6778
-6308
-5806
-5277
-4719
-4135
-3525
-2894
-2238
-1563
-870
-165
557
1287
2028
2773
3521
4268
5013
5751
6481
7197
7902
8588
9253
9895
10513
11100
11660
12184
12674
13127
13540
13916
14249
14539
14786
14986
15144
15255
15322
15344
15320
15255
15148
14997
14810
14580
14318
14018
13687
13325
12936
12523
12086
11631
11162
10678
10182
9680
9173
8666
8159
7656
7161
6678
6204
5747
5305
4883
4482
4104
3752
3423
3122
2847
2601
2382
2196
2035
1904
1800
1721
1671
1643
1639
1658
1694
1749
1820
1908
2003
2108
2220
2333
2452
2565
2677
2784
2880
2964
3035
3091
3128
3147
3145
3118
3067
2994
2892
2765
2606
2423
2210
1970
1705
1410
1094
750
386
-1
-403
-823
-1261
-1708
-2165
-2627
-3096
-3562
-4025
-4485
-4936
-5372
-5796
-6199
-6580
-6938
-7268
-7566
-7830
