0
0
276
555
833
1115
1393
1672
1953
2230
2508
2789
3066
3343
3620
3900
4176
4452
4731
5007
5282
5560
5834
6108
6381
6656
6928
7200
7475
7746
8017
8289
8558
8826
9094
9365
9631
9896
10165
10429
10692
10959
11220
11480
11742
12003
12261
12519
12778
13035
13290
13546
13799
14051
14301
14554
14803
15050
15300
15546
15790
16037
16278
16519
16759
16999
17236
17473
17709
17942
18175
18407
18637
18866
19094
19319
19543
19765
19989
20208
20425
20646
20860
21073
21289
21498
21706
21915
22121
22325
22528
22730
22930
23128
23324
23518
23711
23901
24093
24279
24464
24650
24831
25010
25192
25367
25541
25716
25886
26055
26224
26388
26551
26714
26873
27030
27186
27337
27491
27640
27787
27934
28076
28217
28359
28495
28629
28764
28894
29022
29150
29274
29396
29518
29635
29751
29865
29976
30087
30193
30297
30401
30501
30599
30697
30790
30879
30971
31057
31140
31225
31304
31381
31459
31531
31602
31671
31736
31801
31863
31920
31978
32033
32085
32136
32183
32227
32272
32311
32349
32386
32418
32449
32479
32503
32527
32551
32568
32586
32601
32611
32621
32629
32632
32636
32636
32632
32629
32621
32611
32601
32585
32567
32550
32526
32502
32478
32447
32416
32385
32347
32309
32269
32225
32180
32133
32082
32030
31975
31917
31860
31797
31733
31668
31598
31527
31455
31377
31300
31221
31136
31052
30966
30875
30785
30691
30594
30496
30395
30292
30187
30080
29970
29860
29745
29628
29513
29389
29267
29144
29015
28887
28758
28623
28487
28351
28211
28068
27926
27780
27632
27483
27331
27179
27022
26864
26707
26542
26379
26216
26045
25877
25708
25531
25357
25182
25002
24821
24640
24456
24269
24082
23892
23701
23507
23313
23119
22919
22719
22519
22314
22110
21906
21694
21486
21277
21063
20848
20633
20415
20195
19976
19755
19531
19307
19081
18856
18624
18394
18164
17929
17695
17462
17223
16986
16749
16508
16265
16023
15779
15532
15287
15040
14790
14540
14290
14040
13785
13532
13279
13020
12764
12508
12247
11988
11730
11470
11206
10944
10680
10414
10150
9884
9616
9350
9082
8811
8543
8274
8004
7731
7459
7188
6913
6641
6370
6093
5819
5544
5269
4991
4716
4440
4161
3884
3607
3328
3051
2773
2496
2215
1937
1659
1378
1099
820
539
260
-16
-295
-576
-855
-1133
-1415
-1693
-1971
-2252
-2530
-2807
-3085
-3365
-3642
-3918
-4198
-4474
-4750
-5028
-5303
-5578
-5852
-6128
-6402
-6675
-6950
-7222
-7493
-7767
-8038
-8307
-8579
-8847
-9115
-9383
-9652
-9917
-10183
-10450
-10712
-10976
-11240
-11501
-11762
-12020
-12282
-12540
-12796
-13055
-13310
-13563
-13819
-14071
-14321
-14571
-14822
-15070
-15317
-15565
-15810
-16054
-16298
-16538
-16779
-17016
-17255
-17491
-17725
-17961
-18193
-18423
-18655
-18884
-19110
-19335
-19561
-19782
-20004
-20225
-20443
-20660
-20877
-21090
-21304
-21512
-21723
-21931
-22136
-22342
-22545
-22744
-22946
-23144
-23338
-23534
-23726
-23917
-24106
-24295
-24480
-24664
-24846
-25025
-25205
-25382
-25556
-25731
-25899
-26069
-26238
-26400
-26565
-26727
-26885
-27044
-27199
-27351
-27503
-27653
-27799
-27945
-28089
-28230
-28369
-28507
-28641
-28776
-28904
-29034
-29161
-29284
-29407
-29529
-29644
-29762
-29875
-29986
-30095
-30203
-30307
-30409
-30511
-30607
-30705
-30799
-30889
-30979
-31065
-31149
-31234
-31311
-31389
-31466
-31538
-31610
-31678
-31743
-31808
-31870
-31927
-31985
-32040
-32091
-32142
-32189
-32233
-32277
-32317
-32355
-32392
-32423
-32454
-32484
-32508
-32532
-32555
-32572
-32590
-32605
-32615
-32625
-32632
-32636
-32639
-32638
-32635
-32631
-32623
-32613
-32603
-32587
-32569
-32552
-32528
-32504
-32479
-32448
-32417
-32385
-32348
-32310
-32269
-32225
-32181
-32132
-32082
-32030
-31974
-31917
-31860
-31797
-31731
-31667
-31597
-31525
-31453
-31375
-31297
-31218
-31134
-31050
-30963
-30872
-30782
-30687
-30591
-30493
-30391
-30288
-30185
-30076
-29966
-29856
-29741
-29623
-29508
-29385
-29262
-29139
-29011
-28881
-28752
-28617
-28483
-28344
-28204
-28064
-27919
-27773
-27627
-27476
-27323
-27172
-27016
-26856
-26699
-26536
-26371
-26208
-26039
-25868
-25699
-25524
-25350
-25173
-24993
-24814
-24630
-24446
-24261
-24072
-23883
-23693
-23499
-23303
-23109
-22910
-22708
-22509
-22305
-22099
-21895
-21685
-21477
-21265
-21052
-20839
-20622
-20403
-20186
-19964
-19742
-19521
-19294
-19069
-18844
-18615
-18381
-18152
-17919
-17683
-17449
-17212
-16973
-16735
-16495
-16254
-16010
-15766
-15521
-15273
-15026
-14779
-14527
-14277
-14026
-13774
-13518
-13265
-13009
-12750
-12494
-12236
-11975
-11716
-11455
-11194
-10929
-10666
-10402
-10135
-9869
-9604
-9335
-9067
-8799
-8530
-8258
-7989
-7718
-7444
-7173
-6901
-6626
-6354
-6080
-5806
-5529
-5254
-4979
-4700
-4424
-4148
-3869
-3592
-3315
-3035
-2758
-2480
-2202
-1921
-1643
-1365
-1083
-805
-526
-245
32
311
589
871
1149
1428
1709
1987
2265
2546
2823
3100
3378
3657
3934
4210
4490
4766
5041
5319
5594
5867
6141
6418
6690
6962
7237
7508
7780
8053
8322
8591
8860
9130
9398
9664
9932
10198
10460
10727
10991
11252
11513
11777
12035
12293
12554
12810
13067
13324
13578
13831
14085
14335
14585
14833
15083
15331
15575
15822
16066
16308
16551
16792
17029
17265
17504
17738
17971
18206
18436
18665
18896
19122
19347
19571
19795
20016
20235
20454
20672
20886
21102
21315
21523
21732
21942
22147
22350
22555
22755
22954
23154
23348
23542
23734
23927
24116
24302
24488
24673
24853
25034
25214
25389
25562
25739
25907
26076
26246
26409
26571
26735
26892
27049
27205
27358
27510
27658
27806
27952
28094
28236
28376
28512
28647
28782
28910
29038
29167
29289
29411
29534
29649
29766
29880
29990
30099
30206
30311
30413
30513
30611
30709
30801
30892
30982
31067
31151
31236
31314
31391
31468
31539
31611
31680
31744
31809
31870
31928
31986
32040
32092
32142
32188
32233
32277
32316
32354
32391
32422
32452
32482
32506
32530
32553
32570
32588
32602
32613
32623
32629
32633
32636
32635
32632
32628
32620
32609
32599
32582
32565
32547
32523
32499
32474
32443
32412
32380
32342
32304
32264
32219
32175
32127
32075
32024
31968
31910
31853
31789
31725
31659
31589
31518
31445
31367
31290
31210
31125
31042
30955
30863
30773
30679
30581
30484
30382
30278
30175
30067
29957
29845
29730
29614
29497
29374
29252
29127
28999
28871
28741
28605
28471
28333
28192
28051
27908
27760
27614
27464
27310
27159
27002
26844
26685
26522
26359
26194
26024
25856
25684
25509
25336
25160
24979
24799
24617
24431
24246
24058
23867
23677
23483
23289
23093
22894
22695
22492
22288
22084
21878
21669
21460
21250
21035
20821
20606
20387
20168
19949
19725
19503
19279
19053
18826
18596
18366
18133
17900
17666
17430
17193
16957
16719
16475
16235
15993
15746
15502
15256
15006
14759
14510
14257
14007
13755
13501
13245
12989
12733
12474
12216
11957
11695
11434
11173
10911
10645
10381
10117
9849
9583
9316
9046
8778
8509
8240
7968
7697
7426
7152
6880
6608
6333
6059
5785
5510
5232
4957
4682
4402
4126
3850
3570
3294
3017
2739
2458
2180
1902
1621
1343
1064
783
505
227
-51
-332
-611
-889
-1171
-1450
-1728
-2009
-2287
-2563
-2841
-3122
-3399
-3676
-3956
-4232
-4508
-4787
-5062
-5337
-5614
-5888
-6162
-6436
-6711
-6984
-7255
-7530
-7801
-8071
-8343
-8612
-8881
-9148
-9419
-9685
-9949
-10218
-10481
-10745
-11011
-11272
-11533
-11794
-12055
-12314
-12571
-12831
-13087
-13342
-13598
-13851
-14102
-14352
-14605
-14853
-15100
-15350
-15595
-15839
-16086
-16326
-16568
-16808
-17048
-17284
-17520
-17756
-17990
-18222
-18454
-18684
-18911
-19137
-19366
-19588
-19810
-20034
-20252
-20470
-20689
-20904
-21117
-21332
-21541
-21749
-21956
-22163
-22367
-22569
-22771
-22970
-23168
-23364
-23558
-23750
-23940
-24132
-24317
-24501
-24688
-24868
-25047
-25229
-25403
-25577
-25752
-25922
-26090
-26258
-26423
-26585
-26747
-26906
-27063
-27218
-27369
-27523
-27671
-27817
-27965
-28106
-28247
-28388
-28524
-28658
-28792
-28921
-29050
-29177
-29301
-29422
-29543
-29660
-29776
-29889
-29999
-30110
-30216
-30320
-30423
-30523
-30619
-30718
-30810
-30900
-30991
-31076
-31160
-31243
-31322
-31399
-31475
-31547
-31618
-31686
-31752
-31816
-31876
-31934
-31992
-32046
-32097
-32149
-32194
-32238
-32283
-32321
-32359
-32396
-32427
-32457
-32487
-32511
-32535
-32557
-32575
-32592
-32606
-32616
-32626
-32633
-32636
-32640
-32638
-32635
-32631
-32622
-32612
-32602
-32584
-32567
-32549
-32525
-32501
-32475
-32444
-32413
-32381
-32343
-32305
-32264
-32220
-32175
-32127
-32076
-32023
-31967
-31909
-31852
-31788
-31723
-31658
-31587
-31516
-31443
-31365
-31288
-31208
-31122
-31039
-30952
-30861
-30770
-30675
-30579
-30480
-30378
-30275
-30171
-30062
-29952
-29842
-29725
-29609
-29493
-29369
-29247
-29123
-28994
-28865
-28735
-28600
-28465
-28327
-28187
-28046
-27901
-27755
-27607
-27457
-27304
-27153
-26995
-26837
-26679
-26515
-26351
-26187
-26016
-25848
-25677
-25503
-25327
-25151
-24971
-24789
-24607
-24423
-24236
-24048
-23859
-23669
-23473
-23279
-23085
-22883
-22684
-22483
-22277
-22074
-21869
-21658
-21449
-21239
-21026
-20810
-20595
-20377
-20157
-19936
-19715
-19491
-19266
-19041
-18816
-18584
-18354
-18123
-17887
-17654
-17420
-17180
-16943
-16705
-16465
-16222
-15979
-15735
-15488
-15242
-14995
-14745
-14496
-14246
-13996
-13740
-13487
-13234
-12975
-12719
-12462
-12201
-11943
-11684
-11423
-11158
-10896
-10633
-10366
-10102
-9837
-9568
-9301
-9034
-8766
-8494
-8225
-7956
-7682
-7410
-7140
-6865
-6593
-6320
-6043
-5769
-5495
-5220
-4941
-4666
-4390
-4111
-3834
-3558
-3279
-3001
-2723
-2445
-2164
-1887
-1609
-1327
-1049
-770
-489
-211
67
345
627
905
1184
1465
1744
2021
2301
2579
2857
3135
3415
3692
3969
4248
4524
4800
5078
5353
5627
5901
6178
6451
6724
6999
7271
7542
7816
8086
8355
8625
8896
9163
9431
9699
9964
10230
10496
10760
11023
11287
11548
11809
12067
12328
12586
12842
13101
13356
13609
13865
14116
14366
14616
14867
15114
15361
15608
15852
16096
16340
16580
16821
17058
17298
17533
17767
18002
18234
18464
18697
18924
19149
19375
19601
19822
20044
20264
20481
20699
20914
21128
21341
21549
21760
21967
22172
22378
22580
22779
22981
23178
23372
23566
23760
23950
24140
24327
24511
24696
24877
25057
25236
25412
25586
25759
25928
26098
26265
26429
26593
26755
26912
27071
27225
27377
27529
27678
27824
27970
28113
28254
28393
28530
28664
28798
28926
29056
29182
29305
29428
29548
29663
29781
29893
30004
30113
30220
30324
30426
30526
30623
30721
30813
30903
30993
31078
31162
31246
31323
31401
31477
31548
31620
31688
31752
31817
31877
31935
31993
32047
32098
32148
32194
32238
32283
32321
32359
32395
32426
32456
32485
32509
32534
32555
32573
32590
32604
32614
32624
32630
32633
32637
32635
32631
32628
32618
32608
32598
32580
32563
32544
32520
32496
32470
32439
32408
32375
32338
32300
32258
32214
32169
32121
32069
32018
31960
31903
31846
31781
31716
31650
31580
31508
31435
31358
31280
31199
31115
31031
30943
30853
30762
30666
30569
30471
30368
30265
30162
30053
29942
29832
29716
29598
29481
29359
29236
29111
28983
28853
28723
28588
28454
28314
28174
28035
27888
27742
27596
27443
27291
27140
26983
26823
26665
26502
26337
26173
26004
25833
25663
25489
25314
25135
24956
24776
24592
24408
24224
24033
23843
23654
23460
23263
23069
22869
22668
22467
22263
22057
21852
21643
21434
21221
21008
20795
20577
20360
20142
19919
19697
19476
19251
19023
18798
18568
18335
18105
17871
17635
17401
17164
16924
16686
16446
16205
15960
15716
15472
15223
14976
14728
14476
14226
13976
13723
13467
13214
12958
12699
12442
12184
11922
11663
11402
11141
10876
10612
10348
10081
9816
9550
9280
9013
8745
8476
8204
7935
7663
7390
7119
6847
6571
6299
6025
5751
5473
5198
4923
4644
4368
4092
3813
3537
3260
2982
2701
2424
2146
1865
1587
1308
1027
749
471
189
-88
-367
-645
-927
-1206
-1484
-1765
-2042
-2320
-2601
-2879
-3157
-3434
-3713
-3990
-4266
-4546
-4822
-5097
-5374
-5648
-5922
-6196
-6473
-6745
-7017
-7292
-7563
-7835
-8108
-8377
-8646
-8914
-9184
-9451
-9717
-9985
-10250
-10514
-10780
-11044
-11305
-11566
-11829
-12087
-12346
-12606
-12862
-13119
-13376
-13629
-13882
-14133
-14386
-14636
-14884
-15134
-15381
-15625
-15872
-16116
-16356
-16600
-16839
-17077
-17314
-17552
-17785
-18019
-18253
-18483
-18712
-18942
-19167
-19393
-19616
-19840
-20061
-20279
-20499
-20716
-20929
-21146
-21358
-21566
-21775
-21984
-22188
-22392
-22596
-22796
-22995
-23194
-23388
-23583
-23773
-23966
-24156
-24340
-24526
-24711
-24891
-25072
-25250
-25425
-25599
-25773
-25943
-26111
-26279
-26443
-26606
-26768
-26925
-27083
-27237
-27390
-27541
-27689
-27837
-27983
-28124
-28266
-28406
-28540
-28674
-28810
-28937
-29066
-29193
-29316
-29438
-29559
-29674
-29791
-29904
-30014
-30123
-30229
-30334
-30436
-30535
-30633
-30730
-30821
-30912
-31002
-31086
-31170
-31254
-31332
-31408
-31485
-31556
-31626
-31695
-31760
-31824
-31883
-31942
-32000
-32052
-32104
-32155
-32200
-32244
-32288
-32326
-32364
-32400
-32431
-32461
-32490
-32514
-32538
-32559
-32577
-32594
-32607
-32617
-32628
-32633
-32636
-32640
-32638
-32634
-32631
-32621
-32611
-32600
-32582
-32565
-32546
-32522
-32498
-32471
-32440
-32410
-32376
-32338
-32300
-32258
-32214
-32169
-32121
-32069
-32017
-31960
-31902
-31845
-31780
-31715
-31649
-31578
-31507
-31433
-31356
-31278
-31197
-31112
-31029
-30941
-30850
-30759
-30663
-30566
-30468
-30365
-30261
-30158
-30049
-29939
-29827
-29711
-29594
-29476
-29353
-29232
-29105
-28978
-28849
-28718
-28582
-28448
-28309
-28168
-28028
-27883
-27735
-27589
-27438
-27286
-27132
-26975
-26817
-26657
-26494
-26331
-26164
-25996
-25827
-25654
-25480
-25305
-25128
-24947
-24767
-24585
-24399
-24215
-24025
-23833
-23644
-23450
-23255
-23058
-22859
-22659
-22456
-22252
-22048
-21841
-21632
-21423
-21212
-20997
-20783
-20568
-20348
-20131
-19909
-19685
-19463
-19239
-19013
-18785
-18555
-18325
-18092
-17858
-17625
-17388
-17151
-16914
-16676
-16432
-16192
-15949
-15702
-15458
-15212
-14962
-14715
-14465
-14215
-13962
-13709
-13456
-13200
-12943
-12687
-12427
-12169
-11911
-11648
-11387
-11126
-10864
-10597
-10334
-10069
-9801
-9535
-9268
-8997
-8730
-8461
-8192
-7919
-7649
-7378
-7103
-6831
-6559
-6283
-6009
-5735
-5461
-5182
-4907
-4632
-4353
-4077
-3801
-3521
-3244
-2967
-2689
-2408
-2130
-1852
-1571
-1293
-1015
-733
-455
-176
101
383
661
940
1221
1500
1778
2058
2336
2614
2891
3172
3449
3726
4006
4282
4558
4837
5111
5386
5661
5938
6212
6485
6761
7033
7304
7579
7850
8120
8392
8661
8928
9196
9466
9732
9997
10265
10529
10792
11058
11319
11581
11841
12102
12360
12618
12877
13133
13387
13643
13896
14147
14397
14650
14897
15145
15395
15639
15883
16129
16370
16610
16850
17089
17327
17562
17798
18031
18263
18495
18725
18952
19177
19405
19628
19850
20074
20291
20508
20728
20941
21155
21367
21578
21786
21992
22198
22403
22605
22806
23006
23202
23399
23593
23783
23973
24165
24350
24534
24721
24900
25079
25259
25434
25608
25780
25951
26119
26285
26451
26614
26774
26933
27090
27244
27396
27549
27696
27842
27990
28130
28271
28412
28547
28680
28814
28943
29071
29197
29321
29443
29562
29679
29796
29907
30017
30128
30233
30336
30440
30538
30635
30734
30824
30914
31004
31089
31173
31255
31334
31411
31486
31558
31628
31696
31761
31826
31884
31942
32000
32053
32104
32155
32200
32244
32288
32326
32364
32399
32430
32460
32488
32513
32537
32557
32575
32592
32605
32615
32625
32630
32634
32637
32634
32631
32627
32617
32607
32596
32578
32561
32541
32517
32493
32466
32435
32405
32371
32333
32295
32252
32208
32163
32114
32063
32011
31953
31895
31838
31773
31708
31642
31571
31499
31426
31348
31270
31189
31104
31020
30931
30842
30750
30654
30557
30458
30355
30253
30148
30038
29928
29818
29700
29584
29466
29342
29220
29095
28966
28837
28706
28571
28436
28298
28157
28016
27870
27724
27576
27425
27273
27121
26962
26803
26645
26480
26317
26152
25982
25812
25641
25467
25290
25113
24934
24752
24569
24385
24199
24009
23820
23630
23434
23239
23044
22842
22643
22441
22235
22032
21826
21618
21407
21195
20982
20766
20550
20333
20113
19891
19670
19446
19220
18995
18769
18537
18307
18076
17840
17606
17371
17132
16895
16656
16416
16172
15930
15685
15439
15192
14945
14695
14445
14195
13945
13689
13436
13182
12923
12667
12410
12149
11890
11631
11370
11105
10843
10579
10313
10048
9783
9514
9247
8979
8712
8439
8170
7902
7628
7356
7085
6810
6537
6265
5991
5713
5439
5164
4886
4610
4335
4056
3779
3502
3222
2945
2667
2389
2108
1830
1552
1272
993
715
433
155
-123
-401
-683
-962
-1240
-1522
-1799
-2077
-2358
-2635
-2913
-3191
-3471
-3748
-4025
-4304
-4580
-4855
-5133
-5408
-5682
-5956
-6234
-6507
-6779
-7054
-7326
-7597
-7871
-8141
-8410
-8678
-8949
-9217
-9484
-9753
-10018
-10283
-10550
-10813
-11076
-11337
-11601
-11861
-12119
-12381
-12638
-12894
-13153
-13407
-13661
-13917
-14167
-14417
-14667
-14917
-15164
-15411
-15658
-15902
-16146
-16389
-16629
-16869
-17105
-17345
-17581
-17814
-18050
-18281
-18511
-18744
-18970
-19195
-19421
-19645
-19867
-20089
-20309
-20526
-20743
-20958
-21171
-21384
-21592
-21803
-22009
-22213
-22420
-22621
-22820
-23022
-23218
-23413
-23607
-23799
-23989
-24179
-24365
-24549
-24734
-24915
-25094
-25272
-25447
-25622
-25794
-25964
-26134
-26299
-26463
-26628
-26787
-26945
-27104
-27258
-27409
-27560
-27709
-27855
-28001
-28143
-28283
-28422
-28559
-28693
-28825
-28953
-29082
-29208
-29330
-29454
-29573
-29689
-29806
-29918
-30028
-30137
-30243
-30345
-30449
-30548
-30645
-30742
-30833
-30923
-31012
-31097
-31181
-31263
-31341
-31419
-31494
-31565
-31636
-31703
-31768
-31832
-31891
-31949
-32007
-32059
-32111
-32161
-32206
-32250
-32293
-32331
-32369
-32404
-32434
-32465
-32493
-32517
-32541
-32561
-32579
-32596
-32609
-32619
-32629
-32633
-32637
-32640
-32637
-32634
-32629
-32619
-32609
-32597
-32580
-32562
-32543
-32519
-32494
-32467
-32436
-32405
-32371
-32333
-32295
-32252
-32208
-32164
-32114
-32062
-32011
-31952
-31894
-31837
-31772
-31707
-31640
-31570
-31498
-31423
-31346
-31268
-31186
-31103
-31018
-30928
-30839
-30748
-30650
-30553
-30456
-30351
-30249
-30144
-30035
-29924
-29813
-29697
-29580
-29461
-29338
-29215
-29089
-28962
-28833
-28700
-28565
-28431
-28291
-28151
-28011
-27863
-27717
-27570
-27417
-27266
-27113
-26956
-26796
-26637
-26474
-26308
-26143
-25975
-25804
-25632
-25458
-25284
-25104
-24925
-24745
-24560
-24376
-24192
-23999
-23810
-23620
-23426
-23229
-23033
-22834
-22632
-22432
-22227
-22021
-21815
-21606
-21398
-21183
-20970
-20757
-20538
-20321
-20104
-19880
-19657
-19436
-19211
-18983
-18757
-18527
-18294
-18063
-17830
-17594
-17358
-17121
-16885
-16643
-16402
-16162
-15916
-15672
-15428
-15178
-14931
-14684
-14431
-14181
-13931
-13678
-13422
-13168
-12912
-12652
-12395
-12137
-11876
-11616
-11355
-11094
-10828
-10564
-10301
-10033
-9768
-9502
-9232
-8964
-8696
-8427
-8156
-7887
-7615
-7341
-7070
-6797
-6522
-6249
-5975
-5701
-5423
-5148
-4873
-4594
-4319
-4043
-3763
-3487
-3210
-2932
-2651
-2373
-2095
-1815
-1537
-1259
-977
-699
-420
-142
139
417
696
978
1256
1534
1815
2092
2370
2651
2929
3207
3484
3764
4040
4316
4594
4870
5145
5423
5698
5972
6246
6522
6794
7067
7341
7612
7884
8156
8424
8693
8961
9232
9499
9765
10033
10298
10561
10828
11091
11352
11613
11876
12134
12392
12652
12909
13165
13422
13675
13928
14178
14431
14681
14928
15178
15425
15669
15916
16159
16399
16640
16882
17119
17355
17594
17827
18060
18294
18524
18754
18980
19208
19433
19655
19880
20101
20318
20538
20754
20967
21183
21395
21603
21812
22020
22224
22429
22632
22831
23030
23228
23423
23617
23807
23998
24189
24373
24559
24742
24922
25103
25281
25455
25629
25803
25972
26140
26307
26471
26634
26794
26953
27110
27263
27416
27567
27714
27862
28008
28148
28290
28428
28562
28697
28830
28959
29086
29214
29335
29458
29578
29694
29810
29921
30032
30141
30246
30349
30453
30550
30648
30745
30836
30926
31015
31100
31183
31266
31344
31420
31495
31567
31637
31704
31769
31834
31891
31950
32008
32059
32111
32161
32205
32250
32292
32330
32368
32403
32433
32464
32492
32516
32540
32560
32577
32594
32606
32616
32626
32631
32634
32637
32634
32630
32626
32616
32606
32593
32576
32558
32538
32514
32490
32462
32431
32401
32366
32328
32290
32247
32202
32158
32108
32056
32004
31946
31888
31829
31765
31700
31632
31562
31491
31415
31338
31260
31177
31094
31009
30920
30829
30739
30642
30544
30446
30343
30239
30134
30025
29915
29802
29686
29570
29450
29327
29205
29078
28950
28822
28690
28554
28419
28280
28138
27998
27852
27704
27557
27406
27255
27099
26942
26784
26623
26460
26296
26129
25961
25791
25619
25444
25269
25091
24910
24731
24546
24360
24176
23986
23794
23604
23410
23215
23017
22818
22618
22415
22210
22006
21798
21589
21381
21168
20953
20740
20523
20303
20086
19865
19640
19418
19192
18967
18738
18508
18278
18045
17811
17578
17340
17102
16866
16626
16383
16143
15899
15652
15408
15161
14911
14664
14414
14164
13911
13658
13404
13147
12891
12635
12375
12117
11858
11598
11334
11073
10810
10544
10280
10015
9747
9481
9214
8946
8675
8407
8138
7865
7594
7323
7048
6776
6504
6227
5953
5679
5405
5127
4852
4577
4298
4022
3745
3465
3188
2910
2632
2352
2074
1796
1516
1237
959
677
399
120
-158
-439
-718
-996
-1277
-1555
-1833
-2114
-2392
-2670
-2948
-3229
-3505
-3782
-4062
-4337
-4613
-4892
-5167
-5442
-5716
-5994
-6268
-6540
-6816
-7088
-7359
-7634
-7905
-8173
-8442
-8715
-8982
-9250
-9520
-9786
-10051
-10319
-10582
-10846
-11111
-11372
-11634
-11893
-12154
-12413
-12670
-12929
-13185
-13439
-13695
-13948
-14198
-14448
-14701
-14948
-15195
-15444
-15688
-15933
-16178
-16419
-16659
-16898
-17138
-17374
-17609
-17846
-18079
-18310
-18542
-18772
-18998
-19223
-19451
-19672
-19894
-20118
-20336
-20553
-20771
-20985
-21198
-21410
-21620
-21829
-22035
-22241
-22444
-22646
-22847
-23047
-23242
-23437
-23633
-23823
-24012
-24204
-24388
-24572
-24757
-24937
-25116
-25295
-25470
-25644
-25815
-25986
-26155
-26320
-26485
-26648
-26806
-26966
-27124
-27276
-27428
-27580
-27727
-27873
-28020
-28160
-28301
-28440
-28574
-28709
-28840
-28970
-29098
-29223
-29347
-29469
-29587
-29704
-29821
-29931
-30041
-30152
-30256
-30358
-30462
-30560
-30657
-30754
-30845
-30934
-31023
-31108
-31192
-31273
-31352
-31429
-31502
-31574
-31645
-31711
-31776
-31841
-31898
-31956
-32014
-32066
-32117
-32167
-32211
-32255
-32298
-32336
-32374
-32408
-32438
-32469
-32496
-32520
-32544
-32564
-32581
-32599
-32610
-32620
-32630
-32634
-32637
-32640
-32637
-32633
-32628
-32618
-32608
-32595
-32578
-32560
-32540
-32515
-32491
-32463
-32432
-32402
-32367
-32329
-32290
-32247
-32203
-32158
-32107
-32056
-32003
-31945
-31887
-31829
-31763
-31699
-31631
-31560
-31489
-31414
-31336
-31258
-31176
-31092
-31007
-30917
-30827
-30736
-30638
-30541
-30442
-30339
-30236
-30129
-30020
-29910
-29799
-29681
-29565
-29446
-29323
-29200
-29074
-28944
-28816
-28683
-28550
-28413
-28274
-28133
-27992
-27845
-27699
-27550
-27399
-27247
-27093
-26934
-26776
-26617
-26452
-26288
-26122
-25952
-25783
-25611
-25437
-25260
-25082
-24903
-24722
-24537
-24353
-24166
-23976
-23786
-23596
-23399
-23205
-23008
-22807
-22608
-22406
-22199
-21995
-21789
-21581
-21370
-21158
-20944
-20728
-20511
-20294
-20074
-19852
-19631
-19408
-19180
-18955
-18728
-18496
-18266
-18034
-17798
-17565
-17330
-17089
-16853
-16613
-16373
-16129
-15886
-15642
-15395
-15148
-14900
-14650
-14400
-14150
-13899
-13643
-13390
-13136
-12877
-12621
-12363
-12102
-11844
-11584
-11322
-11058
-10795
-10532
-10265
-10000
-9735
-9466
-9199
-8931
-8664
-8392
-8123
-7853
-7579
-7307
-7036
-6760
-6488
-6215
-5941
-5664
-5389
-5114
-4837
-4561
-4285
-4006
-3729
-3452
-3175
-2894
-2617
-2339
-2058
-1781
-1503
-1221
-943
-664
-383
-104
173
452
734
1012
1290
1571
1849
2127
2408
2686
2964
3241
3521
3798
4074
4353
4629
4904
5183
5458
5732
6006
6283
6556
6828
7103
7375
7646
7919
8189
8458
8727
8997
9265
9532
9801
10066
10331
10597
10861
11123
11384
11648
11908
12166
12427
12684
12940
13199
13453
13706
13959
14212
14462
14712
14962
15209
15455
15702
15946
16189
16432
16673
16911
17148
17387
17622
17855
18092
18322
18552
18785
19010
19236
19461
19685
19906
20128
20347
20565
20781
20996
21209
21420
21629
21840
22045
22249
22455
22657
22856
23057
23252
23447
23641
23832
24022
24212
24398
24582
24764
24946
25125
25302
25477
25653
25824
25993
26163
26328
26491
26656
26814
26972
27129
27284
27435
27586
27734
27880
28025
28167
28306
28445
28580
28715
28846
28975
29104
29229
29350
29475
29591
29708
29826
29936
30046
30155
30260
30362
30465
30564
30660
30756
30848
30938
31026
31110
31194
31275
31353
31431
31504
31575
31646
31712
31777
31842
31899
31957
32014
32066
32118
32166
32211
32255
32297
32335
32373
32407
32437
32468
32495
32519
32543
32562
32579
32597
32608
32618
32628
32631
32635
32637
32633
32630
32625
32614
32604
32591
32574
32556
32535
32511
32487
32458
32428
32397
32361
32323
32285
32241
32197
32152
32101
32049
31997
31938
31880
31821
31757
31691
31623
31553
31481
31406
31329
31250
31167
31083
30999
30908
30818
30727
30629
30532
30433
30329
30226
30120
30011
29900
29788
29671
29555
29435
29313
29189
29063
28934
28807
28671
28537
28403
28261
28121
27980
27832
27686
27539
27387
27234
27080
26922
26763
26603
26440
26274
26108
25940
25768
25596
25422
25247
25067
24888
24708
24521
24337
24153
23961
23770
23580
23385
23189
22992
22793
22591
22389
22185
21979
21772
21563
21355
21140
20926
20713
20494
20276
20059
19835
19613
19390
19164
18936
18710
18480
18247
18016
17782
17546
17311
17074
16836
16594
16353
16113
15866
15622
15378
15128
14881
14633
14383
14130
13879
13626
13370
13116
12859
12600
12343
12084
11823
11563
11302
11041
10775
10511
10247
9979
9714
9448
9179
8911
8643
8374
8102
7832
7560
7286
7014
6742
6467
6193
5919
5645
5368
5094
4819
4539
4263
3987
3707
3431
3154
2876
2595
2317
2040
1759
1481
1203
921
642
364
85
-195
-474
-752
-1033
-1311
-1590
-1871
-2149
-2427
-2704
-2985
-3263
-3540
-3820
-4095
-4371
-4650
-4926
-5201
-5479
-5754
-6028
-6302
-6577
-6850
-7122
-7395
-7666
-7938
-8210
-8479
-8748
-9016
-9286
-9553
-9819
-10087
-10351
-10615
-10882
-11144
-11405
-11666
-11928
-12187
-12445
-12704
-12961
-13217
-13473
-13726
-13979
-14229
-14482
-14731
-14979
-15229
-15475
-15719
-15966
-16208
-16449
-16689
-16930
-17167
-17404
-17641
-17874
-18107
-18341
-18571
-18801
-19026
-19254
-19478
-19700
-19924
-20145
-20363
-20582
-20798
-21011
-21224
-21437
-21646
-21855
-22062
-22266
-22470
-22673
-22872
-23071
-23268
-23462
-23657
-23846
-24038
-24226
-24411
-24597
-24779
-24959
-25140
-25317
-25492
-25666
-25838
-26007
-26176
-26342
-26505
-26668
-26828
-26986
-27143
-27294
-27448
-27599
-27745
-27893
-28038
-28177
-28319
-28457
-28591
-28726
-28858
-28986
-29114
-29240
-29362
-29484
-29602
-29719
-29835
-29945
-30056
-30165
-30268
-30372
-30474
-30572
-30670
-30765
-30855
-30946
-31034
-31118
-31202
-31283
-31361
-31438
-31512
-31583
-31653
-31720
-31784
-31849
-31906
-31964
-32021
-32072
-32124
-32172
-32217
-32261
-32303
-32341
-32378
-32412
-32442
-32473
-32499
-32523
-32547
-32566
-32583
-32601
-32611
-32621
-32631
-32634
-32638
-32640
-32636
-32633
-32627
-32617
-32607
-32593
-32576
-32558
-32536
-32512
-32488
-32459
-32429
-32398
-32362
-32324
-32286
-32241
-32197
-32151
-32101
-32049
-31996
-31938
-31880
-31820
-31755
-31691
-31621
-31551
-31480
-31403
-31326
-31248
-31164
-31081
-30996
-30906
-30815
-30724
-30626
-30528
-30429
-30327
-30222
-30116
-30007
-29896
-29783
-29666
-29551
-29429
-29308
-29185
-29057
-28929
-28801
-28667
-28531
-28396
-28257
-28114
-27973
-27827
-27679
-27532
-27380
-27228
-27072
-26915
-26758
-26595
-26432
-26268
-26100
-25931
-25762
-25589
-25413
-25239
-25060
-24878
-24699
-24514
-24328
-24143
-23953
-23763
-23569
-23375
-23181
-22981
-22782
-22583
-22379
-22175
-21970
-21761
-21552
-21344
-21131
-20915
-20702
-20484
-20264
-20046
-19825
-19601
-19378
-19152
-18927
-18697
-18467
-18237
-18003
-17770
-17536
-17298
-17061
-16824
-16583
-16340
-16099
-15855
-15609
-15364
-15117
-14867
-14619
-14369
-14119
-13865
-13612
-13359
-13101
-12845
-12589
-12328
-12070
-11812
-11551
-11287
-11026
-10763
-10496
-10233
-9967
-9699
-9434
-9166
-8899
-8628
-8358
-8089
-7816
-7545
-7274
-6999
-6727
-6454
-6181
-5904
-5630
-5355
-5078
-4803
-4527
-4248
-3972
-3695
-3415
-3138
-2860
-2582
-2301
-2024
-1747
-1465
-1187
-908
-627
-348
-70
208
490
767
1046
1327
1606
1884
2165
2442
2720
2998
3279
3555
3831
4111
4387
4663
4942
5217
5492
5766
6043
6317
6590
6865
7137
7407
7682
7953
8222
8491
8763
9031
9298
9568
9834
10099
10366
10630
10893
11155
11420
11681
11940
12201
12459
12716
12975
13231
13484
13740
13993
14243
14493
14745
14992
15239
15488
15732
15976
16221
16462
16702
16940
17180
17417
17651
17887
18120
18351
18583
18813
19038
19263
19491
19712
19934
20156
20374
20592
20809
21023
21236
21446
21657
21866
22071
22277
22480
22681
22883
23082
23276
23470
23666
23856
24046
24236
24420
24604
24788
24968
25148
25324
25500
25674
25845
26015
26184
26348
26513
26676
26834
26994
27150
27301
27454
27605
27752
27898
28044
28184
28324
28463
28597
28732
28862
28992
29120
29244
29367
29490
29606
29724
29839
29949
30059
30169
30272
30375
30478
30576
30672
30768
30858
30949
31036
31120
31205
31285
31364
31441
31513
31585
31655
31720
31785
31850
31906
31964
32021
32073
32124
32172
32217
32261
32302
32340
32378
32410
32441
32472
32498
32522
32546
32564
32582
32599
32609
32619
32628
32632
32635
32636
32633
32630
32623
32613
32603
32589
32571
32554
32532
32508
32484
32454
32423
32393
32356
32318
32280
32235
32191
32145
32094
32043
31989
31931
31874
31813
31748
31683
31615
31543
31472
31396
31318
31240
31157
31073
30987
30897
30807
30714
30616
30520
30419
30317
30213
30107
29996
29886
29773
29656
29540
29419
29296
29174
29047
28918
28789
28655
28521
28384
28244
28103
27961
27814
27668
27519
27366
27215
27060
26901
26744
26582
26418
26255
26087
25917
25749
25574
25400
25224
25044
24865
24683
24498
24315
24127
23937
23747
23555
23359
23165
22967
22766
22567
22364
22158
21953
21746
21538
21327
21114
20901
20684
20467
20249
20029
19807
19586
19363
19134
18908
18681
18449
18219
17987
17751
17517
17281
17045
16805
16565
16323
16080
15836
15592
15344
15097
14850
14599
14349
14099
13848
13592
13339
13084
12825
12568
12311
12049
11791
11530
11269
11005
10742
10478
10212
9946
9682
9413
9145
8878
8609
8337
8068
7798
7524
7252
6981
6705
6433
6159
5885
5609
5334
5059
4781
4505
4229
3950
3673
3396
3119
2838
2560
2284
2003
1725
1447
1165
886
608
329
48
-230
-508
-789
-1067
-1346
-1628
-1905
-2183
-2464
-2742
-3020
-3297
-3576
-3853
-4129
-4409
-4685
-4960
-5238
-5513
-5788
-6062
-6339
-6611
-6883
-7158
-7429
-7700
-7974
-8243
-8512
-8781
-9052
-9319
-9586
-9855
-10120
-10384
-10651
-10914
-11176
-11437
-11701
-11960
-12219
-12480
-12736
-12992
-13251
-13504
-13758
-14010
-14263
-14513
-14762
-15012
-15259
-15505
-15752
-15996
-16238
-16478
-16722
-16960
-17196
-17436
-17669
-17903
-18139
-18369
-18599
-18831
-19056
-19282
-19506
-19730
-19951
-20171
-20392
-20609
-20824
-21040
-21253
-21463
-21672
-21883
-22087
-22291
-22497
-22697
-22897
-23098
-23292
-23486
-23680
-23872
-24061
-24249
-24436
-24620
-24802
-24984
-25163
-25339
-25512
-25689
-25859
-26027
-26198
-26362
-26525
-26690
-26847
-27005
-27162
-27315
-27467
-27617
-27765
-27911
-28054
-28196
-28336
-28474
-28608
-28744
-28874
-29002
-29131
-29255
-29377
-29501
-29617
-29733
-29848
-29960
-30070
-30178
-30282
-30385
-30487
-30585
-30682
-30776
-30867
-30958
-31045
-31128
-31214
-31293
-31370
-31449
-31521
-31592
-31663
-31728
-31792
-31856
-31913
-31971
-32027
-32079
-32130
-32178
-32223
-32267
-32307
-32345
-32384
-32415
-32446
-32477
-32502
-32526
-32550
-32568
-32585
-32602
-32612
-32623
-32631
-32635
-32638
-32639
-32636
-32632
-32626
-32616
-32605
-32591
-32573
-32556
-32533
-32509
-32485
-32455
-32425
-32394
-32357
-32319
-32280
-32235
-32191
-32145
-32094
-32043
-31989
-31930
-31873
-31812
-31747
-31682
-31614
-31542
-31470
-31394
-31317
-31238
-31154
-31070
-30985
-30894
-30804
-30712
-30613
-30516
-30416
-30313
-30209
-30102
-29993
-29882
-29769
-29652
-29535
-29414
-29292
-29168
-29041
-28913
-28785
-28649
-28515
-28379
-28238
-28097
-27955
-27807
-27661
-27513
-27361
-27208
-27052
-26895
-26736
-26574
-26412
-26247
-26079
-25910
-25742
-25565
-25392
-25217
-25035
-24856
-24676
-24489
-24305
-24119
-23927
-23737
-23545
-23351
-23155
-22957
-22757
-22556
-22353
-22150
-21943
-21735
-21526
-21318
-21103
-20889
-20675
-20455
-20237
-20019
-19795
-19573
-19350
-19125
-18896
-18668
-18439
-18206
-17974
-17741
-17505
-17268
-17032
-16795
-16552
-16311
-16069
-15822
-15578
-15334
-15083
-14836
-14588
-14338
-14085
-13834
-13581
-13325
-13070
-12813
-12554
-12296
-12038
-11780
-11516
-11255
-10994
-10727
-10463
-10200
-9932
-9667
-9401
-9130
-8863
-8594
-8325
-8053
-7783
-7511
-7237
-6965
-6693
-6418
-6144
-5870
-5597
-5319
-5044
-4769
-4490
-4213
-3937
-3657
-3381
-3103
-2826
-2546
-2268
-1990
-1709
-1431
-1152
-871
-592
-314
-35
246
523
802
1083
1362
1640
1921
2199
2477
2755
3036
3313
3589
3869
4145
4421
4700
4976
5251
5526
5803
6077
6351
6626
6898
7170
7444
7715
7986
8255
8527
8796
9064
9335
9601
9866
10135
10399
10663
10929
11191
11452
11713
11975
12233
12491
12750
13006
13262
13518
13771
14024
14274
14527
14776
15023
15273
15518
15763
16009
16251
16492
16732
16973
17209
17446
17682
17916
18149
18381
18612
18841
19066
19294
19518
19740
19964
20183
20400
20621
20836
21049
21262
21474
21682
21892
22098
22302
22506
22707
22908
23106
23300
23496
23690
23880
24071
24258
24443
24629
24811
24990
25172
25347
25521
25696
25867
26036
26205
26370
26533
26696
26855
27013
27169
27320
27474
27624
27770
27918
28061
28201
28343
28480
28614
28749
28879
29008
29136
29260
29382
29505
29622
29738
29853
29963
30074
30182
30285
30389
30490
30588
30686
30779
30869
30960
31047
31131
31215
31295
31372
31450
31523
31594
31664
31728
31794
31857
31914
31972
32027
32079
32130
32178
32222
32267
32307
32345
32383
32415
32445
32476
32501
32525
32549
32566
32584
32600
32610
32620
32628
32632
32635
32636
32633
32629
32622
32612
32602
32587
32569
32552
32529
32505
32481
32450
32420
32389
32352
32313
32274
32230
32185
32139
32088
32036
31982
31924
31867
31805
31740
31675
31606
31535
31463
31385
31309
31231
31146
31062
30976
30886
30795
30702
30604
30507
30406
30304
30199
30092
29983
29872
29758
29641
29526
29403
29281
29158
29030
28901
28773
28638
28503
28366
28227
28084
27942
27796
27648
27500
27348
27196
27039
26882
26724
26560
26397
26235
26064
25896
25728
25553
25377
25202
25022
24841
24661
24477
24290
24103
23914
23723
23529
23335
23141
22941
22741
22542
22337
22133
21929
21720
21509
21301
21088
20872
20657
20440
20220
20001
19780
19556
19332
19107
18881
18650
18420
18190
17955
17722
17488
17249
17013
16776
16535
16292
16051
15807
15559
15314
15067
14817
14568
14318
14068
13814
13560
13307
13049
12793
12537
12276
12017
11759
11498
11234
10973
10710
10444
10180
9914
9646
9380
9112
8844
8573
8304
8035
7761
7490
7219
6944
6672
6399
6125
5849
5575
5300
5022
4747
4471
4192
3915
3639
3362
3082
2805
2527
2246
1968
1690
1409
1130
852
570
292
13
-263
-545
-823
-1102
-1384
-1662
-1940
-2221
-2499
-2776
-3054
-3334
-3610
-3887
-4167
-4443
-4719
-4997
-5272
-5547
-5822
-6099
-6373
-6644
-6919
-7191
-7462
-7737
-8007
-8277
-8546
-8817
-9085
-9353
-9622
-9887
-10153
-10420
-10683
-10947
-11209
-11473
-11733
-11991
-12253
-12511
-12767
-13026
-13282
-13535
-13788
-14043
-14293
-14543
-14794
-15043
-15290
-15538
-15782
-16026
-16270
-16511
-16752
-16989
-17228
-17465
-17698
-17934
-18167
-18397
-18629
-18859
-19084
-19310
-19536
-19757
-19979
-20201
-20418
-20636
-20853
-21066
-21280
-21489
-21699
-21909
-22113
-22319
-22522
-22721
-22924
-23122
-23316
-23510
-23706
-23895
-24085
-24274
-24459
-24643
-24826
-25005
-25185
-25360
-25536
-25711
-25880
-26050
-26219
-26382
-26547
-26710
-26867
-27025
-27182
-27334
-27486
-27636
-27783
-27929
-28073
-28214
-28354
-28492
-28626
-28761
-28890
-29020
-29147
-29270
-29393
-29516
-29631
-29749
-29863
-29973
-30083
-30192
-30295
-30398
-30500
-30597
-30694
-30789
-30878
-30969
-31055
-31140
-31224
-31303
-31380
-31458
-31530
-31602
-31671
-31736
-31800
-31864
-31920
-31978
-32034
-32085
-32136
-32184
-32228
-32272
-32312
-32350
-32387
-32419
-32450
-32481
-32505
-32529
-32553
-32570
-32588
-32604
-32614
-32624
-32632
-32635
-32639
-32639
-32635
-32632
-32624
-32614
-32604
-32589
-32571
-32554
-32530
-32506
-32482
-32452
-32421
-32389
-32352
-32314
-32274
-32230
-32186
-32138
-32088
-32036
-31981
-31923
-31866
-31804
-31739
-31674
-31605
-31533
-31462
-31384
-31306
-31228
-31143
-31060
-30973
-30882
-30793
-30698
-30601
-30504
-30402
-30300
-30196
-30090
-29978
-29868
-29754
-29636
-29521
-29399
-29276
-29153
-29025
-28897
-28767
-28632
-28498
-28360
-28220
-28079
-27936
-27790
-27643
-27494
-27340
-27189
-27033
-26874
-26717
-26554
-26389
-26227
-26058
-25887
-25719
-25544
-25370
-25193
-25013
-24834
-24651
-24467
-24282
-24093
-23904
-23714
-23521
-23325
-23131
-22933
-22730
-22531
-22328
-22122
-21918
-21709
-21501
-21289
-21076
-20863
-20646
-20428
-20211
-19989
-19767
-19546
-19322
-19095
-18869
-18640
-18407
-18178
-17945
-17709
-17476
-17239
-17002
-16762
-16522
-16281
-16037
-15793
-15549
-15300
-15053
-14806
-14557
-14304
-14054
-13802
-13546
-13293
-13038
-12779
-12522
-12264
-12003
-11745
-11483
-11222
-10959
-10695
-10432
-10165
-9899
-9634
-9365
-9097
-8829
-8561
-8289
-8020
-7749
-7475
-7203
-6931
-6656
-6384
-6111
-5837
-5560
-5285
-5010
-4731
-4455
-4179
-3900
-3623
-3346
-3069
-2789
-2511
-2233
-1952
-1675
-1396
-1115
-836
-558
-279
1
279
558
839
1118
1396
1678
1956
2233
2511
2792
3069
3346
3626
3903
4179
4458
4735
5010
5288
5563
5837
6111
6387
6659
6932
7207
7478
7749
8023
8292
8561
8829
9100
9368
9634
9902
10168
10432
10698
10962
11222
11483
11747
12006
12264
12525
12781
13038
13296
13549
13802
14054
14307
14557
14805
15055
15303
15549
15796
16040
16281
16522
16765
17002
17239
17478
17711
17945
18180
18410
18639
18869
19097
19322
19546
19770
19991
20210
20430
20648
20862
21078
21291
21500
21708
21920
22124
22327
22533
22732
22932
23132
23326
23520
23714
23905
24095
24281
24468
24652
24833
25014
25194
25369
25543
25720
25888
26057
26227
26390
26553
26717
26874
27032
27188
27341
27493
27642
27790
27936
28078
28220
28360
28497
28630
28767
28895
29024
29153
29276
29397
29521
29636
29752
29866
29978
30088
30194
30299
30402
30502
30600
30698
30791
30880
30972
31058
31141
31227
31305
31382
31460
31531
31603
31672
31737
31802
31864
31921
31979
32034
32086
32136
32183
32228
32272
32312
32349
32387
32418
32449
32480
32504
32528
32551
32568
32586
32601
32611
32621
32629
32632
32636
32636
32632
32629
32621
32611
32600
32584
32567
32549
32526
32502
32477
32447
32416
32385
32347
32309
32269
32224
32180
32132
32081
32030
31974
31917
31859
31797
31732
31666
31597
31526
31454
31376
31299
31219
31135
31051
30965
30873
30784
30690
30592
30495
30394
30290
30186
30079
29969
29858
29743
29627
29510
29388
29266
29141
29014
28885
28756
28620
28486
28349
28208
28067
27924
27777
27630
27481
27329
27176
27020
26862
26703
26540
26377
26213
26043
25875
25706
25529
25355
25180
24998
24819
24638
24452
24267
24080
23890
23699
23505
23311
23115
22917
22716
22515
22311
22107
21901
21692
21483
21274
21059
20845
20631
20410
20193
19974
19750
19528
19304
19079
18851
18621
18391
18159
17926
17693
17457
17220
16983
16746
16503
16262
16020
15774
15529
15284
15034
14787
14537
14287
14034
13782
13529
13273
13017
12761
12502
12244
11985
11728
11464
11203
10941
10674
10411
10147
9878
9613
9347
9079
8808
8540
8270
7998
7728
7456
7182
6910
6638
6363
6089
5815
5541
5263
4988
4713
4434
4158
3881
3601
3324
3048
2770
2489
2212
1934
1653
1374
1096
814
536
257
-19
-301
-580
-858
-1140
-1418
-1696
-1977
-2255
-2533
-2810
-3091
-3368
-3645
-3925
-4201
-4477
-4756
-5031
-5306
-5581
-5859
-6132
-6405
-6681
-6953
-7225
-7499
-7770
-8041
-8310
-8582
-8850
-9118
-9389
-9655
-9920
-10189
-10453
-10715
-10979
-11243
-11504
-11765
-12026
-12285
-12543
-12802
-13058
-13313
-13569
-13822
-14074
-14324
-14577
-14825
-15072
-15322
-15567
-15811
-16059
-16300
-16541
-16781
-17021
-17258
-17494
-17730
-17963
-18196
-18428
-18658
-18886
-19112
-19340
-19563
-19785
-20009
-20228
-20445
-20665
-20880
-21093
-21306
-21517
-21725
-21933
-22140
-22344
-22547
-22748
-22949
-23146
-23340
-23537
-23728
-23919
-24111
-24297
-24481
-24668
-24848
-25027
-25207
-25384
-25558
-25732
-25903
-26071
-26240
-26404
-26567
-26729
-26888
-27045
-27201
-27352
-27506
-27655
-27800
-27949
-28090
-28231
-28373
-28509
-28643
-28777
-28907
-29036
-29163
-29287
-29409
-29530
-29647
-29763
-29877
-29987
-30097
-30204
-30308
-30412
-30512
-30608
-30707
-30800
-30890
-30980
-31067
-31150
-31234
-31313
-31390
-31467
-31539
-31610
-31679
-31744
-31809
-31871
-31928
-31986
-32040
-32092
-32143
-32189
-32233
-32278
-32317
-32355
-32392
-32423
-32454
-32484
-32508
-32532
-32555
-32573
-32590
-32605
-32615
-32625
-32632
-32636
-32639
-32638
-32635
-32631
-32623
-32613
-32603
-32586
-32569
-32551
-32527
-32503
-32478
-32447
-32417
-32385
-32347
-32309
-32269
-32224
-32180
-32132
-32081
-32029
-31974
-31916
-31859
-31795
-31731
-31666
-31595
-31524
-31452
-31373
-31297
-31217
-31133
-31049
-30962
-30871
-30780
-30686
-30590
-30491
-30390
-30287
-30183
-30075
-29965
-29854
-29738
-29622
-29506
-29382
-29261
-29137
-29008
-28879
-28750
-28615
-28480
-28343
-28203
-28060
-27917
-27772
-27623
-27474
-27322
-27170
-27013
-26854
-26697
-26532
-26369
-26206
-26035
-25867
-25697
-25522
-25346
-25171
-24991
-24810
-24628
-24444
-24257
-24070
-23880
-23691
-23495
-23301
-23107
-22906
-22706
-22506
-22300
-22097
-21892
-21683
-21472
-21263
-21050
-20834
-20619
-20401
-20181
-19961
-19740
-19518
-19292
-19067
-18841
-18610
-18379
-18149
-17913
-17680
-17446
-17210
-16970
-16733
-16492
-16249
-16007
-15763
-15516
-15270
-15023
-14773
-14524
-14274
-14024
-13769
-13515
-13262
-13004
-12748
-12491
-12230
-11972
-11713
-11452
-11188
-10926
-10663
-10396
-10132
-9866
-9598
-9332
-9064
-8796
-8524
-8255
-7986
-7712
-7441
-7170
-6895
-6623
-6351
-6077
-5800
-5526
-5251
-4972
-4697
-4421
-4142
-3865
-3589
-3313
-3032
-2755
-2477
-2196
-1918
-1640
-1359
-1080
-801
-523
-242
35
314
595
874
1152
1434
1712
1990
2271
2549
2826
3104
3384
3661
3937
4217
4493
4769
5047
5322
5597
5870
6147
6421
6693
6968
7240
7511
7786
8056
8325
8594
8866
9133
9401
9670
9935
10200
10466
10730
10994
11255
11519
11779
12038
12299
12557
12813
13072
13327
13580
13834
14088
14338
14588
14839
15086
15333
15581
15825
16069
16311
16554
16795
17031
17271
17507
17740
17976
18208
18438
18671
18898
19125
19350
19576
19797
20019
20239
20457
20674
20891
21104
21318
21526
21736
21944
22149
22355
22558
22757
22958
23156
23350
23544
23738
23929
24118
24306
24490
24675
24857
25036
25216
25391
25566
25741
25909
26079
26248
26410
26575
26737
26894
27051
27208
27360
27512
27662
27807
27954
28097
28238
28378
28513
28649
28784
28911
29041
29168
29291
29414
29535
29650
29768
29881
29991
30100
30208
30312
30415
30515
30612
30710
30803
30893
30983
31068
31153
31237
31315
31392
31469
31540
31612
31680
31745
31810
31872
31928
31986
32041
32092
32143
32189
32233
32278
32316
32355
32392
32422
32453
32483
32507
32531
32553
32571
32588
32603
32613
32623
32629
32633
32636
32635
32632
32628
32619
32609
32599
32582
32565
32547
32523
32499
32473
32443
32412
32380
32342
32304
32263
32219
32174
32126
32075
32023
31967
31909
31852
31789
31723
31659
31588
31516
31444
31366
31288
31209
31124
31041
30953
30862
30772
30677
30580
30482
30380
30277
30173
30066
29954
29844
29729
29611
29495
29373
29249
29125
28998
28869
28738
28603
28469
28330
28190
28050
27904
27759
27612
27462
27308
27157
27001
26841
26684
26520
26355
26192
26022
25854
25682
25507
25334
25156
24977
24796
24613
24429
24244
24054
23865
23675
23481
23285
23091
22892
22690
22490
22286
22080
21875
21667
21458
21245
21032
20819
20601
20384
20166
19944
19722
19501
19276
19048
18823
18594
18360
18131
17897
17661
17427
17191
16954
16713
16473
16232
15987
15743
15499
15251
15003
14756
14507
14254
14004
13752
13496
13243
12987
12727
12471
12213
11954
11692
11431
11170
10905
10642
10378
10111
9846
9580
9310
9043
8775
8506
8234
7965
7694
7420
7149
6877
6602
6329
6055
5781
5504
5229
4954
4675
4399
4123
3844
3568
3291
3014
2733
2455
2177
1896
1618
1340
1058
780
502
224
-57
-336
-614
-896
-1174
-1453
-1734
-2012
-2290
-2567
-2847
-3125
-3402
-3682
-3959
-4235
-4514
-4790
-5066
-5341
-5618
-5892
-6166
-6442
-6714
-6987
-7262
-7533
-7804
-8077
-8346
-8615
-8884
-9154
-9422
-9688
-9955
-10221
-10484
-10751
-11014
-11275
-11536
-11800
-12058
-12317
-12577
-12833
-13090
-13347
-13601
-13854
-14105
-14358
-14608
-14856
-15106
-15353
-15598
-15844
-16088
-16329
-16571
-16814
-17050
-17287
-17526
-17759
-17992
-18227
-18457
-18687
-18914
-19142
-19368
-19591
-19815
-20036
-20255
-20474
-20692
-20906
-21119
-21335
-21543
-21751
-21961
-22166
-22369
-22574
-22773
-22972
-23173
-23367
-23561
-23752
-23945
-24134
-24320
-24506
-24691
-24870
-25051
-25231
-25405
-25579
-25755
-25924
-26092
-26262
-26424
-26587
-26750
-26908
-27065
-27220
-27373
-27525
-27673
-27820
-27967
-28108
-28250
-28390
-28525
-28659
-28795
-28923
-29051
-29179
-29302
-29424
-29546
-29661
-29778
-29890
-30002
-30111
-30217
-30322
-30425
-30524
-30622
-30719
-30811
-30901
-30992
-31077
-31160
-31245
-31323
-31400
-31477
-31548
-31619
-31687
-31752
-31817
-31877
-31935
-31993
-32047
-32099
-32149
-32195
-32239
-32284
-32322
-32360
-32397
-32427
-32458
-32487
-32511
-32535
-32557
-32575
-32592
-32606
-32616
-32626
-32633
-32636
-32640
-32638
-32634
-32631
-32622
-32612
-32601
-32584
-32567
-32548
-32524
-32500
-32474
-32444
-32413
-32381
-32342
-32304
-32263
-32219
-32174
-32126
-32074
-32023
-31966
-31909
-31851
-31787
-31723
-31657
-31586
-31515
-31442
-31365
-31287
-31207
-31122
-31038
-30951
-30859
-30769
-30674
-30577
-30479
-30377
-30273
-30169
-30061
-29951
-29839
-29724
-29608
-29490
-29367
-29246
-29120
-28992
-28864
-28733
-28597
-28463
-28325
-28184
-28044
-27899
-27752
-27605
-27455
-27303
-27150
-26993
-26835
-26675
-26513
-26349
-26183
-26014
-25846
-25676
-25500
-25325
-25149
-24967
-24787
-24605
-24419
-24234
-24046
-23857
-23665
-23471
-23277
-23080
-22881
-22682
-22479
-22275
-22071
-21866
-21656
-21446
-21236
-21021
-20808
-20592
-20372
-20154
-19934
-19710
-19488
-19264
-19039
-18811
-18581
-18351
-18118
-17884
-17651
-17414
-17178
-16941
-16703
-16459
-16219
-15977
-15730
-15486
-15240
-14990
-14742
-14493
-14243
-13990
-13738
-13484
-13228
-12972
-12716
-12457
-12198
-11940
-11681
-11417
-11156
-10893
-10627
-10363
-10099
-9831
-9565
-9298
-9031
-8760
-8491
-8222
-7950
-7679
-7407
-7134
-6862
-6590
-6317
-6040
-5766
-5492
-5213
-4938
-4663
-4384
-4108
-3831
-3552
-3275
-2998
-2720
-2439
-2161
-1883
-1602
-1324
-1045
-765
-486
-208
70
351
630
908
1190
1469
1747
2028
2305
2582
2860
3141
3418
3695
3975
4251
4527
4806
5081
5355
5630
5907
6181
6455
6730
7002
7274
7548
7819
8089
8358
8631
8899
9167
9436
9702
9967
10236
10499
10763
11026
11290
11551
11812
12073
12331
12589
12848
13104
13359
13612
13868
14119
14369
14622
14870
15117
15367
15611
15855
16102
16342
16583
16824
17063
17300
17536
17772
18005
18237
18469
18699
18926
19152
19380
19603
19825
20049
20266
20484
20704
20917
21131
21343
21554
21762
21969
22176
22380
22582
22784
22983
23180
23375
23571
23762
23952
24144
24329
24513
24700
24879
25059
25238
25414
25588
25761
25932
26100
26267
26432
26595
26756
26914
27073
27227
27378
27532
27680
27825
27974
28114
28255
28397
28531
28665
28799
28928
29057
29183
29307
29429
29549
29666
29783
29895
30005
30115
30221
30325
30429
30527
30624
30723
30814
30904
30994
31080
31163
31246
31325
31402
31478
31550
31620
31688
31753
31818
31878
31936
31994
32047
32099
32150
32195
32239
32283
32321
32359
32395
32426
32457
32486
32510
32534
32555
32573
32590
32604
32614
32624
32630
32633
32637
32635
32631
32628
32618
32608
32598
32580
32563
32544
32520
32496
32470
32439
32408
32375
32337
32299
32257
32213
32168
32120
32068
32016
31960
31902
31845
31780
31715
31650
31579
31507
31434
31357
31279
31198
31114
31029
30942
30852
30760
30665
30568
30469
30367
30264
30161
30051
29941
29831
29713
29597
29480
29356
29234
29110
28982
28852
28721
28586
28451
28313
28173
28031
27886
27741
27592
27442
27289
27138
26979
26821
26663
26499
26335
26171
26001
25831
25661
25487
25310
25133
24954
24772
24590
24406
24220
24031
23841
23651
23456
23261
23066
22865
22666
22464
22258
22055
21849
21641
21429
21219
21006
20790
20574
20357
20137
19916
19695
19473
19246
19020
18795
18563
18333
18103
17866
17632
17398
17161
16922
16683
16443
16200
15957
15713
15466
15220
14973
14725
14473
14223
13973
13717
13464
13211
12952
12696
12439
12178
11919
11660
11399
11135
10873
10609
10343
10078
9813
9544
9277
9009
8742
8470
8201
7932
7657
7387
7116
6840
6568
6295
6021
5744
5470
5195
4917
4641
4365
4086
3810
3534
3257
2976
2698
2420
2139
1862
1584
1302
1024
746
468
186
-92
-370
-652
-930
-1209
-1490
-1769
-2045
-2323
-2604
-2882
-3160
-3440
-3717
-3993
-4273
-4549
-4825
-5102
-5377
-5652
-5926
-6203
-6476
-6748
-7024
-7295
-7566
-7841
-8111
-8380
-8649
-8920
-9187
-9454
-9723
-9988
-10253
-10520
-10783
-11047
-11308
-11572
-11832
-12090
-12352
-12609
-12865
-13124
-13379
-13632
-13885
-14139
-14389
-14639
-14889
-15136
-15384
-15631
-15875
-16118
-16359
-16602
-16842
-17080
-17319
-17555
-17788
-18024
-18255
-18485
-18715
-18945
-19170
-19395
-19621
-19842
-20064
-20284
-20501
-20719
-20934
-21148
-21360
-21569
-21779
-21986
-22190
-22397
-22599
-22798
-22999
-23197
-23391
-23585
-23778
-23968
-24158
-24345
-24528
-24713
-24895
-25074
-25252
-25427
-25603
-25775
-25945
-26115
-26281
-26445
-26609
-26770
-26927
-27084
-27240
-27392
-27543
-27693
-27838
-27985
-28127
-28268
-28407
-28542
-28677
-28811
-28939
-29069
-29194
-29317
-29440
-29560
-29676
-29792
-29905
-30015
-30125
-30231
-30335
-30437
-30537
-30634
-30731
-30823
-30913
-31003
-31087
-31172
-31255
-31332
-31410
-31486
-31557
-31628
-31696
-31760
-31825
-31885
-31942
-32000
-32054
-32105
-32155
-32201
-32245
-32289
-32327
-32365
-32400
-32431
-32462
-32490
-32514
-32539
-32560
-32577
-32594
-32608
-32618
-32628
-32633
-32637
-32640
-32637
-32634
-32631
-32621
-32610
-32599
-32582
-32564
-32545
-32521
-32497
-32470
-32440
-32409
-32375
-32338
-32300
-32257
-32213
-32169
-32119
-32068
-32017
-31959
-31901
-31844
-31779
-31714
-31648
-31578
-31506
-31432
-31355
-31276
-31196
-31111
-31028
-30938
-30849
-30758
-30661
-30564
-30467
-30363
-30260
-30157
-30048
-29936
-29826
-29710
-29592
-29475
-29352
-29229
-29104
-28976
-28848
-28715
-28580
-28446
-28306
-28166
-28027
-27879
-27734
-27587
-27436
-27283
-27131
-26973
-26813
-26655
-26492
-26327
-26162
-25994
-25825
-25652
-25478
-25303
-25124
-24945
-24765
-24580
-24396
-24213
-24023
-23831
-23642
-23448
-23250
-23056
-22856
-22655
-22454
-22250
-22044
-21838
-21630
-21421
-21207
-20994
-20781
-20563
-20345
-20128
-19904
-19682
-19461
-19236
-19008
-18783
-18553
-18320
-18090
-17855
-17619
-17385
-17148
-16911
-16670
-16430
-16189
-15944
-15699
-15455
-15206
-14959
-14712
-14462
-14209
-13959
-13706
-13450
-13197
-12940
-12681
-12424
-12166
-11908
-11645
-11384
-11123
-10858
-10594
-10331
-10063
-9798
-9532
-9265
-8994
-8727
-8458
-8185
-7916
-7646
-7372
-7100
-6828
-6553
-6280
-6006
-5732
-5454
-5179
-4904
-4625
-4349
-4074
-3795
-3518
-3241
-2963
-2682
-2405
-2127
-1846
-1568
-1289
-1009
-730
-452
-173
107
386
664
946
1225
1503
1784
2061
2339
2617
2898
3176
3452
3732
4009
4285
4564
4840
5114
5389
5667
5941
6215
6491
6764
7036
7311
7582
7853
8123
8395
8664
8931
9202
9469
9735
10003
10268
10532
10798
11061
11322
11584
11846
12105
12363
12623
12880
13136
13393
13646
13899
14150
14403
14653
14900
15150
15397
15641
15888
16132
16372
16613
16855
17092
17330
17567
17801
18034
18268
18498
18728
18954
19182
19407
19631
19855
20076
20293
20513
20730
20943
21157
21372
21580
21788
21997
22201
22406
22609
22809
23008
23205
23401
23595
23785
23977
24168
24352
24538
24723
24902
25081
25261
25436
25610
25784
25953
26121
26289
26453
26615
26777
26935
27092
27246
27399
27550
27698
27845
27992
28132
28274
28413
28548
28682
28816
28944
29072
29200
29322
29444
29565
29680
29797
29908
30020
30129
30234
30339
30441
30540
30637
30735
30825
30915
31006
31090
31174
31257
31335
31412
31487
31559
31629
31696
31762
31826
31885
31943
32001
32053
32105
32156
32200
32244
32288
32326
32364
32399
32430
32461
32489
32513
32537
32558
32575
32592
32605
32615
32625
32630
32634
32637
32634
32631
32627
32617
32607
32595
32578
32560
32541
32517
32493
32465
32435
32404
32370
32332
32294
32252
32207
32163
32114
32062
32010
31952
31895
31837
31772
31707
31640
31570
31499
31424
31347
31269
31188
31103
31019
30930
30840
30749
30653
30555
30457
30354
30251
30146
30037
29927
29815
29699
29582
29464
29341
29219
29092
28965
28836
28705
28568
28434
28296
28154
28014
27868
27721
27574
27423
27272
27117
26960
26802
26641
26478
26315
26148
25980
25810
25639
25463
25288
25111
24930
24750
24567
24381
24197
24007
23817
23626
23432
23236
23039
22840
22641
22438
22233
22029
21823
21613
21405
21192
20977
20764
20548
20328
20110
19890
19667
19443
19218
18992
18764
18534
18304
18071
17838
17603
17366
17129
16892
16654
16410
16170
15927
15680
15436
15189
14939
14692
14442
14192
13939
13686
13433
13176
12920
12664
12404
12146
11887
11628
11364
11102
10840
10573
10310
10045
9777
9511
9244
8976
8706
8436
8167
7896
7625
7353
7079
6807
6534
6261
5984
5710
5436
5158
4883
4607
4329
4053
3776
3499
3219
2942
2664
2383
2105
1827
1546
1269
990
712
430
151
-126
-408
-686
-965
-1246
-1525
-1802
-2083
-2361
-2639
-2916
-3197
-3474
-3751
-4031
-4307
-4583
-4861
-5136
-5411
-5686
-5963
-6237
-6510
-6785
-7057
-7329
-7603
-7874
-8144
-8413
-8684
-8952
-9220
-9490
-9756
-10021
-10289
-10553
-10816
-11079
-11343
-11604
-11864
-12125
-12384
-12641
-12900
-13156
-13410
-13663
-13919
-14170
-14420
-14673
-14920
-15167
-15417
-15661
-15905
-16148
-16392
-16632
-16871
-17111
-17348
-17584
-17820
-18053
-18284
-18516
-18746
-18973
-19198
-19426
-19647
-19870
-20094
-20311
-20528
-20747
-20961
-21174
-21386
-21597
-21805
-22012
-22218
-22422
-22623
-22825
-23024
-23220
-23415
-23611
-23801
-23991
-24183
-24367
-24551
-24737
-24917
-25096
-25274
-25451
-25624
-25796
-25967
-26136
-26301
-26467
-26629
-26789
-26947
-27106
-27259
-27411
-27564
-27711
-27856
-28004
-28144
-28285
-28424
-28560
-28694
-28826
-28956
-29084
-29210
-29333
-29455
-29575
-29691
-29808
-29919
-30029
-30139
-30244
-30347
-30451
-30549
-30646
-30744
-30834
-30924
-31013
-31099
-31182
-31264
-31343
-31420
-31494
-31566
-31637
-31704
-31768
-31834
-31892
-31950
-32008
-32060
-32111
-32162
-32206
-32250
-32293
-32332
-32370
-32404
-32435
-32466
-32493
-32518
-32542
-32562
-32579
-32597
-32609
-32619
-32629
-32633
-32637
-32640
-32637
-32634
-32629
-32619
-32609
-32597
-32580
-32562
-32542
-32518
-32494
-32467
-32436
-32405
-32371
-32333
-32295
-32252
-32208
-32163
-32113
-32062
-32009
-31952
-31894
-31836
-31770
-31706
-31639
-31568
-31497
-31422
-31345
-31267
-31185
-31102
-31016
-30927
-30838
-30746
-30649
-30552
-30454
-30350
-30247
-30143
-30033
-29922
-29812
-29694
-29578
-29460
-29336
-29214
-29088
-28960
-28830
-28699
-28564
-28428
-28290
-28149
-28008
-27861
-27716
-27569
-27416
-27264
-27111
-26952
-26794
-26635
-26470
-26307
-26141
-25971
-25802
-25630
-25456
-25280
-25102
-24923
-24741
-24558
-24374
-24188
-23997
-23808
-23618
-23421
-23226
-23031
-22829
-22630
-22429
-22222
-22018
-21812
-21604
-21393
-21181
-20968
-20752
-20536
-20318
-20099
-19877
-19655
-19433
-19205
-18980
-18754
-18522
-18292
-18061
-17825
-17592
-17356
-17119
-16879
-16640
-16400
-16156
-15913
-15669
-15422
-15176
-14928
-14681
-14428
-14178
-13928
-13672
-13419
-13165
-12906
-12649
-12392
-12134
-11873
-11613
-11352
-11088
-10825
-10562
-10295
-10030
-9765
-9496
-9229
-8961
-8693
-8421
-8153
-7884
-7609
-7338
-7067
-6791
-6519
-6246
-5972
-5695
-5420
-5145
-4867
-4591
-4316
-4037
-3760
-3484
-3207
-2926
-2648
-2370
-2089
-1811
-1533
-1253
-974
-696
-417
-136
142
420
702
981
1259
1540
1818
2096
2373
2654
2932
3210
3490
3767
4043
4323
4598
4873
5148
5427
5701
5975
6252
6525
6797
7073
7344
7615
7890
8159
8427
8696
8967
9235
9502
9771
10036
10301
10567
10831
11094
11355
11619
11879
12137
12398
12655
12911
13171
13424
13678
13931
14184
14434
14684
14934
15181
15428
15674
15919
16162
16402
16645
16884
17121
17361
17595
17830
18066
18297
18526
18756
18985
19210
19435
19660
19882
20103
20323
20540
20756
20970
21185
21397
21606
21816
22022
22226
22433
22634
22833
23035
23230
23425
23619
23811
24001
24191
24377
24561
24744
24926
25105
25283
25457
25633
25805
25974
26144
26309
26473
26638
26796
26954
27112
27267
27418
27569
27718
27863
28009
28151
28292
28430
28564
28700
28832
28960
29089
29215
29337
29461
29579
29695
29811
29923
30033
30143
30248
30351
30454
30553
30649
30746
30837
30927
31016
31101
31185
31267
31344
31422
31496
31567
31638
31705
31770
31834
31893
31950
32008
32060
32112
32161
32206
32250
32293
32331
32369
32403
32434
32465
32492
32516
32540
32560
32577
32595
32606
32617
32627
32631
32634
32637
32634
32630
32626
32616
32605
32593
32576
32558
32538
32514
32489
32462
32431
32400
32365
32327
32289
32246
32202
32157
32107
32055
32003
31945
31887
31829
31764
31698
31631
31561
31489
31414
31337
31260
31176
31093
31008
30918
30828
30738
30639
30543
30445
30341
30237
30133
30023
29912
29801
29684
29568
29448
29326
29203
29076
28949
28820
28687
28553
28418
28277
28136
27997
27848
27703
27555
27404
27251
27097
26940
26780
26621
26458
26293
26127
25959
25789
25616
25442
25267
25087
24908
24729
24542
24358
24174
23983
23792
23601
23407
23210
23015
22815
22614
22412
22208
22004
21795
21587
21379
21165
20950
20737
20518
20301
20083
19860
19637
19415
19190
18962
18735
18506
18273
18042
17809
17573
17338
17100
16863
16621
16380
16140
15894
15650
15406
15156
14909
14661
14411
14158
13908
13655
13399
13145
12888
12629
12372
12114
11855
11592
11331
11070
10804
10541
10277
10009
9744
9478
9211
8940
8672
8404
8132
7862
7591
7317
7045
6773
6501
6224
5950
5676
5399
5124
4849
4571
4294
4018
3739
3462
3185
2907
2626
2348
2071
1790
1513
1234
952
674
395
117
-164
-442
-721
-1002
-1280
-1559
-1840
-2117
-2395
-2673
-2954
-3232
-3508
-3788
-4065
-4340
-4619
-4895
-5170
-5445
-5723
-5997
-6271
-6547
-6819
-7091
-7366
-7637
-7907
-8176
-8449
-8718
-8985
-9256
-9523
-9789
-10057
-10322
-10585
-10849
-11114
-11375
-11637
-11899
-12157
-12416
-12675
-12932
-13188
-13445
-13698
-13951
-14201
-14454
-14703
-14951
-15201
-15447
-15691
-15938
-16181
-16421
-16662
-16903
-17140
-17377
-17614
-17849
-18082
-18315
-18545
-18775
-19000
-19228
-19453
-19675
-19899
-20121
-20338
-20558
-20774
-20987
-21200
-21415
-21623
-21831
-22039
-22243
-22447
-22650
-22850
-23049
-23244
-23441
-23635
-23825
-24016
-24206
-24390
-24576
-24759
-24939
-25118
-25297
-25472
-25646
-25819
-25988
-26157
-26323
-26487
-26650
-26808
-26968
-27125
-27278
-27431
-27582
-27729
-27876
-28022
-28162
-28304
-28442
-28576
-28711
-28843
-28972
-29100
-29226
-29348
-29471
-29589
-29706
-29822
-29932
-30044
-30153
-30257
-30361
-30463
-30561
-30659
-30755
-30846
-30935
-31025
-31109
-31193
-31275
-31353
-31429
-31504
-31575
-31645
-31712
-31777
-31842
-31899
-31957
-32015
-32066
-32118
-32167
-32212
-32256
-32298
-32336
-32374
-32408
-32439
-32469
-32497
-32521
-32544
-32564
-32581
-32599
-32610
-32620
-32630
-32634
-32637
-32640
-32637
-32633
-32628
-32618
-32608
-32595
-32577
-32560
-32539
-32515
-32491
-32463
-32432
-32401
-32366
-32328
-32290
-32246
-32202
-32157
-32107
-32055
-32002
-31944
-31887
-31827
-31762
-31698
-31629
-31559
-31488
-31412
-31335
-31257
-31175
-31090
-31006
-30916
-30825
-30735
-30637
-30539
-30441
-30338
-30235
-30128
-30019
-29909
-29796
-29680
-29564
-29443
-29321
-29199
-29072
-28943
-28815
-28682
-28547
-28412
-28272
-28130
-27990
-27843
-27696
-27548
-27397
-27246
-27090
-26933
-26775
-26613
-26450
-26286
-26119
-25950
-25781
-25609
-25433
-25258
-25080
-24899
-24720
-24535
-24349
-24164
-23974
-23784
-23591
-23397
-23203
-23004
-22805
-22605
-22402
-22197
-21993
-21786
-21576
-21368
-21155
-20939
-20726
-20509
-20289
-20071
-19850
-19628
-19403
-19177
-18952
-18723
-18493
-18263
-18029
-17796
-17563
-17327
-17087
-16850
-16610
-16367
-16127
-15883
-15636
-15392
-15145
-14895
-14647
-14397
-14147
-13894
-13641
-13387
-13130
-12874
-12618
-12357
-12099
-11841
-11581
-11317
-11055
-10792
-10526
-10262
-9997
-9729
-9463
-9196
-8928
-8658
-8389
-8120
-7847
-7576
-7304
-7030
-6757
-6485
-6212
-5935
-5661
-5386
-5108
-4834
-4558
-4279
-4003
-3726
-3449
-3169
-2891
-2614
-2333
-2055
-1778
-1497
-1218
-940
-661
-380
-101
177
458
737
1015
1296
1574
1852
2130
2411
2689
2967
3247
3524
3801
4080
4356
4632
4911
5186
5461
5735
6012
6286
6559
6834
7107
7378
7651
7922
8192
8461
8733
9000
9268
9538
9804
10069
10337
10600
10864
11126
11390
11651
11911
12172
12430
12687
12946
13202
13456
13709
13965
14215
14465
14717
14964
15212
15461
15705
15949
16191
16435
16675
16914
17153
17390
17624
17860
18095
18325
18555
18787
19013
19238
19466
19687
19909
20132
20350
20567
20785
20998
21212
21422
21634
21842
22048
22254
22457
22659
22860
23060
23254
23449
23645
23835
24024
24216
24400
24584
24768
24948
25127
25304
25481
25655
25826
25997
26165
26329
26495
26658
26816
26974
27133
27285
27437
27589
27736
27881
28028
28168
28308
28447
28582
28717
28848
28978
29105
29230
29353
29476
29593
29709
29827
29937
30047
30157
30261
30363
30467
30565
30661
30758
30849
30939
31027
31111
31195
31276
31355
31432
31505
31577
31647
31713
31778
31843
31900
31958
32015
32067
32118
32167
32212
32256
32298
32336
32374
32407
32438
32469
32495
32519
32543
32562
32579
32597
32608
32618
32628
32631
32635
32637
32633
32630
32624
32614
32604
32591
32573
32556
32535
32510
32487
32458
32427
32396
32361
32323
32284
32240
32196
32151
32100
32049
31995
31938
31880
31821
31755
31690
31622
31551
31480
31405
31327
31249
31166
31083
30997
30907
30817
30725
30627
30531
30431
30328
30225
30119
30009
29898
29786
29669
29553
29433
29310
29187
29061
28933
28804
28670
28536
28400
28260
28119
27977
27830
27685
27538
27384
27232
27078
26919
26762
26601
26436
26272
26106
25938
25767
25594
25420
25244
25065
24886
24704
24519
24335
24150
23959
23768
23577
23381
23187
22990
22788
22589
22387
22181
21976
21769
21561
21350
21138
20924
20708
20491
20274
20054
19832
19611
19387
19159
18934
18707
18474
18245
18013
17777
17544
17308
17071
16831
16591
16351
16107
15863
15619
15372
15125
14878
14630
14377
14127
13876
13620
13367
13113
12854
12597
12340
12082
11820
11560
11299
11035
10772
10508
10241
9976
9711
9445
9176
8908
8640
8368
8098
7829
7554
7283
7011
6736
6464
6190
5916
5639
5364
5090
4812
4536
4260
3981
3704
3427
3151
2870
2592
2314
2034
1756
1478
1196
918
639
361
79
-198
-477
-759
-1036
-1315
-1596
-1874
-2152
-2430
-2711
-2988
-3266
-3546
-3823
-4098
-4377
-4654
-4929
-5204
-5482
-5757
-6031
-6308
-6580
-6853
-7128
-7398
-7669
-7941
-8213
-8482
-8751
-9022
-9289
-9556
-9825
-10090
-10354
-10621
-10885
-11147
-11408
-11672
-11931
-12189
-12451
-12707
-12964
-13223
-13476
-13729
-13982
-14235
-14485
-14734
-14984
-15231
-15477
-15724
-15968
-16211
-16451
-16695
-16933
-17170
-17409
-17643
-17876
-18112
-18344
-18573
-18803
-19031
-19256
-19481
-19705
-19926
-20147
-20368
-20585
-20800
-21013
-21229
-21439
-21649
-21859
-22064
-22268
-22474
-22675
-22874
-23074
-23270
-23464
-23659
-23850
-24040
-24228
-24415
-24599
-24781
-24963
-25142
-25319
-25494
-25670
-25840
-26009
-26179
-26343
-26507
-26672
-26829
-26988
-27145
-27298
-27450
-27600
-27749
-27894
-28039
-28181
-28320
-28459
-28592
-28729
-28859
-28988
-29117
-29241
-29363
-29487
-29604
-29720
-29836
-29947
-30057
-30166
-30271
-30373
-30476
-30574
-30671
-30766
-30856
-30948
-31035
-31119
-31204
-31284
-31362
-31440
-31513
-31584
-31654
-31720
-31785
-31849
-31907
-31965
-32021
-32073
-32125
-32173
-32217
-32262
-32303
-32341
-32379
-32412
-32443
-32474
-32499
-32523
-32548
-32566
-32584
-32601
-32611
-32621
-32631
-32634
-32638
-32640
-32636
-32633
-32627
-32617
-32606
-32593
-32575
-32558
-32536
-32512
-32488
-32459
-32428
-32398
-32361
-32323
-32285
-32240
-32196
-32151
-32100
-32048
-31995
-31937
-31879
-31819
-31754
-31689
-31621
-31550
-31478
-31402
-31325
-31248
-31163
-31080
-30995
-30904
-30814
-30723
-30624
-30527
-30428
-30325
-30221
-30115
-30005
-29894
-29782
-29665
-29548
-29428
-29306
-29182
-29056
-28927
-28800
-28664
-28530
-28395
-28253
-28113
-27972
-27823
-27678
-27530
-27378
-27225
-27070
-26913
-26754
-26593
-26430
-26265
-26098
-25929
-25760
-25585
-25411
-25237
-25055
-24876
-24697
-24510
-24326
-24141
-23951
-23758
-23567
-23373
-23177
-22979
-22780
-22578
-22376
-22173
-21968
-21758
-21550
-21342
-21127
-20912
-20699
-20479
-20262
-20044
-19822
-19598
-19376
-19150
-18922
-18694
-18464
-18232
-18000
-17767
-17531
-17295
-17058
-16822
-16578
-16337
-16097
-15850
-15606
-15361
-15111
-14864
-14616
-14366
-14113
-13862
-13609
-13353
-13098
-12842
-12583
-12325
-12067
-11809
-11545
-11284
-11023
-10757
-10493
-10230
-9961
-9696
-9431
-9163
-8893
-8625
-8355
-8083
-7813
-7542
-7268
-6996
-6724
-6451
-6175
-5901
-5627
-5350
-5075
-4800
-4521
-4245
-3968
-3692
-3412
-3135
-2857
-2576
-2298
-2021
-1740
-1462
-1184
-902
-623
-345
-66
214
493
770
1052
1330
1609
1890
2168
2445
2723
3004
3282
3559
3837
4114
4390
4669
4945
5220
5495
5772
6046
6320
6596
6868
7140
7414
7685
7956
8225
8497
8766
9034
9304
9571
9837
10105
10369
10633
10896
11161
11423
11684
11946
12204
12462
12722
12978
13234
13487
13743
13996
14246
14499
14748
14995
15245
15491
15735
15979
16224
16465
16705
16946
17183
17419
17656
17889
18123
18356
18586
18815
19041
19269
19493
19715
19939
20158
20377
20597
20812
21025
21238
21451
21660
21868
22075
22279
22483
22686
22885
23084
23278
23474
23669
23858
24050
24238
24423
24609
24790
24971
25150
25328
25502
25676
25848
26017
26186
26351
26515
26678
26835
26995
27152
27303
27457
27607
27754
27901
28046
28186
28325
28465
28599
28733
28865
28994
29121
29247
29368
29491
29608
29725
29840
29950
30062
30170
30274
30377
30479
30577
30675
30769
30859
30950
31038
31121
31206
31287
31365
31441
31515
31586
31656
31721
31786
31850
31907
31965
32022
32073
32125
32173
32217
32261
32303
32341
32378
32411
32442
32472
32498
32522
32546
32564
32582
32599
32609
32619
32628
32632
32635
32636
32633
32629
32623
32613
32603
32589
32571
32554
32532
32508
32484
32454
32423
32393
32356
32318
32279
32235
32190
32144
32094
32042
31988
31930
31874
31812
31747
31682
31614
31543
31471
31394
31317
31239
31156
31071
30986
30896
30805
30713
30615
30518
30418
30315
30212
30104
29995
29885
29771
29654
29539
29417
29295
29172
29046
28915
28788
28653
28518
28382
28242
28100
27959
27812
27666
27517
27365
27213
27057
26899
26742
26579
26416
26253
26083
25915
25747
25572
25396
25222
25042
24861
24681
24496
24310
24125
23935
23745
23551
23357
23163
22963
22764
22564
22360
22156
21951
21743
21533
21325
21112
20896
20681
20464
20244
20026
19805
19583
19358
19131
18906
18676
18446
18216
17981
17748
17515
17279
17039
16803
16562
16319
16077
15833
15586
15342
15094
14847
14596
14346
14096
13842
13589
13336
13078
12822
12566
12305
12047
11788
11528
11263
11002
10739
10472
10209
9944
9676
9410
9142
8875
8603
8334
8065
7792
7521
7249
6974
6702
6430
6156
5879
5606
5331
5053
4778
4502
4223
3947
3670
3393
3113
2835
2557
2277
2000
1722
1440
1162
883
605
323
45
-233
-514
-792
-1071
-1352
-1631
-1909
-2186
-2467
-2745
-3023
-3303
-3579
-3856
-4136
-4412
-4688
-4963
-5241
-5516
-5791
-6068
-6342
-6614
-6888
-7161
-7432
-7706
-7977
-8246
-8515
-8787
-9055
-9323
-9592
-9857
-10123
-10390
-10654
-10917
-11179
-11443
-11704
-11963
-12224
-12483
-12739
-12998
-13254
-13507
-13760
-14016
-14266
-14516
-14768
-15015
-15262
-15510
-15755
-15999
-16241
-16484
-16724
-16962
-17202
-17438
-17672
-17908
-18141
-18371
-18602
-18834
-19059
-19284
-19511
-19732
-19954
-20176
-20394
-20612
-20827
-21042
-21256
-21465
-21676
-21885
-22090
-22296
-22500
-22699
-22901
-23100
-23294
-23488
-23684
-23874
-24063
-24253
-24438
-24622
-24806
-24986
-25165
-25341
-25516
-25691
-25861
-26031
-26200
-26364
-26528
-26692
-26849
-27007
-27165
-27316
-27469
-27620
-27767
-27912
-28057
-28198
-28338
-28475
-28611
-28746
-28875
-29005
-29133
-29257
-29380
-29502
-29618
-29735
-29851
-29961
-30071
-30180
-30284
-30386
-30489
-30586
-30683
-30777
-30868
-30959
-31046
-31130
-31215
-31294
-31372
-31450
-31522
-31594
-31664
-31728
-31793
-31857
-31914
-31972
-32028
-32080
-32130
-32179
-32223
-32267
-32308
-32346
-32384
-32416
-32447
-32477
-32502
-32527
-32551
-32568
-32586
-32603
-32613
-32623
-32631
-32635
-32638
-32639
-32636
-32632
-32626
-32615
-32605
-32591
-32573
-32556
-32533
-32509
-32485
-32455
-32424
-32393
-32356
-32318
-32279
-32235
-32191
-32144
-32093
-32042
-31988
-31929
-31873
-31811
-31746
-31681
-31613
-31541
-31470
-31393
-31315
-31237
-31153
-31069
-30983
-30893
-30803
-30709
-30612
-30515
-30414
-30311
-30208
-30101
-29991
-29880
-29767
-29649
-29534
-29413
-29290
-29167
-29040
-28911
-28782
-28647
-28513
-28376
-28236
-28095
-27952
-27805
-27660
-27511
-27357
-27206
-27051
-26892
-26734
-26572
-26408
-26245
-26077
-25908
-25738
-25564
-25390
-25213
-25033
-24854
-24672
-24487
-24303
-24117
-23925
-23735
-23543
-23347
-23153
-22954
-22753
-22554
-22351
-22147
-21940
-21732
-21524
-21313
-21100
-20887
-20670
-20452
-20235
-20014
-19792
-19571
-19348
-19120
-18894
-18666
-18433
-18204
-17971
-17735
-17502
-17266
-17029
-16790
-16549
-16308
-16065
-15820
-15576
-15328
-15081
-14833
-14585
-14332
-14082
-13831
-13575
-13322
-13067
-12807
-12551
-12293
-12035
-11774
-11513
-11252
-10988
-10724
-10460
-10195
-9929
-9664
-9398
-9127
-8859
-8591
-8319
-8050
-7780
-7505
-7234
-6962
-6690
-6415
-6141
-5867
-5591
-5316
-5041
-4762
-4486
-4210
-3931
-3654
-3377
-3100
-2819
-2542
-2265
-1984
-1706
-1428
-1146
-867
-589
-310
-29
249
526
808
1086
1365
1646
1924
2202
2480
2761
3039
3315
3595
3872
4148
4427
4703
4979
5254
5532
5806
6080
6357
6630
6901
7176
7447
7718
7989
8261
8530
8799
9070
9338
9604
9872
10138
10402
10666
10932
11194
11455
11719
11978
12236
12496
12752
13009
13267
13520
13774
14026
14280
14530
14778
15029
15276
15521
15768
16012
16254
16494
16738
16975
17212
17451
17685
17918
18154
18384
18615
18843
19071
19297
19521
19745
19966
20185
20405
20624
20838
21051
21267
21476
21685
21896
22101
22304
22510
22710
22910
23108
23304
23498
23692
23884
24073
24260
24448
24631
24813
24992
25174
25349
25523
25700
25869
26038
26209
26372
26534
26699
26857
27015
27171
27324
27476
27625
27774
27919
28062
28204
28344
28481
28615
28752
28881
29009
29138
29262
29384
29507
29623
29739
29854
29965
30075
30183
30288
30390
30491
30590
30687
30780
30870
30962
31048
31132
31217
31296
31373
31452
31523
31595
31664
31730
31794
31857
31915
31973
32028
32080
32130
32178
32222
32267
32307
32345
32384
32415
32445
32476
32501
32525
32549
32566
32584
32600
32610
32620
32629
32632
32636
32636
32633
32629
32622
32612
32602
32586
32569
32551
32529
32505
32480
32450
32419
32388
32351
32313
32274
32229
32185
32138
32087
32036
31981
31923
31866
31804
31739
31674
31605
31534
31462
31385
31308
31230
31144
31061
30975
30883
30794
30701
30602
30505
30405
30303
30198
30091
29981
29870
29756
29640
29523
29401
29280
29157
29028
28900
28771
28635
28501
28365
28223
28083
27941
27793
27647
27498
27346
27193
27037
26880
26721
26558
26396
26231
26062
25894
25726
25549
25375
25200
25018
24839
24658
24472
24287
24101
23912
23719
23527
23333
23137
22939
22739
22537
22334
22130
21927
21715
21507
21298
21083
20870
20655
20435
20217
19999
19777
19553
19330
19104
18875
18647
18417
18185
17952
17719
17486
17247
17010
16773
16530
16289
16048
15801
15556
15311
15061
14814
14565
14315
14062
13811
13558
13302
13046
12790
12531
12273
12015
11756
11492
11231
10970
10704
10441
10177
9908
9643
9377
9109
8838
8570
8301
8029
7758
7487
7213
6941
6668
6396
6120
5846
5572
5294
5019
4744
4465
4189
3912
3636
3356
3078
2802
2521
2243
1965
1684
1406
1127
849
567
289
10
-270
-548
-827
-1108
-1387
-1665
-1946
-2224
-2502
-2780
-3060
-3337
-3614
-3894
-4170
-4446
-4725
-5000
-5275
-5550
-5828
-6102
-6375
-6650
-6922
-7194
-7469
-7740
-8010
-8280
-8552
-8820
-9088
-9359
-9625
-9890
-10159
-10423
-10686
-10950
-11214
-11475
-11736
-11997
-12255
-12514
-12773
-13029
-13285
-13538
-13794
-14046
-14296
-14549
-14797
-15045
-15295
-15541
-15785
-16029
-16273
-16514
-16754
-16994
-17231
-17468
-17704
-17937
-18170
-18400
-18632
-18862
-19087
-19315
-19538
-19760
-19984
-20203
-20420
-20641
-20856
-21069
-21282
-21494
-21702
-21911
-22117
-22321
-22524
-22726
-22926
-23124
-23318
-23515
-23708
-23898
-24089
-24276
-24461
-24647
-24828
-25007
-25187
-25364
-25538
-25713
-25884
-26052
-26221
-26386
-26549
-26711
-26869
-27029
-27184
-27335
-27489
-27638
-27785
-27932
-28075
-28215
-28355
-28493
-28627
-28762
-28892
-29021
-29149
-29273
-29395
-29517
-29632
-29750
-29864
-29974
-30086
-30193
-30296
-30400
-30501
-30598
-30696
-30790
-30879
-30970
-31057
-31141
-31225
-31304
-31381
-31459
-31531
-31602
-31672
-31736
-31802
-31864
-31921
-31979
-32034
-32086
-32137
-32184
-32228
-32273
-32313
-32351
-32388
-32420
-32451
-32481
-32506
-32530
-32553
-32570
-32588
-32604
-32614
-32624
-32632
-32635
-32639
-32639
-32635
-32632
-32624
-32614
-32604
-32588
-32571
-32553
-32530
-32506
-32482
-32451
-32420
-32389
-32352
-32313
-32274
-32229
-32185
-32138
-32087
-32035
-31980
-31922
-31866
-31802
-31738
-31673
-31603
-31532
-31461
-31382
-31305
-31227
-31142
-31058
-30972
-30881
-30791
-30697
-30600
-30502
-30401
-30299
-30195
-30087
-29977
-29867
-29752
-29635
-29520
-29396
-29274
-29152
-29024
-28894
-28765
-28630
-28495
-28358
-28219
-28076
-27934
-27788
-27641
-27491
-27339
-27187
-27030
-26872
-26715
-26550
-26388
-26225
-26056
-25886
-25717
-25542
-25366
-25191
-25011
-24830
-24649
-24465
-24278
-24091
-23902
-23712
-23517
-23323
-23129
-22928
-22728
-22529
-22323
-22120
-21916
-21707
-21496
-21287
-21074
-20858
-20644
-20425
-20206
-19986
-19765
-19543
-19317
-19092
-18867
-18635
-18405
-18175
-17940
-17706
-17473
-17236
-16997
-16760
-16519
-16276
-16034
-15790
-15543
-15298
-15050
-14803
-14551
-14301
-14051
-13797
-13543
-13290
-13032
-12776
-12519
-12261
-12000
-11742
-11480
-11217
-10956
-10692
-10426
-10162
-9896
-9631
-9362
-9094
-8826
-8555
-8286
-8016
-7743
-7472
-7200
-6925
-6653
-6381
-6108
-5831
-5557
-5282
-5004
-4728
-4452
-4173
-3897
-3620
-3343
-3063
-2786
-2508
-2227
-1949
-1671
-1390
-1111
-833
-554
-273
4
282
564
842
1121
1403
1681
1959
2237
2518
2795
3072
3353
3629
3906
4186
4462
4738
5013
5291
5566
5840
6117
6390
6662
6938
7210
7481
7752
8026
8295
8564
8835
9103
9371
9640
9905
10171
10438
10701
10965
11225
11489
11750
12009
12270
12528
12784
13043
13299
13552
13805
14060
14310
14560
14811
15058
15305
15554
15798
16042
16284
16527
16768
17005
17244
17481
17714
17950
18182
18412
18642
18873
19099
19325
19551
19772
19994
20215
20432
20651
20865
21080
21293
21502
21713
21922
22126
22332
22535
22734
22935
23134
23329
23523
23717
23907
24097
24285
24470
24654
24837
25016
25196
25371
25547
25722
25890
26060
26229
26392
26557
26719
26876
27033
27191
27343
27495
27645
27792
27937
28081
28222
28362
28498
28633
28768
28897
29027
29154
29277
29400
29522
29637
29754
29869
29979
30089
30197
30300
30403
30504
30601
30699
30792
30882
30973
31059
31143
31228
31306
31384
31461
31532
31603
31673
31738
31802
31865
31922
31980
32035
32086
32137
32184
32228
32273
32312
32350
32387
32419
32450
32480
32504
32528
32551
32569
32586
32601
32612
32622
32629
32632
32636
32636
32632
32629
32621
32610
32600
32584
32567
32549
32526
32501
32477
32446
32416
32384
32346
32308
32268
32223
32179
32131
32081
32029
31974
31915
31859
31796
31730
31666
31596
31524
31453
31375
31298
31218
31134
31050
30963
30872
30783
30688
30591
30493
30392
30289
30185
30078
29967
29856
29742
29624
29509
29386
29263
29140
29012
28884
28753
28618
28484
28346
28206
28065
27921
27775
27629
27479
27325
27174
27018
26858
26701
26538
26374
26095
25810
25519
25226
24924
24617
24306
23990
23671
23344
23012
22677
22337
21992
21643
21289
20929
20567
20200
19830
19456
19074
18691
18304
17913
17520
17119
16719
16314
15905
15494
15075
14658
14237
13814
13387
12958
12522
12087
11651
11211
10769
10322
9875
9428
8976
8524
8068
7612
7155
6696
6237
5775
5310
4845
4381
3915
3449
2979
2511
2042
1574
1105
636
164
-304
-773
-1243
-1712
-2183
-2651
-3119
-3586
-4053
-4521
-4985
-5448
-5910
-6373
-6831
-7292
-7749
-8204
-8658
-9109
-9562
-10009
-10455
-10899
-11340
-11782
-12219
-12652
-13084
-13513
-13939
-14363
-14784
-15201
-15614
-16026
-16435
-16839
-17239
-17635
-18029
-18420
-18808
-19188
-19566
-19939
-20309
-20677
-21038
-21396
-21746
-22094
-22440
-22778
-23113
-23441
-23765
-24087
-24401
-24711
-25013
-25313
-25607
-25897
-26181
-26458
-26731
-26997
-27259
-27515
-27763
-28009
-28245
-28478
-28706
-28926
-29141
-29348
-29552
-29749
-29939
-30123
-30300
-30472
-30637
-30797
-30949
-31094
-31235
-31366
-31494
-31614
-31727
-31836
-31933
-32029
-32116
-32196
-32270
-32336
-32399
-32450
-32498
-32538
-32571
-32600
-32618
-32632
-32638
-32637
-32631
-32616
-32597
-32568
-32534
-32493
-32444
-32392
-32330
-32262
-32188
-32107
-32019
-31923
-31824
-31715
-31602
-31481
-31353
-31220
-31079
-30932
-30779
-30618
-30455
-30281
-30103
-29919
-29727
-29531
-29326
-29118
-28903
-28680
-28454
-28220
-27983
-27737
-27488
-27230
-26968
-26702
-26428
-26151
-25865
-25575
-25282
-24982
-24678
-24365
-24051
-23731
-23406
-23078
-22742
-22402
-22058
-21709
-21358
-20999
-20636
-20269
-19899
-19526
-19147
-18764
-18376
-17987
-17594
-17196
-16798
-16389
-15982
-15570
-15156
-14740
-14315
-13894
-13467
-13038
-12606
-12169
-11733
-11293
-10852
-10408
-9961
-9511
-9061
-8609
-8156
-7700
-7240
-6782
-6323
-5862
-5399
-4932
-4468
-4003
-3537
-3069
-2601
-2130
-1662
-1193
-724
-255
217
686
1156
1625
2092
2560
3032
3499
3965
4430
4895
5361
5825
6286
6745
7204
7663
8120
8573
9025
9475
9923
10372
10816
11258
11698
12134
12571
13004
13433
13859
14281
14706
15122
15538
15949
16356
16762
17164
17562
17955
18346
18733
19117
19496
19870
20239
20606
20970
21329
21680
22029
22373
22712
23051
23379
23705
24024
24339
24652
24956
25257
25551
25841
26127
26405
26680
26946
27208
27464
27716
27962
28200
28434
28661
28884
29099
29309
29514
29709
29901
30088
30265
30439
30603
30765
30918
31065
31207
31340
31469
31590
31704
31813
31913
32010
32097
32179
32254
32322
32385
32438
32487
32528
32563
32592
32612
32628
32634
32635
32629
32616
32599
32570
32538
32498
32451
32399
32338
32273
32198
32119
32033
31938
31841
31732
31620
31500
31373
31242
31102
30957
30805
30646
30481
30310
30134
29949
29760
29564
29360
29154
28939
28720
28494
28260
28024
27779
27531
27275
27013
26747
26475
26199
25915
25627
25332
25032
24731
24420
24108
23785
23461
23134
22800
22462
22117
21769
21419
21061
20701
20335
19964
19591
19213
18833
18446
18055
17661
17265
16866
16462
16053
15641
15228
14811
14391
13970
13540
13113
12681
12247
11812
11370
10929
10484
10039
9592
9139
8687
8234
7780
7323
6865
6402
5941
5479
5016
4552
4083
3617
3151
2683
2215
1744
1275
805
336
-132
-601
-1074
-1543
-2012
-2480
-2948
-3418
-3884
-4349
-4815
-5279
-5741
-6206
-6665
-7125
-7582
-8038
-8494
-8946
-9398
-9846
-10292
-10739
-11182
-11622
-12058
-12494
-12926
-13359
-13785
-14209
-14630
-15047
-15466
-15877
-16287
-16692
-17092
-17494
-17887
-18279
-18666
-19049
-19428
-19805
-20176
-20543
-20906
-21265
-21620
-21970
-22314
-22655
-22990
-23323
-23650
-23970
-24286
-24597
-24903
-25207
-25501
-25792
-26077
-26356
-26633
-26901
-27165
-27421
-27673
-27921
-28160
-28396
-28623
-28846
-29063
-29274
-29480
-29677
-29870
-30056
-30237
-30411
-30578
-30741
-30893
-31042
-31184
-31319
-31450
-31570
-31687
-31797
-31898
-31996
-32084
-32168
-32243
-32313
-32377
-32431
-32483
-32523
-32560
-32590
-32612
-32629
-32636
-32639
-32634
-32622
-32605
-32579
-32548
-32508
-32463
-32412
-32353
-32289
-32215
-32137
-32051
-31959
-31862
-31754
-31644
-31525
-31400
-31269
-31129
-30987
-30835
-30679
-30515
-30345
-30169
-29986
-29799
-29602
-29402
-29194
-28981
-28764
-28537
-28306
-28068
-27825
-27579
-27323
-27065
-26799
-26526
-26252
-25969
-25683
-25390
-25090
-24787
-24480
-24168
-23848
-23526
-23197
-22863
-22527
-22184
-21838
-21484
-21129
-20769
-20403
-20036
-19660
-19284
-18904
-18519
-18131
-17738
-17340
-16941
-16538
-16132
-15721
-15306
-14889
-14471
-14049
-13623
-13194
-12761
-12328
-11893
-11455
-11014
-10567
-10123
-9676
-9226
-8775
-8319
-7865
-7407
-6950
-6491
-6028
-5566
-5102
-4638
-4173
-3707
-3238
-2770
-2301
-1833
-1365
-893
-423
45
514
984
1456
1924
2392
2860
3328
3795
4263
4728
5192
5655
6117
6580
7039
7496
7953
8407
8860
9313
9762
10209
10654
11097
11539
11978
12413
12845
13276
13706
14130
14551
14970
15386
15798
16210
16616
17018
17417
17811
18206
18594
18977
19358
19732
20108
20474
20838
21197
21552
21903
22249
22591
22928
23258
23586
23910
24227
24538
24845
25148
25446
25739
26022
26304
26579
26848
27115
27372
27625
27872
28113
28351
28579
28805
29021
29233
29440
29639
29835
30020
30201
30375
30545
30709
30862
31013
31155
31293
31423
31546
31664
31773
31877
31975
32066
32151
32226
32298
32363
32419
32471
32513
32552
32582
32606
32623
32632
32637
32632
32622
32605
32581
32552
32512
32470
32418
32361
32298
32225
32150
32064
31973
31876
31772
31663
31543
31420
31290
31153
31011
30859
30705
30542
30373
30199
30016
29831
29635
29436
29230
29018
28801
28574
28346
28110
27868
27620
27366
27110
26844
26575
26298
26017
25733
25440
25144
24841
24532
24222
23903
23582
23254
22921
22585
22242
21899
21547
21192
20831
20467
20101
19727
19352
18970
18586
18198
17806
17411
17010
16607
16202
15793
15381
14964
14543
14122
13698
13270
12839
12404
11969
11530
11091
10648
10200
9753
9304
8853
8401
7947
7487
7030
6571
6111
5649
5183
4719
4254
3789
3321
2851
2383
1915
1447
978
508
35
-433
-902
-1371
-1840
-2311
-2780
-3247
-3713
-4179
-4647
-5111
-5575
-6037
-6497
-6956
-7417
-7874
-8328
-8781
-9232
-9685
-10132
-10576
-11020
-11461
-11899
-12337
-12770
-13202
-13629
-14054
-14479
-14898
-15314
-15727
-16137
-16546
-16949
-17348
-17743
-18136
-18524
-18911
-19292
-19667
-20041
-20408
-20776
-21136
-21491
-21843
-22188
-22533
-22870
-23203
-23530
-23853
-24173
-24485
-24793
-25096
-25394
-25687
-25975
-26258
-26532
-26803
-27068
-27328
-27584
-27830
-28073
-28309
-28540
-28768
-28985
-29199
-29404
-29605
-29803
-29989
-30173
-30347
-30517
-30681
-30839
-30990
-31132
-31271
-31401
-31527
-31646
-31757
-31864
-31960
-32053
-32139
-32216
-32290
-32354
-32412
-32464
-32509
-32549
-32579
-32605
-32623
-32634
-32639
-32636
-32628
-32611
-32589
-32560
-32523
-32482
-32431
-32376
-32312
-32242
-32167
-32083
-31994
-31896
-31794
-31685
-31569
-31447
-31317
-31181
-31040
-30891
-30739
-30574
-30407
-30233
-30054
-29868
-29673
-29476
-29270
-29060
-28843
-28618
-28392
-28155
-27916
-27669
-27417
-27160
-26895
-26628
-26353
-26073
-25787
-25496
-25201
-24899
-24593
-24282
-23964
-23644
-23316
-22986
-22650
-22307
-21963
-21613
-21260
-20901
-20536
-20169
-19797
-19423
-19044
-18661
-18271
-17879
-17486
-17087
-16686
-16279
-15869
-15458
-15043
-14625
-14201
-13777
-13350
-12920
-12489
-12052
-11613
-11173
-10730
-10286
-9840
-9389
-8937
-8485
-8032
-7576
-7116
-6656
-6196
-5735
-5272
-4809
-4340
-3875
-3409
-2941
-2474
-2002
-1533
-1064
-595
-126
345
814
1283
1753
2221
2689
3160
3626
4092
4558
5022
5489
5950
6412
6871
7329
7786
8243
8696
9148
9598
10045
10493
10938
11378
11817
12252
12690
13121
13549
13976
14397
14817
15237
15650
16062
16467
16871
17273
17669
18063
18451
18838
19220
19598
19971
20340
20706
21066
21425
21776
22124
22467
22804
23141
23468
23792
24112
24425
24736
25038
25338
25631
25919
26203
26480
26753
27018
27279
27534
27784
28028
28265
28497
28723
28943
29158
29364
29568
29763
29952
30138
30313
30485
30648
30807
30960
31104
31245
31375
31502
31621
31734
31843
31939
32034
32121
32200
32274
32339
32400
32452
32498
32539
32571
32599
32616
32630
32635
32634
32628
32612
32592
32562
32527
32487
32437
32385
32321
32252
32178
32096
32009
31912
31811
31702
31587
31467
31338
31204
31063
30915
30763
30601
30436
30262
30084
29898
29707
29511
29305
29095
28879
28658
28431
28195
27957
27711
27461
27205
26940
26674
26399
26121
25837
25547
25251
24950
24646
24335
24020
23699
23372
23044
22707
22369
22025
21674
21322
20962
20601
20235
19862
19488
19109
18728
18341
17947
17554
17156
16757
16351
15943
15529
15114
14698
14277
13854
13424
12995
12563
12128
11692
11249
10807
10363
9917
9469
9019
8564
8111
7654
7197
6739
6277
5815
5353
4889
4424
3956
3490
3023
2554
2086
1618
1146
677
208
-260
-730
-1202
-1671
-2139
-2607
-3075
-3546
-4012
-4477
-4941
-5405
-5867
-6332
-6791
-7249
-7706
-8161
-8618
-9070
-9520
-9967
-10414
-10858
-11302
-11742
-12178
-12612
-13043
-13476
-13902
-14324
-14745
-15162
-15578
-15990
-16397
-16803
-17202
-17598
-17995
-18384
-18772
-19152
-19531
-19906
-20277
-20644
-21004
-21363
-21716
-22064
-22409
-22746
-23083
-23410
-23737
-24057
-24372
-24682
-24986
-25287
-25581
-25870
-26155
-26432
-26708
-26973
-27235
-27491
-27740
-27987
-28225
-28459
-28685
-28905
-29121
-29330
-29535
-29731
-29921
-30106
-30285
-30458
-30622
-30782
-30934
-31081
-31223
-31355
-31483
-31603
-31717
-31826
-31925
-32021
-32108
-32189
-32263
-32331
-32394
-32445
-32494
-32534
-32568
-32598
-32616
-32631
-32637
-32638
-32632
-32618
-32600
-32571
-32537
-32497
-32449
-32398
-32335
-32269
-32194
-32114
-32028
-31932
-31834
-31725
-31612
-31492
-31365
-31234
-31092
-30946
-30794
-30634
-30470
-30298
-30120
-29935
-29745
-29550
-29345
-29137
-28921
-28702
-28475
-28242
-28006
-27758
-27510
-27254
-26993
-26727
-26452
-26176
-25891
-25603
-25309
-25007
-24705
-24394
-24081
-23761
-23437
-23107
-22771
-22434
-22090
-21742
-21389
-21030
-20670
-20304
-19934
-19561
-19180
-18801
-18413
-18024
-17630
-17231
-16831
-16427
-16021
-15609
-15192
-14776
-14355
-13934
-13507
-13078
-12644
-12210
-11774
-11334
-10893
-10447
-10000
-9553
-9103
-8652
-8195
-7740
-7283
-6825
-6366
-5904
-5439
-4976
-4511
-4046
-3579
-3110
-2642
-2174
-1706
-1237
-765
-295
173
642
1112
1581
2052
2521
2989
3456
3922
4390
4855
5319
5781
6243
6705
7164
7622
8077
8530
8982
9436
9884
10331
10775
11217
11660
12096
12531
12963
13393
13819
14246
14667
15083
15499
15910
16321
16727
17127
17525
17918
18312
18699
19081
19461
19835
20205
20574
20936
21296
21648
21997
22343
22684
23019
23348
23675
23996
24312
24623
24928
25230
25523
25816
26100
26379
26654
26921
27186
27442
27693
27939
28178
28415
28641
28863
29079
29289
29495
29692
29885
30071
30249
30423
30590
30752
30904
31052
31194
31329
31459
31579
31694
31803
31904
32002
32089
32172
32247
32316
32380
32433
32484
32524
32560
32589
32610
32627
32633
32636
32630
32618
32601
32573
32542
32501
32455
32404
32344
32280
32205
32127
32040
31947
31850
31742
31630
31511
31385
31254
31114
30971
30818
30660
30497
30326
30151
29967
29777
29581
29379
29174
28959
28740
28513
28282
28046
27801
27552
27296
27037
26772
26501
26226
25940
25653
25359
25061
24758
24448
24135
23815
23492
23165
22829
22492
22149
21802
21451
21095
20732
20367
19999
19626
19248
18866
18480
18092
17698
17303
16903
16497
16091
15680
15267
14850
14428
14007
13580
13153
12722
12285
11849
11411
10970
10526
10081
9631
9181
8730
8277
7822
7363
6904
6445
5984
5523
5056
4591
4126
3661
3194
2726
2255
1786
1318
849
380
-92
-561
-1030
-1500
-1968
-2439
-2907
-3374
-3840
-4307
-4772
-5238
-5701
-6162
-6623
-7082
-7542
-7998
-8452
-8905
-9356
-9807
-10253
-10698
-11141
-11581
-12018
-12457
-12888
-13319
-13746
-14170
-14594
-15012
-15428
-15839
-16249
-16654
-17058
-17457
-17850
-18242
-18629
-19016
-19395
-19770
-20143
-20509
-20875
-21234
-21588
-21938
-22282
-22623
-22961
-23292
-23620
-23940
-24257
-24570
-24876
-25179
-25474
-25766
-26052
-26332
-26607
-26876
-27141
-27397
-27651
-27898
-28138
-28374
-28602
-28827
-29044
-29255
-29461
-29659
-29854
-30040
-30221
-30394
-30562
-30726
-30879
-31030
-31171
-31307
-31437
-31560
-31677
-31786
-31889
-31987
-32077
-32162
-32236
-32307
-32371
-32426
-32478
-32520
-32558
-32587
-32610
-32627
-32635
-32640
-32634
-32624
-32607
-32581
-32552
-32512
-32468
-32416
-32358
-32295
-32222
-32145
-32059
-31967
-31871
-31765
-31655
-31536
-31412
-31281
-31142
-31001
-30850
-30694
-30529
-30359
-30186
-30003
-29817
-29619
-29420
-29214
-29001
-28785
-28559
-28327
-28090
-27848
-27602
-27347
-27088
-26822
-26552
-26277
-25996
-25709
-25415
-25118
-24816
-24508
-24198
-23876
-23554
-23226
-22895
-22558
-22213
-21869
-21517
-21163
-20803
-20435
-20069
-19695
-19320
-18939
-18555
-18165
-17772
-17377
-16978
-16575
-16167
-15757
-15345
-14928
-14510
-14088
-13661
-13234
-12802
-12369
-11934
-11492
-11052
-10609
-10165
-9717
-9265
-8814
-8361
-7907
-7450
-6993
-6531
-6071
-5609
-5145
-4682
-4213
-3748
-3282
-2813
-2345
-1874
-1406
-937
-467
1
471
943
1412
1880
2348
2816
3288
3754
4220
4685
5148
5615
6077
6537
6996
7453
7910
8368
8820
9271
9720
10168
10615
11058
11498
11937
12372
12807
13240
13666
14091
14513
14931
15350
15763
16172
16578
16981
17382
17777
18169
18557
18942
19322
19700
20074
20440
20805
21165
21521
21873
22217
22560
22896
23230
23558
23880
24199
24509
24817
25121
25418
25712
25997
26278
26555
26825
27090
27348
27602
27850
28092
28328
28559
28785
29001
29215
29421
29620
29817
30002
30186
30360
30530
30693
30849
31001
31142
31281
31411
31535
31654
31764
31870
31966
32057
32143
32220
32293
32357
32414
32466
32509
32549
32579
32604
32621
32631
32637
32632
32624
32607
32584
32554
32516
32474
32423
32367
32304
32232
32157
32072
31982
31885
31781
31672
31555
31433
31302
31165
31024
30873
30721
30557
30389
30214
30033
29848
29653
29455
29248
29037
28820
28596
28368
28130
27890
27643
27390
27135
26869
26599
26324
26043
25759
25467
25170
24867
24561
24250
23933
23610
23282
22952
22616
22274
21930
21578
21224
20865
20501
20135
19760
19385
19005
18621
18234
17840
17446
17047
16645
16240
15830
15417
15001
14582
14161
13737
13307
12877
12445
12009
11572
11132
10686
10241
9795
9347
8896
8439
7986
7530
7073
6614
6150
5689
5226
4763
4298
3831
3362
2895
2427
1959
1491
1018
548
79
-389
-858
-1330
-1799
-2268
-2736
-3204
-3670
-4139
-4604
-5069
-5532
-5994
-6458
-6916
-7375
-7832
-8286
-8742
-9193
-9643
-10090
-10535
-10979
-11423
-11861
-12296
-12730
-13162
-13592
-14019
-14440
-14859
-15276
-15691
-16102
-16508
-16911
-17311
-17706
-18103
-18490
-18876
-19256
-19633
-20009
-20377
-20743
-21103
-21458
-21810
-22159
-22502
-22838
-23173
-23499
-23825
-24145
-24457
-24765
-25068
-25368
-25662
-25948
-26232
-26507
-26778
-27045
-27304
-27560
-27807
-28051
-28290
-28521
-28747
-28965
-29179
-29387
-29588
-29784
-29972
-30157
-30331
-30503
-30667
-30824
-30976
-31119
-31260
-31390
-31516
-31635
-31747
-31855
-31952
-32045
-32131
-32209
-32284
-32348
-32408
-32459
-32505
-32545
-32576
-32604
-32621
-32633
-32639
-32636
-32630
-32613
-32592
-32563
-32526
-32486
-32435
-32382
-32318
-32249
-32174
-32091
-32003
-31906
-31805
-31696
-31579
-31459
-31329
-31195
-31053
-30904
-30752
-30590
-30423
-30250
-30070
-29884
-29691
-29495
-29290
-29079
-28862
-28639
-28413
-28177
-27939
-27691
-27440
-27184
-26920
-26653
-26377
-26098
-25813
-25522
-25229
-24927
-24620
-24309
-23993
-23674
-23347
-23015
-22680
-22340
-21995
-21646
-21292
-20932
-20570
-20203
-19832
-19458
-19077
-18694
-18307
-17916
-17523
-17121
-16722
-16317
-15908
-15497
-15078
-14661
-14240
-13817
-13390
-12961
-12525
-12090
-11654
-11214
-10772
-10325
-9878
-9431
-8979
-8527
-8074
-7615
-7158
-6699
-6240
-5778
-5313
-4848
-4384
-3918
-3452
-2982
-2514
-2045
-1577
-1108
-639
-167
301
770
1240
1709
2180
2648
3116
3583
4050
4518
4982
5445
5907
6370
6828
7289
7746
8201
8655
9106
9559
10006
10453
10896
11337
11779
12216
12649
13081
13510
13936
14360
14781
15198
15611
16023
16432
16836
17236
17632
18026
18417
18805
19185
19563
19936
20306
20674
21035
21393
21743
22091
22438
22775
23110
23438
23762
24082
24398
24708
25010
25310
25604
25894
26178
26455
26728
26994
27256
27512
27760
28006
28242
28475
28703
28923
29138
29345
29549
29746
29936
30120
30297
30469
30634
30794
30946
31091
31232
31364
31491
31611
31724
31833
31930
32026
32113
32193
32267
32333
32396
32447
32495
32535
32568
32597
32615
32629
32635
32634
32628
32613
32594
32565
32531
32490
32441
32389
32327
32259
32185
32104
32016
31920
31821
31712
31599
31478
31350
31217
31076
30929
30777
30615
30452
30278
30100
29916
29724
29528
29324
29115
28900
28677
28451
28217
27980
27734
27485
27227
26965
26699
26425
26148
25862
25572
25279
24979
24675
24362
24048
23728
23403
23075
22739
22399
22055
21706
21355
20996
20633
20266
19896
19523
19144
18761
18373
17984
17591
17193
16795
16386
15979
15567
15153
14737
14313
13891
13464
13035
12603
12166
11730
11290
10849
10405
9958
9508
9058
8606
8153
7697
7237
6779
6320
5859
5396
4932
4465
4000
3534
3066
2598
2127
1659
1190
721
252
-220
-689
-1159
-1628
-2095
-2563
-3035
-3502
-3968
-4433
-4898
-5364
-5828
-6289
-6748
-7207
-7666
-8123
-8576
-9028
-9478
-9926
-10375
-10819
-11261
-11701
-12137
-12574
-13006
-13436
-13862
-14284
-14709
-15125
-15541
-15952
-16359
-16765
-17167
-17565
-17958
-18349
-18736
-19120
-19498
-19872
-20242
-20609
-20973
-21332
-21683
-22032
-22376
-22715
-23053
-23382
-23708
-24027
-24342
-24655
-24959
-25260
-25554
-25844
-26128
-26408
-26683
-26949
-27211
-27467
-27719
-27965
-28203
-28437
-28664
-28887
-29102
-29312
-29517
-29712
-29904
-30090
-30268
-30442
-30606
-30768
-30921
-31068
-31210
-31343
-31472
-31593
-31707
-31816
-31916
-32013
-32100
-32182
-32257
-32325
-32388
-32441
-32490
-32531
-32566
-32595
-32615
-32631
-32637
-32638
-32632
-32619
-32602
-32573
-32541
-32501
-32454
-32402
-32341
-32276
-32201
-32122
-32036
-31941
-31844
-31735
-31622
-31503
-31376
-31245
-31105
-30960
-30808
-30649
-30484
-30313
-30137
-29952
-29763
-29568
-29363
-29157
-28942
-28723
-28496
-28263
-28027
-27782
-27534
-27278
-27016
-26750
-26478
-26202
-25918
-25630
-25335
-25035
-24734
-24423
-24111
-23788
-23464
-23137
-22802
-22465
-22120
-21772
-21421
-21064
-20704
-20338
-19966
-19593
-19216
-18836
-18449
-18058
-17664
-17268
-16869
-16465
-16056
-15644
-15231
-14814
-14394
-13973
-13543
-13116
-12684
-12250
-11815
-11372
-10932
-10487
-10042
-9595
-9142
-8690
-8237
-7783
-7326
-6868
-6405
-5944
-5482
-5019
-4555
-4086
-3620
-3154
-2686
-2218
-1750
-1277
-808
-339
129
599
1071
1540
2009
2477
2945
3415
3881
4346
4812
5276
5738
6203
6662
7122
7579
8035
8491
8943
9395
9843
10289
10736
11179
11619
12055
12491
12923
13356
13782
14206
14627
15045
15463
15874
16284
16689
17089
17491
17884
18276
18663
19046
19425
19802
20173
20540
20903
21262
21618
21967
22311
22652
22988
23320
23647
23967
24283
24594
24900
25204
25499
25789
26074
26353
26630
26898
27162
27418
27670
27916
28157
28393
28620
28843
29060
29271
29477
29674
29867
30053
30234
30408
30575
30738
30890
31039
31181
31316
31447
31567
31684
31794
31895
31993
32081
32165
32240
32310
32374
32428
32480
32520
32557
32587
32609
32626
32633
32636
32631
32619
32602
32576
32545
32505
32460
32409
32350
32286
32212
32134
32048
31956
31859
31752
31641
31522
31397
31267
31126
30984
30832
30676
30512
30342
30166
29983
29796
29599
29399
29191
28978
28761
28534
28304
28067
27822
27576
27320
27062
26796
26523
26249
25966
25680
25387
25087
24784
24477
24165
23845
23523
23194
22860
22524
22181
21835
21481
21126
20766
20400
20034
19657
19281
18901
18516
18128
17735
17338
16938
16535
16129
15718
15303
14886
14468
14046
13620
13191
12758
12325
11890
11452
11011
10564
10120
9673
9223
8772
8316
7862
7404
6947
6488
6025
5563
5100
4635
4170
3704
3235
2767
2298
1830
1362
890
420
-48
-517
-987
-1456
-1927
-2395
-2863
-3331
-3798
-4266
-4731
-5195
-5658
-6120
-6583
-7042
-7499
-7956
-8410
-8863
-9316
-9765
-10212
-10657
-11100
-11542
-11981
-12416
-12848
-13279
-13709
-14133
-14554
-14973
-15389
-15801
-16213
-16619
-17021
-17420
-17814
-18209
-18597
-18980
-19361
-19735
-20111
-20477
-20841
-21200
-21555
-21906
-22252
-22594
-22931
-23261
-23589
-23912
-24230
-24541
-24848
-25151
-25449
-25742
-26025
-26307
-26582
-26851
-27118
-27375
-27628
-27875
-28116
-28354
-28582
-28808
-29024
-29236
-29442
-29642
-29837
-30023
-30204
-30378
-30548
-30712
-30865
-31016
-31158
-31296
-31426
-31549
-31667
-31776
-31880
-31978
-32069
-32154
-32229
-32301
-32366
-32422
-32474
-32516
-32555
-32585
-32609
-32626
-32635
-32640
-32635
-32625
-32608
-32584
-32555
-32515
-32473
-32421
-32364
-32301
-32228
-32153
-32067
-31976
-31879
-31775
-31666
-31546
-31423
-31293
-31156
-31014
-30862
-30708
-30545
-30376
-30202
-30020
-29834
-29638
-29439
-29233
-29021
-28804
-28577
-28349
-28113
-27871
-27623
-27369
-27113
-26847
-26578
-26303
-26020
-25736
-25443
-25147
-24844
-24535
-24225
-23906
-23585
-23257
-22924
-22587
-22245
-21902
-21550
-21195
-20834
-20470
-20104
-19730
-19355
-18973
-18589
-18201
-17809
-17414
-17013
-16610
-16205
-15796
-15384
-14967
-14546
-14125
-13701
-13273
-12842
-12407
-11972
-11533
-11094
-10651
-10203
-9756
-9307
-8856
-8404
-7950
-7490
-7033
-6574
-6114
-5652
-5185
-4722
-4257
-3792
-3324
-2857
-2386
-1918
-1450
-981
-510
-38
430
899
1368
1837
2308
2777
3244
3710
4176
4641
5108
5572
6034
6494
6953
7414
7871
8325
8778
9229
9682
10129
10573
11017
11458
11896
12334
12767
13199
13626
14051
14476
14895
15311
15724
16134
16543
16946
17345
17740
18133
18521
18908
19289
19665
20039
20405
20773
21133
21488
21840
22185
22531
22867
23200
23527
23850
24170
24482
24790
25093
25391
25684
25972
26255
26529
26800
27065
27324
27581
27827
28070
28306
28537
28765
28982
29196
29401
29602
29800
29986
30170
30345
30514
30678
30836
30987
31129
31268
31399
31524
31643
31754
31861
31957
32050
32136
32213
32287
32351
32409
32461
32506
32546
32576
32602
32620
32631
32636
32633
32625
32608
32586
32557
32520
32479
32428
32373
32309
32239
32164
32080
31991
31893
31791
31682
31566
31444
31314
31178
31037
30888
30736
30571
30404
30230
30051
29865
29670
29473
29267
29057
28840
28617
28389
28152
27913
27666
27414
27157
26892
26625
26350
26070
25784
25493
25198
24896
24590
24279
23961
23641
23313
22983
22648
22304
21960
21610
21257
20898
20533
20166
19795
19420
19041
18658
18268
17876
17483
17085
16683
16276
15866
15455
15040
14622
14198
13774
13347
12917
12486
12049
11610
11170
10727
10283
9837
9386
8934
8482
8029
7573
7113
6653
6193
5732
5269
4806
4337
3872
3406
2938
2471
2000
1530
1061
592
123
-345
-817
-1286
-1756
-2224
-2692
-3163
-3629
-4095
-4561
-5025
-5492
-5953
-6415
-6874
-7332
-7789
-8246
-8699
-9151
-9601
-10048
-10496
-10941
-11381
-11820
-12255
-12693
-13124
-13552
-13979
-14400
-14820
-15240
-15653
-16065
-16470
-16874
-17276
-17672
-18066
-18454
-18841
-19223
-19601
-19974
-20343
-20709
-21069
-21428
-21779
-22127
-22470
-22807
-23144
-23471
-23795
-24115
-24428
-24739
-25041
-25341
-25634
-25922
-26206
-26483
-26756
-27021
-27282
-27537
-27786
-28031
-28268
-28500
-28726
-28944
-29161
-29367
-29571
-29766
-29955
-30141
-30316
-30488
-30651
-30810
-30963
-31107
-31248
-31378
-31505
-31624
-31737
-31846
-31942
-32037
-32123
-32203
-32277
-32342
-32403
-32455
-32501
-32542
-32574
-32602
-32619
-32633
-32638
-32637
-32631
-32615
-32595
-32565
-32530
-32490
-32440
-32387
-32324
-32255
-32181
-32099
-32012
-31915
-31814
-31705
-31590
-31470
-31341
-31207
-31066
-30918
-30766
-30604
-30439
-30265
-30087
-29901
-29710
-29514
-29308
-29098
-28882
-28661
-28434
-28198
-27960
-27714
-27464
-27208
-26945
-26677
-26402
-26124
-25840
-25550
-25254
-24953
-24649
-24338
-24023
-23702
-23375
-23047
-22710
-22372
-22028
-21676
-21325
-20965
-20604
-20237
-19865
-19491
-19112
-18731
-18344
-17950
-17557
-17159
-16760
-16354
-15946
-15532
-15117
-14701
-14280
-13857
-13427
-12998
-12566
-12131
-11695
-11252
-10810
-10366
-9920
-9472
-9022
-8567
-8114
-7657
-7200
-6742
-6280
-5818
-5355
-4892
-4427
-3959
-3493
-3026
-2557
-2089
-1621
-1149
-680
-211
257
727
1200
1668
2136
2604
3072
3540
4009
4474
4938
5402
5865
6329
6788
7246
7703
8159
8615
9067
9517
9964
10411
10855
11299
11739
12175
12609
13041
13473
13899
14321
14742
15159
15575
15987
16394
16800
17199
17595
17992
18381
18769
19149
19528
19904
20274
20641
21001
21360
21713
22061
22406
22743
23080
23407
23734
24054
24369
24679
24983
25284
25578
25867
26152
26429
26705
26970
27232
27488
27737
27984
28222
28456
28682
28902
29118
29327
29532
29728
29918
30103
30281
30455
30619
30779
30931
31078
31220
31352
31480
31600
31714
31823
31922
32018
32105
32186
32260
32328
32391
32442
32491
32531
32565
32595
32613
32628
32634
32635
32629
32615
32597
32568
32534
32494
32446
32395
32332
32266
32191
32111
32025
31929
31831
31722
31609
31489
31362
31231
31089
30943
30791
30631
30467
30295
30117
29932
29742
29547
29342
29134
28918
28699
28472
28239
28003
27755
27507
27251
26990
26724
26449
26173
25888
25600
25306
25006
24702
24391
24078
23758
23434
23104
22768
22431
22087
21739
21386
21027
20667
20301
19931
19558
19177
18798
18410
18021
17627
17228
16829
16424
16018
15606
15189
14773
14352
13931
13504
13075
12641
12207
11771
11331
10890
10444
9997
9550
9100
8649
8192
7737
7280
6822
6363
5901
5436
4973
4508
4043
3576
3107
2639
2171
1703
1234
762
292
-176
-645
-1115
-1584
-2055
-2524
-2992
-3459
-3925
-4393
-4858
-5322
-5784
-6246
-6705
-7167
-7625
-8080
-8533
-8985
-9439
-9887
-10334
-10778
-11220
-11663
-12099
-12534
-12966
-13396
-13822
-14249
-14670
-15086
-15502
-15913
-16324
-16730
-17130
-17528
-17921
-18315
-18702
-19084
-19463
-19837
-20208
-20577
-20939
-21299
-21651
-22000
-22346
-22686
-23022
-23351
-23678
-23999
-24315
-24626
-24931
-25233
-25526
-25819
-26103
-26382
-26657
-26924
-27189
-27445
-27696
-27942
-28181
-28418
-28644
-28866
-29082
-29292
-29498
-29695
-29888
-30074
-30252
-30426
-30593
-30755
-30907
-31055
-31197
-31331
-31462
-31582
-31697
-31806
-31907
-32005
-32092
-32175
-32250
-32319
-32383
-32436
-32487
-32527
-32563
-32592
-32613
-32630
-32636
-32639
-32633
-32621
-32604
-32576
-32545
-32504
-32458
-32407
-32347
-32283
-32208
-32130
-32043
-31950
-31853
-31745
-31633
-31514
-31387
-31257
-31117
-30974
-30821
-30663
-30500
-30329
-30154
-29970
-29780
-29584
-29382
-29177
-28962
-28743
-28516
-28285
-28049
-27804
-27555
-27299
-27040
-26775
-26504
-26229
-25943
-25656
-25362
-25064
-24761
-24450
-24138
-23818
-23495
-23168
-22834
-22495
-22152
-21805
-21454
-21098
-20735
-20370
-20001
-19628
-19251
-18869
-18483
-18095
-17701
-17306
-16906
-16500
-16094
-15683
-15270
-14853
-14431
-14010
-13583
-13156
-12725
-12288
-11852
-11414
-10973
-10529
-10084
-9634
-9184
-8733
-8280
-7825
-7366
-6907
-6448
-5987
-5526
-5059
-4594
-4129
-3664
-3197
-2729
-2258
-1789
-1321
-852
-383
89
558
1027
1497
1965
2436
2904
3371
3837
4304
4769
5235
5698
6159
6620
7079
7539
7995
8449
8902
9353
9801
10250
10695
11138
11578
12015
12454
12885
13316
13743
14167
14591
15009
15425
15836
16246
16651
17055
17454
17848
18239
18627
19013
19392
19767
20140
20506
20872
21231
21585
21935
22279
22621
22958
23289
23617
23937
24254
24567
24873
25176
25471
25763
26049
26329
26604
26873
27138
27394
27648
27895
28135
28371
28599
28824
29041
29252
29458
29656
29851
30037
30218
30391
30559
30723
30876
31027
31168
31304
31434
31557
31674
31783
31886
31984
32073
32159
32233
32304
32368
32423
32475
32517
32555
32584
32607
32624
32632
32637
32631
32621
32604
32578
32549
32509
32465
32414
32355
32292
32219
32142
32056
31964
31868
31762
31652
31533
31409
31278
31139
30998
30847
30691
30526
30356
30183
30000
29814
29616
29417
29211
28998
28782
28556
28324
28087
27845
27599
27344
27085
26819
26549
26274
25993
25706
25412
25115
24813
24505
24195
23873
23551
23223
22892
22555
22210
21866
21514
21160
20800
20435
20066
19692
19317
18936
18552
18162
17769
17374
16975
16573
16164
15754
15342
14925
14507
14085
13658
13231
12799
12366
11931
11489
11049
10606
10162
9714
9262
8811
8358
7905
7447
6990
6528
6068
5606
5142
4679
4210
3745
3279
2810
2342
1871
1403
934
464
-4
-474
-946
-1415
-1883
-2351
-2819
-3291
-3757
-4223
-4688
-5151
-5618
-6080
-6540
-6999
-7456
-7913
-8371
-8823
-9274
-9723
-10171
-10618
-11061
-11501
-11940
-12375
-12807
-13243
-13669
-14094
-14516
-14934
-15353
-15766
-16175
-16581
-16984
-17385
-17780
-18172
-18560
-18945
-19325
-19702
-20076
-20443
-20808
-21166
-21524
-21876
-22220
-22563
-22899
-23233
-23561
-23883
-24202
-24512
-24820
-25124
-25421
-25715
-26000
-26281
-26558
-26828
-27093
-27351
-27605
-27853
-28095
-28331
-28561
-28788
-29004
-29218
-29424
-29623
-29820
-30005
-30189
-30363
-30533
-30696
-30852
-31004
-31145
-31283
-31414
-31538
-31657
-31767
-31873
-31969
-32060
-32146
-32223
-32296
-32360
-32417
-32469
-32512
-32552
-32582
-32607
-32624
-32634
-32640
-32635
-32627
-32610
-32587
-32557
-32519
-32477
-32426
-32370
-32307
-32235
-32160
-32075
-31985
-31888
-31784
-31675
-31558
-31436
-31305
-31168
-31027
-30876
-30724
-30560
-30392
-30217
-30036
-29851
-29656
-29458
-29251
-29040
-28823
-28599
-28371
-28133
-27893
-27646
-27393
-27138
-26872
-26602
-26327
-26046
-25762
-25470
-25173
-24870
-24564
-24253
-23936
-23613
-23285
-22954
-22619
-22277
-21933
-21581
-21227
-20868
-20504
-20138
-19762
-19388
-19008
-18624
-18237
-17846
-17449
-17050
-16648
-16243
-15833
-15420
-15004
-14585
-14164
-13740
-13310
-12880
-12448
-12012
-11575
-11135
-10689
-10244
-9798
-9350
-8899
-8442
-7989
-7533
-7076
-6617
-6153
-5692
-5229
-4766
-4301
-3834
-3365
-2898
-2430
-1962
-1494
-1020
-551
-82
386
855
1327
1796
2265
2733
3201
3667
4136
4601
5066
5529
5991
6455
6913
7372
7829
8283
8739
9190
9640
10087
10532
10976
11420
11858
12293
12727
13159
13589
14016
14437
14856
15273
15685
16099
16505
16908
17308
17703
18100
18487
18873
19253
19631
20006
20374
20740
21100
21455
21807
22156
22499
22836
23170
23496
23822
24142
24454
24762
25065
25365
25659
25945
26229
26504
26775
27042
27301
27557
27804
28049
28287
28518
28744
28962
29176
29384
29585
29781
29969
30154
30328
30500
30664
30821
30973
31116
31257
31387
31513
31632
31744
31852
31949
32042
32129
32206
32281
32345
32405
32456
32502
32542
32574
32601
32618
32630
32636
32633
32627
32610
32589
32560
32523
32483
32432
32379
32315
32246
32171
32088
32000
31903
31802
31693
31576
31456
31326
31192
31050
30901
30749
30587
30420
30247
30067
29881
29688
29492
29287
29076
28859
28636
28410
28174
27936
27688
27437
27181
26917
26650
26374
26095
25810
25519
25226
24924
24617
24306
23990
23671
23344
23012
22677
22337
21992
21643
21289
20929
20567
20200
19830
19456
19074
18691
18304
17913
17520
17119
16719
16314
15905
15494
15078
14658
14237
13814
13387
12958
12522
12087
11651
11211
10769
10322
9875
9428
8976
8524
8071
7612
7155
6696
6237
5775
5310
4845
4381
3915
3449
2979
2511
2042
1574
1105
636
164
-304
-773
-1243
-1712
-2183
-2651
-3119
-3586
-4053
-4521
-4985
-5448
-5910
-6373
-6831
-7292
-7749
-8204
-8658
-9109
-9562
-10009
-10455
-10899
-11340
-11782
-12219
-12652
-13084
-13513
-13939
-14363
-14784
-15201
-15614
-16026
-16435
-16839
-17239
-17635
-18029
-18418
-18808
-19188
-19566
-19939
-20309
-20677
-21038
-21396
-21746
-22094
-22440
-22778
-23113
-23441
-23765
-24085
-24401
-24711
-25013
-25313
-25607
-25897
-26181
-26458
-26731
-26997
-27259
-27515
-27763
-28009
-28245
-28478
-28706
-28926
-29141
-29348
-29552
-29749
-29939
-30123
-30300
-30472
-30637
-30797
-30949
-31094
-31235
-31366
-31494
-31614
-31727
-31836
-31933
-32029
-32116
-32196
-32270
-32336
-32399
-32450
-32498
-32538
-32571
-32600
-32618
-32632
-32638
-32637
-32631
-32616
-32597
-32568
-32534
-32493
-32445
-32392
-32330
-32262
-32188
-32107
-32019
-31923
-31824
-31715
-31602
-31481
-31353
-31220
-31079
-30932
-30780
-30618
-30455
-30281
-30103
-29919
-29727
-29531
-29326
-29118
-28903
-28680
-28454
-28220
-27983
-27737
-27488
-27230
-26968
-26702
-26428
-26151
-25865
-25575
-25282
-24982
-24678
-24365
-24051
-23731
-23406
-23078
-22742
-22402
-22058
-21709
-21358
-20999
-20636
-20269
-19899
-19526
-19147
-18764
-18376
-17987
-17594
-17196
-16798
-16389
-15982
-15570
-15156
-14740
-14315
-13894
-13467
-13038
-12606
-12172
-11733
-11293
-10852
-10408
-9961
-9511
-9061
-8609
-8156
-7700
-7240
-6782
-6323
-5862
-5399
-4935
-4468
-4003
-3537
-3069
-2601
-2130
-1662
-1193
-724
-255
217
686
1156
1625
2092
2560
3032
3499
3965
4430
4895
5361
5825
6286
6745
7204
7663
8120
8573
9025
9475
9923
10372
10816
11258
11698
12134
12571
13004
13433
13859
14281
14706
15122
15538
15949
16356
16762
17164
17562
17955
18346
18733
19117
19496
19870
20239
20606
20967
21329
21680
22029
22373
22712
23051
23379
23705
24024
24339
24652
24956
25257
25551
25841
26125
26405
26680
26946
27208
27464
27716
27962
28200
28434
28661
28884
29099
29309
29514
29709
29901
30088
30265
30439
30603
30765
30918
31065
31207
31340
31469
31590
31704
31813
31913
32010
32097
32179
32254
32322
32385
32438
32487
32528
32563
32592
32612
32628
32634
32635
32629
32616
32599
32570
32538
32498
32451
32399
32338
32273
32198
32119
32033
31938
31841
31732
31620
31500
31373
31242
31102
30957
30805
30646
30481
30310
30134
29949
29760
29565
29360
29154
28939
28720
28494
28260
28024
27779
27531
27275
27013
26747
26475
26199
25915
25627
25332
25032
24731
24420
24108
23785
23461
23134
22800
22462
22117
21769
21419
21061
20701
20335
19964
19591
19213
18833
18446
18055
17661
17265
16866
16462
16053
15641
15228
14811
14391
13970
13540
13113
12681
12247
11812
11370
10929
10484
10039
9592
9142
8687
8234
7780
7323
6865
6402
5941
5479
5016
4552
4083
3617
3151
2683
2215
1747
1275
805
336
-132
-601
-1074
-1543
-2012
-2480
-2948
-3418
-3884
-4349
-4815
-5279
-5741
-6206
-6665
-7125
-7582
-8038
-8494
-8946
-9398
-9846
-10292
-10739
-11182
-11622
-12058
-12494
-12926
-13359
-13785
-14209
-14630
-15047
-15466
-15877
-16287
-16692
-17092
-17494
-17887
-18279
-18666
-19049
-19428
-19805
-20176
-20543
-20906
-21265
-21620
-21970
-22314
-22655
-22990
-23321
-23650
-23970
-24286
-24597
-24903
-25207
-25501
-25792
-26077
-26356
-26633
-26901
-27165
-27421
-27673
-27919
-28160
-28396
-28623
-28846
-29063
-29274
-29480
-29677
-29870
-30056
-30237
-30411
-30578
-30741
-30893
-31042
-31184
-31319
-31450
-31570
-31687
-31797
-31898
-31996
-32084
-32168
-32243
-32313
-32377
-32431
-32483
-32523
-32560
-32590
-32612
-32629
-32636
-32639
-32634
-32622
-32605
-32579
-32548
-32508
-32463
-32412
-32353
-32289
-32215
-32137
-32051
-31959
-31862
-31754
-31644
-31525
-31400
-31269
-31130
-30987
-30835
-30679
-30515
-30345
-30169
-29986
-29799
-29602
-29402
-29194
-28981
-28764
-28537
-28306
-28070
-27825
-27579
-27323
-27065
-26799
-26526
-26252
-25969
-25683
-25390
-25090
-24787
-24480
-24168
-23848
-23526
-23197
-22863
-22527
-22184
-21838
-21484
-21129
-20769
-20403
-20036
-19660
-19284
-18904
-18519
-18131
-17738
-17340
-16941
-16538
-16132
-15721
-15306
-14889
-14471
-14049
-13623
-13197
-12761
-12328
-11893
-11455
-11014
-10567
-10123
-9676
-9226
-8775
-8319
-7865
-7407
-6950
-6491
-6031
-5566
-5102
-4638
-4173
-3707
-3238
-2770
-2301
-1833
-1365
-893
-423
45
514
984
1453
1924
2392
2860
3328
3795
4263
4728
5192
5655
6117
6580
7039
7496
7953
8407
8860
9313
9762
10209
10654
11097
11539
11978
12413
12845
13276
13706
14130
14551
14970
15386
15798
16210
16616
17018
17417
17811
18206
18594
18977
19358
19732
20105
20474
20838
21197
21552
21903
22249
22591
22928
23258
23586
23910
24227
24538
24845
25148
25444
25739
26022
26304
26579
26848
27115
27372
27625
27872
28113
28351
28579
28805
29021
29233
29439
29639
29835
30020
30201
30375
30545
30709
30862
31013
31155
31293
31423
31546
31664
31773
31877
31975
32066
32151
32226
32298
32363
32419
32471
32513
32552
32582
32606
32623
32632
32637
32632
32622
32605
32581
32552
32512
32470
32418
32361
32298
32225
32150
32064
31973
31876
31772
31663
31543
31420
31290
31153
31011
30859
30705
30542
30373
30199
30017
29831
29635
29436
29230
29018
28801
28574
28346
28110
27868
27620
27366
27110
26844
26575
26300
26017
25733
25440
25144
24841
24532
24222
23903
23582
23254
22921
22585
22242
21899
21547
21192
20831
20467
20101
19727
19352
18970
18586
18198
17806
17411
17010
16607
16202
15793
15381
14964
14543
14122
13698
13270
12839
12404
11969
11530
11091
10648
10203
9753
9304
8853
8401
7947
7487
7030
6571
6111
5649
5183
4719
4254
3789
3321
2854
2383
1915
1447
978
508
35
-433
-902
-1371
-1840
-2311
-2780
-3247
-3713
-4179
-4644
-5111
-5575
-6037
-6497
-6956
-7417
-7874
-8328
-8781
-9232
-9685
-10132
-10576
-11020
-11461
-11899
-12337
-12770
-13202
-13629
-14054
-14479
-14898
-15314
-15727
-16137
-16546
-16949
-17348
-17743
-18136
-18524
-18911
-19292
-19667
-20041
-20408
-20776
-21136
-21491
-21843
-22188
-22531
-22870
-23203
-23530
-23853
-24173
-24485
-24793
-25096
-25394
-25687
-25975
-26258
-26532
-26803
-27068
-27327
-27584
-27830
-28073
-28309
-28540
-28768
-28985
-29199
-29404
-29605
-29803
-29989
-30173
-30347
-30517
-30681
-30839
-30990
-31132
-31271
-31401
-31527
-31646
-31757
-31864
-31960
-32053
-32139
-32216
-32290
-32354
-32412
-32464
-32509
-32549
-32579
-32605
-32623
-32634
-32639
-32636
-32628
-32611
-32589
-32560
-32523
-32482
-32431
-32376
-32312
-32242
-32167
-32083
-31994
-31896
-31794
-31685
-31569
-31448
-31317
-31181
-31040
-30891
-30739
-30574
-30407
-30233
-30054
-29868
-29673
-29476
-29270
-29060
-28843
-28620
-28392
-28155
-27916
-27669
-27417
-27160
-26895
-26628
-26353
-26073
-25787
-25496
-25201
-24899
-24593
-24282
-23964
-23644
-23316
-22986
-22650
-22307
-21963
-21613
-21260
-20901
-20536
-20169
-19797
-19423
-19044
-18661
-18271
-17879
-17486
-17087
-16686
-16279
-15869
-15458
-15043
-14625
-14201
-13777
-13350
-12920
-12489
-12052
-11613
-11173
-10730
-10286
-9840
-9389
-8937
-8485
-8032
-7576
-7119
-6656
-6196
-5735
-5272
-4809
-4340
-3875
-3409
-2941
-2474
-2002
-1533
-1064
-595
-126
342
814
1283
1753
2221
2689
3160
3626
4092
4558
5022
5489
5950
6412
6871
7329
7786
8243
8696
9148
9598
10045
10493
10938
11378
11817
12252
12690
13121
13549
13976
14397
14817
15237
15650
16062
16467
16871
17273
17669
18063
18451
18838
19220
19598
19971
20340
20706
21066
21425
21776
22124
22467
22804
23141
23468
23792
24112
24425
24735
25038
25338
25631
25919
26203
26480
26753
27018
27279
27534
27784
28028
28265
28497
28723
28941
29158
29364
29568
29763
29952
30138
30313
30485
30648
30807
30960
31104
31245
31375
31502
31621
31734
31843
31939
32034
32121
32200
32274
32339
32400
32452
32498
32539
32571
32599
32616
32630
32635
32634
32628
32612
32592
32562
32527
32487
32437
32385
32321
32252
32178
32096
32009
31912
31811
31702
31587
31467
31338
31204
31063
30915
30763
30601
30437
30262
30084
29898
29707
29511
29305
29095
28879
28658
28431
28195
27957
27711
27461
27205
26942
26674
26399
26121
25837
25547
25251
24950
24646
24335
24020
23699
23372
23044
22707
22369
22025
21674
21322
20962
20601
20235
19862
19488
19109
18728
18341
17947
17554
17156
16757
16351
15943
15529
15114
14698
14277
13854
13424
12995
12563
12128
11692
11249
10807
10363
9917
9469
9019
8564
8111
7654
7197
6739
6277
5815
5353
4889
4424
3959
3490
3023
2554
2086
1618
1146
677
208
-260
-730
-1202
-1671
-2139
-2607
-3075
-3543
-4012
-4477
-4941
-5405
-5867
-6332
-6791
-7249
-7706
-8161
-8618
-9070
-9520
-9967
-10414
-10858
-11302
-11742
-12178
-12612
-13043
-13476
-13902
-14324
-14745
-15162
-15578
-15990
-16397
-16803
-17202
-17598
-17995
-18384
-18772
-19152
-19531
-19906
-20277
-20644
-21004
-21363
-21716
-22064
-22409
-22746
-23083
-23410
-23737
-24057
-24372
-24682
-24986
-25287
-25581
-25870
-26155
-26432
-26706
-26973
-27235
-27491
-27740
-27987
-28225
-28459
-28685
-28905
-29121
-29330
-29535
-29731
-29921
-30106
-30284
-30458
-30622
-30782
-30934
-31081
-31223
-31355
-31483
-31603
-31717
-31826
-31925
-32021
-32108
-32189
-32263
-32331
-32394
-32445
-32494
-32534
-32568
-32598
-32616
-32631
-32637
-32638
-32632
-32618
-32600
-32571
-32537
-32497
-32449
-32398
-32335
-32269
-32194
-32114
-32028
-31932
-31834
-31725
-31612
-31492
-31365
-31234
-31092
-30946
-30794
-30634
-30470
-30298
-30120
-29935
-29745
-29550
-29345
-29139
-28921
-28702
-28475
-28242
-28006
-27758
-27510
-27254
-26993
-26727
-26452
-26176
-25891
-25603
-25309
-25009
-24705
-24394
-24081
-23761
-23437
-23107
-22771
-22434
-22090
-21742
-21389
-21030
-20670
-20304
-19934
-19561
-19180
-18801
-18413
-18024
-17630
-17231
-16831
-16427
-16021
-15609
-15192
-14776
-14355
-13934
-13507
-13078
-12644
-12210
-11774
-11334
-10893
-10447
-10000
-9553
-9103
-8652
-8195
-7740
-7283
-6825
-6366
-5904
-5439
-4976
-4511
-4046
-3579
-3110
-2642
-2174
-1706
-1237
-767
-295
173
642
1112
1581
2052
2521
2989
3456
3922
4390
4855
5319
5781
6243
6702
7164
7622
8077
8530
8982
9436
9884
10331
10775
11217
11660
12096
12531
12963
13393
13819
14246
14667
15083
15499
15910
16321
16727
17127
17525
17918
18312
18699
19081
19461
19835
20205
20574
20936
21296
21648
21997
22343
22684
23019
23348
23675
23996
24312
24623
24928
25230
25523
25816
26100
26379
26654
26921
27186
27442
27693
27939
28178
28413
28641
28863
29079
29289
29495
29692
29885
30071
30249
30423
30590
30752
30904
31052
31194
31328
31459
31579
31694
31803
31904
32002
32089
32172
32247
32316
32380
32433
32484
32524
32560
32589
32610
32627
32633
32636
32630
32618
32601
32573
32542
32501
32455
32404
32344
32280
32205
32127
32040
31947
31850
31742
31630
31511
31385
31254
31114
30971
30818
30660
30497
30326
30151
29967
29777
29581
29379
29174
28959
28740
28513
28282
28046
27801
27554
27296
27037
26772
26501
26226
25940
25653
25359
25061
24758
24448
24135
23815
23492
23165
22831
22492
22149
21802
21451
21095
20732
20367
19999
19626
19248
18866
18480
18092
17698
17303
16903
16497
16091
15680
15267
14850
14428
14007
13580
13153
12722
12285
11849
11411
10970
10526
10081
9631
9181
8730
8277
7822
7363
6904
6445
5984
5523
5056
4591
4126
3661
3194
2726
2255
1786
1318
849
380
-92
-561
-1030
-1500
-1968
-2436
-2907
-3374
-3840
-4307
-4772
-5238
-5701
-6162
-6623
-7082
-7542
-7998
-8452
-8905
-9356
-9804
-10253
-10698
-11141
-11581
-12018
-12457
-12888
-13319
-13746
-14170
-14594
-15012
-15428
-15839
-16249
-16654
-17058
-17457
-17850
-18242
-18629
-19016
-19395
-19770
-20143
-20509
-20875
-21234
-21588
-21938
-22282
-22623
-22961
-23292
-23620
-23940
-24257
-24570
-24876
-25179
-25474
-25766
-26052
-26332
-26607
-26876
-27141
-27397
-27651
-27898
-28138
-28374
-28602
-28827
-29044
-29255
-29461
-29659
-29853
-30040
-30221
-30394
-30562
-30726
-30879
-31030
-31171
-31307
-31437
-31560
-31677
-31786
-31889
-31987
-32076
-32162
-32236
-32307
-32371
-32426
-32478
-32520
-32558
-32587
-32610
-32627
-32635
-32640
-32634
-32624
-32607
-32581
-32552
-32512
-32468
-32416
-32358
-32295
-32222
-32145
-32059
-31967
-31871
-31765
-31655
-31536
-31412
-31281
-31142
-31001
-30850
-30694
-30529
-30359
-30186
-30003
-29817
-29619
-29420
-29214
-29001
-28785
-28559
-28327
-28090
-27848
-27602
-27347
-27088
-26822
-26552
-26277
-25996
-25711
-25415
-25118
-24816
-24508
-24198
-23876
-23554
-23226
-22895
-22558
-22213
-21869
-21517
-21163
-20803
-20438
-20069
-19695
-19320
-18939
-18555
-18165
-17772
-17377
-16978
-16575
-16167
-15757
-15345
-14928
-14510
-14088
-13661
-13234
-12802
-12369
-11934
-11492
-11052
-10609
-10165
-9717
-9265
-8814
-8361
-7907
-7450
-6993
-6531
-6071
-5609
-5145
-4682
-4213
-3748
-3282
-2813
-2345
-1874
-1406
-937
-467
1
471
943
1412
1880
2348
2816
3288
3754
4220
4685
5148
5611
6077
6537
6996
7453
7910
8368
8820
9271
9720
10168
10615
11058
11498
11937
12372
12804
13240
13666
14091
14513
14931
15350
15763
16172
16578
16981
17382
17777
18169
18557
18942
19322
19700
20074
20440
20805
21165
21521
21873
22217
22560
22896
23230
23558
23880
24199
24509
24817
25121
25418
25712
25997
26278
26555
26825
27090
27348
27602
27850
28092
28328
28559
28785
29001
29215
29421
29620
29817
30002
30186
30360
30530
30693
30849
31000
31142
31281
31411
31535
31654
31764
31870
31966
32057
32143
32220
32293
32357
32414
32466
32509
32549
32579
32604
32621
32631
32637
32632
32624
32607
32584
32554
32516
32474
32423
32367
32304
32232
32157
32072
31982
31885
31781
31672
31555
31433
31302
31165
31024
30873
30721
30557
30389
30214
30033
29848
29653
29455
29248
29037
28820
28596
28368
28130
27890
27643
27390
27135
26869
26599
26324
26043
25759
25467
25170
24867
24561
24250
23933
23612
23282
22952
22616
22274
21930
21578
21224
20865
20501
20135
19760
19385
19005
18621
18234
17843
17446
17047
16645
16240
15830
15417
15001
14582
14161
13737
13307
12877
12445
12009
11572
11132
10686
10241
9795
9347
8896
8439
7986
7530
7073
6614
6150
5689
5226
4763
4298
3831
3362
2895
2427
1959
1491
1018
548
79
-389
-858
-1330
-1799
-2268
-2736
-3204
-3670
-4139
-4604
-5069
-5532
-5994
-6458
-6916
-7375
-7832
-8286
-8739
-9193
-9643
-10090
-10535
-10979
-11423
-11861
-12296
-12730
-13162
-13592
-14019
-14440
-14859
-15276
-15688
-16102
-16508
-16911
-17311
-17706
-18103
-18490
-18876
-19256
-19633
-20009
-20377
-20743
-21103
-21458
-21810
-22159
-22502
-22838
-23173
-23499
-23825
-24145
-24457
-24765
-25068
-25368
-25662
-25948
-26232
-26507
-26778
-27045
-27304
-27560
-27807
-28051
-28290
-28521
-28747
-28965
-29179
-29387
-29588
-29784
-29972
-30157
-30331
-30503
-30667
-30824
-30976
-31119
-31260
-31390
-31516
-31635
-31747
-31855
-31952
-32045
-32131
-32209
-32284
-32348
-32408
-32459
-32505
-32545
-32576
-32604
-32621
-32633
-32639
-32636
-32630
-32613
-32592
-32563
-32526
-32486
-32435
-32382
-32318
-32249
-32174
-32091
-32003
-31906
-31805
-31696
-31579
-31459
-31329
-31195
-31053
-30904
-30752
-30590
-30423
-30250
-30070
-29884
-29691
-29495
-29290
-29079
-28862
-28639
-28413
-28177
-27939
-27691
-27440
-27184
-26920
-26653
-26377
-26098
-25813
-25522
-25229
-24927
-24620
-24309
-23993
-23674
-23347
-23015
-22680
-22340
-21995
-21646
-21294
-20932
-20570
-20203
-19832
-19458
-19077
-18694
-18307
-17916
-17523
-17121
-16722
-16317
-15908
-15497
-15081
-14661
-14240
-13817
-13390
-12961
-12525
-12090
-11654
-11214
-10772
-10325
-9878
-9431
-8979
-8527
-8074
-7615
-7158
-6699
-6240
-5778
-5313
-4848
-4384
-3918
-3452
-2982
-2514
-2045
-1577
-1108
-639
-167
301
770
1240
1709
2180
2648
3116
3583
4050
4518
4982
5445
5907
6370
6828
7289
7746
8201
8655
9106
9559
10006
10453
10896
11337
11777
12216
12649
13081
13510
13936
14360
14781
15198
15611
16023
16432
16836
17236
17632
18026
18415
18805
19185
19563
19936
20306
20674
21035
21393
21743
22091
22438
22775
23110
23438
23762
24082
24398
24708
25010
25310
25604
25894
26178
26455
26728
26994
27256
27512
27760
28006
28242
28475
28703
28923
29138
29345
29549
29746
29936
30120
30297
30469
30634
30794
30946
31091
31232
31364
31491
31611
31724
31833
31930
32026
32113
32193
32267
32333
32395
32447
32495
32535
32568
32597
32615
32629
32635
32634
32628
32613
32594
32565
32531
32490
32442
32389
32327
32259
32185
32104
32016
31920
31821
31712
31599
31478
31350
31217
31076
30929
30777
30615
30452
30278
30100
29916
29724
29528
29324
29115
28900
28677
28451
28217
27980
27734
27485
27227
26965
26699
26425
26148
25862
25572
25279
24979
24675
24362
24048
23728
23403
23075
22739
22399
22055
21706
21355
20996
20633
20266
19896
19523
19144
18764
18373
17984
17591
17193
16795
16386
15979
15567
15153
14737
14313
13891
13464
13035
12603
12169
11730
11290
10849
10405
9958
9508
9058
8606
8153
7697
7237
6779
6320
5859
5396
4932
4465
4000
3534
3066
2598
2127
1659
1190
721
252
-220
-689
-1159
-1628
-2095
-2563
-3035
-3502
-3968
-4433
-4898
-5364
-5828
-6289
-6748
-7207
-7666
-8123
-8576
-9028
-9478
-9926
-10375
-10819
-11261
-11701
-12137
-12574
-13006
-13436
-13862
-14284
-14706
-15125
-15541
-15952
-16359
-16765
-17167
-17565
-17958
-18349
-18736
-19120
-19498
-19872
-20242
-20609
-20970
-21332
-21683
-22032
-22376
-22715
-23053
-23382
-23708
-24027
-24342
-24655
-24959
-25260
-25554
-25844
-26128
-26408
-26683
-26949
-27211
-27467
-27719
-27965
-28203
-28437
-28664
-28887
-29102
-29312
-29517
-29712
-29904
-30090
-30268
-30442
-30606
-30768
-30921
-31068
-31210
-31343
-31472
-31593
-31707
-31816
-31916
-32013
-32100
-32182
-32257
-32325
-32388
-32441
-32490
-32531
-32566
-32595
-32615
-32631
-32637
-32638
-32632
-32619
-32602
-32573
-32541
-32501
-32454
-32402
-32341
-32276
-32201
-32122
-32036
-31941
-31844
-31735
-31622
-31503
-31376
-31245
-31105
-30960
-30808
-30649
-30484
-30313
-30137
-29952
-29763
-29568
-29363
-29157
-28942
-28723
-28496
-28263
-28027
-27782
-27534
-27278
-27016
-26750
-26478
-26202
-25918
-25630
-25335
-25035
-24734
-24423
-24111
-23788
-23464
-23137
-22802
-22465
-22120
-21772
-21421
-21064
-20704
-20338
-19966
-19593
-19216
-18836
-18449
-18058
-17664
-17268
-16869
-16465
-16059
-15644
-15231
-14814
-14394
-13973
-13543
-13116
-12684
-12250
-11815
-11372
-10932
-10487
-10042
-9595
-9145
-8690
-8237
-7783
-7326
-6868
-6405
-5944
-5482
-5019
-4555
-4086
-3620
-3154
-2686
-2218
-1750
-1277
-808
-339
129
599
1071
1540
2009
2477
2945
3415
3881
4346
4812
5276
5738
6203
6662
7122
7579
8035
8491
8943
9395
9843
10289
10736
11179
11619
12055
12491
12923
13356
13782
14206
14627
15045
15463
15874
16284
16689
17089
17488
17884
18276
18663
19046
19425
19802
20173
20540
20903
21262
21618
21967
22311
22652
22988
23318
23647
23967
24283
24594
24900
25204
25499
25789
26074
26353
26630
26898
27162
27418
27670
27916
28157
28393
28620
28843
29060
29271
29477
29674
29867
30053
30234
30408
30575
30738
30890
31039
31181
31316
31447
31567
31684
31794
31895
31993
32081
32165
32240
32310
32374
32428
32480
32520
32557
32587
32609
32626
32633
32636
32631
32619
32602
32576
32546
32505
32460
32409
32350
32286
32212
32134
32048
31956
31859
31752
31641
31522
31397
31267
31127
30984
30832
30676
30512
30342
30166
29983
29796
29599
29399
29191
28978
28761
28534
28304
28067
27822
27576
27320
27062
26796
26523
26249
25966
25680
25387
25087
24784
24477
24165
23845
23523
23194
22860
22524
22181
21835
21481
21126
20766
20400
20034
19660
19281
18901
18516
18128
17735
17338
16938
16535
16129
15718
15303
14886
14468
14046
13620
13194
12758
12325
11890
11452
11011
10564
10120
9673
9223
8772
8316
7862
7404
6947
6488
6028
5563
5100
4635
4170
3704
3235
2767
2298
1830
1362
890
420
-48
-517
-987
-1456
-1927
-2395
-2863
-3331
-3798
-4266
-4731
-5195
-5658
-6120
-6583
-7042
-7499
-7956
-8410
-8863
-9316
-9765
-10212
-10657
-11100
-11542
-11981
-12416
-12848
-13279
-13706
-14133
-14554
-14973
-15389
-15801
-16213
-16619
-17021
-17420
-17814
-18209
-18597
-18980
-19361
-19735
-20108
-20477
-20841
-21200
-21555
-21906
-22252
-22594
-22931
-23261
-23589
-23912
-24230
-24541
-24848
-25151
-25447
-25742
-26025
-26307
-26582
-26851
-27118
-27375
-27628
-27875
-28116
-28354
-28582
-28808
-29024
-29236
-29442
-29642
-29837
-30023
-30204
-30378
-30548
-30712
-30865
-31016
-31158
-31296
-31426
-31549
-31667
-31776
-31880
-31978
-32069
-32154
-32229
-32301
-32366
-32422
-32474
-32516
-32555
-32584
-32609
-32626
-32635
-32640
-32635
-32625
-32608
-32584
-32555
-32515
-32473
-32421
-32364
-32301
-32228
-32153
-32067
-31976
-31879
-31775
-31666
-31546
-31423
-31293
-31156
-31014
-30862
-30708
-30545
-30376
-30202
-30020
-29834
-29638
-29439
-29233
-29021
-28804
-28577
-28349
-28113
-27871
-27623
-27369
-27113
-26847
-26578
-26303
-26020
-25736
-25443
-25147
-24844
-24535
-24225
-23906
-23585
-23257
-22924
-22587
-22245
-21902
-21550
-21195
-20834
-20470
-20104
-19730
-19355
-18973
-18589
-18201
-17809
-17414
-17016
-16610
-16205
-15796
-15384
-14967
-14546
-14125
-13701
-13273
-12842
-12407
-11972
-11533
-11094
-10651
-10206
-9756
-9307
-8856
-8404
-7950
-7490
-7033
-6574
-6114
-5652
-5185
-4722
-4257
-3792
-3324
-2857
-2386
-1918
-1450
-981
-510
-38
430
899
1368
1837
2308
2777
3244
3710
4176
4641
5108
5572
6034
6494
6953
7414
7871
8325
8778
9229
9682
10129
10573
11017
11458
11896
12334
12767
13199
13626
14051
14476
14895
15311
15724
16134
16541
16946
17345
17740
18133
18521
18908
19289
19665
20039
20405
20773
21133
21488
21840
22185
22528
22867
23200
23527
23850
24170
24482
24790
25093
25391
25684
25972
26255
26529
26800
27065
27324
27581
27827
28070
28306
28537
28765
28982
29196
29401
29602
29800
29986
30170
30345
30514
30678
30836
30987
31129
31268
31399
31524
31643
31754
31861
31957
32050
32136
32213
32287
32351
32409
32461
32506
32546
32576
32602
32620
32631
32636
32633
32625
32608
32586
32557
32520
32479
32428
32373
32309
32239
32164
32080
31991
31893
31791
31682
31566
31445
31314
31178
31037
30888
30736
30571
30404
30230
30051
29865
29670
29473
29267
29057
28840
28617
28389
28152
27913
27666
27414
27157
26892
26625
26350
26070
25784
25493
25198
24896
24590
24279
23961
23641
23313
22983
22648
22304
21960
21610
21257
20898
20533
20166
19795
19420
19041
18658
18268
17876
17483
17085
16683
16276
15866
15455
15040
14622
14201
13774
13347
12917
12486
12049
11610
11170
10727
10283
9837
9386
8934
8482
8029
7573
7116
6653
6193
5732
5269
4806
4337
3872
3406
2938
2471
2000
1530
1061
592
123
-345
-817
-1286
-1756
-2224
-2692
-3163
-3629
-4095
-4561
-5025
-5492
-5953
-6415
-6874
-7332
-7789
-8246
-8699
-9151
-9601
-10048
-10496
-10941
-11381
-11820
-12255
-12693
-13124
-13552
-13979
-14400
-14820
-15240
-15653
-16065
-16470
-16874
-17276
-17672
-18066
-18454
-18841
-19221
-19601
-19974
-20343
-20709
-21069
-21428
-21779
-22127
-22470
-22807
-23144
-23471
-23795
-24115
-24428
-24737
-25041
-25341
-25634
-25922
-26206
-26483
-26756
-27021
-27282
-27537
-27786
-28031
-28268
-28500
-28726
-28944
-29161
-29367
-29571
-29766
-29955
-30141
-30316
-30488
-30651
-30810
-30963
-31107
-31248
-31378
-31505
-31624
-31737
-31846
-31942
-32037
-32123
-32203
-32277
-32342
-32403
-32455
-32501
-32542
-32574
-32602
-32619
-32633
-32638
-32637
-32631
-32615
-32595
-32565
-32530
-32490
-32440
-32387
-32324
-32255
-32181
-32099
-32012
-31915
-31814
-31705
-31590
-31470
-31341
-31207
-31066
-30918
-30766
-30604
-30440
-30265
-30087
-29901
-29710
-29514
-29308
-29098
-28882
-28661
-28434
-28198
-27960
-27714
-27464
-27208
-26945
-26677
-26402
-26124
-25840
-25550
-25254
-24953
-24649
-24338
-24023
-23702
-23375
-23047
-22710
-22372
-22028
-21676
-21325
-20965
-20604
-20237
-19865
-19491
-19112
-18731
-18344
-17950
-17557
-17159
-16760
-16354
-15946
-15532
-15117
-14701
-14280
-13857
-13427
-12998
-12566
-12131
-11695
-11255
-10810
-10366
-9920
-9472
-9022
-8567
-8114
-7657
-7200
-6742
-6280
-5818
-5355
-4892
-4427
-3962
-3493
-3026
-2557
-2089
-1621
-1149
-680
-211
257
727
1200
1668
2136
2604
3072
3540
4009
4474
4938
5402
5865
6329
6788
7246
7703
8159
8615
9067
9517
9964
10411
10855
11299
11739
12175
12609
13041
13473
13899
14321
14742
15159
15575
15987
16394
16800
17199
17595
17992
18381
18769
19149
19528
19904
20274
20641
21001
21360
21711
22061
22406
22743
23080
23407
23734
24054
24369
24679
24983
25284
25578
25867
26152
26429
26703
26970
27232
27488
27737
27984
28222
28456
28682
28902
29118
29327
29532
29728
29918
30103
30281
30455
30619
30779
30931
31078
31220
31352
31480
31600
31714
31823
31922
32018
32105
32186
32260
32328
32391
32442
32491
32531
32565
32595
32613
32628
32634
32635
32629
32615
32597
32568
32534
32494
32446
32395
32332
32266
32191
32111
32025
31929
31831
31722
31609
31489
31362
31231
31089
30943
30791
30631
30467
30295
30117
29932
29742
29547
29342
29136
28918
28699
28472
28239
28003
27755
27507
27251
26990
26724
26449
26173
25888
25600
25306
25006
24702
24391
24078
23758
23434
23104
22768
22431
22087
21739
21386
21027
20667
20301
19931
19558
19177
18798
18410
18021
17627
17228
16829
16424
16018
15606
15189
14773
14352
13931
13504
13075
12641
12207
11771
11331
10890
10444
9997
9550
9100
8649
8195
7737
7280
6822
6363
5901
5436
4973
4508
4043
3576
3107
2639
2171
1703
1234
765
292
-176
-645
-1115
-1584
-2055
-2524
-2992
-3459
-3925
-4393
-4858
-5322
-5784
-6246
-6705
-7167
-7625
-8080
-8533
-8985
-9439
-9887
-10334
-10778
-11220
-11663
-12099
-12534
-12966
-13396
-13822
-14249
-14670
-15086
-15502
-15913
-16324
-16730
-17130
-17528
-17921
-18315
-18702
-19084
-19463
-19837
-20208
-20577
-20939
-21299
-21651
-22000
-22346
-22686
-23022
-23351
-23678
-23997
-24315
-24626
-24931
-25233
-25526
-25819
-26103
-26382
-26657
-26924
-27189
-27445
-27696
-27942
-28181
-28416
-28644
-28866
-29082
-29292
-29498
-29695
-29888
-30074
-30252
-30426
-30593
-30755
-30907
-31055
-31197
-31331
-31462
-31582
-31697
-31806
-31907
-32005
-32092
-32175
-32250
-32319
-32383
-32436
-32487
-32527
-32563
-32592
-32613
-32630
-32636
-32639
-32633
-32621
-32604
-32576
-32545
-32504
-32458
-32407
-32347
-32283
-32208
-32130
-32043
-31950
-31853
-31745
-31633
-31514
-31387
-31257
-31117
-30974
-30822
-30663
-30500
-30329
-30154
-29970
-29780
-29584
-29382
-29177
-28962
-28743
-28516
-28285
-28049
-27804
-27557
-27299
-27040
-26775
-26504
-26229
-25943
-25656
-25362
-25064
-24761
-24450
-24138
-23818
-23495
-23168
-22834
-22495
-22152
-21805
-21454
-21098
-20735
-20370
-20001
-19628
-19251
-18869
-18483
-18095
-17701
-17306
-16906
-16500
-16094
-15683
-15270
-14853
-14431
-14010
-13583
-13156
-12725
-12288
-11852
-11414
-10973
-10529
-10084
-9634
-9184
-8733
-8280
-7825
-7366
-6907
-6448
-5987
-5526
-5062
-4594
-4129
-3664
-3197
-2729
-2258
-1789
-1321
-852
-383
89
558
1027
1497
1965
2433
2904
3371
3837
4304
4769
5235
5698
6159
6620
7079
7539
7995
8449
8902
9353
9801
10250
10695
11138
11578
12015
12454
12885
13316
13743
14167
14591
15009
15425
15836
16246
16651
17055
17454
17848
18239
18627
19013
19392
19767
20140
20506
20872
21231
21585
21935
22279
22621
22958
23289
23617
23937
24254
24567
24873
25176
25471
25763
26047
26329
26604
26873
27138
27394
27648
27895
28135
28371
28599
28824
29041
29252
29458
29656
29850
30037
30218
30391
30559
30723
30876
31027
31168
31304
31434
31557
31674
31783
31886
31984
32073
32159
32233
32304
32368
32423
32475
32517
32555
32584
32607
32624
32632
32637
32631
32621
32604
32578
32549
32509
32465
32414
32355
32292
32219
32142
32056
31964
31868
31762
31652
31533
31409
31278
31139
30998
30847
30691
30526
30356
30183
30000
29814
29618
29417
29211
28998
28782
28556
28324
28087
27845
27599
27344
27085
26819
26549
26274
25993
25708
25412
25115
24813
24505
24195
23873
23551
23223
22892
22555
22210
21866
21514
21160
20800
20435
20066
19692
19317
18936
18552
18162
17769
17374
16975
16573
16164
15754
15342
14925
14507
14085
13658
13231
12799
12366
11931
11489
11049
10606
10162
9714
9262
8811
8358
7905
7447
6990
6528
6068
5606
5142
4679
4210
3745
3279
2810
2342
1874
1403
934
464
-4
-474
-946
-1415
-1883
-2351
-2819
-3291
-3757
-4223
-4688
-5151
-5614
-6080
-6540
-6999
-7456
-7913
-8371
-8823
-9274
-9723
-10171
-10618
-11061
-11501
-11940
-12375
-12807
-13243
-13669
-14094
-14516
-14934
-15353
-15766
-16175
-16581
-16984
-17385
-17780
-18172
-18560
-18945
-19325
-19702
-20076
-20443
-20808
-21166
-21524
-21876
-22220
-22563
-22899
-23233
-23561
-23883
-24202
-24512
-24820
-25124
-25421
-25715
-26000
-26281
-26558
-26828
-27093
-27351
-27605
-27851
-28095
-28331
-28561
-28788
-29004
-29218
-29424
-29623
-29820
-30005
-30189
-30363
-30533
-30696
-30852
-31003
-31145
-31283
-31414
-31538
-31657
-31767
-31873
-31969
-32060
-32146
-32223
-32296
-32360
-32417
-32469
-32512
-32552
-32582
-32607
-32624
-32634
-32640
-32635
-32627
-32610
-32587
-32557
-32519
-32477
-32426
-32370
-32307
-32235
-32160
-32075
-31985
-31888
-31784
-31675
-31558
-31436
-31305
-31168
-31027
-30876
-30724
-30560
-30392
-30217
-30036
-29851
-29656
-29458
-29251
-29040
-28823
-28599
-28371
-28135
-27893
-27646
-27393
-27138
-26872
-26602
-26327
-26046
-25762
-25470
-25173
-24870
-24564
-24253
-23936
-23615
-23285
-22954
-22619
-22277
-21933
-21581
-21227
-20868
-20504
-20138
-19762
-19388
-19008
-18624
-18237
-17846
-17449
-17050
-16648
-16243
-15833
-15420
-15004
-14585
-14164
-13740
-13310
-12880
-12448
-12012
-11575
-11135
-10689
-10244
-9798
-9350
-8899
-8442
-7989
-7533
-7076
-6617
-6153
-5692
-5229
-4766
-4301
-3834
-3365
-2898
-2430
-1962
-1494
-1020
-551
-82
386
855
1324
1796
2265
2733
3201
3667
4136
4601
5066
5529
5991
6455
6913
7372
7829
8283
8736
9190
9640
10087
10532
10976
11420
11858
12293
12727
13159
13589
14016
14437
14856
15273
15685
16099
16505
16908
17308
17703
18100
18487
18873
19253
19631
20006
20374
20740
21100
21455
21807
22156
22499
22836
23170
23496
23822
24142
24454
24762
25065
25365
25659
25945
26229
26504
26775
27042
27301
27557
27804
28049
28287
28518
28744
28962
29176
29382
29585
29781
29969
30154
30328
30500
30664
30821
30973
31116
31257
31387
31513
31632
31744
31852
31949
32042
32129
32206
32281
32345
32405
32456
32502
32542
32574
32601
32618
32630
32636
32633
32627
32610
32589
32560
32523
32483
32432
32379
32315
32246
32171
32088
32000
31903
31802
31693
31576
31456
31326
31192
31050
30901
30749
30587
30420
30247
30067
29881
29688
29492
29287
29076
28859
28636
28410
28174
27936
27688
27437
27181
26917
26650
26375
26095
25810
25519
25226
24924
24617
24306
23990
23671
23344
23012
22677
22337
21992
21643
21291
20929
20567
20200
19830
19456
19074
18691
18304
17913
17520
17119
16719
16314
15905
15494
15078
14658
14237
13814
13387
12958
12522
12087
11651
11211
10769
10322
9875
9428
8976
8524
8071
7612
7155
6696
6237
5775
5310
4845
4381
3915
3449
2979
2511
2042
1574
1105
636
164
-304
-773
-1243
-1712
-2183
-2651
-3119
-3586
-4053
-4518
-4985
-5448
-5910
-6373
-6831
-7292
-7749
-8204
-8658
-9109
-9562
-10009
-10455
-10899
-11340
-11780
-12219
-12652
-13084
-13513
-13939
-14363
-14784
-15201
-15614
-16026
-16435
-16839
-17239
-17635
-18029
-18418
-18808
-19188
-19566
-19939
-20309
-20677
-21038
-21396
-21746
-22094
-22440
-22778
-23113
-23441
-23765
-24085
-24401
-24711
-25013
-25313
-25607
-25897
-26181
-26458
-26731
-26997
-27259
-27515
-27763
-28009
-28245
-28478
-28706
-28926
-29141
-29348
-29552
-29749
-29939
-30123
-30300
-30472
-30636
-30797
-30949
-31094
-31235
-31366
-31494
-31614
-31727
-31836
-31933
-32029
-32116
-32196
-32270
-32336
-32398
-32450
-32498
-32538
-32571
-32600
-32618
-32632
-32638
-32637
-32631
-32616
-32597
-32568
-32534
-32493
-32445
-32392
-32330
-32262
-32188
-32107
-32019
-31923
-31824
-31715
-31602
-31481
-31353
-31220
-31079
-30932
-30780
-30618
-30455
-30281
-30103
-29919
-29727
-29531
-29326
-29118
-28903
-28680
-28454
-28220
-27983
-27737
-27488
-27230
-26968
-26702
-26428
-26151
-25865
-25575
-25282
-24982
-24678
-24367
-24051
-23731
-23406
-23078
-22742
-22402
-22058
-21709
-21358
-20999
-20636
-20269
-19899
-19526
-19147
-18767
-18376
-17987
-17594
-17196
-16798
-16389
-15982
-15570
-15156
-14740
-14315
-13894
-13467
-13038
-12606
-12172
-11733
-11293
-10852
-10408
-9961
-9511
-9061
-8609
-8156
-7700
-7240
-6782
-6323
-5862
-5399
-4935
-4468
-4003
-3537
-3069
-2601
-2130
-1662
-1193
-724
-255
217
686
1156
1625
2092
2560
3032
3499
3965
4430
4895
5361
5825
6286
6745
7204
7660
8120
8573
9025
9475
9923
10372
10816
11258
11698
12134
12571
13004
13433
13859
14281
14703
15122
15538
15949
16356
16762
17164
17562
17955
18346
18733
19117
19496
19870
20239
20606
20967
21329
21680
22029
22373
22712
23051
23379
23705
24024
24339
24652
24956
25257
25551
25841
26125
26405
26680
26946
27208
27464
27716
27962
28200
28434
28661
28884
29099
29309
29514
29709
29901
30088
30265
30439
30603
30765
30918
31065
31207
31340
31469
31589
31704
31813
31913
32010
32097
32179
32254
32322
32385
32438
32487
32528
32563
32592
32612
32628
32634
32635
32629
32616
32599
32570
32538
32498
32451
32399
32338
32273
32198
32119
32033
31938
31841
31732
31620
31500
31373
31242
31102
30957
30805
30646
30481
30310
30134
29949
29760
29565
29360
29154
28939
28720
28494
28260
28024
27779
27531
27275
27015
26747
26475
26199
25915
25627
25332
25032
24731
24420
24108
23785
23461
23134
22800
22462
22119
21769
21419
21061
20701
20335
19964
19591
19213
18833
18446
18055
17661
17265
16866
16462
16056
15641
15228
14811
14391
13970
13540
13113
12681
12247
11812
11370
10929
10484
10039
9592
9142
8687
8234
7780
7323
6865
6402
5941
5479
5016
4552
4083
3617
3151
2683
2215
1747
1275
805
336
-132
-601
-1074
-1543
-2012
-2480
-2948
-3415
-3884
-4349
-4815
-5279
-5741
-6206
-6665
-7125
-7582
-8038
-8494
-8946
-9398
-9846
-10292
-10736
-11182
-11622
-12058
-12494
-12926
-13359
-13785
-14209
-14630
-15047
-15466
-15877
-16287
-16692
-17092
-17491
-17887
-18279
-18666
-19049
-19428
-19805
-20176
-20543
-20906
-21265
-21620
-21970
-22314
-22655
-22990
-23321
-23650
-23970
-24286
-24597
-24903
-25207
-25501
-25792
-26077
-26356
-26633
-26901
-27165
-27421
-27673
-27919
-28160
-28396
-28623
-28846
-29063
-29274
-29480
-29677
-29870
-30056
-30236
-30411
-30578
-30741
-30893
-31042
-31184
-31319
-31450
-31570
-31687
-31797
-31898
-31996
-32084
-32168
-32243
-32313
-32377
-32431
-32483
-32523
-32560
-32590
-32612
-32629
-32636
-32639
-32634
-32622
-32605
-32579
-32549
-32508
-32463
-32412
-32353
-32289
-32215
-32137
-32051
-31959
-31862
-31754
-31644
-31525
-31400
-31269
-31130
-30987
-30835
-30679
-30515
-30345
-30169
-29986
-29799
-29602
-29402
-29194
-28981
-28764
-28537
-28306
-28070
-27825
-27579
-27323
-27065
-26799
-26526
-26252
-25969
-25683
-25390
-25092
-24787
-24480
-24168
-23848
-23526
-23197
-22863
-22527
-22184
-21838
-21484
-21129
-20769
-20403
-20036
-19662
-19284
-18904
-18519
-18131
-17738
-17340
-16941
-16538
-16132
-15721
-15306
-14889
-14471
-14049
-13623
-13197
-12761
-12328
-11893
-11455
-11014
-10567
-10123
-9676
-9226
-8775
-8319
-7865
-7407
-6950
-6491
-6031
-5566
-5102
-4638
-4173
-3707
-3238
-2770
-2301
-1833
-1365
-893
-423
45
514
984
1453
1924
2392
2860
3328
3795
4263
4728
5192
5655
6117
6577
7039
7496
7953
8407
8860
9313
9762
10209
10654
11097
11539
11978
12413
12845
13276
13703
14130
14551
14970
15386
15798
16210
16616
17018
17417
17811
18206
18594
18977
19358
19732
20105
20474
20838
21197
21552
21903
22249
22591
22928
23258
23586
23910
24227
24538
24845
25148
25444
25739
26022
26304
26579
26848
27115
27372
27625
27872
28113
28351
28579
28805
29021
29233
29439
29639
29835
30020
30201
30375
30545
30709
30862
31013
31155
31292
31423
31546
31664
31773
31877
31975
32066
32151
32226
32298
32363
32419
32471
32513
32552
32581
32606
32623
32632
32637
32632
32622
32605
32581
32552
32512
32470
32418
32361
32298
32225
32150
32064
31973
31876
31772
31663
31543
31420
31290
31153
31011
30859
30705
30542
30373
30199
30017
29831
29635
29436
29230
29018
28801
28574
28346
28110
27868
27620
27366
27110
26844
26575
26300
26017
25733
25440
25144
24841
24532
24222
23903
23582
23254
22923
22585
22242
21899
21547
21192
20831
20467
20101
19727
19352
18970
18586
18198
17806
17411
17013
16607
16202
15793
15381
14964
14543
14122
13698
13270
12839
12404
11969
11530
11091
10648
10203
9753
9304
8853
8401
7947
7487
7030
6571
6111
5649
5183
4719
4254
3789
3321
2854
2383
1915
1447
978
508
35
-433
-902
-1371
-1840
-2311
-2780
-3247
-3713
-4179
-4644
-5111
-5575
-6037
-6497
-6956
-7417
-7874
-8328
-8781
-9232
-9682
-10132
-10576
-11020
-11461
-11899
-12337
-12770
-13202
-13629
-14054
-14479
-14898
-15314
-15727
-16137
-16544
-16949
-17348
-17743
-18136
-18524
-18911
-19292
-19667
-20041
-20408
-20776
-21136
-21491
-21843
-22188
-22531
-22870
-23203
-23530
-23853
-24173
-24485
-24793
-25096
-25394
-25687
-25975
-26258
-26532
-26803
-27068
-27327
-27584
-27830
-28073
-28309
-28540
-28768
-28985
-29199
-29404
-29605
-29803
-29989
-30173
-30347
-30517
-30681
-30839
-30990
-31132
-31271
-31401
-31527
-31646
-31757
-31864
-31960
-32052
-32139
-32216
-32290
-32354
-32412
-32464
-32509
-32549
-32579
-32605
-32623
-32634
-32639
-32636
-32628
-32611
-32589
-32560
-32523
-32482
-32431
-32376
-32312
-32242
-32167
-32083
-31994
-31896
-31794
-31685
-31569
-31448
-31317
-31181
-31040
-30891
-30739
-30574
-30407
-30233
-30054
-29868
-29673
-29476
-29270
-29060
-28843
-28620
-28392
-28155
-27916
-27669
-27417
-27160
-26895
-26628
-26353
-26073
-25787
-25496
-25201
-24899
-24593
-24282
-23964
-23644
-23316
-22986
-22650
-22307
-21963
-21613
-21260
-20901
-20538
-20169
-19797
-19423
-19044
-18661
-18271
-17879
-17486
-17087
-16686
-16279
-15869
-15458
-15043
-14625
-14204
-13777
-13350
-12920
-12489
-12052
-11613
-11173
-10730
-10286
-9840
-9389
-8937
-8485
-8032
-7576
-7119
-6656
-6196
-5735
-5272
-4809
-4340
-3875
-3409
-2941
-2474
-2002
-1533
-1064
-595
-126
342
814
1283
1753
2221
2689
3160
3626
4092
4558
5022
5489
5950
6412
6871
7329
7786
8243
8696
9148
9598
10045
10493
10938
11378
11817
12252
12687
13121
13549
13976
14397
14817
15237
15650
16062
16467
16871
17273
17669
18063
18451
18838
19218
19598
19971
20340
20706
21066
21425
21776
22124
22467
22804
23141
23468
23792
24112
24425
24735
25038
25338
25631
25919
26203
26480
26753
27018
27279
27534
27784
28028
28265
28497
28723
28941
29158
29364
29568
29763
29952
30138
30313
30485
30648
30807
30960
31104
31245
31375
31502
31621
31734
31843
31939
32034
32121
32200
32274
32339
32400
32452
32498
32539
32571
32599
32616
32630
32635
32634
32628
32612
32592
32562
32527
32487
32437
32385
32321
32252
32178
32096
32009
31912
31811
31702
31587
31467
31338
31204
31063
30915
30763
30601
30437
30262
30084
29898
29707
29511
29305
29095
28879
28658
28431
28195
27957
27711
27461
27205
26942
26674
26399
26121
25837
25547
25251
24950
24646
24335
24020
23699
23372
23044
22707
22369
22025
21674
21322
20962
20601
20235
19862
19488
19109
18728
18341
17950
17554
17156
16757
16351
15943
15529
15114
14698
14277
13854
13424
12995
12563
12128
11692
11252
10807
10363
9917
9469
9019
8564
8111
7654
7197
6739
6277
5815
5353
4889
4424
3959
3490
3023
2554
2086
1618
1146
677
208
-260
-730
-1202
-1671
-2139
-2607
-3075
-3543
-4012
-4477
-4941
-5405
-5867
-6332
-6791
-7249
-7706
-8161
-8618
-9070
-9520
-9967
-10414
-10858
-11302
-11742
-12178
-12612
-13043
-13476
-13902
-14324
-14745
-15162
-15576
-15990
-16397
-16803
-17202
-17598
-17995
-18384
-18772
-19152
-19531
-19906
-20277
-20644
-21004
-21363
-21714
-22064
-22409
-22746
-23083
-23410
-23737
-24057
-24372
-24682
-24986
-25287
-25581
-25870
-26155
-26432
-26706
-26973
-27235
-27491
-27740
-27987
-28225
-28459
-28685
-28905
-29121
-29330
-29535
-29731
-29921
-30106
-30284
-30458
-30622
-30782
-30934
-31081
-31223
-31355
-31483
-31603
-31717
-31826
-31925
-32021
-32108
-32189
-32263
-32331
-32394
-32445
-32494
-32534
-32568
-32598
-32616
-32631
-32637
-32638
-32632
-32618
-32600
-32571
-32537
-32497
-32449
-32398
-32335
-32269
-32194
-32114
-32028
-31932
-31834
-31725
-31612
-31492
-31365
-31234
-31092
-30946
-30794
-30634
-30470
-30298
-30120
-29935
-29745
-29550
-29345
-29139
-28921
-28702
-28475
-28242
-28006
-27758
-27510
-27254
-26993
-26727
-26452
-26176
-25891
-25603
-25309
-25009
-24705
-24394
-24081
-23761
-23437
-23107
-22771
-22434
-22090
-21742
-21389
-21030
-20670
-20304
-19934
-19561
-19180
-18801
-18413
-18024
-17630
-17231
-16831
-16427
-16021
-15609
-15195
-14776
-14355
-13934
-13507
-13078
-12644
-12210
-11774
-11334
-10893
-10447
-10000
-9553
-9103
-8652
-8198
-7740
-7283
-6825
-6366
-5904
-5439
-4976
-4511
-4046
-3579
-3110
-2642
-2174
-1706
-1237
-767
-295
173
642
1112
1581
2052
2521
2989
3456
3922
4390
4855
5319
5781
6243
6702
7164
7622
8077
8530
8982
9436
9884
10331
10775
11217
11660
12096
12531
12963
13393
13819
14246
14667
15083
15499
15910
16321
16727
17127
17525
17918
18309
18699
19081
19461
19835
20205
20574
20936
21296
21648
21997
22343
22684
23019
23348
23675
23994
24312
24623
24928
25230
25523
25816
26100
26379
26654
26921
27186
27442
27693
27939
28178
28413
28641
28863
29079
29289
29495
29692
29885
30071
30249
30423
30590
30752
30904
31052
31194
31328
31459
31579
31694
31803
31904
32002
32089
32172
32247
32316
32380
32433
32484
32524
32560
32589
32610
32627
32633
32636
32630
32618
32601
32573
32542
32501
32456
32404
32344
32280
32205
32127
32040
31947
31850
31742
31630
31511
31385
31254
31114
30971
30819
30660
30497
30326
30151
29967
29777
29581
29379
29174
28959
28740
28513
28282
28046
27801
27554
27296
27037
26772
26501
26226
25940
25653
25359
25061
24758
24448
24135
23815
23492
23165
22831
22492
22149
21802
21451
21095
20732
20367
19999
19626
19248
18866
18480
18092
17698
17303
16903
16497
16091
15680
15267
14850
14428
14007
13580
13153
12722
12287
11849
11411
10970
10526
10081
9631
9181
8730
8277
7822
7363
6904
6445
5984
5523
5059
4591
4126
3661
3194
2726
2255
1786
1318
849
380
-92
-561
-1030
-1500
-1968
-2436
-2907
-3374
-3840
-4307
-4772
-5238
-5701
-6162
-6623
-7082
-7542
-7998
-8452
-8905
-9356
-9804
-10253
-10698
-11141
-11581
-12018
-12457
-12888
-13319
-13746
-14170
-14594
-15012
-15428
-15839
-16249
-16654
-17058
-17457
-17850
-18242
-18629
-19016
-19395
-19770
-20143
-20509
-20873
-21234
-21588
-21938
-22282
-22623
-22961
-23292
-23620
-23940
-24257
-24570
-24876
-25179
-25474
-25766
-26050
-26332
-26607
-26876
-27141
-27397
-27651
-27898
-28138
-28374
-28602
-28827
-29044
-29255
-29461
-29659
-29853
-30040
-30221
-30394
-30562
-30726
-30879
-31030
-31171
-31307
-31437
-31560
-31677
-31786
-31889
-31987
-32076
-32162
-32236
-32307
-32371
-32426
-32478
-32520
-32558
-32587
-32610
-32627
-32635
-32640
-32634
-32624
-32607
-32581
-32552
-32512
-32468
-32416
-32358
-32295
-32222
-32145
-32059
-31968
-31871
-31765
-31655
-31536
-31412
-31281
-31142
-31001
-30850
-30694
-30529
-30359
-30186
-30003
-29817
-29621
-29420
-29214
-29001
-28785
-28559
-28327
-28090
-27848
-27602
-27347
-27088
-26822
-26552
-26277
-25996
-25711
-25415
-25118
-24816
-24508
-24198
-23876
-23554
-23226
-22895
-22558
-22213
-21869
-21517
-21163
-20803
-20438
-20069
-19695
-19320
-18939
-18555
-18165
-17772
-17377
-16978
-16575
-16167
-15757
-15345
-14928
-14510
-14088
-13661
-13234
-12802
-12369
-11934
-11492
-11052
-10609
-10165
-9717
-9268
-8814
-8361
-7907
-7450
-6993
-6531
-6071
-5609
-5145
-4682
-4213
-3748
-3282
-2813
-2345
-1877
-1406
-937
-467
1
471
943
1412
1880
2348
2816
3288
3754
4220
4685
5148
5611
6077
6537
6996
7453
7910
8368
8820
9271
9720
10168
10615
11058
11498
11937
12372
12804
13240
13666
14091
14513
14931
15350
15763
16172
16578
16981
17382
17777
18169
18557
18942
19322
19700
20074
20440
20805
21165
21521
21873
22217
22560
22896
23228
23558
23880
24199
24509
24817
25121
25418
25712
25997
26278
26555
26825
27090
27348
27602
27848
28092
28328
28559
28785
29001
29215
29421
29620
29817
30002
30186
30360
30530
30693
30849
31000
31142
31281
31411
31535
31654
31764
31870
31966
32057
32143
32220
32293
32357
32414
32466
32509
32549
32579
32604
32621
32631
32637
32632
32624
32607
32584
32554
32516
32474
32423
32367
32304
32232
32157
32072
31982
31885
31781
31672
31555
31433
31302
31166
31024
30873
30721
30557
30389
30214
30033
29848
29653
29455
29248
29037
28820
28596
28368
28132
27890
27643
27390
27135
26869
26599
26324
26043
25759
25467
25170
24867
24561
24250
23933
23612
23282
22952
22616
22274
21930
21578
21224
20865
20501
20135
19760
19385
19005
18621
18234
17843
17446
17047
16645
16240
15830
15417
15001
14582
14161
13737
13307
12877
12445
12009
11572
11132
10686
10241
9795
9347
8896
8439
7986
7530
7073
6614
6153
5689
5226
4763
4298
3831
3362
2895
2427
1959
1491
1018
548
79
-389
-858
-1327
-1799
-2268
-2736
-3204
-3670
-4139
-4604
-5069
-5532
-5994
-6458
-6916
-7375
-7832
-8286
-8739
-9193
-9643
-10090
-10535
-10979
-11423
-11861
-12296
-12730
-13162
-13592
-14019
-14440
-14859
-15276
-15688
-16102
-16508
-16911
-17311
-17706
-18103
-18490
-18876
-19256
-19633
-20009
-20377
-20743
-21103
-21458
-21810
-22159
-22502
-22838
-23173
-23499
-23825
-24145
-24457
-24765
-25068
-25366
-25662
-25948
-26232
-26507
-26778
-27045
-27304
-27560
-27807
-28051
-28290
-28521
-28747
-28965
-29179
-29385
-29588
-29784
-29972
-30157
-30331
-30503
-30667
-30824
-30976
-31119
-31260
-31390
-31516
-31635
-31747
-31855
-31952
-32045
-32131
-32209
-32284
-32348
-32408
-32459
-32505
-32545
-32576
-32604
-32621
-32633
-32639
-32636
-32630
-32613
-32592
-32563
-32526
-32486
-32435
-32382
-32318
-32249
-32174
-32091
-32003
-31906
-31805
-31696
-31579
-31459
-31329
-31195
-31053
-30904
-30752
-30590
-30423
-30250
-30071
-29884
-29691
-29495
-29290
-29079
-28862
-28639
-28413
-28177
-27939
-27691
-27440
-27184
-26920
-26653
-26378
-25813
-25229
-24620
-23993
-23347
-22680
-21995
-21294
-20570
-19832
-19077
-18307
-17523
-16722
-15908
-15081
-14240
-13390
-12525
-11654
-10772
-9878
-8979
-8074
-7158
-6240
-5313
-4384
-3452
-2514
-1577
-639
301
1240
2180
3116
4050
4982
5907
6828
7746
8655
9559
10453
11337
12216
13081
13936
14781
15611
16432
17236
18026
18805
19563
20306
21035
21743
22438
23110
23762
24398
25010
25604
26178
26728
27255
27760
28242
28703
29138
29549
29936
30297
30633
30946
31232
31491
31724
31930
32113
32267
32395
32495
32568
32615
32635
32628
32594
32531
32442
32327
32185
32016
31821
31599
31350
31076
30777
30452
30100
29724
29324
28900
28451
27980
27485
26965
26425
25862
25279
24675
24048
23403
22739
22055
21355
20633
19896
19144
18373
17591
16795
15979
15153
14313
13464
12603
11730
10849
9958
9058
8153
7237
6320
5396
4465
3534
2598
1659
721
-217
-1159
-2095
-3035
-3968
-4898
-5828
-6748
-7663
-8576
-9478
-10375
-11261
-12137
-13006
-13862
-14706
-15541
-16359
-17167
-17958
-18736
-19498
-20242
-20970
-21683
-22376
-23053
-23708
-24342
-24959
-25554
-26128
-26683
-27211
-27719
-28203
-28664
-29102
-29517
-29904
-30268
-30606
-30921
-31210
-31472
-31707
-31916
-32100
-32257
-32388
-32490
-32566
-32615
-32637
-32632
-32602
-32541
-32454
-32341
-32201
-32036
-31844
-31622
-31376
-31105
-30808
-30484
-30137
-29763
-29363
-28942
-28496
-28027
-27534
-27018
-26478
-25918
-25335
-24734
-24111
-23464
-22802
-22122
-21421
-20704
-19966
-19216
-18449
-17664
-16869
-16059
-15231
-14394
-13543
-12684
-11815
-10932
-10042
-9145
-8237
-7326
-6405
-5482
-4555
-3620
-2686
-1750
-808
129
1071
2009
2945
3881
4812
5738
6662
7579
8491
9395
10289
11179
12055
12923
13782
14627
15463
16284
17089
17884
18663
19425
20173
20903
21618
22311
22988
23647
24283
24900
25499
26074
26630
27162
27670
28157
28620
29060
29477
29867
30233
30575
30890
31181
31447
31684
31895
32081
32240
32374
32480
32557
32609
32633
32631
32602
32546
32460
32350
32212
32048
31859
31641
31397
31127
30832
30512
30166
29796
29399
28978
28534
28067
27576
27062
26523
25966
25387
24784
24165
23523
22860
22181
21481
20766
20034
19281
18516
17735
16938
16129
15303
14468
13620
12758
11890
11011
10120
9223
8316
7404
6488
5563
4635
3704
2767
1830
890
-48
-987
-1927
-2863
-3798
-4731
-5658
-6580
-7499
-8410
-9316
-10212
-11100
-11981
-12848
-13706
-14554
-15389
-16213
-17021
-17814
-18597
-19361
-20108
-20841
-21555
-22252
-22931
-23589
-24230
-24848
-25447
-26025
-26582
-27118
-27628
-28116
-28582
-29024
-29442
-29837
-30204
-30548
-30865
-31158
-31426
-31667
-31880
-32069
-32229
-32366
-32474
-32555
-32609
-32635
-32635
-32608
-32555
-32473
-32364
-32228
-32067
-31879
-31666
-31423
-31156
-30862
-30545
-30202
-29834
-29439
-29021
-28577
-28113
-27623
-27113
-26578
-26020
-25443
-24844
-24225
-23585
-22926
-22245
-21550
-20834
-20104
-19355
-18589
-17809
-17016
-16205
-15384
-14546
-13701
-12842
-11972
-11094
-10206
-9307
-8404
-7490
-6574
-5652
-4722
-3792
-2857
-1918
-981
-38
899
1837
2777
3710
4641
5572
6494
7414
8325
9229
10129
11017
11896
12767
13626
14476
15311
16134
16946
17740
18521
19289
20039
20773
21488
22185
22867
23527
24170
24790
25391
25972
26529
27065
27581
28070
28537
28982
29401
29800
30170
30514
30836
31129
31399
31643
31861
32049
32213
32351
32461
32546
32602
32631
32633
32608
32557
32479
32373
32239
32080
31893
31682
31445
31178
30888
30571
30230
29865
29473
29057
28617
28152
27666
27157
26625
26070
25493
24896
24279
23641
22983
22304
21610
20898
20166
19420
18658
17876
17085
16276
15455
14622
13774
12917
12049
11170
10283
9386
8482
7573
6653
5732
4806
3872
2938
2000
1061
123
-817
-1756
-2692
-3629
-4561
-5492
-6415
-7332
-8246
-9151
-10048
-10941
-11820
-12690
-13552
-14400
-15240
-16065
-16874
-17672
-18454
-19221
-19974
-20709
-21428
-22127
-22807
-23471
-24115
-24737
-25341
-25922
-26483
-27021
-27537
-28031
-28500
-28944
-29367
-29766
-30141
-30488
-30810
-31107
-31378
-31624
-31846
-32037
-32203
-32342
-32455
-32542
-32602
-32633
-32637
-32615
-32565
-32490
-32387
-32255
-32099
-31915
-31705
-31470
-31207
-30918
-30604
-30265
-29901
-29514
-29098
-28661
-28198
-27714
-27208
-26677
-26124
-25550
-24953
-24338
-23702
-23047
-22372
-21676
-20965
-20237
-19491
-18731
-17953
-17159
-16354
-15532
-14701
-13857
-12998
-12131
-11255
-10366
-9472
-8567
-7657
-6742
-5818
-4892
-3962
-3026
-2089
-1149
-211
727
1668
2604
3540
4474
5402
6329
7246
8159
9067
9964
10855
11739
12609
13473
14321
15159
15987
16800
17595
18381
19149
19904
20641
21360
22061
22743
23407
24054
24679
25284
25867
26429
26970
27488
27984
28456
28902
29327
29728
30103
30455
30779
31078
31352
31600
31823
32018
32186
32328
32442
32531
32595
32628
32635
32615
32568
32494
32395
32266
32111
31929
31722
31489
31231
30943
30631
30295
29932
29547
29136
28699
28239
27755
27251
26724
26173
25600
25006
24391
23758
23104
22431
21739
21027
20301
19558
18798
18021
17228
16424
15606
14773
13931
13075
12207
11331
10444
9550
8649
7737
6822
5901
4973
4043
3107
2171
1234
292
-645
-1584
-2524
-3459
-4393
-5322
-6246
-7167
-8080
-8985
-9887
-10778
-11663
-12534
-13396
-14249
-15086
-15913
-16730
-17528
-18312
-19084
-19837
-20577
-21299
-22000
-22686
-23351
-23997
-24626
-25233
-25819
-26382
-26924
-27445
-27942
-28416
-28866
-29292
-29695
-30074
-30426
-30755
-31055
-31331
-31582
-31806
-32005
-32175
-32319
-32436
-32527
-32592
-32630
-32639
-32621
-32576
-32504
-32407
-32283
-32130
-31950
-31745
-31514
-31257
-30974
-30663
-30329
-29970
-29584
-29177
-28743
-28285
-27804
-27299
-26775
-26229
-25656
-25064
-24450
-23818
-23168
-22495
-21805
-21098
-20370
-19628
-18869
-18095
-17306
-16500
-15683
-14853
-14010
-13156
-12290
-11414
-10529
-9634
-8733
-7825
-6907
-5987
-5062
-4129
-3197
-2258
-1321
-383
558
1497
2433
3371
4304
5235
6159
7079
7995
8902
9801
10695
11578
12454
13316
14167
15009
15836
16651
17454
18239
19013
19767
20506
21231
21935
22621
23289
23937
24567
25176
25763
26329
26873
27394
27895
28371
28824
29252
29656
30037
30391
30723
31027
31304
31557
31783
31984
32159
32304
32423
32517
32584
32624
32637
32621
32578
32509
32414
32292
32142
31965
31762
31533
31278
30998
30691
30356
30000
29618
29211
28782
28324
27845
27344
26819
26274
25708
25115
24505
23873
23223
22555
21866
21160
20435
19692
18936
18162
17374
16573
15754
14925
14085
13231
12366
11489
10606
9714
8811
7905
6990
6068
5142
4210
3279
2342
1403
464
-474
-1415
-2351
-3291
-4223
-5151
-6080
-6999
-7913
-8823
-9723
-10618
-11501
-12375
-13243
-14094
-14934
-15766
-16581
-17385
-18172
-18945
-19702
-20443
-21166
-21876
-22563
-23231
-23883
-24512
-25124
-25715
-26281
-26828
-27351
-27851
-28331
-28788
-29218
-29623
-30005
-30363
-30696
-31003
-31283
-31538
-31767
-31969
-32146
-32296
-32417
-32512
-32582
-32624
-32640
-32627
-32587
-32519
-32426
-32307
-32160
-31985
-31784
-31558
-31305
-31027
-30724
-30392
-30036
-29656
-29251
-28823
-28371
-27893
-27393
-26872
-26327
-25762
-25173
-24564
-23936
-23285
-22619
-21933
-21227
-20504
-19762
-19008
-18237
-17449
-16648
-15833
-15004
-14164
-13310
-12448
-11575
-10689
-9798
-8899
-7989
-7076
-6156
-5229
-4301
-3365
-2430
-1494
-551
386
1324
2265
3201
4136
5066
5991
6913
7829
8736
9640
10532
11420
12293
13159
14016
14856
15685
16505
17308
18100
18873
19631
20374
21100
21807
22499
23170
23822
24454
25065
25659
26229
26775
27301
27804
28287
28744
29176
29585
29969
30328
30664
30973
31257
31513
31744
31949
32129
32281
32405
32502
32574
32618
32636
32627
32589
32523
32432
32315
32171
32000
31802
31576
31326
31050
30749
30420
30068
29688
29287
28859
28410
27936
27437
26917
26375
25810
25226
24617
23990
23344
22677
21992
21291
20567
19830
19074
18304
17520
16719
15905
15078
14237
13387
12522
11651
10769
9875
8976
8071
7155
6237
5310
4381
3449
2511
1574
636
-304
-1243
-2183
-3119
-4053
-4985
-5910
-6831
-7749
-8658
-9562
-10455
-11340
-12219
-13084
-13939
-14784
-15614
-16435
-17239
-18029
-18808
-19566
-20309
-21038
-21746
-22440
-23113
-23765
-24401
-25013
-25607
-26181
-26731
-27258
-27763
-28245
-28706
-29141
-29552
-29939
-30300
-30636
-30949
-31235
-31494
-31727
-31933
-32116
-32270
-32398
-32498
-32571
-32618
-32638
-32631
-32597
-32534
-32445
-32330
-32188
-32019
-31824
-31602
-31353
-31079
-30780
-30455
-30103
-29727
-29326
-28903
-28454
-27983
-27488
-26968
-26428
-25865
-25282
-24678
-24051
-23406
-22742
-22058
-21358
-20636
-19899
-19147
-18376
-17594
-16798
-15982
-15156
-14315
-13467
-12606
-11733
-10852
-9961
-9061
-8156
-7240
-6323
-5399
-4468
-3537
-2601
-1662
-724
214
1156
2092
3032
3965
4895
5825
6745
7660
8573
9475
10372
11258
12134
13004
13859
14703
15538
16356
17164
17955
18733
19496
20239
20967
21680
22373
23051
23705
24339
24956
25551
26125
26680
27208
27716
28200
28661
29099
29514
29901
30265
30603
30918
31207
31469
31704
31913
32097
32254
32385
32487
32563
32612
32634
32629
32599
32538
32451
32338
32198
32033
31841
31620
31373
31102
30805
30481
30134
29760
29360
28939
28494
28024
27531
27015
26475
25915
25332
24731
24108
23461
22800
22119
21419
20701
19964
19213
18446
17661
16866
16056
15228
14391
13540
12681
11812
10929
10039
9142
8234
7323
6402
5479
4552
3617
2683
1747
805
-132
-1074
-2012
-2948
-3884
-4815
-5741
-6665
-7582
-8494
-9398
-10292
-11182
-12058
-12926
-13785
-14630
-15466
-16287
-17092
-17887
-18666
-19428
-20176
-20906
-21620
-22314
-22990
-23650
-24286
-24903
-25501
-26077
-26633
-27165
-27673
-28160
-28623
-29063
-29480
-29870
-30236
-30578
-30893
-31184
-31450
-31687
-31898
-32084
-32243
-32377
-32483
-32560
-32612
-32636
-32634
-32605
-32549
-32463
-32353
-32215
-32051
-31862
-31644
-31400
-31130
-30835
-30515
-30169
-29799
-29402
-28981
-28537
-28070
-27579
-27065
-26526
-25969
-25390
-24787
-24168
-23526
-22863
-22184
-21484
-20769
-20036
-19284
-18519
-17738
-16941
-16132
-15306
-14471
-13623
-12761
-11893
-11014
-10123
-9226
-8319
-7407
-6491
-5566
-4638
-3707
-2770
-1833
-893
45
984
1924
2860
3795
4728
5655
6577
7496
8407
9313
10209
11097
11978
12845
13703
14551
15386
16210
17018
17811
18594
19358
20105
20838
21552
22249
22928
23586
24227
24845
25444
26022
26579
27115
27625
28113
28579
29021
29439
29835
30201
30545
30862
31155
31423
31664
31877
32066
32226
32363
32471
32552
32606
32632
32632
32605
32552
32470
32361
32225
32064
31876
31663
31420
31153
30859
30542
30199
29831
29436
29018
28574
28110
27620
27110
26575
26017
25440
24841
24222
23582
22923
22242
21547
20831
20101
19352
18586
17806
17013
16202
15381
14543
13698
12839
11969
11091
10203
9304
8401
7487
6571
5649
4719
3789
2854
1915
978
35
-902
-1840
-2780
-3713
-4644
-5575
-6497
-7417
-8328
-9232
-10132
-11020
-11899
-12770
-13629
-14479
-15314
-16137
-16949
-17743
-18524
-19292
-20041
-20776
-21491
-22188
-22870
-23530
-24173
-24793
-25394
-25975
-26532
-27068
-27584
-28073
-28540
-28985
-29404
-29803
-30173
-30517
-30839
-31132
-31401
-31646
-31864
-32052
-32216
-32354
-32464
-32549
-32605
-32634
-32636
-32611
-32560
-32482
-32376
-32242
-32083
-31896
-31685
-31448
-31181
-30891
-30574
-30233
-29868
-29476
-29060
-28620
-28155
-27669
-27160
-26628
-26073
-25496
-24899
-24282
-23644
-22986
-22307
-21613
-20901
-20169
-19423
-18661
-17879
-17087
-16279
-15458
-14625
-13777
-12920
-12052
-11173
-10286
-9389
-8485
-7576
-6656
-5735
-4809
-3875
-2941
-2002
-1064
-126
814
1753
2689
3626
4558
5489
6412
7329
8243
9148
10045
10938
11817
12687
13549
14397
15237
16062
16871
17669
18451
19218
19971
20706
21425
22124
22804
23468
24112
24735
25338
25919
26480
27018
27534
28028
28497
28941
29364
29763
30138
30485
30807
31104
31375
31621
31843
32034
32200
32339
32452
32539
32599
32630
32634
32612
32562
32487
32385
32252
32096
31912
31702
31467
31204
30915
30601
30262
29898
29511
29095
28658
28195
27711
27205
26674
26121
25547
24950
24335
23699
23044
22369
21674
20962
20235
19488
18728
17950
17156
16351
15529
14698
13854
12995
12128
11252
10363
9469
8564
7654
6739
5815
4889
3959
3023
2086
1146
208
-730
-1671
-2607
-3543
-4477
-5405
-6332
-7249
-8161
-9070
-9967
-10858
-11742
-12612
-13476
-14324
-15162
-15990
-16803
-17598
-18384
-19152
-19906
-20644
-21363
-22064
-22746
-23410
-24057
-24682
-25287
-25870
-26432
-26973
-27491
-27987
-28459
-28905
-29330
-29731
-30106
-30458
-30782
-31081
-31355
-31603
-31826
-32021
-32189
-32331
-32445
-32534
-32598
-32631
-32638
-32618
-32571
-32497
-32398
-32269
-32114
-31932
-31725
-31492
-31234
-30946
-30634
-30298
-29935
-29550
-29139
-28702
-28242
-27758
-27254
-26727
-26176
-25603
-25009
-24394
-23761
-23107
-22434
-21742
-21030
-20304
-19561
-18801
-18024
-17231
-16427
-15609
-14776
-13934
-13078
-12210
-11334
-10447
-9553
-8652
-7740
-6825
-5904
-4976
-4046
-3110
-2174
-1237
-295
642
1581
2521
3456
4390
5319
6243
7164
8077
8982
9884
10775
11660
12531
13393
14246
15083
15910
16727
17525
18309
19081
19835
20574
21296
21997
22684
23348
23994
24623
25230
25816
26379
26921
27442
27939
28413
28863
29289
29692
30071
30423
30752
31052
31328
31579
31803
32002
32172
32316
32433
32524
32589
32627
32636
32618
32573
32501
32404
32280
32127
31947
31742
31511
31254
30971
30660
30326
29967
29581
29174
28740
28282
27801
27296
26772
26226
25653
25061
24448
23815
23165
22492
21802
21095
20367
19626
18866
18092
17303
16497
15680
14850
14007
13153
12287
11411
10526
9631
8730
7822
6904
5984
5059
4126
3194
2255
1318
380
-561
-1500
-2436
-3374
-4307
-5238
-6162
-7082
-7998
-8905
-9804
-10698
-11581
-12457
-13319
-14170
-15012
-15839
-16654
-17457
-18242
-19016
-19770
-20509
-21234
-21938
-22623
-23292
-23940
-24570
-25179
-25766
-26332
-26876
-27397
-27898
-28374
-28827
-29255
-29659
-30040
-30394
-30726
-31030
-31307
-31560
-31786
-31987
-32162
-32307
-32426
-32520
-32587
-32627
-32640
-32624
-32581
-32512
-32416
-32295
-32145
-31968
-31765
-31536
-31281
-31001
-30694
-30359
-30003
-29621
-29214
-28785
-28327
-27848
-27347
-26822
-26277
-25711
-25118
-24508
-23876
-23226
-22558
-21869
-21163
-20438
-19695
-18939
-18165
-17377
-16575
-15757
-14928
-14088
-13234
-12369
-11492
-10609
-9717
-8814
-7907
-6993
-6071
-5145
-4213
-3282
-2345
-1406
-467
471
1412
2348
3288
4220
5148
6077
6996
7910
8820
9720
10615
11498
12372
13240
14091
14931
15763
16578
17382
18169
18942
19700
20440
21165
21873
22560
23228
23880
24509
25121
25712
26278
26825
27348
27848
28328
28785
29215
29620
30002
30360
30693
31000
31281
31535
31764
31966
32143
32293
32414
32509
32579
32621
32637
32624
32584
32516
32423
32304
32157
31982
31781
31555
31302
31024
30721
30389
30033
29653
29248
28820
28368
27890
27390
26869
26324
25759
25170
24561
23933
23282
22616
21930
21224
20501
19760
19005
18234
17446
16645
15830
15001
14161
13307
12445
11572
10686
9795
8896
7986
7073
6153
5226
4298
3362
2427
1491
548
-389
-1327
-2268
-3204
-4139
-5069
-5994
-6916
-7832
-8739
-9643
-10535
-11423
-12296
-13162
-14019
-14859
-15688
-16508
-17311
-18103
-18876
-19633
-20377
-21103
-21810
-22502
-23173
-23825
-24457
-25068
-25662
-26232
-26778
-27304
-27807
-28290
-28747
-29179
-29588
-29972
-30331
-30667
-30976
-31260
-31516
-31747
-31952
-32131
-32284
-32408
-32505
-32576
-32621
-32639
-32630
-32592
-32526
-32435
-32318
-32174
-32003
-31805
-31579
-31329
-31053
-30752
-30423
-30071
-29691
-29290
-28862
-28413
-27939
-27440
-26920
-26378
-25813
-25229
-24620
-23993
-23347
-22680
-21995
-21294
-20570
-19832
-19077
-18307
-17523
-16722
-15908
-15081
-14240
-13390
-12525
-11654
-10772
-9878
-8979
-8074
-7158
-6240
-5313
-4384
-3452
-2514
-1577
-639
301
1240
2180
3116
4050
4982
5907
6828
7746
8655
9559
10453
11337
12216
13081
13936
14781
15611
16432
17236
18026
18805
19563
20306
21035
21743
22438
23110
23762
24398
25010
25604
26178
26728
27255
27760
28242
28703
29138
29549
29936
30297
30633
30946
31232
31491
31724
31930
32113
32267
32395
32495
32568
32615
32635
32628
32594
32531
32442
32327
32185
32016
31821
31599
31350
31076
30777
30452
30100
29724
29324
28900
28451
27980
27485
26965
26425
25862
25279
24675
24048
23403
22739
22055
21355
20633
19896
19144
18373
17591
16795
15979
15153
14313
13464
12603
11730
10849
9958
9058
8153
7237
6320
5396
4465
3534
2598
1659
721
-217
-1159
-2095
-3035
-3968
-4898
-5828
-6748
-7663
-8576
-9478
-10375
-11261
-12137
-13006
-13862
-14706
-15541
-16359
-17167
-17958
-18736
-19498
-20242
-20970
-21683
-22376
-23053
-23708
-24342
-24959
-25554
-26128
-26683
-27211
-27719
-28203
-28664
-29102
-29517
-29904
-30268
-30606
-30921
-31210
-31472
-31707
-31916
-32100
-32257
-32388
-32490
-32566
-32615
-32637
-32632
-32602
-32541
-32454
-32341
-32201
-32036
-31844
-31622
-31376
-31105
-30808
-30484
-30137
-29763
-29363
-28942
-28496
-28027
-27534
-27018
-26478
-25918
-25335
-24734
-24111
-23464
-22802
-22122
-21421
-20704
-19966
-19216
-18449
-17664
-16869
-16059
-15231
-14394
-13543
-12684
-11815
-10932
-10042
-9145
-8237
-7326
-6405
-5482
-4555
-3620
-2686
-1750
-808
129
1071
2009
2945
3881
4812
5738
6662
7579
8491
9395
10289
11179
12055
12923
13782
14627
15463
16284
17089
17884
18663
19425
20173
20903
21618
22311
22988
23647
24283
24900
25499
26074
26630
27162
27670
28157
28620
29060
29477
29867
30233
30575
30890
31181
31447
31684
31895
32081
32240
32374
32480
32557
32609
32633
32631
32602
32546
32460
32350
32212
32048
31859
31641
31397
31127
30832
30512
30166
29796
29399
28978
28534
28067
27576
27062
26523
25966
25387
24784
24165
23523
22860
22181
21481
20766
20034
19281
18516
17735
16938
16129
15303
14468
13620
12758
11890
11011
10120
9223
8316
7404
6488
5563
4635
3704
2767
1830
890
-48
-987
-1927
-2863
-3798
-4731
-5658
-6580
-7499
-8410
-9316
-10212
-11100
-11981
-12848
-13706
-14554
-15389
-16213
-17021
-17814
-18597
-19361
-20108
-20841
-21555
-22252
-22931
-23589
-24230
-24848
-25447
-26025
-26582
-27118
-27628
-28116
-28582
-29024
-29442
-29837
-30204
-30548
-30865
-31158
-31426
-31667
-31880
-32069
-32229
-32366
-32474
-32555
-32609
-32635
-32635
-32608
-32555
-32473
-32364
-32228
-32067
-31879
-31666
-31423
-31156
-30862
-30545
-30202
-29834
-29439
-29021
-28577
-28113
-27623
-27113
-26578
-26020
-25443
-24844
-24225
-23585
-22926
-22245
-21550
-20834
-20104
-19355
-18589
-17809
-17016
-16205
-15384
-14546
-13701
-12842
-11972
-11094
-10206
-9307
-8404
-7490
-6574
-5652
-4722
-3792
-2857
-1918
-981
-38
899
1837
2777
3710
4641
5572
6494
7414
8325
9229
10129
11017
11896
12767
13626
14476
15311
16134
16946
17740
18521
19289
20039
20773
21488
22185
22867
23527
24170
24790
25391
25972
26529
27065
27581
28070
28537
28982
29401
29800
30170
30514
30836
31129
31399
31643
31861
32049
32213
32351
32461
32546
32602
32631
32633
32608
32557
32479
32373
32239
32080
31893
31682
31445
31178
30888
30571
30230
29865
29473
29057
28617
28152
27666
27157
26625
26070
25493
24896
24279
23641
22983
22304
21610
20898
20166
19420
18658
17876
17085
16276
15455
14622
13774
12917
12049
11170
10283
9386
8482
7573
6653
5732
4806
3872
2938
2000
1061
123
-817
-1756
-2692
-3629
-4561
-5492
-6415
-7332
-8246
-9151
-10048
-10941
-11820
-12690
-13552
-14400
-15240
-16065
-16874
-17672
-18454
-19221
-19974
-20709
-21428
-22127
-22807
-23471
-24115
-24737
-25341
-25922
-26483
-27021
-27537
-28031
-28500
-28944
-29367
-29766
-30141
-30488
-30810
-31107
-31378
-31624
-31846
-32037
-32203
-32342
-32455
-32542
-32602
-32633
-32637
-32615
-32565
-32490
-32387
-32255
-32099
-31915
-31705
-31470
-31207
-30918
-30604
-30265
-29901
-29514
-29098
-28661
-28198
-27714
-27208
-26677
-26124
-25550
-24953
-24338
-23702
-23047
-22372
-21676
-20965
-20237
-19491
-18731
-17953
-17159
-16354
-15532
-14701
-13857
-12998
-12131
-11255
-10366
-9472
-8567
-7657
-6742
-5818
-4892
-3962
-3026
-2089
-1149
-211
727
1668
2604
3540
4474
5402
6329
7246
8159
9067
9964
10855
11739
12609
13473
14321
15159
15987
16800
17595
18381
19149
19904
20641
21360
22061
22743
23407
24054
24679
25284
25867
26429
26970
27488
27984
28456
28902
29327
29728
30103
30455
30779
31078
31352
31600
31823
32018
32186
32328
32442
32531
32595
32628
32635
32615
32568
32494
32395
32266
32111
31929
31722
31489
31231
30943
30631
30295
29932
29547
29136
28699
28239
27755
27251
26724
26173
25600
25006
24391
23758
23104
22431
21739
21027
20301
19558
18798
18021
17228
16424
15606
14773
13931
13075
12207
11331
10444
9550
8649
7737
6822
5901
4973
4043
3107
2171
1234
292
-645
-1584
-2524
-3459
-4393
-5322
-6246
-7167
-8080
-8985
-9887
-10778
-11663
-12534
-13396
-14249
-15086
-15913
-16730
-17528
-18312
-19084
-19837
-20577
-21299
-22000
-22686
-23351
-23997
-24626
-25233
-25819
-26382
-26924
-27445
-27942
-28416
-28866
-29292
-29695
-30074
-30426
-30755
-31055
-31331
-31582
-31806
-32005
-32175
-32319
-32436
-32527
-32592
-32630
-32639
-32621
-32576
-32504
-32407
-32283
-32130
-31950
-31745
-31514
-31257
-30974
-30663
-30329
-29970
-29584
-29177
-28743
-28285
-27804
-27299
-26775
-26229
-25656
-25064
-24450
-23818
-23168
-22495
-21805
-21098
-20370
-19628
-18869
-18095
-17306
-16500
-15683
-14853
-14010
-13156
-12290
-11414
-10529
-9634
-8733
-7825
-6907
-5987
-5062
-4129
-3197
-2258
-1321
-383
558
1497
2433
3371
4304
5235
6159
7079
7995
8902
9801
10695
11578
12454
13316
14167
15009
15836
16651
17454
18239
19013
19767
20506
21231
21935
22621
23289
23937
24567
25176
25763
26329
26873
27394
27895
28371
28824
29252
29656
30037
30391
30723
31027
31304
31557
31783
31984
32159
32304
32423
32517
32584
32624
32637
32621
32578
32509
32414
32292
32142
31965
31762
31533
31278
30998
30691
30356
30000
29618
29211
28782
28324
27845
27344
26819
26274
25708
25115
24505
23873
23223
22555
21866
21160
20435
19692
18936
18162
17374
16573
15754
14925
14085
13231
12366
11489
10606
9714
8811
7905
6990
6068
5142
4210
3279
2342
1403
464
-474
-1415
-2351
-3291
-4223
-5151
-6080
-6999
-7913
-8823
-9723
-10618
-11501
-12375
-13243
-14094
-14934
-15766
-16581
-17385
-18172
-18945
-19702
-20443
-21166
-21876
-22563
-23233
-23883
-24512
-25124
-25715
-26281
-26828
-27351
-27851
-28331
-28788
-29218
-29623
-30005
-30363
-30696
-31003
-31283
-31538
-31767
-31969
-32146
-32296
-32417
-32512
-32582
-32624
-32640
-32627
-32587
-32519
-32426
-32307
-32160
-31985
-31784
-31558
-31305
-31027
-30724
-30392
-30036
-29656
-29251
-28823
-28371
-27893
-27393
-26872
-26327
-25762
-25173
-24564
-23936
-23285
-22619
-21933
-21227
-20504
-19762
-19008
-18237
-17449
-16648
-15833
-15004
-14164
-13310
-12448
-11575
-10689
-9798
-8899
-7989
-7076
-6153
-5229
-4301
-3365
-2430
-1494
-551
386
1324
2265
3201
4136
5066
5991
6913
7829
8736
9640
10532
11420
12293
13159
14016
14856
15685
16505
17308
18100
18873
19631
20374
21100
21807
22499
23170
23822
24454
25065
25659
26229
26775
27301
27804
28287
28744
29176
29585
29969
30328
30664
30973
31257
31513
31744
31949
32129
32281
32405
32502
32574
32618
32636
32627
32589
32523
32432
32315
32171
32000
31802
31576
31326
31050
30749
30420
30067
29688
29287
28859
28410
27936
27437
26917
26375
25810
25226
24617
23990
23344
22677
21992
21291
20567
19830
19074
18304
17520
16719
15905
15078
14237
13387
12522
11651
10769
9875
8976
8071
7155
6237
5310
4381
3449
2511
1574
636
-304
-1243
-2183
-3119
-4053
-4985
-5910
-6831
-7749
-8658
-9562
-10455
-11340
-12219
-13084
-13939
-14784
-15614
-16435
-17239
-18029
-18808
-19566
-20309
-21038
-21746
-22440
-23113
-23765
-24401
-25013
-25607
-26181
-26731
-27259
-27763
-28245
-28706
-29141
-29552
-29939
-30300
-30636
-30949
-31235
-31494
-31727
-31933
-32116
-32270
-32398
-32498
-32571
-32618
-32638
-32631
-32597
-32534
-32445
-32330
-32188
-32019
-31824
-31602
-31353
-31079
-30780
-30455
-30103
-29727
-29326
-28903
-28454
-27983
-27488
-26968
-26428
-25865
-25282
-24678
-24051
-23406
-22742
-22058
-21358
-20636
-19899
-19147
-18376
-17594
-16798
-15982
-15156
-14315
-13467
-12606
-11733
-10852
-9961
-9061
-8156
-7240
-6323
-5399
-4468
-3537
-2601
-1662
-724
217
1156
2092
3032
3965
4895
5825
6745
7660
8573
9475
10372
11258
12134
13004
13859
14703
15538
16356
17164
17955
18733
19496
20239
20967
21680
22373
23051
23705
24339
24956
25551
26125
26680
27208
27716
28200
28661
29099
29514
29901
30265
30603
30918
31207
31469
31704
31913
32097
32254
32385
32487
32563
32612
32634
32629
32599
32538
32451
32338
32198
32033
31841
31620
31373
31102
30805
30481
30134
29760
29360
28939
28494
28024
27531
27013
26475
25915
25332
24731
24108
23461
22800
22119
21419
20701
19964
19213
18446
17661
16866
16056
15228
14391
13540
12681
11812
10929
10039
9142
8234
7323
6402
5479
4552
3617
2683
1747
805
-132
-1074
-2012
-2948
-3884
-4815
-5741
-6665
-7582
-8494
-9398
-10292
-11182
-12058
-12926
-13785
-14630
-15466
-16287
-17092
-17887
-18666
-19428
-20176
-20906
-21620
-22314
-22990
-23650
-24286
-24903
-25501
-26077
-26633
-27165
-27673
-28160
-28623
-29063
-29480
-29870
-30237
-30578
-30893
-31184
-31450
-31687
-31898
-32084
-32243
-32377
-32483
-32560
-32612
-32636
-32634
-32605
-32549
-32463
-32353
-32215
-32051
-31862
-31644
-31400
-31130
-30835
-30515
-30169
-29799
-29402
-28981
-28537
-28070
-27579
-27065
-26526
-25969
-25390
-24787
-24168
-23526
-22863
-22184
-21484
-20769
-20036
-19284
-18519
-17738
-16941
-16132
-15306
-14471
-13623
-12761
-11893
-11014
-10123
-9226
-8319
-7407
-6491
-5566
-4638
-3707
-2770
-1833
-893
45
984
1924
2860
3795
4728
5655
6580
7496
8407
9313
10209
11097
11978
12845
13703
14551
15386
16210
17018
17811
18594
19358
20105
20838
21552
22249
22928
23586
24227
24845
25444
26022
26579
27115
27625
28113
28579
29021
29439
29835
30201
30545
30862
31155
31423
31664
31877
32066
32226
32363
32471
32552
32606
32632
32632
32605
32552
32470
32361
32225
32064
31876
31663
31420
31153
30859
30542
30199
29831
29436
29018
28574
28110
27620
27110
26575
26017
25440
24841
24222
23582
22921
22242
21547
20831
20101
19352
18586
17806
17013
16202
15381
14543
13698
12839
11969
11091
10203
9304
8401
7487
6571
5649
4719
3789
2854
1915
978
35
-902
-1840
-2780
-3713
-4644
-5575
-6497
-7417
-8328
-9232
-10132
-11020
-11899
-12770
-13629
-14479
-15314
-16137
-16949
-17743
-18524
-19292
-20041
-20776
-21491
-22188
-22870
-23530
-24173
-24793
-25394
-25975
-26532
-27068
-27584
-28073
-28540
-28985
-29404
-29803
-30173
-30517
-30839
-31132
-31401
-31646
-31864
-32053
-32216
-32354
-32464
-32549
-32605
-32634
-32636
-32611
-32560
-32482
-32376
-32242
-32083
-31896
-31685
-31448
-31181
-30891
-30574
-30233
-29868
-29476
-29060
-28620
-28155
-27669
-27160
-26628
-26073
-25496
-24899
-24282
-23644
-22986
-22307
-21613
-20901
-20169
-19423
-18661
-17879
-17087
-16279
-15458
-14625
-13777
-12920
-12052
-11173
-10286
-9389
-8485
-7576
-6656
-5735
-4809
-3875
-2941
-2002
-1064
-126
814
1753
2689
3626
4558
5489
6412
7329
8243
9148
10045
10938
11817
12690
13549
14397
15237
16062
16871
17669
18451
19218
19971
20706
21425
22124
22804
23468
24112
24735
25338
25919
26480
27018
27534
28028
28497
28941
29364
29763
30138
30485
30807
31104
31375
31621
31843
32034
32200
32339
32452
32539
32599
32630
32634
32612
32562
32487
32385
32252
32096
31912
31702
31467
31204
30915
30601
30262
29898
29511
29095
28658
28195
27711
27205
26674
26121
25547
24950
24335
23699
23044
22369
21674
20962
20235
19488
18728
17947
17156
16351
15529
14698
13854
12995
12128
11252
10363
9469
8564
7654
6739
5815
4889
3959
3023
2086
1146
208
-730
-1671
-2607
-3543
-4477
-5405
-6332
-7249
-8161
-9070
-9967
-10858
-11742
-12612
-13476
-14324
-15162
-15990
-16803
-17598
-18384
-19152
-19906
-20644
-21363
-22064
-22746
-23410
-24057
-24682
-25287
-25870
-26432
-26973
-27491
-27987
-28459
-28905
-29330
-29731
-30106
-30458
-30782
-31081
-31355
-31603
-31826
-32021
-32189
-32331
-32445
-32534
-32598
-32631
-32638
-32618
-32571
-32497
-32398
-32269
-32114
-31932
-31725
-31492
-31234
-30946
-30634
-30298
-29935
-29550
-29139
-28702
-28242
-27758
-27254
-26727
-26176
-25603
-25009
-24394
-23761
-23107
-22434
-21742
-21030
-20304
-19561
-18801
-18024
-17231
-16427
-15609
-14776
-13934
-13078
-12210
-11334
-10447
-9553
-8652
-7740
-6825
-5904
-4976
-4046
-3110
-2174
-1237
-295
642
1581
2521
3456
4390
5319
6243
7164
8077
8982
9884
10775
11660
12531
13393
14246
15083
15910
16727
17525
18312
19081
19835
20574
21296
21997
22684
23348
23994
24623
25230
25816
26379
26921
27442
27939
28413
28863
29289
29692
30071
30423
30752
31052
31328
31579
31803
32002
32172
32316
32433
32524
32589
32627
32636
32618
32573
32501
32404
32280
32127
31947
31742
31511
31254
30971
30660
30326
29967
29581
29174
28740
28282
27801
27296
26772
26226
25653
25061
24448
23815
23165
22492
21802
21095
20367
19626
18866
18092
17303
16497
15680
14850
14007
13153
12285
11411
10526
9631
8730
7822
6904
5984
5059
4126
3194
2255
1318
380
-561
-1500
-2436
-3374
-4307
-5238
-6162
-7082
-7998
-8905
-9804
-10698
-11581
-12457
-13319
-14170
-15012
-15839
-16654
-17457
-18242
-19016
-19770
-20509
-21234
-21938
-22623
-23292
-23940
-24570
-25179
-25766
-26332
-26876
-27397
-27898
-28374
-28827
-29255
-29659
-30040
-30394
-30726
-31030
-31307
-31560
-31786
-31987
-32162
-32307
-32426
-32520
-32587
-32627
-32640
-32624
-32581
-32512
-32416
-32295
-32145
-31967
-31765
-31536
-31281
-31001
-30694
-30359
-30003
-29621
-29214
-28785
-28327
-27848
-27347
-26822
-26277
-25711
-25118
-24508
-23876
-23226
-22558
-21869
-21163
-20438
-19695
-18939
-18165
-17377
-16575
-15757
-14928
-14088
-13234
-12369
-11492
-10609
-9717
-8814
-7907
-6993
-6071
-5145
-4213
-3282
-2345
-1406
-467
471
1412
2348
3288
4220
5148
6077
6996
7910
8820
9720
10615
11498
12372
13240
14091
14931
15763
16578
17382
18169
18942
19700
20440
21165
21873
22560
23230
23880
24509
25121
25712
26278
26825
27348
27848
28328
28785
29215
29620
30002
30360
30693
31000
31281
31535
31764
31966
32143
32293
32414
32509
32579
32621
32637
32624
32584
32516
32423
32304
32157
31982
31781
31555
31302
31024
30721
30389
30033
29653
29248
28820
28368
27890
27390
26869
26324
25759
25170
24561
23933
23282
22616
21930
21224
20501
19760
19005
18234
17446
16645
15830
15001
14161
13307
12445
11572
10686
9795
8896
7986
7073
6150
5226
4298
3362
2427
1491
548
-389
-1327
-2268
-3204
-4139
-5069
-5994
-6916
-7832
-8739
-9643
-10535
-11423
-12296
-13162
-14019
-14859
-15688
-16508
-17311
-18103
-18876
-19633
-20377
-21103
-21810
-22502
-23173
-23825
-24457
-25068
-25662
-26232
-26778
-27304
-27807
-28290
-28747
-29179
-29588
-29972
-30331
-30667
-30976
-31260
-31516
-31747
-31952
-32131
-32284
-32408
-32505
-32576
-32621
-32639
-32630
-32592
-32526
-32435
-32318
-32174
-32003
-31805
-31579
-31329
-31053
-30752
-30423
-30070
-29691
-29290
-28862
-28413
-27939
-27440
-26920
-26378
-25813
-25229
-24620
-23993
-23347
-22680
-21995
-21294
-20570
-19832
-19077
-18307
-17523
-16722
-15908
-15081
-14240
-13390
-12525
-11654
-10772
-9878
-8979
-8074
-7158
-6240
-5313
-4384
-3452
-2514
-1577
-639
301
1240
2180
3116
4050
4982
5907
6828
7746
8655
9559
10453
11337
12216
13081
13936
14781
15611
16432
17236
18026
18805
19563
20306
21035
21743
22438
23110
23762
24398
25010
25604
26178
26728
27256
27760
28242
28703
29138
29549
29936
30297
30633
30946
31232
31491
31724
31930
32113
32267
32395
32495
32568
32615
32635
32628
32594
32531
32442
32327
32185
32016
31821
31599
31350
31076
30777
30452
30100
29724
29324
28900
28451
27980
27485
26965
26425
25862
25279
24675
24048
23403
22739
22055
21355
20633
19896
19144
18373
17591
16795
15979
15153
14313
13464
12603
11730
10849
9958
9058
8153
7237
6320
5396
4465
3534
2598
1659
721
-220
-1159
-2095
-3035
-3968
-4898
-5828
-6748
-7663
-8576
-9478
-10375
-11261
-12137
-13006
-13862
-14706
-15541
-16359
-17167
-17958
-18736
-19498
-20242
-20970
-21683
-22376
-23053
-23708
-24342
-24959
-25554
-26128
-26683
-27211
-27719
-28203
-28664
-29102
-29517
-29904
-30268
-30606
-30921
-31210
-31472
-31707
-31916
-32100
-32257
-32388
-32490
-32566
-32615
-32637
-32632
-32602
-32541
-32454
-32341
-32201
-32036
-31844
-31622
-31376
-31105
-30808
-30484
-30137
-29763
-29363
-28942
-28496
-28027
-27534
-27016
-26478
-25918
-25335
-24734
-24111
-23464
-22802
-22122
-21421
-20704
-19966
-19216
-18449
-17664
-16869
-16059
-15231
-14394
-13543
-12684
-11815
-10932
-10042
-9145
-8237
-7326
-6405
-5482
-4555
-3620
-2686
-1750
-808
129
1071
2009
2945
3881
4812
5738
6662
7579
8491
9395
10289
11179
12055
12923
13782
14627
15463
16284
17089
17884
18663
19425
20173
20903
21618
22311
22988
23647
24283
24900
25499
26074
26630
27162
27670
28157
28620
29060
29477
29867
30234
30575
30890
31181
31447
31684
31895
32081
32240
32374
32480
32557
32609
32633
32631
32602
32546
32460
32350
32212
32048
31859
31641
31397
31127
30832
30512
30166
29796
29399
28978
28534
28067
27576
27062
26523
25966
25387
24784
24165
23523
22860
22181
21481
20766
20034
19281
18516
17735
16938
16129
15303
14468
13620
12758
11890
11011
10120
9223
8316
7404
6488
5563
4635
3704
2767
1830
890
-48
-987
-1927
-2863
-3798
-4731
-5658
-6583
-7499
-8410
-9316
-10212
-11100
-11981
-12848
-13706
-14554
-15389
-16213
-17021
-17814
-18597
-19361
-20108
-20841
-21555
-22252
-22931
-23589
-24230
-24848
-25447
-26025
-26582
-27118
-27628
-28116
-28582
-29024
-29442
-29837
-30204
-30548
-30865
-31158
-31426
-31667
-31880
-32069
-32229
-32366
-32474
-32555
-32609
-32635
-32635
-32608
-32555
-32473
-32364
-32228
-32067
-31879
-31666
-31423
-31156
-30862
-30545
-30202
-29834
-29439
-29021
-28577
-28113
-27623
-27113
-26578
-26020
-25443
-24844
-24225
-23585
-22924
-22245
-21550
-20834
-20104
-19355
-18589
-17809
-17016
-16205
-15384
-14546
-13701
-12842
-11972
-11094
-10206
-9307
-8404
-7490
-6574
-5652
-4722
-3792
-2857
-1918
-981
-38
899
1837
2777
3710
4641
5572
6494
7414
8325
9229
10129
11017
11896
12767
13626
14476
15311
16134
16946
17740
18521
19289
20039
20773
21488
22185
22867
23527
24170
24790
25391
25972
26529
27065
27581
28070
28537
28982
29401
29800
30170
30514
30836
31129
31399
31643
31861
32050
32213
32351
32461
32546
32602
32631
32633
32608
32557
32479
32373
32239
32080
31893
31682
31445
31178
30888
30571
30230
29865
29473
29057
28617
28152
27666
27157
26625
26070
25493
24896
24279
23641
22983
22304
21610
20898
20166
19420
18658
17876
17085
16276
15455
14622
13774
12917
12049
11170
10283
9386
8482
7573
6653
5732
4806
3872
2938
2000
1061
123
-817
-1756
-2692
-3629
-4561
-5492
-6415
-7332
-8246
-9151
-10048
-10941
-11820
-12693
-13552
-14400
-15240
-16065
-16874
-17672
-18454
-19221
-19974
-20709
-21428
-22127
-22807
-23471
-24115
-24737
-25341
-25922
-26483
-27021
-27537
-28031
-28500
-28944
-29367
-29766
-30141
-30488
-30810
-31107
-31378
-31624
-31846
-32037
-32203
-32342
-32455
-32542
-32602
-32633
-32637
-32615
-32565
-32490
-32387
-32255
-32099
-31915
-31705
-31470
-31207
-30918
-30604
-30265
-29901
-29514
-29098
-28661
-28198
-27714
-27208
-26677
-26124
-25550
-24953
-24338
-23702
-23047
-22372
-21676
-20965
-20237
-19491
-18731
-17950
-17159
-16354
-15532
-14701
-13857
-12998
-12131
-11255
-10366
-9472
-8567
-7657
-6742
-5818
-4892
-3962
-3026
-2089
-1149
-211
727
1668
2604
3540
4474
5402
6329
7246
8159
9067
9964
10855
11739
12609
13473
14321
15159
15987
16800
17595
18381
19149
19904
20641
21360
22061
22743
23407
24054
24679
25284
25867
26429
26970
27488
27984
28456
28902
29327
29728
30103
30455
30779
31078
31352
31600
31823
32018
32186
32328
32442
32531
32595
32628
32635
32615
32568
32494
32395
32266
32111
31929
31722
31489
31231
30943
30631
30295
29932
29547
29136
28699
28239
27755
27251
26724
26173
25600
25006
24391
23758
23104
22431
21739
21027
20301
19558
18798
18021
17228
16424
15606
14773
13931
13075
12207
11331
10444
9550
8649
7737
6822
5901
4973
4043
3107
2171
1234
292
-645
-1584
-2524
-3459
-4393
-5322
-6246
-7167
-8080
-8985
-9887
-10778
-11663
-12534
-13396
-14249
-15086
-15913
-16730
-17528
-18315
-19084
-19837
-20577
-21299
-22000
-22686
-23351
-23997
-24626
-25233
-25819
-26382
-26924
-27445
-27942
-28416
-28866
-29292
-29695
-30074
-30426
-30755
-31055
-31331
-31582
-31806
-32005
-32175
-32319
-32436
-32527
-32592
-32630
-32639
-32621
-32576
-32504
-32407
-32283
-32130
-31950
-31745
-31514
-31257
-30974
-30663
-30329
-29970
-29584
-29177
-28743
-28285
-27804
-27299
-26775
-26229
-25656
-25064
-24450
-23818
-23168
-22495
-21805
-21098
-20370
-19628
-18869
-18095
-17306
-16500
-15683
-14853
-14010
-13156
-12288
-11414
-10529
-9634
-8733
-7825
-6907
-5987
-5062
-4129
-3197
-2258
-1321
-383
558
1497
2433
3371
4304
5235
6159
7079
7995
8902
9801
10695
11578
12454
13316
14167
15009
15836
16651
17454
18239
19013
19767
20506
21231
21935
22621
23289
23937
24567
25176
25763
26329
26873
27394
27895
28371
28824
29252
29656
30037
30391
30723
31027
31304
31557
31783
31984
32159
32304
32423
32517
32584
32624
32637
32621
32578
32509
32414
32292
32142
31964
31762
31533
31278
30998
30691
30356
30000
29618
29211
28782
28324
27845
27344
26819
26274
25708
25115
24505
23873
23223
22555
21866
21160
20435
19692
18936
18162
17374
16573
15754
14925
14085
13231
12366
11489
10606
9714
8811
7905
6990
6068
5142
4210
3279
2342
1403
464
-474
-1415
-2351
-3291
-4223
-5151
-6080
-6999
-7913
-8823
-9723
-10618
-11501
-12375
-13243
-14094
-14934
-15766
-16581
-17385
-18172
-18945
-19702
-20443
-21166
-21876
-22563
-23233
-23883
-24512
-25124
-25715
-26281
-26828
-27351
-27851
-28331
-28788
-29218
-29623
-30005
-30363
-30696
-31003
-31283
-31538
-31767
-31969
-32146
-32296
-32417
-32512
-32582
-32624
-32640
-32627
-32587
-32519
-32426
-32307
-32160
-31985
-31784
-31558
-31305
-31027
-30724
-30392
-30036
-29656
-29251
-28823
-28371
-27893
-27393
-26872
-26327
-25762
-25173
-24564
-23936
-23285
-22619
-21933
-21227
-20504
-19762
-19008
-18237
-17449
-16648
-15833
-15004
-14164
-13310
-12448
-11575
-10689
-9798
-8899
-7989
-7076
-6153
-5229
-4301
-3365
-2430
-1494
-551
386
1324
2265
3201
4136
5066
5991
6913
7829
8736
9640
10532
11420
12293
13159
14016
14856
15685
16505
17308
18100
18873
19631
20374
21100
21807
22499
23170
23822
24454
25065
25659
26229
26775
27301
27804
28287
28744
29176
29585
29969
30328
30664
30973
31257
31513
31744
31949
32129
32281
32405
32502
32574
32618
32636
32627
32589
32523
32432
32315
32171
32000
31802
31576
31326
31050
30749
30420
30067
29688
29287
28859
28410
27936
27437
26917
26375
25810
25226
24617
23990
23344
22677
21992
21291
20567
19830
19074
18304
17520
16719
15905
15078
14237
13387
12522
11651
10769
9875
8976
8071
7155
6237
5310
4381
3449
2511
1574
636
-304
-1243
-2183
-3119
-4053
-4985
-5910
-6831
-7749
-8658
-9562
-10455
-11340
-12219
-13084
-13939
-14784
-15614
-16435
-17239
-18029
-18808
-19566
-20309
-21038
-21746
-22440
-23113
-23765
-24401
-25013
-25607
-26181
-26731
-27259
-27763
-28245
-28706
-29141
-29552
-29939
-30300
-30636
-30949
-31235
-31494
-31727
-31933
-32116
-32270
-32398
-32498
-32571
-32618
-32638
-32631
-32597
-32534
-32445
-32330
-32188
-32019
-31824
-31602
-31353
-31079
-30780
-30455
-30103
-29727
-29326
-28903
-28454
-27983
-27488
-26968
-26428
-25865
-25282
-24678
-24051
-23406
-22742
-22058
-21358
-20636
-19899
-19147
-18376
-17594
-16798
-15982
-15156
-14315
-13467
-12606
-11733
-10852
-9961
-9061
-8156
-7240
-6323
-5399
-4468
-3537
-2601
-1662
-724
217
1156
2092
3032
3965
4895
5825
6745
7660
8573
9475
10372
11258
12134
13004
13859
14703
15538
16356
17164
17955
18733
19496
20239
20967
21680
22373
23051
23705
24339
24956
25551
26125
26680
27208
27716
28200
28661
29099
29514
29901
30265
30603
30918
31207
31469
31704
31913
32097
32254
32385
32487
32563
32612
32634
32629
32599
32538
32451
32338
32198
32033
31841
31620
31373
31102
30805
30481
30134
29760
29360
28939
28494
28024
27531
27013
26475
25915
25332
24731
24108
23461
22800
22119
21419
20701
19964
19213
18446
17661
16866
16056
15228
14391
13540
12681
11812
10929
10039
9142
8234
7323
6402
5479
4552
3617
2683
1747
805
-132
-1074
-2012
-2948
-3884
-4815
-5741
-6665
-7582
-8494
-9398
-10292
-11182
-12058
-12926
-13785
-14630
-15466
-16287
-17092
-17887
-18666
-19428
-20176
-20906
-21620
-22314
-22990
-23650
-24286
-24903
-25501
-26077
-26633
-27165
-27673
-28160
-28623
-29063
-29480
-29870
-30237
-30578
-30893
-31184
-31450
-31687
-31898
-32084
-32243
-32377
-32483
-32560
-32612
-32636
-32634
-32605
-32549
-32463
-32353
-32215
-32051
-31862
-31644
-31400
-31130
-30835
-30515
-30169
-29799
-29402
-28981
-28537
-28070
-27579
-27065
-26526
-25969
-25390
-24787
-24168
-23526
-22863
-22184
-21484
-20769
-20036
-19284
-18519
-17738
-16941
-16132
-15306
-14471
-13623
-12761
-11893
-11014
-10123
-9226
-8319
-7407
-6491
-5566
-4638
-3707
-2770
-1833
-893
45
984
1924
2860
3795
4728
5655
6580
7496
8407
9313
10209
11097
11978
12845
13703
14551
15386
16210
17018
17811
18594
19358
20105
20838
21552
22249
22928
23586
24227
24845
25444
26022
26579
27115
27625
28113
28579
29021
29439
29835
30201
30545
30862
31155
31423
31664
31877
32066
32226
32363
32471
32552
32606
32632
32632
32605
32552
32470
32361
32225
32064
31876
31663
31420
31153
30859
30542
30199
29831
29436
29018
28574
28110
27620
27110
26575
26017
25440
24841
24222
23582
22921
22242
21547
20831
20101
19352
18586
17806
17013
16202
15381
14543
13698
12839
11969
11091
10203
9304
8401
7487
6571
5649
4719
3789
2854
1915
978
35
-902
-1840
-2780
-3713
-4644
-5575
-6497
-7417
-8328
-9232
-10132
-11020
-11899
-12770
-13629
-14479
-15314
-16137
-16949
-17743
-18524
-19292
-20041
-20776
-21491
-22188
-22870
-23530
-24173
-24793
-25394
-25975
-26532
-27068
-27584
-28073
-28540
-28985
-29404
-29803
-30173
-30517
-30839
-31132
-31401
-31646
-31864
-32053
-32216
-32354
-32464
-32549
-32605
-32634
-32636
-32611
-32560
-32482
-32376
-32242
-32083
-31896
-31685
-31448
-31181
-30891
-30574
-30233
-29868
-29476
-29060
-28620
-28155
-27669
-27160
-26628
-26073
-25496
-24899
-24282
-23644
-22986
-22307
-21613
-20901
-20169
-19423
-18661
-17879
-17087
-16279
-15458
-14625
-13777
-12920
-12052
-11173
-10286
-9389
-8485
-7576
-6656
-5735
-4809
-3875
-2941
-2002
-1064
-126
814
1753
2689
3626
4558
5489
6412
7329
8243
9148
10045
10938
11817
12690
13549
14397
15237
16062
16871
17669
18451
19218
19971
20706
21425
22124
22804
23468
24112
24735
25338
25919
26480
27018
27534
28028
28497
28941
29364
29763
30138
30485
30807
31104
31375
31621
31843
32034
32200
32339
32452
32539
32599
32630
32634
32612
32562
32487
32385
32252
32096
31912
31702
31467
31204
30915
30601
30262
29898
29511
29095
28658
28195
27711
27205
26674
26121
25547
24950
24335
23699
23044
22369
21674
20962
20235
19488
18728
17947
17156
16351
15529
14698
13854
12995
12128
11252
10363
9469
8564
7654
6739
5815
4889
3959
3023
2086
1146
208
-730
-1671
-2607
-3543
-4477
-5405
-6332
-7249
-8161
-9070
-9967
-10858
-11742
-12612
-13476
-14324
-15162
-15990
-16803
-17598
-18384
-19152
-19906
-20644
-21363
-22064
-22746
-23410
-24057
-24682
-25287
-25870
-26432
-26973
-27491
-27987
-28459
-28905
-29330
-29731
-30106
-30458
-30782
-31081
-31355
-31603
-31826
-32021
-32189
-32331
-32445
-32534
-32598
-32631
-32638
-32618
-32571
-32497
-32398
-32269
-32114
-31932
-31725
-31492
-31234
-30946
-30634
-30298
-29935
-29550
-29139
-28702
-28242
-27758
-27254
-26727
-26176
-25603
-25009
-24394
-23761
-23107
-22434
-21742
-21030
-20304
-19561
-18801
-18024
-17231
-16427
-15609
-14776
-13934
-13078
-12210
-11334
-10447
-9553
-8652
-7740
-6825
-5904
-4976
-4046
-3110
-2174
-1237
-295
642
1581
2521
3456
4390
5319
6243
7164
8077
8982
9884
10775
11660
12531
13393
14246
15083
15910
16727
17525
18312
19081
19835
20574
21296
21997
22684
23348
23994
24623
25230
25816
26379
26921
27442
27939
28413
28863
29289
29692
30071
30423
30752
31052
31328
31579
31803
32002
32172
32316
32433
32524
32589
32627
32636
32618
32573
32501
32404
32280
32127
31947
31742
31511
31254
30971
30660
30326
29967
29581
29174
28740
28282
27801
27296
26772
26226
25653
25061
24448
23815
23165
22492
21802
21095
20367
19626
18866
18092
17303
16497
15680
14850
14007
13153
12285
11411
10526
9631
8730
7822
6904
5984
5059
4126
3194
2255
1318
380
-561
-1500
-2436
-3374
-4307
-5238
-6162
-7082
-7998
-8905
-9804
-10698
-11581
-12457
-13319
-14170
-15012
-15839
-16654
-17457
-18242
-19016
-19770
-20509
-21234
-21938
-22623
-23292
-23940
-24570
-25179
-25766
-26332
-26876
-27397
-27898
-28374
-28827
-29255
-29659
-30040
-30394
-30726
-31030
-31307
-31560
-31786
-31987
-32162
-32307
-32426
-32520
-32587
-32627
-32640
-32624
-32581
-32512
-32416
-32295
-32145
-31967
-31765
-31536
-31281
-31001
-30694
-30359
-30003
-29621
-29214
-28785
-28327
-27848
-27347
-26822
-26277
-25711
-25118
-24508
-23876
-23226
-22558
-21869
-21163
-20438
-19695
-18939
-18165
-17377
-16575
-15757
-14928
-14088
-13234
-12369
-11492
-10609
-9717
-8814
-7907
-6993
-6071
-5145
-4213
-3282
-2345
-1406
-467
471
1412
2348
3288
4220
5148
6077
6996
7910
8820
9720
10615
11498
12372
13240
14091
14931
15763
16578
17382
18169
18942
19700
20440
21165
21873
22560
23230
23880
24509
25121
25712
26278
26825
27348
27848
28328
28785
29215
29620
30002
30360
30693
31000
31281
31535
31764
31966
32143
32293
32414
32509
32579
32621
32637
32624
32584
32516
32423
32304
32157
31982
31781
31555
31302
31024
30721
30389
30033
29653
29248
28820
28368
27890
27390
26869
26324
25759
25170
24561
23933
23282
22616
21930
21224
20501
19760
19005
18234
17446
16645
15830
15001
14161
13307
12445
11572
10686
9795
8896
7986
7073
6150
5226
4298
3362
2427
1491
548
-389
-1327
-2268
-3204
-4139
-5069
-5994
-6916
-7832
-8739
-9643
-10535
-11423
-12296
-13162
-14019
-14859
-15688
-16508
-17311
-18103
-18876
-19633
-20377
-21103
-21810
-22502
-23173
-23825
-24457
-25068
-25662
-26232
-26778
-27304
-27807
-28290
-28747
-29179
-29588
-29972
-30331
-30667
-30976
-31260
-31516
-31747
-31952
-32131
-32284
-32408
-32505
-32576
-32621
-32639
-32630
-32592
-32526
-32435
-32318
-32174
-32003
-31805
-31579
-31329
-31053
-30752
-30423
-30070
-29691
-29290
-28862
-28413
-27939
-27440
-26920
-26378
-25813
-25229
-24620
-23993
-23347
-22680
-21995
-21294
-20570
-19832
-19077
-18307
-17523
-16722
-15908
-15081
-14240
-13390
-12525
-11654
-10772
-9878
-8979
-8074
-7158
-6240
-5313
-4384
-3452
-2514
-1577
-639
301
1240
2180
3116
4050
4982
5907
6828
7746
8655
9559
10453
11337
12216
13081
13936
14781
15611
16432
17236
18026
18805
19563
20306
21035
21743
22438
23110
23762
24398
25010
25604
26178
26728
27256
27760
28242
28703
29138
29549
29936
30297
30634
30946
31232
31491
31724
31930
32113
32267
32395
32495
32568
32615
32635
32628
32594
32531
32442
32327
32185
32016
31821
31599
31350
31076
30777
30452
30100
29724
29324
28900
28451
27980
27485
26965
26425
25862
25279
24675
24048
23403
22739
22055
21355
20633
19896
19144
18373
17591
16795
15979
15153
14313
13464
12603
11730
10849
9958
9058
8153
7237
6320
5396
4465
3534
2598
1659
721
-220
-1159
-2095
-3035
-3968
-4898
-5828
-6748
-7666
-8576
-9478
-10375
-11261
-12137
-13006
-13862
-14706
-15541
-16359
-17167
-17958
-18736
-19498
-20242
-20970
-21683
-22376
-23053
-23708
-24342
-24959
-25554
-26128
-26683
-27211
-27719
-28203
-28664
-29102
-29517
-29904
-30268
-30606
-30921
-31210
-31472
-31707
-31916
-32100
-32257
-32388
-32490
-32566
-32615
-32637
-32632
-32602
-32541
-32454
-32341
-32201
-32036
-31844
-31622
-31376
-31105
-30808
-30484
-30137
-29763
-29363
-28942
-28496
-28027
-27534
-27016
-26478
-25918
-25335
-24734
-24111
-23464
-22802
-22120
-21421
-20704
-19966
-19216
-18449
-17664
-16869
-16059
-15231
-14394
-13543
-12684
-11815
-10932
-10042
-9145
-8237
-7326
-6405
-5482
-4555
-3620
-2686
-1750
-808
129
1071
2009
2945
3881
4812
5738
6662
7579
8491
9395
10289
11179
12055
12923
13782
14627
15463
16284
17089
17884
18663
19425
20173
20903
21618
22311
22988
23647
24283
24900
25499
26074
26630
27162
27670
28157
28620
29060
29477
29867
30234
30575
30890
31181
31447
31684
31895
32081
32240
32374
32480
32557
32609
32633
32631
32602
32546
32460
32350
32212
32048
31859
31641
31397
31127
30832
30512
30166
29796
29399
28978
28534
28067
27576
27062
26523
25966
25387
24784
24165
23523
22860
22181
21481
20766
20034
19281
18516
17735
16938
16129
15303
14468
13620
12758
11890
11011
10120
9223
8316
7404
6488
5563
4635
3704
2767
1830
890
-48
-987
-1927
-2863
-3798
-4731
-5658
-6583
-7499
-8410
-9316
-10212
-11100
-11981
-12848
-13709
-14554
-15389
-16213
-17021
-17814
-18597
-19361
-20108
-20841
-21555
-22252
-22931
-23589
-24230
-24848
-25447
-26025
-26582
-27118
-27628
-28116
-28582
-29024
-29442
-29837
-30204
-30548
-30865
-31158
-31426
-31667
-31880
-32069
-32229
-32366
-32474
-32555
-32609
-32635
-32635
-32608
-32555
-32473
-32364
-32228
-32067
-31879
-31666
-31423
-31156
-30862
-30545
-30202
-29834
-29439
-29021
-28577
-28113
-27623
-27113
-26578
-26020
-25443
-24844
-24225
-23585
-22924
-22245
-21550
-20834
-20104
-19355
-18589
-17809
-17013
-16205
-15384
-14546
-13701
-12842
-11972
-11094
-10206
-9307
-8404
-7490
-6574
-5652
-4722
-3792
-2857
-1918
-981
-38
899
1837
2777
3710
4641
5572
6494
7414
8325
9229
10129
11017
11896
12767
13626
14476
15311
16134
16946
17740
18521
19289
20039
20773
21488
22185
22867
23527
24170
24790
25391
25972
26529
27065
27581
28070
28537
28982
29401
29800
30170
30514
30836
31129
31399
31643
31861
32050
32213
32351
32461
32546
32602
32631
32633
32608
32557
32479
32373
32239
32080
31893
31682
31445
31178
30888
30571
30230
29865
29473
29057
28617
28152
27666
27157
26625
26070
25493
24896
24279
23641
22983
22304
21610
20898
20166
19420
18658
17876
17085
16276
15455
14622
13774
12917
12049
11170
10283
9386
8482
7573
6653
5732
4806
3872
2938
2000
1061
123
-817
-1756
-2692
-3629
-4561
-5492
-6415
-7332
-8246
-9151
-10048
-10941
-11820
-12693
-13552
-14400
-15240
-16065
-16874
-17672
-18454
-19223
-19974
-20709
-21428
-22127
-22807
-23471
-24115
-24737
-25341
-25922
-26483
-27021
-27537
-28031
-28500
-28944
-29367
-29766
-30141
-30488
-30810
-31107
-31378
-31624
-31846
-32037
-32203
-32342
-32455
-32542
-32602
-32633
-32637
-32615
-32565
-32490
-32387
-32255
-32099
-31915
-31705
-31470
-31207
-30918
-30604
-30265
-29901
-29514
-29098
-28661
-28198
-27714
-27208
-26677
-26124
-25550
-24953
-24338
-23702
-23047
-22372
-21676
-20965
-20237
-19491
-18731
-17950
-17159
-16354
-15532
-14701
-13857
-12998
-12131
-11252
-10366
-9472
-8567
-7657
-6742
-5818
-4892
-3962
-3026
-2089
-1149
-211
727
1668
2604
3540
4474
5402
6329
7246
8159
9067
9964
10855
11739
12609
13473
14321
15159
15987
16800
17595
18381
19149
19904
20641
21360
22061
22743
23407
24054
24679
25284
25867
26429
26970
27488
27984
28456
28902
29327
29728
30103
30455
30779
31078
31352
31600
31823
32018
32186
32328
32442
32531
32595
32628
32635
32615
32568
32494
32395
32266
32111
31929
31722
31489
31231
30943
30631
30295
29932
29547
29136
28699
28239
27755
27251
26724
26173
25600
25006
24391
23758
23104
22431
21739
21027
20301
19558
18798
18021
17228
16424
15606
14773
13931
13075
12207
11331
10444
9550
8649
7737
6822
5901
4973
4043
3107
2171
1234
292
-645
-1584
-2524
-3459
-4393
-5322
-6246
-7167
-8080
-8985
-9887
-10778
-11663
-12534
-13396
-14249
-15086
-15913
-16730
-17528
-18315
-19084
-19837
-20577
-21299
-22000
-22686
-23351
-23999
-24626
-25233
-25819
-26382
-26924
-27445
-27942
-28416
-28866
-29292
-29695
-30074
-30426
-30755
-31055
-31331
-31582
-31806
-32005
-32175
-32319
-32436
-32527
-32592
-32630
-32639
-32621
-32576
-32504
-32407
-32283
-32130
-31950
-31745
-31514
-31257
-30974
-30663
-30329
-29970
-29584
-29177
-28743
-28285
-27804
-27299
-26775
-26229
-25656
-25064
-24450
-23818
-23168
-22495
-21805
-21098
-20370
-19628
-18869
-18095
-17306
-16500
-15683
-14853
-14010
-13156
-12288
-11414
-10529
-9634
-8733
-7825
-6907
-5987
-5059
-4129
-3197
-2258
-1321
-383
558
1497
2433
3371
4304
5235
6159
7079
7995
8902
9801
10695
11578
12454
13316
14167
15009
15836
16651
17454
18239
19013
19767
20506
21231
21935
22621
23289
23937
24567
25176
25763
26329
26873
27394
27895
28371
28824
29252
29656
30037
30391
30723
31027
31304
31557
31783
31984
32159
32304
32423
32517
32584
32624
32637
32621
32578
32509
32414
32292
32142
31964
31762
31533
31278
30998
30691
30356
30000
29616
29211
28782
28324
27845
27344
26819
26274
25708
25115
24505
23873
23223
22555
21866
21160
20435
19692
18936
18162
17374
16573
15754
14925
14085
13231
12366
11489
10606
9714
8811
7905
6990
6068
5142
4210
3279
2342
1403
464
-474
-1415
-2351
-3291
-4223
-5151
-6080
-6999
-7913
-8823
-9723
-10618
-11501
-12375
-13243
-14094
-14934
-15766
-16581
-17385
-18172
-18945
-19702
-20443
-21166
-21876
-22563
-23233
-23883
-24512
-25124
-25715
-26281
-26828
-27351
-27853
-28331
-28788
-29218
-29623
-30005
-30363
-30696
-31003
-31283
-31538
-31767
-31969
-32146
-32296
-32417
-32512
-32582
-32624
-32640
-32627
-32587
-32519
-32426
-32307
-32160
-31985
-31784
-31558
-31305
-31027
-30724
-30392
-30036
-29656
-29251
-28823
-28371
-27893
-27393
-26872
-26327
-25762
-25173
-24564
-23936
-23285
-22619
-21933
-21227
-20504
-19762
-19008
-18237
-17449
-16648
-15833
-15004
-14164
-13310
-12448
-11575
-10689
-9798
-8899
-7989
-7076
-6153
-5229
-4301
-3365
-2430
-1494
-551
386
1327
2265
3201
4136
5066
5991
6913
7829
8736
9640
10532
11420
12293
13159
14016
14856
15685
16505
17308
18100
18873
19631
20374
21100
21807
22499
23170
23822
24454
25065
25659
26229
26775
27301
27804
28287
28744
29176
29585
29969
30328
30664
30973
31257
31513
31744
31949
32129
32281
32405
32502
32574
32618
32636
32627
32589
32523
32432
32315
32171
32000
31802
31576
31326
31050
30749
30420
30067
29688
29287
28859
28410
27936
27437
26917
26374
25810
25226
24617
23990
23344
22677
21992
21291
20567
19830
19074
18304
17520
16719
15905
15078
14237
13387
12522
11651
10769
9875
8976
8071
7155
6237
5310
4381
3449
2511
1574
636
-304
-1243
-2183
-3119
-4053
-4985
-5910
-6831
-7749
-8658
-9562
-10455
-11340
-12219
-13084
-13939
-14784
-15614
-16435
-17239
-18029
-18808
-19566
-20309
-21038
-21746
-22440
-23113
-23765
-24401
-25013
-25607
-26181
-26731
-27259
-27763
-28245
-28706
-29141
-29552
-29939
-30300
-30637
-30949
-31235
-31494
-31727
-31933
-32116
-32270
-32398
-32498
-32571
-32618
-32638
-32631
-32597
-32534
-32445
-32330
-32188
-32019
-31824
-31602
-31353
-31079
-30780
-30455
-30103
-29727
-29326
-28903
-28454
-27983
-27488
-26968
-26428
-25865
-25282
-24678
-24051
-23406
-22742
-22058
-21358
-20636
-19899
-19147
-18376
-17594
-16798
-15982
-15156
-14315
-13467
-12606
-11733
-10852
-9961
-9061
-8156
-7240
-6323
-5399
-4468
-3537
-2601
-1662
-724
217
1156
2092
3032
3965
4895
5825
6745
7663
8573
9475
10372
11258
12134
13004
13859
14703
15538
16356
17164
17955
18733
19496
20239
20967
21680
22373
23051
23705
24339
24956
25551
26125
26680
27208
27716
28200
28661
29099
29514
29901
30265
30603
30918
31207
31469
31704
31913
32097
32254
32385
32487
32563
32612
32634
32629
32599
32538
32451
32338
32198
32033
31841
31620
31373
31102
30805
30481
30134
29760
29360
28939
28494
28024
27531
27013
26475
25915
25332
24731
24108
23461
22800
22117
21419
20701
19964
19213
18446
17661
16866
16056
15228
14391
13540
12681
11812
10929
10039
9142
8234
7323
6402
5479
4552
3617
2683
1747
805
-132
-1074
-2012
-2948
-3884
-4815
-5741
-6665
-7582
-8494
-9398
-10292
-11182
-12058
-12926
-13785
-14630
-15466
-16287
-17092
-17887
-18666
-19428
-20176
-20906
-21620
-22314
-22990
-23650
-24286
-24903
-25501
-26077
-26633
-27165
-27673
-28160
-28623
-29063
-29480
-29870
-30237
-30578
-30893
-31184
-31450
-31687
-31898
-32084
-32243
-32377
-32483
-32560
-32612
-32636
-32634
-32605
-32549
-32463
-32353
-32215
-32051
-31862
-31644
-31400
-31130
-30835
-30515
-30169
-29799
-29402
-28981
-28537
-28070
-27579
-27065
-26526
-25969
-25390
-24787
-24168
-23526
-22863
-22184
-21484
-20769
-20036
-19284
-18519
-17738
-16941
-16132
-15306
-14471
-13623
-12761
-11893
-11014
-10123
-9226
-8319
-7407
-6491
-5566
-4638
-3707
-2770
-1833
-893
45
984
1924
2860
3795
4728
5655
6580
7496
8407
9313
10209
11097
11978
12845
13706
14551
15386
16210
17018
17811
18594
19358
20105
20838
21552
22249
22928
23586
24227
24845
25444
26022
26579
27115
27625
28113
28579
29021
29439
29835
30201
30545
30862
31155
31423
31664
31877
32066
32226
32363
32471
32552
32606
32632
32632
32605
32552
32470
32361
32225
32064
31876
31663
31420
31153
30859
30542
30199
29831
29436
29018
28574
28110
27620
27110
26575
26017
25440
24841
24222
23582
22921
22242
21547
20831
20101
19352
18586
17806
17010
16202
15381
14543
13698
12839
11969
11091
10203
9304
8401
7487
6571
5649
4719
3789
2854
1915
978
35
-902
-1840
-2780
-3713
-4644
-5575
-6497
-7417
-8328
-9232
-10132
-11020
-11899
-12770
-13629
-14479
-15314
-16137
-16949
-17743
-18524
-19292
-20041
-20776
-21491
-22188
-22870
-23530
-24173
-24793
-25394
-25975
-26532
-27068
-27584
-28073
-28540
-28985
-29404
-29803
-30173
-30517
-30839
-31132
-31401
-31646
-31864
-32053
-32216
-32354
-32464
-32549
-32605
-32634
-32636
-32611
-32560
-32482
-32376
-32242
-32083
-31896
-31685
-31448
-31181
-30891
-30574
-30233
-29868
-29476
-29060
-28620
-28155
-27669
-27160
-26628
-26073
-25496
-24899
-24282
-23644
-22986
-22307
-21613
-20901
-20169
-19423
-18661
-17879
-17087
-16279
-15458
-14625
-13777
-12920
-12052
-11173
-10286
-9389
-8485
-7576
-6656
-5735
-4809
-3875
-2941
-2002
-1064
-126
814
1753
2689
3626
4558
5489
6412
7329
8243
9148
10045
10938
11817
12690
13549
14397
15237
16062
16871
17669
18451
19220
19971
20706
21425
22124
22804
23468
24112
24735
25338
25919
26480
27018
27534
28028
28497
28941
29364
29763
30138
30485
30807
31104
31375
31621
31843
32034
32200
32339
32452
32539
32599
32630
32634
32612
32562
32487
32385
32252
32096
31912
31702
31467
31204
30915
30601
30262
29898
29511
29095
28658
28195
27711
27205
26674
26121
25547
24950
24335
23699
23044
22369
21674
20962
20235
19488
18728
17947
17156
16351
15529
14698
13854
12995
12128
11249
10363
9469
8564
7654
6739
5815
4889
3959
3023
2086
1146
208
-730
-1671
-2607
-3543
-4477
-5405
-6332
-7249
-8161
-9070
-9967
-10858
-11742
-12612
-13476
-14324
-15162
-15990
-16803
-17598
-18384
-19152
-19906
-20644
-21363
-22064
-22746
-23410
-24057
-24682
-25287
-25870
-26432
-26973
-27491
-27987
-28459
-28905
-29330
-29731
-30106
-30458
-30782
-31081
-31355
-31603
-31826
-32021
-32189
-32331
-32445
-32534
-32598
-32631
-32638
-32618
-32571
-32497
-32398
-32269
-32114
-31932
-31725
-31492
-31234
-30946
-30634
-30298
-29935
-29550
-29139
-28702
-28242
-27758
-27254
-26727
-26176
-25603
-25009
-24394
-23761
-23107
-22434
-21742
-21030
-20304
-19561
-18801
-18024
-17231
-16427
-15609
-14776
-13934
-13078
-12210
-11334
-10447
-9553
-8652
-7740
-6825
-5904
-4976
-4046
-3110
-2174
-1237
-295
642
1581
2521
3456
4390
5319
6243
7164
8077
8982
9884
10775
11660
12531
13393
14246
15083
15910
16727
17525
18312
19081
19835
20574
21296
21997
22684
23348
23996
24623
25230
25816
26379
26921
27442
27939
28413
28863
29289
29692
30071
30423
30752
31052
31328
31579
31803
32002
32172
32316
32433
32524
32589
32627
32636
32618
32573
32501
32404
32280
32127
31947
31742
31511
31254
30971
30660
30326
29967
29581
29174
28740
28282
27801
27296
26772
26226
25653
25061
24448
23815
23165
22492
21802
21095
20367
19626
18866
18092
17303
16497
15680
14850
14007
13153
12285
11411
10526
9631
8730
7822
6904
5984
5056
4126
3194
2255
1318
380
-561
-1500
-2436
-3374
-4307
-5238
-6162
-7082
-7998
-8905
-9804
-10698
-11581
-12457
-13319
-14170
-15012
-15839
-16654
-17457
-18242
-19016
-19770
-20509
-21234
-21938
-22623
-23292
-23940
-24570
-25179
-25766
-26332
-26876
-27397
-27898
-28374
-28827
-29255
-29659
-30040
-30394
-30726
-31030
-31307
-31560
-31786
-31987
-32162
-32307
-32426
-32520
-32587
-32627
-32640
-32624
-32581
-32512
-32416
-32295
-32145
-31967
-31765
-31536
-31281
-31001
-30694
-30359
-30003
-29619
-29214
-28785
-28327
-27848
-27347
-26822
-26277
-25711
-25118
-24508
-23876
-23226
-22558
-21869
-21163
-20438
-19695
-18939
-18165
-17377
-16575
-15757
-14928
-14088
-13234
-12369
-11492
-10609
-9717
-8814
-7907
-6993
-6071
-5145
-4213
-3282
-2345
-1406
-467
471
1412
2348
3288
4220
5148
6077
6996
7910
8820
9720
10615
11498
12372
13240
14091
14931
15763
16578
17382
18169
18942
19700
20440
21165
21873
22560
23230
23880
24509
25121
25712
26278
26825
27348
27850
28328
28785
29215
29620
30002
30360
30693
31000
31281
31535
31764
31966
32143
32293
32414
32509
32579
32621
32637
32624
32584
32516
32423
32304
32157
31982
31781
31555
31302
31024
30721
30389
30033
29653
29248
28820
28368
27890
27390
26869
26324
25759
25170
24561
23933
23282
22616
21930
21224
20501
19760
19005
18234
17446
16645
15830
15001
14161
13307
12445
11572
10686
9795
8896
7986
7073
6150
5226
4298
3362
2427
1491
548
-389
-1330
-2268
-3204
-4139
-5069
-5994
-6916
-7832
-8739
-9643
-10535
-11423
-12296
-13162
-14019
-14859
-15688
-16508
-17311
-18103
-18876
-19633
-20377
-21103
-21810
-22502
-23173
-23825
-24457
-25068
-25662
-26232
-26778
-27304
-27807
-28290
-28747
-29179
-29588
-29972
-30331
-30667
-30976
-31260
-31516
-31747
-31952
-32131
-32284
-32408
-32505
-32576
-32621
-32639
-32630
-32592
-32526
-32435
-32318
-32174
-32003
-31805
-31579
-31329
-31053
-30752
-30423
-30070
-29691
-29290
-28862
-28413
-27939
-27440
-26920
-26377
-25813
-25229
-24620
-23993
-23347
-22680
-21995
-21294
-20570
-19832
-19077
-18307
-17523
-16722
-15908
-15081
-14240
-13390
-12525
-11654
-10772
-9878
-8979
-8074
-7158
-6240
-5313
-4384
-3452
-2514
-1577
-639
301
1240
2180
3116
4050
4982
5907
6828
7746
8655
9559
10453
11337
12216
13081
13936
14781
15611
16432
17236
18026
18805
19563
20306
21035
21743
22438
23110
23762
24398
25010
25604
26178
26728
27256
27760
28242
28703
29138
29549
29936
30297
30634
30946
31232
31491
31724
31930
32113
32267
32395
32495
32568
32615
32635
32628
32594
32531
32442
32327
32185
32016
31821
31599
31350
31076
30777
30452
30100
29724
29324
28900
28451
27980
27485
26965
26425
25862
25279
24675
24048
23403
22739
22055
21355
20633
19896
19144
18373
17591
16795
15979
15153
14313
13464
12603
11730
10849
9958
9058
8153
7237
6320
5396
4465
3534
2598
1659
721
-220
-1159
-2095
-3035
-3968
-4898
-5828
-6748
-7666
-8576
-9478
-10375
-11261
-12137
-13006
-13862
-14706
-15541
-16359
-17167
-17958
-18736
-19498
-20242
-20970
-21683
-22376
-23053
-23708
-24342
-24959
-25554
-26128
-26683
-27211
-27719
-28203
-28664
-29102
-29517
-29904
-30268
-30606
-30921
-31210
-31472
-31707
-31916
-32100
-32257
-32388
-32490
-32566
-32615
-32637
-32632
-32602
-32541
-32454
-32341
-32201
-32036
-31844
-31622
-31376
-31105
-30808
-30484
-30137
-29763
-29363
-28942
-28496
-28027
-27534
-27016
-26478
-25918
-25335
-24734
-24111
-23464
-22802
-22120
-21421
-20704
-19966
-19216
-18449
-17664
-16869
-16059
-15231
-14394
-13543
-12684
-11815
-10932
-10042
-9145
-8237
-7326
-6405
-5482
-4555
-3620
-2686
-1750
-808
129
1071
2009
2945
3881
4812
5738
6662
7579
8491
9395
10289
11179
12055
12923
13782
14627
15463
16284
17089
17884
18663
19425
20173
20903
21618
22311
22988
23647
24283
24900
25499
26074
26630
27162
27670
28157
28620
29060
29477
29867
30234
30575
30890
31181
31447
31684
31895
32081
32240
32374
32480
32557
32609
32633
32631
32602
32546
32460
32350
32212
32048
31859
31641
31397
31127
30832
30512
30166
29796
29399
28978
28534
28067
27576
27062
26523
25966
25387
24784
24165
23523
22860
22181
21481
20766
20034
19281
18516
17735
16938
16129
15303
14468
13620
12758
11890
11011
10120
9223
8316
7404
6488
5563
4635
3704
2767
1830
890
-48
-987
-1927
-2863
-3798
-4731
-5658
-6583
-7499
-8410
-9316
-10212
-11100
-11981
-12848
-13709
-14554
-15389
-16213
-17021
-17814
-18597
-19361
-20108
-20841
-21555
-22252
-22931
-23589
-24230
-24848
-25447
-26025
-26582
-27118
-27628
-28116
-28582
-29024
-29442
-29837
-30204
-30548
-30865
-31158
-31426
-31667
-31880
-32069
-32229
-32366
-32474
-32555
-32609
-32635
-32635
-32608
-32555
-32473
-32364
-32228
-32067
-31879
-31666
-31423
-31156
-30862
-30545
-30202
-29834
-29439
-29021
-28577
-28113
-27623
-27113
-26578
-26020
-25443
-24844
-24225
-23585
-22924
-22245
-21550
-20834
-20104
-19355
-18589
-17809
-17013
-16205
-15384
-14546
-13701
-12842
-11972
-11094
-10206
-9307
-8404
-7490
-6574
-5652
-4722
-3792
-2857
-1918
-981
-38
899
1837
2777
3710
4641
5572
6494
7414
8325
9229
10129
11017
11896
12767
13626
14476
15311
16134
16946
17740
18521
19289
20039
20773
21488
22185
22867
23527
24170
24790
25391
25972
26529
27065
27581
28070
28537
28982
29401
29800
30170
30514
30836
31129
31399
31643
31861
32050
32213
32351
32461
32546
32602
32631
32633
32608
32557
32479
32373
32239
32080
31893
31682
31445
31178
30888
30571
30230
29865
29473
29057
28617
28152
27666
27157
26625
26070
25493
24896
24279
23641
22983
22304
21610
20898
20166
19420
18658
17876
17085
16276
15455
14622
13774
12917
12049
11170
10283
9386
8482
7573
6653
5732
4806
3872
2938
2000
1061
123
-817
-1756
-2692
-3629
-4561
-5492
-6415
-7332
-8246
-9151
-10048
-10941
-11820
-12693
-13552
-14400
-15240
-16065
-16874
-17672
-18454
-19223
-19974
-20709
-21428
-22127
-22807
-23471
-24115
-24737
-25341
-25922
-26483
-27021
-27537
-28031
-28500
-28944
-29367
-29766
-30141
-30488
-30810
-31107
-31378
-31624
-31846
-32037
-32203
-32342
-32455
-32542
-32602
-32633
-32637
-32615
-32565
-32490
-32387
-32255
-32099
-31915
-31705
-31470
-31207
-30918
-30604
-30265
-29901
-29514
-29098
-28661
-28198
-27714
-27208
-26677
-26124
-25550
-24953
-24338
-23702
-23047
-22372
-21676
-20965
-20237
-19491
-18731
-17950
-17159
-16354
-15532
-14701
-13857
-12998
-12131
-11252
-10366
-9472
-8567
-7657
-6742
-5818
-4892
-3962
-3026
-2089
-1149
-211
727
1668
2604
3540
4474
5402
6329
7246
8159
9067
9964
10855
11739
12609
13473
14321
15159
15987
16800
17595
18381
19149
19904
20641
21360
22061
22743
23407
24054
24679
25284
25867
26429
26970
27488
27984
28456
28902
29327
29728
30103
30455
30779
31078
31352
31600
31823
32018
32186
32328
32442
32531
32595
32628
32635
32615
32568
32494
32395
32266
32111
31929
31722
31489
31231
30943
30631
30295
29932
29547
29136
28699
28239
27755
27251
26724
26173
25600
25006
24391
23758
23104
22431
21739
21027
20301
19558
18798
18021
17228
16424
15606
14773
13931
13075
12207
11331
10444
9550
8649
7737
6822
5901
4973
4043
3107
2171
1234
292
-645
-1584
-2524
-3459
-4393
-5322
-6246
-7167
-8080
-8985
-9887
-10778
-11663
-12534
-13396
-14249
-15086
-15913
-16730
-17528
-18315
-19084
-19837
-20577
-21299
-22000
-22686
-23351
-23999
-24626
-25233
-25819
-26382
-26924
-27445
-27942
-28416
-28866
-29292
-29695
-30074
-30426
-30755
-31055
-31331
-31582
-31806
-32005
-32175
-32319
-32436
-32527
-32592
-32630
-32639
-32621
-32576
-32504
-32407
-32283
-32130
-31950
-31745
-31514
-31257
-30974
-30663
-30329
-29970
-29584
-29177
-28743
-28285
-27804
-27299
-26775
-26229
-25656
-25064
-24450
-23818
-23168
-22495
-21805
-21098
-20370
-19628
-18869
-18095
-17306
-16500
-15683
-14853
-14010
-13156
-12288
-11414
-10529
-9634
-8733
-7825
-6907
-5987
-5059
-4129
-3197
-2258
-1321
-383
558
1497
2433
3371
4304
5235
6159
7079
7995
8902
9801
10695
11578
12454
13316
14167
15009
15836
16651
17454
18239
19013
19767
20506
21231
21935
22621
23289
23937
24567
25176
25763
26329
26873
27394
27895
28371
28824
29252
29656
30037
30391
30723
31027
31304
31557
31783
31984
32159
32304
32423
32517
32584
32624
32637
32621
32578
32509
32414
32292
32142
31964
31762
31533
31278
30998
30691
30356
30000
29616
29211
28782
28324
27845
27344
26819
26274
25708
25115
24505
23873
23223
22555
21866
21160
20435
19692
18936
18162
17374
16573
15754
14925
14085
13231
12366
11489
10606
9714
8811
7905
6990
6068
5142
4210
3279
2342
1403
464
-474
-1415
-2351
-3291
-4223
-5151
-6080
-6999
-7913
-8823
-9723
-10618
-11501
-12375
-13243
-14094
-14934
-15766
-16581
-17385
-18172
-18945
-19702
-20443
-21166
-21876
-22563
-23233
-23883
-24512
-25124
-25715
-26281
-26828
-27351
-27853
-28331
-28788
-29218
-29623
-30005
-30363
-30696
-31003
-31283
-31538
-31767
-31969
-32146
-32296
-32417
-32512
-32582
-32624
-32640
-32627
-32587
-32519
-32426
-32307
-32160
-31985
-31784
-31558
-31305
-31027
-30724
-30392
-30036
-29656
-29251
-28823
-28371
-27893
-27393
-26872
-26327
-25762
-25173
-24564
-23936
-23285
-22619
-21933
-21227
-20504
-19762
-19008
-18237
-17449
-16648
-15833
-15004
-14164
-13310
-12448
-11575
-10689
-9798
-8899
-7989
-7076
-6153
-5229
-4301
-3365
-2430
-1494
-551
386
1327
2265
3201
4136
5066
5991
6913
7829
8736
9640
10532
11420
12293
13159
14016
14856
15685
16505
17308
18100
18873
19631
20374
21100
21807
22499
23170
23822
24454
25065
25659
26229
26775
27301
27804
28287
28744
29176
29585
29969
30328
30664
30973
31257
31513
31744
31949
32129
32281
32405
32502
32574
32618
32636
32627
32589
32523
32432
32315
32171
32000
31802
31576
31326
31050
30749
30420
30067
29688
29287
28859
28410
27936
27437
26917
26374
25810
25226
24617
23990
23344
22677
21992
21291
20567
19830
19074
18304
17520
16719
15905
15078
14237
13387
12522
11651
10769
9875
8976
8071
7155
6237
5310
4381
3449
2511
1574
636
-304
-1243
-2183
-3119
-4053
-4985
-5910
-6831
-7749
-8658
-9562
-10455
-11340
-12219
-13084
-13939
-14784
-15614
-16435
-17239
-18029
-18808
-19566
-20309
-21038
-21746
-22440
-23113
-23765
-24401
-25013
-25607
-26181
-26731
-27259
-27763
-28245
-28706
-29141
-29552
-29939
-30300
-30637
-30949
-31235
-31494
-31727
-31933
-32116
-32270
-32398
-32498
-32571
-32618
-32638
-32631
-32597
-32534
-32445
-32330
-32188
-32019
-31824
-31602
-31353
-31079
-30780
-30455
-30103
-29727
-29326
-28903
-28454
-27983
-27488
-26968
-26428
-25865
-25282
-24678
-24051
-23406
-22742
-22058
-21358
-20636
-19899
-19147
-18376
-17594
-16798
-15982
-15156
-14315
-13467
-12606
-11733
-10852
-9961
-9061
-8156
-7240
-6323
-5399
-4468
-3537
-2601
-1662
-724
217
1156
2092
3032
3965
4895
5825
6745
7663
8573
9475
10372
11258
12134
13004
13859
14703
15538
16356
17164
17955
18733
19496
20239
20967
21680
22373
23051
23705
24339
24956
25551
26125
26680
27208
27716
28200
28661
29099
29514
29901
30265
30603
30918
31207
31469
31704
31913
32097
32254
32385
32487
32563
32612
32634
32629
32599
32538
32451
32338
32198
32033
31841
31620
31373
31102
30805
30481
30134
29760
29360
28939
28494
28024
27531
27013
26475
25915
25332
24731
24108
23461
22800
22117
21419
20701
19964
19213
18446
17661
16866
16056
15228
14391
13540
12681
11812
10929
10039
9142
8234
7323
6402
5479
4552
3617
2683
1747
805
-132
-1074
-2012
-2948
-3884
-4815
-5741
-6665
-7582
-8494
-9398
-10292
-11182
-12058
-12926
-13785
-14630
-15466
-16287
-17092
-17887
-18666
-19428
-20176
-20906
-21620
-22314
-22990
-23650
-24286
-24903
-25501
-26077
-26633
-27165
-27673
-28160
-28623
-29063
-29480
-29870
-30237
-30578
-30893
-31184
-31450
-31687
-31898
-32084
-32243
-32377
-32483
-32560
-32612
-32636
-32634
-32605
-32549
-32463
-32353
-32215
-32051
-31862
-31644
-31400
-31130
-30835
-30515
-30169
-29799
-29402
-28981
-28537
-28070
-27579
-27065
-26526
-25969
-25390
-24787
-24168
-23526
-22863
-22184
-21484
-20769
-20036
-19284
-18519
-17738
-16941
-16132
-15306
-14471
-13623
-12761
-11893
-11014
-10123
-9226
-8319
-7407
-6491
-5566
-4638
-3707
-2770
-1833
-893
45
984
1924
2860
3795
4728
5655
6580
7496
8407
9313
10209
11097
11978
12845
13706
14551
15386
16210
17018
17811
18594
19358
20108
20838
21552
22249
22928
23586
24227
24845
25444
26022
26579
27115
27625
28113
28579
29021
29439
29835
30201
30545
30862
31155
31423
31664
31877
32066
32226
32363
32471
32552
32606
32632
32632
32605
32552
32470
32361
32225
32064
31876
31663
31420
31153
30859
30542
30199
29831
29436
29018
28574
28110
27620
27110
26575
26017
25440
24841
24222
23582
22921
22242
21547
20831
20101
19352
18586
17806
17010
16202
15381
14543
13698
12839
11969
11091
10200
9304
8401
7487
6571
5649
4719
3789
2854
1915
978
35
-902
-1840
-2780
-3713
-4644
-5575
-6497
-7417
-8328
-9232
-10132
-11020
-11899
-12770
-13629
-14479
-15314
-16137
-16949
-17743
-18524
-19292
-20041
-20776
-21491
-22188
-22870
-23530
-24173
-24793
-25394
-25975
-26532
-27068
-27584
-28073
-28540
-28985
-29404
-29803
-30173
-30517
-30839
-31132
-31401
-31646
-31864
-32053
-32216
-32354
-32464
-32549
-32605
-32634
-32636
-32611
-32560
-32482
-32376
-32242
-32083
-31896
-31685
-31447
-31181
-30891
-30574
-30233
-29868
-29476
-29060
-28620
-28155
-27669
-27160
-26628
-26073
-25496
-24899
-24282
-23644
-22986
-22307
-21613
-20901
-20169
-19423
-18661
-17879
-17087
-16279
-15458
-14625
-13777
-12920
-12052
-11173
-10286
-9389
-8485
-7576
-6656
-5735
-4809
-3875
-2941
-2002
-1064
-126
814
1753
2689
3626
4558
5489
6412
7329
8243
9148
10045
10938
11817
12690
13549
14397
15237
16062
16871
17669
18451
19220
19971
20706
21425
22124
22804
23468
24112
24736
25338
25919
26480
27018
27534
28028
28497
28941
29364
29763
30138
30485
30807
31104
31375
31621
31843
32034
32200
32339
32452
32539
32599
32630
32634
32612
32562
32487
32385
32252
32096
31912
31702
31467
31204
30915
30601
30262
29898
29511
29095
28658
28195
27711
27205
26674
26121
25547
24950
24335
23699
23044
22369
21674
20962
20235
19488
18728
17947
17156
16351
15529
14698
13854
12995
12128
11249
10363
9469
8564
7654
6739
5815
4889
3956
3023
2086
1146
208
-730
-1671
-2607
-3543
-4477
-5405
-6332
-7249
-8161
-9070
-9967
-10858
-11742
-12612
-13476
-14324
-15162
-15990
-16803
-17598
-18384
-19152
-19906
-20644
-21363
-22064
-22746
-23410
-24057
-24682
-25287
-25870
-26432
-26973
-27491
-27987
-28459
-28905
-29330
-29731
-30106
-30458
-30782
-31081
-31355
-31603
-31826
-32021
-32189
-32331
-32445
-32534
-32598
-32631
-32638
-32618
-32571
-32497
-32398
-32269
-32114
-31932
-31725
-31492
-31234
-30946
-30634
-30298
-29935
-29550
-29137
-28702
-28242
-27758
-27254
-26727
-26176
-25603
-25009
-24394
-23761
-23107
-22434
-21742
-21030
-20304
-19561
-18801
-18024
-17231
-16427
-15609
-14776
-13934
-13078
-12210
-11334
-10447
-9553
-8652
-7740
-6825
-5904
-4976
-4046
-3110
-2174
-1237
-295
642
1581
2521
3456
4390
5319
6243
7164
8077
8982
9884
10775
11660
12531
13393
14246
15083
15910
16727
17525
18312
19081
19835
20574
21296
21997
22684
23348
23996
24623
25230
25816
26379
26921
27442
27939
28415
28863
29289
29692
30071
30423
30752
31052
31328
31579
31803
32002
32172
32316
32433
32524
32589
32627
32636
32618
32573
32501
32404
32280
32127
31947
31742
31511
31254
30971
30660
30326
29967
29581
29174
28740
28282
27801
27296
26772
26226
25653
25061
24448
23815
23165
22492
21802
21095
20367
19626
18866
18092
17303
16497
15680
14850
14007
13153
12285
11411
10526
9631
8730
7822
6904
5984
5056
4126
3194
2255
1318
380
-561
-1500
-2439
-3374
-4307
-5238
-6162
-7082
-7998
-8905
-9804
-10698
-11581
-12457
-13319
-14170
-15012
-15839
-16654
-17457
-18242
-19016
-19770
-20509
-21234
-21938
-22623
-23292
-23940
-24570
-25179
-25766
-26332
-26876
-27397
-27898
-28374
-28827
-29255
-29659
-30040
-30394
-30726
-31030
-31307
-31560
-31786
-31987
-32162
-32307
-32426
-32520
-32587
-32627
-32640
-32624
-32581
-32512
-32416
-32295
-32145
-31967
-31765
-31536
-31281
-31001
-30694
-30359
-30003
-29619
-29214
-28785
-28327
-27848
-27347
-26822
-26277
-25709
-25118
-24508
-23876
-23226
-22558
-21869
-21163
-20438
-19695
-18939
-18165
-17377
-16575
-15757
-14928
-14088
-13234
-12369
-11492
-10609
-9717
-8814
-7907
-6993
-6071
-5145
-4213
-3282
-2345
-1406
-467
471
1412
2348
3288
4220
5148
6077
6996
7910
8820
9720
10615
11498
12372
13240
14091
14931
15763
16578
17382
18169
18942
19700
20440
21165
21873
22560
23230
23880
24509
25121
25712
26278
26825
27348
27850
28328
28785
29215
29620
30002
30360
30693
31001
31281
31535
31764
31966
32143
32293
32414
32509
32579
32621
32637
32624
32584
32516
32423
32304
32157
31982
31781
31555
31302
31024
30721
30389
30033
29653
29248
28820
28368
27890
27390
26869
26324
25759
25170
24561
23933
23282
22616
21930
21224
20501
19760
19005
18234
17446
16645
15830
15001
14161
13307
12445
11572
10686
9795
8896
7986
7073
6150
5226
4298
3362
2427
1491
548
-389
-1330
-2268
-3204
-4139
-5069
-5994
-6916
-7832
-8742
-9643
-10535
-11423
-12296
-13162
-14019
-14859
-15688
-16508
-17311
-18103
-18876
-19633
-20377
-21103
-21810
-22502
-23173
-23825
-24457
-25068
-25662
-26232
-26778
-27304
-27807
-28290
-28747
-29179
-29588
-29972
-30331
-30667
-30976
-31260
-31516
-31747
-31952
-32131
-32284
-32408
-32505
-32576
-32621
-32639
-32630
-32592
-32526
-32435
-32318
-32174
-32003
-31805
-31579
-31329
-31053
-30752
-30423
-30070
-29691
-29290
-28862
-28413
-27939
-27440
-26920
-26377
-25705
-24999
-24268
-23506
-22715
-21902
-21059
-20193
-19305
-18389
-17457
-16503
-15530
-14537
-13526
-12502
-11464
-10411
-9347
-8267
-7182
-6089
-4988
-3881
-2767
-1653
-536
580
1697
2813
3925
5032
6132
7228
8313
9389
10453
11504
12545
13569
14577
15567
16541
17496
18428
19340
20227
21092
21935
22748
23536
24296
25026
25733
26403
27044
27653
28230
28777
29285
29762
30203
30608
30979
31311
31608
31868
32090
32276
32421
32530
32602
32633
32628
32583
32500
32382
32220
32026
31791
31520
31213
30866
30487
30071
29618
29133
28609
28056
27469
26850
26201
25515
24805
24065
23296
22499
21675
20829
19956
19061
18141
17201
16243
15265
14268
13254
12224
11182
10126
9058
7977
6889
5794
4691
3583
2467
1352
236
-880
-1996
-3113
-4223
-5328
-6427
-7518
-8603
-9676
-10736
-11785
-12822
-13842
-14845
-15831
-16800
-17748
-18676
-19581
-20462
-21323
-22156
-22963
-23743
-24495
-25221
-25916
-26580
-27213
-27812
-28382
-28917
-29418
-29885
-30316
-30714
-31073
-31396
-31684
-31932
-32146
-32320
-32456
-32556
-32616
-32639
-32622
-32568
-32476
-32344
-32176
-31969
-31725
-31446
-31126
-30773
-30381
-29956
-29497
-28999
-28469
-27906
-27310
-26685
-26023
-25333
-24614
-23865
-23091
-22287
-21456
-20602
-19722
-18823
-17898
-16951
-15988
-15004
-14004
-12984
-11951
-10905
-9846
-8775
-7691
-6602
-5504
-4399
-3291
-2174
-1058
57
1174
2290
3406
4515
5618
6715
7804
8887
9955
11014
12058
13090
14108
15106
16088
17050
17995
18916
19815
20691
21542
22371
23172
23944
24690
25404
26093
26749
27372
27965
28524
29051
29544
30000
30423
30809
31159
31475
31750
31991
32192
32358
32485
32572
32624
32635
32608
32545
32440
32301
32122
31904
31653
31361
31034
30669
30269
29835
29363
28859
28319
27747
27145
26508
25841
25141
24414
23660
22876
22066
21228
20367
19483
18576
17645
16694
15724
14737
13732
12710
11672
10621
9559
8485
7398
6308
5207
4101
2992
1874
759
-358
-1475
-2588
-3704
-4812
-5913
-7008
-8095
-9176
-10241
-11296
-12337
-13365
-14378
-15373
-16348
-17306
-18242
-19160
-20054
-20922
-21768
-22587
-23382
-24149
-24884
-25593
-26274
-26920
-27537
-28119
-28670
-29189
-29670
-30120
-30532
-30908
-31251
-31554
-31822
-32051
-32242
-32399
-32513
-32593
-32633
-32634
-32600
-32522
-32411
-32260
-32071
-31847
-31581
-31281
-30944
-30569
-30161
-29715
-29236
-28723
-28173
-27594
-26981
-26336
-25662
-24953
-24221
-23456
-22666
-21850
-21004
-20138
-19246
-18333
-17398
-16440
-15466
-14473
-13465
-12439
-11396
-10343
-9277
-8201
-7116
-6018
-4917
-3810
-2698
-1581
-464
652
1769
2882
3997
5102
6203
7295
8380
9457
10520
11572
12609
13632
14641
15630
16602
17554
18485
19397
20284
21148
21986
22797
23586
24344
25073
25774
26443
27085
27691
28266
28810
29317
29792
30229
30632
31001
31331
31626
31882
32103
32286
32429
32536
32605
32634
32628
32579
32494
32372
32210
32013
31775
31502
31192
30845
30463
30042
29588
29099
28576
28022
27430
26809
26157
25473
24758
24016
23245
22448
21625
20773
19899
19003
18084
17143
16181
15200
14204
13191
12160
11114
10057
8988
7910
6822
5723
4619
3512
2399
1283
164
-952
-2067
-3182
-4294
-5399
-6497
-7588
-8670
-9744
-10804
-11852
-12886
-13905
-14909
-15894
-16861
-17806
-18733
-19637
-20519
-21377
-22206
-23013
-23793
-24543
-25266
-25958
-26620
-27252
-27850
-28418
-28949
-29449
-29914
-30343
-30739
-31094
-31416
-31701
-31947
-32159
-32330
-32464
-32561
-32618
-32640
-32620
-32563
-32468
-32335
-32165
-31955
-31709
-31426
-31105
-30751
-30356
-29927
-29465
-28966
-28436
-27870
-27271
-26642
-25981
-25289
-24568
-23816
-23040
-22234
-21405
-20546
-19665
-18764
-17838
-16893
-15924
-14939
-13939
-12920
-11887
-10837
-9777
-8705
-7625
-6534
-5433
-4329
-3219
-2105
-990
129
1247
2361
3474
4583
5689
6785
7874
8952
10021
11082
12125
13156
14170
15170
16151
17110
18053
18972
19872
20747
21596
22422
23219
23992
24736
25450
26135
26787
27411
28003
28559
29082
29573
30028
30450
30832
31180
31492
31767
32006
32204
32367
32491
32576
32626
32634
32606
32539
32432
32291
32110
31890
31634
31341
31012
30645
30243
29806
29331
28826
28285
27711
27105
26466
25797
25097
24369
23610
22824
22013
21176
20313
19425
18516
17586
16635
15661
14673
13666
12644
11607
10553
9490
8415
7332
6240
5136
4031
2920
1805
690
-430
-1546
-2661
-3773
-4879
-5984
-7079
-8164
-9241
-10307
-11364
-12404
-13430
-14440
-15433
-16411
-17366
-18302
-19216
-20111
-20977
-21822
-22639
-23430
-24198
-24931
-25638
-26314
-26959
-27575
-28155
-28705
-29219
-29699
-30148
-30557
-30931
-31270
-31571
-31839
-32064
-32254
-32407
-32519
-32598
-32634
-32633
-32596
-32516
-32403
-32248
-32058
-31831
-31562
-31261
-30920
-30545
-30134
-29685
-29204
-28688
-28138
-27557
-26940
-26294
-25617
-24909
-24175
-23406
-22614
-21796
-20951
-20084
-19188
-18274
-17338
-16381
-15406
-14409
-13399
-12372
-11331
-10274
-9208
-8132
-7045
-5950
-4845
-3738
-2626
-1512
-395
724
1840
2954
4065
5170
6274
7366
8449
9523
10585
11639
12675
13698
14703
15691
16664
17614
18545
19453
20338
21202
22038
22849
23634
24391
25119
25818
26486
27124
27729
28303
28842
29346
29820
30256
30657
31023
31351
31643
31897
32116
32296
32436
32542
32607
32634
32625
32574
32488
32362
32198
31998
31759
31484
31170
30821
30437
30015
29558
29067
28542
27985
27392
26769
26114
25428
24715
23969
23196
22396
21570
20720
19845
18944
18024
17082
16121
15139
14139
13124
12093
11049
9991
8920
7841
6751
5655
4552
3440
2326
1212
95
-1023
-2139
-3254
-4362
-5467
-6568
-7657
-8739
-9810
-10870
-11919
-12952
-13971
-14970
-15955
-16922
-17866
-18793
-19692
-20573
-21430
-22259
-23065
-23840
-24589
-25311
-26002
-26663
-27289
-27888
-28453
-28982
-29480
-29941
-30369
-30762
-31115
-31436
-31717
-31962
-32171
-32339
-32472
-32565
-32621
-32640
-32617
-32559
-32460
-32325
-32153
-31940
-31693
-31407
-31084
-30727
-30330
-29900
-29435
-28933
-28401
-27832
-27234
-26600
-25937
-25245
-24520
-23769
-22988
-22182
-21351
-20492
-19611
-18705
-17777
-16831
-15864
-14878
-13874
-12854
-11820
-10772
-9711
-8637
-7554
-6464
-5364
-4260
-3147
-2034
-918
199
1315
2433
3546
4654
5757
6856
7944
9022
10090
11147
12192
13223
14235
15231
16210
17172
18112
19031
19926
20800
21650
22474
23269
24039
24780
25495
26178
26828
27449
28038
28593
29115
29602
30056
30474
30855
31202
31511
31783
32019
32215
32377
32497
32581
32628
32633
32603
32533
32425
32281
32096
31875
31618
31322
30990
30620
30217
29777
29302
28794
28249
27673
27065
26425
25754
25050
24321
23562
22773
21960
21121
20257
19370
18456
17525
16573
15600
14610
13600
12577
11539
10487
9425
8346
7262
6169
5069
3962
2848
1734
617
-499
-1615
-2733
-3844
-4951
-6052
-7145
-8234
-9310
-10375
-11428
-12471
-13496
-14504
-15497
-16470
-17428
-18361
-19274
-20164
-21030
-21876
-22691
-23480
-24243
-24976
-25683
-26356
-27000
-27612
-28190
-28740
-29251
-29729
-30174
-30581
-30955
-31290
-31590
-31854
-32077
-32265
-32414
-32525
-32602
-32635
-32632
-32591
-32510
-32395
-32237
-32044
-31814
-31545
-31241
-30897
-30519
-30106
-29656
-29174
-28653
-28101
-27518
-26901
-26254
-25571
-24862
-24126
-23358
-22565
-21742
-20897
-20026
-19132
-18216
-17276
-16319
-15342
-14347
-13333
-12305
-11264
-10209
-9142
-8062
-6974
-5879
-4778
-3670
-2554
-1440
-323
792
1909
3026
4136
5241
6342
7432
8518
9592
10654
11704
12739
13763
14767
15754
16724
17674
18604
19511
20394
21255
22091
22901
23684
24437
25164
25862
26527
27164
27765
28336
28875
29378
29849
30282
30681
31045
31370
31661
31912
32129
32306
32444
32548
32610
32635
32622
32570
32482
32353
32187
31984
31742
31466
31149
30798
30410
29986
29530
29035
28507
27947
27353
26730
26072
25383
24667
23920
23148
22346
21516
20664
19787
18888
17966
17021
16059
15075
14077
13061
12026
10982
9923
8853
7770
6681
5585
4480
3371
2255
1140
23
-1093
-2208
-3324
-4433
-5538
-6635
-7725
-8808
-9878
-10938
-11984
-13015
-14034
-15034
-16018
-16981
-17924
-18851
-19750
-20629
-21482
-22310
-23116
-23889
-24637
-25354
-26044
-26704
-27328
-27924
-28486
-29015
-29512
-29970
-30394
-30784
-31137
-31456
-31733
-31976
-32182
-32349
-32480
-32570
-32623
-32639
-32615
-32554
-32453
-32315
-32140
-31925
-31676
-31387
-31063
-30702
-30303
-29872
-29403
-28901
-28365
-27795
-27194
-26560
-25895
-25199
-24473
-23720
-22940
-22131
-21296
-20435
-19553
-18648
-17720
-16771
-15801
-14814
-13811
-12790
-11753
-10704
-9643
-8570
-7487
-6393
-5294
-4189
-3078
-1962
-845
270
1387
2502
3617
4725
5828
6922
8010
9091
10159
11214
12255
13284
14298
15295
16273
17231
18169
19089
19984
20855
21701
22524
23320
24088
24827
25537
26220
26869
27488
28073
28626
29149
29632
30084
30499
30877
31224
31529
31799
32032
32226
32386
32503
32585
32629
32632
32601
32527
32417
32270
32084
31861
31599
31302
30968
30597
30190
29747
29270
28761
28214
27635
27026
26383
25712
25004
24273
23512
22723
21910
21066
20200
19312
18399
17467
16511
15538
14546
13538
12514
11473
10420
9356
8280
7194
6099
4997
3891
2780
1665
545
-570
-1687
-2801
-3912
-5022
-6122
-7216
-8301
-9380
-10444
-11495
-12534
-13558
-14568
-15559
-16533
-17486
-18418
-19333
-20220
-21086
-21927
-22739
-23530
-24290
-25021
-25727
-26397
-27040
-27650
-28226
-28773
-29281
-29759
-30201
-30605
-30977
-31311
-31608
-31869
-32090
-32276
-32422
-32532
-32605
-32635
-32632
-32587
-32504
-32386
-32226
-32032
-31797
-31526
-31220
-30874
-30495
-30078
-29626
-29141
-28620
-28067
-27479
-26860
-26212
-25528
-24818
-24076
-23307
-22513
-21690
-20841
-19969
-19074
-18157
-17218
-16257
-15279
-14282
-13270
-12241
-11197
-10141
-9073
-7995
-6907
-5809
-4706
-3598
-2486
-1371
-252
864
1981
3094
4204
5313
6412
7502
8585
9658
10721
11771
12804
13825
14830
15817
16787
17732
18660
19568
20449
21310
22142
22950
23732
24484
25210
25904
26568
27203
27802
28373
28907
29408
29877
30308
30706
31065
31389
31678
31927
32141
32315
32452
32553
32612
32636
32620
32565
32474
32343
32176
31969
31725
31447
31127
30775
30384
29958
29499
29002
28474
27911
27313
26689
26028
25339
24621
23871
23097
22293
21465
20611
19730
18831
17905
16962
15996
15012
14013
12995
11963
10914
9855
8784
7703
6614
5513
4409
3300
2186
1071
-48
-1165
-2280
-3393
-4502
-5609
-6705
-7795
-8875
-9944
-11005
-12050
-13081
-14097
-15095
-16080
-17042
-17984
-18906
-19807
-20684
-21536
-22363
-23164
-23938
-24684
-25399
-26086
-26743
-27368
-27962
-28521
-29047
-29541
-29998
-30421
-30808
-31158
-31474
-31750
-31991
-32193
-32358
-32486
-32574
-32626
-32638
-32612
-32549
-32445
-32306
-32128
-31911
-31659
-31366
-31041
-30678
-30278
-29843
-29371
-28868
-28330
-27758
-27155
-26518
-25851
-25155
-24428
-23672
-22888
-22078
-21243
-20382
-19496
-18589
-17659
-16711
-15741
-14751
-13746
-12725
-11690
-10639
-9574
-8500
-7417
-6326
-5223
-4117
-3007
-1893
-776
342
1459
2573
3686
4794
5898
6993
8080
9157
10224
11281
12322
13350
14360
15356
16334
17292
18229
19144
20039
20910
21755
22576
23368
24138
24873
25582
26262
26908
27527
28110
28661
29179
29661
30112
30524
30901
31244
31547
31816
32045
32237
32394
32509
32590
32630
32631
32598
32521
32409
32259
32070
31847
31582
31281
30945
30571
30164
29717
29238
28726
28178
27599
26985
26340
25667
24960
24227
23461
22672
21856
21013
20146
19253
18341
17406
16451
15477
14482
13473
12448
11408
10354
9286
8210
7125
6031
4929
3820
2708
1593
477
-642
-1759
-2873
-3984
-5090
-6193
-7286
-8371
-9445
-10508
-11563
-12600
-13623
-14630
-15620
-16594
-17547
-18477
-19388
-20274
-21141
-21979
-22791
-23578
-24336
-25068
-25770
-26439
-27079
-27686
-28263
-28807
-29313
-29788
-30228
-30630
-31000
-31330
-31625
-31883
-32103
-32287
-32430
-32537
-32607
-32636
-32631
-32583
-32498
-32377
-32215
-32018
-31781
-31509
-31198
-30852
-30470
-30051
-29597
-29108
-28585
-28031
-27441
-26819
-26168
-25484
-24771
-24029
-23257
-22460
-21637
-20788
-19914
-19016
-18098
-17156
-16197
-15217
-14218
-13205
-12175
-11132
-10075
-9003
-7925
-6837
-5741
-4638
-3527
-2414
-1299
-183
934
2052
3166
4276
5380
6482
7573
8655
9726
10786
11838
12871
13891
14892
15877
16847
17793
18720
19623
20503
21365
22194
23001
23779
24530
25255
25947
26610
27241
27839
28409
28940
29440
29905
30334
30732
31087
31409
31694
31941
32154
32325
32460
32557
32615
32637
32617
32561
32467
32333
32164
31954
31709
31427
31106
30752
30358
29931
29469
28969
28439
27873
27277
26649
25985
25294
24573
23824
23048
22240
21412
20555
19675
18772
17846
16900
15935
14950
13948
12929
11896
10849
9789
8715
7634
6544
5445
4340
3229
2114
1000
-117
-1234
-2351
-3465
-4574
-5676
-6773
-7865
-8943
-10012
-11070
-12117
-13148
-14161
-15159
-16140
-17103
-18045
-18965
-19862
-20738
-21590
-22415
-23213
-23984
-24730
-25445
-26130
-26783
-27405
-27998
-28556
-29079
-29571
-30025
-30447
-30831
-31179
-31492
-31766
-32005
-32205
-32368
-32492
-32578
-32629
-32637
-32609
-32543
-32437
-32296
-32115
-31896
-31641
-31348
-31019
-30652
-30251
-29816
-29341
-28835
-28295
-27721
-27116
-26478
-25808
-25108
-24380
-23624
-22838
-22025
-21188
-20326
-19441
-18532
-17598
-16648
-15677
-14689
-13681
-12658
-11622
-10570
-9508
-8430
-7347
-6255
-5154
-4049
-2935
-1821
-705
411
1528
2645
3757
4864
5966
7060
8150
9226
10292
11346
12387
13416
14425
15419
16394
17350
18289
19202
20096
20962
21809
22627
23418
24185
24918
25627
26304
26949
27564
28144
28696
29211
29691
30139
30548
30924
31264
31565
31832
32058
32249
32402
32515
32594
32631
32630
32594
32515
32401
32247
32057
31831
31563
31262
30921
30546
30136
29688
29208
28691
28141
27561
26946
26300
25621
24914
24180
23414
22623
21802
20958
20091
19197
18284
17345
16389
15414
14420
13410
12381
11340
10286
9220
8141
7054
5960
4858
3751
2636
1522
405
-711
-1827
-2945
-4056
-5161
-6261
-7353
-8439
-9514
-10576
-11628
-12664
-13689
-14695
-15683
-16654
-17604
-18537
-19446
-20331
-21193
-22030
-22843
-23629
-24384
-25112
-25813
-26481
-27120
-27724
-28298
-28839
-29344
-29818
-30253
-30655
-31022
-31350
-31643
-31897
-32116
-32297
-32438
-32544
-32610
-32637
-32628
-32578
-32492
-32367
-32204
-32004
-31765
-31490
-31178
-30829
-30444
-30023
-29568
-29076
-28551
-27995
-27402
-26780
-26126
-25439
-24726
-23980
-23209
-22411
-21583
-20733
-19857
-18960
-18040
-17095
-16135
-15153
-14156
-13142
-12108
-11064
-10006
-8937
-7859
-6767
-5670
-4567
-3459
-2342
-1228
-110
1006
2121
3238
4346
5451
6550
7640
8724
9795
10855
11902
12935
13956
14956
15941
16906
17850
18780
19680
20560
21416
22245
23053
23828
24577
25298
25989
26652
27280
27876
28442
28973
29472
29933
30360
30754
31109
31429
31711
31956
32165
32335
32467
32561
32617
32637
32615
32557
32459
32324
32153
31939
31693
31407
31085
30730
30332
29902
29437
28937
28406
27835
27237
26606
25943
25249
24525
23775
22997
22189
21357
20498
19618
18715
17788
16839
15872
14886
13885
12865
11829
10780
9720
8649
7567
6473
5374
4270
3160
2045
927
-189
-1305
-2420
-3533
-4644
-5747
-6843
-7931
-9012
-10081
-11138
-12181
-13211
-14226
-15223
-16203
-17162
-18103
-19023
-19919
-20793
-21642
-22465
-23264
-24034
-24775
-25488
-26172
-26824
-27445
-28034
-28588
-29111
-29600
-30054
-30472
-30854
-31201
-31510
-31783
-32019
-32216
-32378
-32499
-32583
-32631
-32636
-32607
-32537
-32429
-32286
-32102
-31881
-31623
-31328
-30998
-30628
-30224
-29786
-29310
-28804
-28260
-27683
-27076
-26435
-25766
-25064
-24332
-23574
-22787
-21975
-21134
-20269
-19382
-18472
-17541
-16586
-15614
-14625
-13618
-12595
-11554
-10502
-9439
-8365
-7280
-6184
-5084
-3978
-2866
-1753
-633
483
1600
2714
3825
4935
6037
7131
8216
9292
10360
11414
12454
13479
14490
15483
16456
17411
18346
19261
20151
21018
21861
22677
23468
24231
24964
25671
26344
26990
27602
28181
28729
29241
29721
30166
30574
30947
31283
31583
31848
32071
32260
32410
32521
32599
32631
32630
32589
32508
32394
32236
32044
31814
31545
31242
30899
30522
30108
29658
29176
28658
28106
27522
26905
26259
25578
24869
24131
23364
22571
21751
20906
20034
19139
18224
17287
16326
15350
14355
13344
12317
11272
10218
9151
8074
6987
5889
4788
3679
2567
1453
333
-783
-1899
-3014
-4123
-5232
-6332
-7423
-8506
-9580
-10645
-11695
-12730
-13752
-14756
-15746
-16716
-17664
-18594
-19503
-20387
-21248
-22083
-22892
-23678
-24432
-25159
-25855
-26521
-27160
-27762
-28333
-28871
-29374
-29847
-30280
-30680
-31043
-31368
-31661
-31912
-32129
-32307
-32445
-32550
-32612
-32638
-32626
-32574
-32486
-32358
-32192
-31990
-31748
-31472
-31156
-30806
-30419
-29994
-29538
-29044
-28518
-27959
-27363
-26740
-26082
-25396
-24680
-23932
-23159
-22358
-21531
-20680
-19800
-18901
-17979
-17037
-16075
-15089
-14091
-13075
-12044
-10999
-9938
-8869
-7789
-6699
-5600
-4496
-3387
-2274
-1159
-38
1077
2193
3307
4415
5523
6620
7709
8790
9860
10923
11969
13001
14018
15017
16004
16967
17910
18836
19735
20616
21469
22297
23102
23875
24625
25343
26032
26692
27319
27914
28477
29005
29502
29962
30387
30777
31129
31448
31728
31971
32177
32344
32475
32566
32620
32636
32612
32552
32451
32314
32140
31925
31677
31387
31064
30704
30306
29874
29406
28904
28370
27799
27198
26564
25900
25206
24480
23725
22946
22137
21305
20444
19561
18655
17727
16781
15811
14822
13819
12799
11765
10715
9652
8579
7496
6405
5307
4198
3088
1974
858
-260
-1377
-2492
-3604
-4713
-5818
-6913
-8001
-9079
-10147
-11206
-12247
-13276
-14287
-15284
-16265
-17223
-18162
-19079
-19974
-20848
-21695
-22518
-23312
-24081
-24822
-25532
-26216
-26863
-27482
-28070
-28623
-29144
-29629
-30082
-30498
-30876
-31222
-31528
-31800
-32033
-32227
-32386
-32505
-32587
-32632
-32635
-32604
-32531
-32421
-32275
-32089
-31868
-31606
-31308
-30975
-30603
-30199
-29757
-29279
-28770
-28223
-27646
-27036
-26393
-25723
-25017
-24286
-23523
-22735
-21923
-21081
-20215
-19325
-18413
-17481
-16527
-15554
-14560
-13552
-12528
-11489
-10438
-9371
-8295
-7210
-6117
-5016
-3906
-2795
-1681
-564
551
1672
2786
3897
5004
6108
7200
8286
9362
10426
11480
12519
13543
14551
15543
16519
17473
18404
19317
20205
21073
21915
22728
23516
24277
25010
25716
26386
27029
27638
28217
28764
29273
29750
30192
30599
30970
31303
31601
31863
32085
32271
32418
32527
32601
32632
32629
32585
32502
32385
32225
32031
31798
31527
31221
30875
30497
30082
29629
29144
28623
28070
27485
26866
26216
25533
24823
24084
23315
22519
21696
20850
19979
19081
18164
17225
16267
15290
14290
13279
12250
11209
10153
9082
8004
6916
5822
4719
3607
2496
1381
263
-852
-1971
-3085
-4195
-5300
-6399
-7493
-8576
-9649
-10710
-11759
-12796
-13817
-14820
-15807
-16779
-17725
-18653
-19558
-20440
-21304
-22136
-22944
-23724
-24478
-25205
-25899
-26563
-27198
-27797
-28369
-28904
-29406
-29874
-30306
-30705
-31065
-31388
-31677
-31926
-32142
-32316
-32453
-32555
-32615
-32639
-32623
-32569
-32479
-32348
-32181
-31975
-31732
-31454
-31134
-30782
-30392
-29967
-29509
-29011
-28483
-27921
-27325
-26701
-26039
-25350
-24632
-23885
-23111
-22305
-21477
-20624
-19745
-18846
-17919
-16976
-16012
-15029
-14026
-13009
-11978
-10932
-9872
-8799
-7718
-6629
-5532
-4427
-3315
-2202
-1086
29
1146
2265
3378
4487
5591
6687
7780
8860
9929
10988
12032
13067
14082
15080
16064
17026
17971
18893
19792
20669
21523
22350
23152
23924
24671
25389
26076
26733
27356
27951
28512
29038
29532
29989
30412
30801
31151
31467
31744
31985
32188
32354
32482
32570
32623
32635
32609
32547
32443
32305
32127
31910
31660
31368
31042
30679
30279
29846
29375
28871
28333
27762
27160
26523
25856
25160
24433
23679
22896
22084
21250
20389
19506
18599
17666
16719
15749
14762
13757
12733
11698
10648
9586
8509
7426
6336
5235
4129
3017
1902
786
-329
-1446
-2563
-3676
-4784
-5885
-6981
-8071
-9148
-10215
-11269
-12311
-13342
-14352
-15347
-16324
-17282
-18222
-19137
-20031
-20901
-21746
-22569
-23362
-24130
-24866
-25577
-26258
-26904
-27522
-28105
-28658
-29177
-29659
-30108
-30522
-30900
-31243
-31546
-31816
-32045
-32238
-32396
-32511
-32592
-32632
-32635
-32602
-32525
-32414
-32264
-32076
-31853
-31588
-31289
-30953
-30579
-30172
-29727
-29248
-28735
-28187
-27608
-26997
-26353
-25677
-24971
-24239
-23475
-22686
-21869
-21026
-20159
-19269
-18357
-17420
-16465
-15491
-14499
-13490
-12462
-11423
-10369
-9304
-8228
-7140
-6046
-4945
-3837
-2726
-1609
-493
624
1740
2857
3969
5075
6175
7268
8355
9431
10493
11545
12583
13609
14616
15606
16578
17531
18464
19375
20261
21126
21965
22779
23566
24325
25054
25757
26429
27069
27676
28252
28798
29305
29780
30219
30622
30993
31323
31619
31877
32097
32283
32426
32533
32604
32633
32628
32580
32496
32376
32214
32018
31781
31509
31200
30854
30471
30053
29599
29112
28590
28035
27445
26825
26175
25489
24776
24035
23265
22469
21643
20795
19921
19025
18107
17164
16205
15226
14229
13217
12184
11141
10084
9016
7938
6847
5751
4647
3540
2427
1308
192
-924
-2040
-3154
-4266
-5371
-6470
-7560
-8646
-9717
-10778
-11826
-12859
-13882
-14884
-15869
-16837
-17783
-18712
-19616
-20497
-21356
-22185
-22995
-23773
-24524
-25248
-25941
-26606
-27237
-27835
-28404
-28936
-29438
-29903
-30332
-30729
-31086
-31408
-31694
-31941
-32154
-32326
-32461
-32559
-32617
-32640
-32621
-32565
-32471
-32338
-32170
-31960
-31715
-31434
-31113
-30760
-30365
-29939
-29478
-28979
-28450
-27883
-27286
-26659
-25998
-25307
-24585
-23835
-23060
-22254
-21423
-20568
-19687
-18788
-17861
-16914
-15949
-14965
-13965
-12946
-11911
-10864
-9804
-8733
-7651
-6559
-5461
-4356
-3247
-2133
-1015
101
1218
2333
3446
4558
5661
6758
7847
8925
9997
11055
12099
13130
14147
15145
16126
17086
18029
18952
19850
20725
21575
22401
23202
23973
24719
25432
26117
26774
27396
27989
28545
29070
29562
30017
30439
30823
31172
31486
31760
32000
32199
32363
32488
32575
32625
32634
32607
32541
32436
32295
32115
31895
31642
31349
31021
30655
30253
29818
29344
28839
28299
27724
27121
26482
25814
25115
24385
23630
22845
22034
21197
20333
19448
18539
17609
16659
15685
14698
13692
12670
11631
10579
9517
8442
7360
6265
5164
4059
2948
1833
715
-401
-1519
-2632
-3745
-4855
-5956
-7051
-8138
-9214
-10283
-11337
-12378
-13405
-14414
-15411
-16386
-17342
-18279
-19195
-20089
-20956
-21801
-22619
-23413
-24179
-24913
-25621
-26297
-26945
-27560
-28141
-28691
-29207
-29689
-30137
-30547
-30922
-31262
-31565
-31832
-32059
-32249
-32403
-32517
-32596
-32633
-32634
-32598
-32519
-32406
-32253
-32063
-31837
-31570
-31269
-30929
-30555
-30144
-29697
-29217
-28702
-28152
-27570
-26956
-26310
-25634
-24927
-24192
-23426
-22635
-21817
-20973
-20104
-19211
-18297
-17361
-16405
-15428
-14434
-13425
-12398
-11358
-10301
-9235
-8159
-7073
-5975
-4873
-3767
-2654
-1540
-420
696
1812
2926
4037
5145
6246
7338
8421
9496
10561
11613
12649
13672
14678
15669
16640
17591
18521
19430
20318
21180
22018
22829
23615
24373
25101
25801
26469
27110
27714
28288
28829
29334
29810
30246
30647
31014
31343
31637
31891
32111
32292
32433
32540
32606
32634
32626
32576
32490
32366
32203
32004
31765
31491
31178
30830
30447
30025
29570
29079
28556
28000
27406
26784
26131
25446
24733
23986
23215
22417
21592
20742
19865
18967
18047
17105
16145
15161
14164
13150
12119
11076
10015
8946
7868
6779
5683
4577
3468
2355
1240
120
-996
-2111
-3225
-4335
-5442
-6540
-7631
-8712
-9783
-10846
-11893
-12926
-13945
-14945
-15933
-16898
-17843
-18770
-19670
-20553
-21410
-22238
-23044
-23820
-24572
-25293
-25985
-26646
-27275
-27873
-28439
-28969
-29468
-29931
-30358
-30753
-31107
-31428
-31711
-31956
-32166
-32335
-32469
-32564
-32620
-32640
-32618
-32560
-32463
-32329
-32158
-31946
-31699
-31414
-31092
-30737
-30341
-29911
-29446
-28946
-28415
-27846
-27249
-26617
-25954
-25262
-24539
-23786
-23008
-22201
-21372
-20514
-19631
-18728
-17801
-16855
-15888
-14900
-13899
-12880
-11847
-10798
-9735
-8664
-7582
-6491
-5392
-4285
-3175
-2061
-946
170
1290
2405
3518
4626
5732
6828
7916
8994
10063
11123
12166
13197
14209
15206
16189
17148
18089
19008
19904
20781
21629
22453
23250
24020
24764
25477
26161
26812
27433
28025
28579
29102
29590
30045
30465
30847
31194
31503
31777
32014
32211
32373
32494
32579
32628
32633
32604
32535
32428
32285
32101
31881
31624
31329
30999
30630
30227
29789
29313
28807
28263
27688
27081
26440
25770
25069
24339
23582
22793
21981
21143
20279
19390
18480
17549
16597
15625
14633
13626
12603
11566
10514
9448
8374
7289
6197
5097
3987
2876
1762
646
-471
-1590
-2704
-3816
-4923
-6024
-7122
-8207
-9283
-10348
-11402
-12445
-13470
-14479
-15472
-16449
-17404
-18338
-19251
-20143
-21011
-21855
-22671
-23460
-24225
-24959
-25666
-26340
-26984
-27597
-28177
-28726
-29239
-29717
-30164
-30572
-30946
-31283
-31582
-31848
-32072
-32261
-32411
-32523
-32601
-32634
-32633
-32593
-32513
-32398
-32241
-32049
-31821
-31552
-31248
-30906
-30529
-30117
-29668
-29185
-28667
-28116
-27534
-26917
-26268
-25589
-24880
-24145
-23378
-22583
-21763
-20917
-20049
-19155
-18237
-17301
-16343
-15367
-14369
-13359
-12331
-11290
-10236
-9166
-8089
-7002
-5907
-4806
-3695
-2582
-1468
-351
765
1884
2998
4108
5214
6314
7407
8491
9565
10627
11678
12716
13737
14742
15729
16700
17651
18581
19488
20372
21236
22071
22881
23664
24418
25148
25845
26512
27148
27751
28324
28862
29366
29838
30271
30672
31036
31363
31654
31906
32124
32302
32441
32546
32609
32635
32623
32572
32484
32357
32191
31989
31749
31473
31157
30807
30420
29997
29541
29047
28521
27962
27368
26746
26087
25400
24685
23939
23167
22364
21538
20686
19810
18911
17987
17045
16083
15100
14102
13084
12052
11008
9949
8881
7798
6708
5611
4508
3396
2284
1168
51
-1064
-2183
-3297
-4405
-5510
-6608
-7700
-8781
-9852
-10911
-11957
-12992
-14010
-15009
-15993
-16957
-17903
-18829
-19727
-20607
-21461
-22291
-23096
-23870
-24618
-25339
-26027
-26688
-27313
-27909
-28474
-29002
-29500
-29958
-30384
-30776
-31128
-31448
-31727
-31970
-32178
-32345
-32477
-32568
-32622
-32639
-32616
-32556
-32456
-32319
-32145
-31931
-31683
-31394
-31071
-30712
-30314
-29883
-29415
-28913
-28379
-27809
-27210
-26576
-25910
-25217
-24491
-23739
-22959
-22150
-21318
-20457
-19576
-18671
-17741
-16795
-15825
-14839
-13837
-12813
-11780
-10730
-9670
-8597
-7511
-6421
-5322
-4217
-3107
-1990
-874
242
1359
2477
3589
4697
5800
6895
7986
9064
10132
11188
12230
13262
14274
15270
16248
17207
18149
19066
19961
20833
21680
22506
23300
24069
24809
25519
26205
26853
27473
28059
28612
29136
29620
30073
30489
30869
31215
31522
31793
32027
32222
32383
32501
32583
32628
32633
32602
32529
32420
32275
32088
31867
31607
31309
30977
30604
30200
29759
29282
28774
28227
27650
27041
26399
25728
25022
24292
23531
22743
21929
21088
20222
19335
18423
17488
16535
15562
14571
13563
12537
11498
10447
9383
8307
7219
6125
5025
3919
2807
1690
573
-542
-1659
-2773
-3887
-4994
-6096
-7188
-8277
-9353
-10417
-11470
-12508
-13535
-14543
-15535
-16508
-17462
-18397
-19310
-20198
-21064
-21906
-22721
-23510
-24272
-25003
-25709
-26382
-27025
-27635
-28212
-28759
-29270
-29748
-30190
-30596
-30968
-31303
-31601
-31863
-32085
-32272
-32419
-32529
-32604
-32635
-32632
-32589
-32506
-32389
-32230
-32036
-31804
-31534
-31229
-30883
-30504
-30090
-29638
-29154
-28633
-28079
-27494
-26876
-26229
-25546
-24834
-24096
-23327
-22533
-21711
-20863
-19991
-19097
-18180
-17239
-16281
-15303
-14307
-13296
-12264
-11222
-10168
-9100
-8023
-6931
-5837
-4734
-3626
-2514
-1396
-279
836
1953
3066
4179
5285
6384
7475
8558
9634
10695
11745
12778
13802
14805
15793
16762
17709
18639
19546
20427
21289
22121
22932
23714
24466
25192
25886
26553
27188
27788
28359
28894
29397
29866
30298
30697
31057
31382
31672
31921
32136
32311
32449
32551
32611
32636
32621
32567
32477
32347
32180
31974
31732
31455
31136
30785
30394
29969
29511
29015
28487
27924
27329
26705
26045
25357
24638
23890
23117
22314
21486
20631
19752
18854
17929
16986
16020
15037
14037
13020
11985
10941
9881
8811
7731
6638
5541
4437
3328
2215
1096
-19
-1137
-2252
-3365
-4477
-5581
-6678
-7767
-8847
-9920
-10979
-12023
-13055
-14071
-15072
-16056
-17018
-17961
-18884
-19785
-20662
-21515
-22342
-23146
-23919
-24666
-25382
-26069
-26729
-27352
-27947
-28507
-29034
-29530
-29987
-30411
-30799
-31149
-31467
-31744
-31985
-32189
-32355
-32484
-32572
-32625
-32638
-32613
-32551
-32448
-32309
-32132
-31916
-31666
-31374
-31049
-30687
-30287
-29854
-29384
-28881
-28344
-27772
-27170
-26534
-25868
-25173
-24444
-23691
-22908
-22099
-21265
-20401
-19518
-18612
-17683
-16735
-15763
-14776
-13771
-12750
-11716
-10663
-9601
-8527
-7444
-6351
-5251
-4145
-3035
-1921
-801
314
1431
2546
3657
4769
5870
6965
8053
9130
10200
11255
12296
13324
14335
15333
16311
17268
18206
19122
20019
20889
21734
22555
23348
24118
24855
25564
26246
26894
27512
28095
28647
29167
29650
30100
30514
30892
31236
31540
31810
32040
32233
32391
32507
32588
32629
32632
32599
32523
32412
32263
32075
31853
31588
31289
30954
30581
30175
29729
29251
28740
28192
27612
27001
26357
25684
24979
24244
23481
22693
21878
21035
20166
19276
18363
17430
16475
15499
14507
13499
12474
11434
10378
9313
8237
7152
6059
4954
3847
2736
1621
502
-614
-1731
-2844
-3956
-5066
-6166
-7259
-8343
-9419
-10484
-11536
-12574
-13598
-14605
-15598
-16571
-17523
-18454
-19366
-20255
-21119
-21959
-22771
-23558
-24320
-25049
-25753
-26423
-27063
-27673
-28249
-28794
-29301
-29778
-30217
-30621
-30991
-31322
-31619
-31877
-32098
-32283
-32427
-32535
-32606
-32636
-32631
-32584
-32500
-32381
-32219
-32023
-31788
-31515
-31207
-30860
-30480
-30062
-29608
-29121
-28599
-28046
-27457
-26835
-26185
-25501
-24789
-24046
-23277
-22481
-21658
-20810
-19934
-19039
-18120
-17180
-16222
-15240
-14243
-13231
-12201
-11158
-10099
-9031
-7953
-6865
-5769
-4663
-3555
-2442
-1327
-211
908
2025
3138
4248
5353
6455
7545
8628
9699
10763
11812
12845
13865
14867
15855
16824
17769
18697
19601
20484
21343
22174
22981
23760
24513
25238
25930
26593
27225
27825
28395
28927
29428
29893
30325
30722
31079
31401
31688
31936
32149
32321
32456
32555
32614
32637
32618
32563
32470
32337
32169
31960
31716
31434
31114
30761
30368
29942
29480
28982
28453
27888
27291
26663
26002
25312
24592
23843
23066
22261
21432
20577
19695
18795
17868
16924
15960
14973
13973
12955
11922
10876
9813
8742
7660
6571
5473
4365
3257
2143
1027
-88
-1209
-2323
-3437
-4546
-5648
-6748
-7838
-8917
-9985
-11044
-12090
-13122
-14136
-15134
-16118
-17080
-18021
-18942
-19840
-20719
-21569
-22395
-23194
-23966
-24713
-25427
-26113
-26768
-27390
-27985
-28542
-29067
-29559
-30014
-30437
-30822
-31171
-31485
-31760
-32000
-32200
-32364
-32490
-32577
-32628
-32638
-32610
-32546
-32440
-32300
-32120
-31902
-31649
-31355
-31028
-30662
-30261
-29827
-29352
-28848
-28308
-27735
-27132
-26492
-25825
-25126
-24399
-23644
-22856
-22046
-21210
-20348
-19463
-18553
-17622
-16673
-15702
-14712
-13706
-12684
-11648
-10597
-9532
-8458
-7375
-6283
-5182
-4074
-2963
-1849
-733
383
1503
2617
3729
4837
5938
7036
8123
9199
10265
11319
12363
13390
14400
15395
16370
17330
18265
19180
20074
20943
21788
22607
23399
24165
24902
25610
26287
26933
27549
28132
28682
29198
29679
30128
30540
30915
31256
31558
31826
32053
32244
32399
32513
32592
32630
32631
32595
32517
32405
32252
32062
31837
31571
31269
30930
30556
30148
29700
29219
28705
28155
27576
26962
26315
25639
24932
24199
23434
22641
21823
20979
20113
19220
18304
17369
16413
15439
14445
13433
12407
11367
10313
9247
8167
7082
5987
4886
3776
2664
1549
433
-683
-1802
-2916
-4028
-5133
-6234
-7329
-8413
-9487
-10550
-11601
-12641
-13663
-14670
-15658
-16629
-17584
-18514
-19423
-20309
-21171
-22012
-22823
-23609
-24365
-25096
-25796
-26465
-27104
-27709
-28285
-28826
-29331
-29806
-30243
-30646
-31013
-31342
-31636
-31891
-32111
-32293
-32435
-32541
-32609
-32637
-32629
-32580
-32494
-32371
-32208
-32010
-31771
-31498
-31186
-30838
-30455
-30034
-29580
-29088
-28564
-28009
-27417
-26796
-26141
-25456
-24743
-23999
-23229
-22429
-21604
-20755
-19880
-18983
-18061
-17119
-16159
-15178
-14181
-13165
-12134
-11091
-10033
-8964
-7884
-6794
-5698
-4594
-3487
-2370
-1256
-139
978
2096
3210
4319
5423
6522
7615
8696
9768
10828
11876
12911
13931
14931
15916
16882
17830
18756
19657
20538
21395
22226
23033
23809
24559
25281
25974
26636
27265
27862
28428
28960
29459
29922
30349
30746
31101
31421
31704
31950
32161
32331
32464
32560
32616
32637
32616
32558
32462
32328
32157
31945
31699
31415
31094
30738
30342
29913
29450
28950
28418
27850
27253
26623
25961
25267
24544
23794
23017
22208
21379
20521
19640
18738
17809
16863
15896
14911
13911
12888
11855
10807
9747
8675
7591
6501
5402
4298
3188
2071
956
-161
-1277
-2392
-3508
-4616
-5720
-6816
-7907
-8985
-10054
-11111
-12154
-13188
-14201
-15198
-16178
-17138
-18082
-19000
-19896
-20771
-21620
-22447
-23244
-24014
-24757
-25470
-26157
-26808
-27429
-28020
-28574
-29100
-29588
-30043
-30462
-30845
-31193
-31503
-31776
-32014
-32212
-32374
-32496
-32581
-32630
-32637
-32608
-32539
-32432
-32290
-32107
-31887
-31630
-31336
-31007
-30637
-30235
-29797
-29323
-28816
-28272
-27697
-27092
-26452
-25783
-25080
-24351
-23593
-22807
-21995
-21155
-20291
-19405
-18496
-17563
-16610
-15639
-14650
-13643
-12618
-11581
-10529
-9466
-8392
-7304
-6212
-5111
-4006
-2894
-1778
-661
455
1571
2686
3801
4907
6009
7103
8189
9268
10334
11387
12427
13453
14465
15458
16432
17387
18325
19238
20130
20996
21840
22659
23449
24214
24946
25653
26329
26974
27587
28167
28715
29230
29709
30156
30564
30938
31276
31576
31842
32066
32255
32407
32519
32597
32631
32630
32591
32511
32397
32241
32049
31821
31552
31250
30908
30531
30119
29670
29189
28671
28119
27538
26921
26274
25596
24886
24150
23383
22591
21772
20924
20056
19162
18247
17311
16351
15375
14380
13370
12340
11299
10244
9179
8102
7011
5916
4815
3707
2595
1478
361
-755
-1871
-2985
-4098
-5204
-6305
-7395
-8479
-9556
-10618
-11669
-12704
-13726
-14734
-15721
-16692
-17641
-18571
-19481
-20365
-21227
-22062
-22874
-23659
-24413
-25140
-25838
-26507
-27145
-27747
-28319
-28858
-29363
-29836
-30270
-30670
-31034
-31362
-31654
-31906
-32124
-32303
-32443
-32547
-32611
-32638
-32627
-32575
-32488
-32361
-32197
-31996
-31754
-31479
-31164
-30815
-30428
-30005
-29550
-29057
-28531
-27972
-27378
-26756
-26100
-25413
-24697
-23951
-23179
-22379
-21552
-20699
-19822
-18924
-18003
-17061
-16097
-15114
-14116
-13101
-12070
-11023
-9964
-8896
-7816
-6724
-5627
-4524
-3415
-2301
-1184
-66
1049
2165
3279
4390
5495
6593
7682
8763
9837
10896
11943
12975
13993
14995
15979
16943
17887
18813
19715
20594
21448
22277
23082
23858
24607
25326
26015
26678
27303
27900
28463
28992
29491
29950
30376
30768
31120
31441
31721
31965
32172
32340
32472
32564
32619
32636
32613
32554
32454
32318
32145
31931
31682
31395
31072
30714
30317
29885
29418
28917
28384
27812
27213
26580
25917
25224
24496
23745
22965
22158
21327
20464
19583
18678
17751
16805
15833
14847
13845
12825
11791
10739
9679
8606
7524
6433
5331
4226
3116
2003
886
-233
-1349
-2464
-3576
-4688
-5791
-6885
-7974
-9052
-10123
-11179
-12221
-13251
-14263
-15262
-16241
-17199
-18139
-19056
-19954
-20827
-21675
-22497
-23292
-24063
-24804
-25514
-26198
-26847
-27469
-28056
-28609
-29131
-29618
-30071
-30488
-30867
-31214
-31522
-31793
-32028
-32223
-32384
-32502
-32586
-32631
-32636
-32605
-32533
-32424
-32280
-32094
-31873
-31613
-31316
-30984
-30613
-30209
-29767
-29291
-28783
-28238
-27661
-27051
-26410
-25740
-25035
-24303
-23543
-22755
-21943
-21103
-20235
-19348
-18436
-17505
-16552
-15576
-14585
-13578
-12554
-11516
-10460
-9398
-8322
-7237
-6144
-5041
-3934
-2822
-1709
-592
526
1643
2758
3869
4976
6080
7173
8258
9335
10402
11455
12494
13518
14527
15521
16494
17449
18381
19294
20185
21051
21894
22707
23496
24260
24992
25698
26370
27013
27625
28203
28750
29260
29738
30183
30589
30961
31295
31594
31857
32079
32267
32415
32525
32600
32632
32629
32587
32505
32388
32229
32036
31805
31534
31230
30884
30507
30092
29640
29157
28636
28084
27500
26880
26233
25551
24841
24103
23333
22540
21718
20872
19999
19104
18188
17249
16292
15311
14315
13304
12276
11234
10177
9109
8032
6944
5849
4744
3636
2524
1409
292
-827
-1943
-3057
-4167
-5272
-6375
-7466
-8549
-9622
-10683
-11736
-12770
-13791
-14794
-15785
-16754
-17701
-18629
-19536
-20420
-21282
-22115
-22924
-23706
-24461
-25187
-25882
-26547
-27182
-27785
-28355
-28891
-29393
-29863
-30296
-30695
-31056
-31380
-31671
-31921
-32136
-32312
-32450
-32553
-32614
-32639
-32624
-32571
-32482
-32352
-32185
-31981
-31739
-31461
-31142
-30792
-30402
-29978
-29520
-29024
-28496
-27936
-27340
-26715
-26056
-25368
-24651
-23904
-23129
-22326
-21498
-20646
-19767
-18867
-17942
-17000
-16037
-15053
-14051
-13035
-12003
-10959
-9896
-8826
-7746
-6656
-5560
-4452
-3343
-2230
-1115
1
1121
2237
3349
4458
5563
6662
7752
8832
9902
10962
12009
13041
14057
15055
16040
17005
17947
18870
19770
20651
21502
22330
23132
23905
24654
25371
26059
26717
27341
27937
28498
29025
29521
29978
30403
30792
31142
31460
31737
31980
32184
32350
32480
32568
32622
32636
32611
32549
32447
32308
32132
31916
31666
31375
31050
30689
30290
29858
29386
28884
28347
27777
27176
26538
25873
25178
24452
23699
22914
22105
21272
20410
19528
18619
17690
16743
15774
14787
13779
12758
11725
10674
9613
8537
7453
6363
5263
4154
3045
1931
814
-301
-1421
-2536
-3648
-4756
-5859
-6956
-8044
-9121
-10189
-11243
-12288
-13316
-14327
-15322
-16300
-17260
-18198
-19115
-20009
-20880
-21728
-22549
-23342
-24111
-24848
-25560
-26241
-26888
-27506
-28092
-28644
-29164
-29647
-30097
-30513
-30891
-31235
-31539
-31809
-32041
-32234
-32392
-32508
-32590
-32632
-32635
-32603
-32527
-32417
-32268
-32081
-31859
-31595
-31297
-30961
-30589
-30182
-29738
-29259
-28749
-28201
-27623
-27013
-26367
-25695
-24990
-24257
-23495
-22703
-21890
-21047
-20181
-19292
-18376
-17444
-16489
-15516
-14524
-13513
-12489
-11449
-10396
-9332
-8252
-7167
-6074
-4972
-3865
-2751
-1637
-520
595
1715
2829
3940
5047
6147
7243
8328
9404
10466
11519
12560
13583
14591
15581
16554
17510
18441
19352
20239
21104
21946
22759
23547
24306
25036
25743
26412
27053
27662
28238
28785
29292
29768
30208
30613
30984
31316
31612
31872
32093
32278
32422
32531
32603
32633
32628
32582
32499
32380
32218
32023
31788
31516
31209
30861
30481
30064
29611
29125
28602
28049
27461
26841
26192
25506
24794
24054
23285
22487
21665
20817
19944
19048
18128
17188
16229
15251
14254
13240
12210
11167
10111
9043
7962
6874
5778
4675
3568
2452
1337
220
-896
-2012
-3128
-4238
-5344
-6442
-7536
-8618
-9690
-10751
-11800
-12836
-13857
-14859
-15844
-16814
-17762
-18689
-19593
-20474
-21335
-22168
-22975
-23754
-24506
-25231
-25926
-26589
-27222
-27820
-28390
-28924
-29425
-29892
-30322
-30719
-31078
-31401
-31688
-31935
-32150
-32322
-32458
-32557
-32616
-32640
-32622
-32567
-32474
-32342
-32174
-31966
-31722
-31442
-31122
-30768
-30376
-29950
-29490
-28992
-28462
-27898
-27301
-26675
-26014
-25323
-24603
-23855
-23080
-22275
-21444
-20590
-19710
-18811
-17882
-16938
-15974
-14990
-13990
-12969
-11937
-10890
-9831
-8760
-7676
-6586
-5488
-4384
-3275
-2158
-1042
73
1190
2305
3421
4530
5633
6730
7819
8902
9970
11029
12073
13104
14122
15120
16102
17063
18008
18929
19827
20704
21554
22383
23183
23954
24700
25414
26102
26758
27380
27974
28531
29059
29551
30006
30429
30814
31164
31479
31754
31994
32195
32360
32486
32573
32624
32635
32608
32544
32439
32299
32119
31901
31649
31357
31029
30664
30263
29830
29356
28852
28311
27739
27137
26499
25831
25131
24404
23649
22865
22055
21216
20355
19471
18563
17632
16681
15710
14723
13717
12693
11657
10606
9544
8470
7384
6292
5192
4086
2976
1859
743
-373
-1490
-2604
-3720
-4828
-5929
-7024
-8111
-9190
-10256
-11311
-12352
-13379
-14392
-15386
-16362
-17319
-18255
-19172
-20066
-20934
-21779
-22601
-23393
-24160
-24895
-25603
-26283
-26929
-27545
-28127
-28677
-29196
-29677
-30126
-30537
-30913
-31255
-31558
-31826
-32054
-32245
-32401
-32515
-32594
-32633
-32634
-32599
-32521
-32409
-32257
-32068
-31843
-31577
-31276
-30938
-30563
-30155
-29708
-29229
-28715
-28165
-27585
-26972
-26327
-25652
-24943
-24210
-23445
-22655
-21838
-20992
-20126
-19233
-18320
-17385
-16427
-15453
-14459
-13450
-12424
-11381
-10328
-9262
-8185
-7100
-6003
-4901
-3795
-2682
-1565
-449
668
1784
2898
4012
5117
6218
7311
8395
9473
10535
11586
12623
13646
14656
15644
16616
17567
18498
19410
20296
21160
21997
22809
23597
24354
25083
25784
26455
27094
27699
28274
28816
29324
29798
30235
30637
31006
31336
31630
31886
32105
32288
32430
32537
32605
32634
32627
32578
32492
32370
32207
32010
31771
31498
31187
30840
30457
30036
29581
29092
28568
28012
27421
26800
26148
25463
24748
24005
23234
22438
21613
20761
19887
18990
18071
17129
16167
15186
14189
13176
12146
11100
10042
8973
7896
6807
5707
4604
3496
2383
1269
148
-968
-2083
-3197
-4310
-5414
-6513
-7603
-8684
-9759
-10819
-11867
-12900
-13919
-14923
-15908
-16874
-17820
-18746
-19650
-20531
-21389
-22218
-23024
-23803
-24553
-25276
-25967
-26629
-27261
-27858
-28425
-28956
-29455
-29920
-30348
-30744
-31099
-31421
-31704
-31950
-32162
-32332
-32466
-32562
-32619
-32640
-32619
-32562
-32466
-32332
-32163
-31952
-31705
-31422
-31101
-30746
-30350
-29921
-29458
-28959
-28428
-27861
-27263
-26633
-25971
-25280
-24555
-23805
-23029
-22222
-21393
-20533
-19652
-18751
-17825
-16879
-15910
-14926
-13925
-12906
-11873
-10822
-9762
-8690
-7609
-6519
-5417
-4313
-3204
-2089
-974
145
1262
2377
3490
4598
5704
6800
7890
8967
10039
11097
12140
13171
14184
15184
16164
17124
18066
18985
19885
20759
21608
22433
23230
24003
24746
25459
26144
26796
27420
28011
28565
29089
29579
30035
30455
30838
31185
31496
31770
32009
32206
32369
32492
32577
32627
32634
32605
32537
32431
32289
32107
31887
31630
31337
31008
30639
30237
29800
29325
28819
28277
27703
27096
26456
25787
25087
24358
23599
22813
22002
21165
20301
19413
18503
17573
16621
15647
14658
13652
12629
11592
10538
9475
8401
7317
6224
5120
4015
2904
1790
674
-445
-1562
-2676
-3788
-4895
-6000
-7094
-8179
-9256
-10322
-11378
-12419
-13445
-14454
-15450
-16424
-17380
-18315
-19228
-20123
-20989
-21833
-22650
-23441
-24208
-24941
-25648
-26323
-26968
-27584
-28163
-28712
-29226
-29706
-30154
-30562
-30936
-31275
-31575
-31842
-32067
-32256
-32408
-32521
-32599
-32634
-32633
-32595
-32515
-32401
-32246
-32055
-31827
-31558
-31256
-30915
-30539
-30128
-29678
-29197
-28680
-28130
-27548
-26931
-26285
-25607
-24899
-24164
-23395
-22603
-21784
-20939
-20071
-19175
-18261
-17325
-16367
-15392
-14394
-13385
-12357
-11317
-10259
-9193
-8117
-7030
-5935
-4831
-3723
-2610
-1497
-380
740
1855
2970
4080
5186
6289
7381
8464
9538
10600
11654
12690
13712
14717
15705
16678
17627
18557
19466
20350
21214
22050
22860
23645
24402
25129
25827
26495
27133
27737
28309
28849
29353
29827
30262
30663
31027
31355
31647
31901
32119
32298
32438
32543
32608
32635
32624
32573
32487
32360
32196
31995
31755
31479
31165
30816
30431
30009
29552
29060
28534
27977
27384
26760
26104
25418
24704
23959
23185
22385
21559
20708
19832
18931
18010
17069
16107
15125
14125
13110
12079
11035
9976
8905
7826
6736
5639
4533
3424
2311
1196
79
-1039
-2155
-3269
-4377
-5482
-6583
-7673
-8754
-9825
-10885
-11934
-12966
-13985
-14984
-15968
-16935
-17879
-18806
-19705
-20585
-21442
-22271
-23076
-23850
-24599
-25321
-26010
-26672
-27298
-27896
-28460
-28989
-29487
-29947
-30375
-30767
-31120
-31440
-31720
-31965
-32173
-32341
-32474
-32566
-32622
-32640
-32617
-32558
-32459
-32323
-32150
-31937
-31689
-31402
-31079
-30722
-30324
-29894
-29428
-28926
-28393
-27823
-27225
-26591
-25927
-25235
-24510
-23758
-22977
-22170
-21339
-20479
-19598
-18692
-17764
-16819
-15850
-14864
-13859
-12839
-11806
-10757
-9696
-8622
-7539
-6448
-5350
-4245
-3132
-2018
-902
214
1334
2449
3562
4669
5772
6871
7959
9037
10105
11161
12207
13237
14249
15245
16224
17185
18125
19043
19939
20812
21662
22485
23280
24050
24790
25504
26188
26837
27457
28046
28600
29123
29608
30062
30480
30860
31207
31515
31786
32022
32218
32379
32498
32582
32628
32633
32603
32532
32423
32279
32093
31873
31614
31317
30985
30614
30211
29771
29295
28786
28241
27665
27057
26416
25745
25040
24310
23551
22761
21949
21109
20244
19358
18443
17512
16560
15586
14596
13586
12563
11525
10472
9410
8331
7246
6153
5053
3947
2832
1719
602
-514
-1631
-2748
-3859
-4966
-6068
-7161
-8249
-9326
-10390
-11443
-12486
-13510
-14519
-15510
-16484
-17441
-18374
-19287
-20176
-21042
-21888
-22701
-23490
-24253
-24986
-25693
-26366
-27009
-27620
-28198
-28747
-29258
-29736
-30180
-30586
-30960
-31295
-31594
-31857
-32080
-32268
-32416
-32527
-32603
-32635
-32632
-32590
-32509
-32393
-32234
-32041
-31810
-31541
-31237
-30892
-30514
-30100
-29649
-29167
-28646
-28094
-27510
-26892
-26245
-25562
-24852
-24115
-23347
-22554
-21730
-20885
-20014
-19120
-18201
-17263
-16306
-15328
-14332
-13319
-12290
-11249
-10195
-9127
-8047
-6959
-5865
-4762
-3654
-2539
-1424
-307
808
1924
3042
4151
5257
6357
7447
8534
9607
10669
11719
12752
13776
14781
15768
16738
17688
18616
19523
20405
21267
22103
22912
23694
24448
25174
25871
26536
27172
27774
28344
28882
29385
29855
30288
30687
31049
31374
31665
31915
32130
32308
32446
32549
32610
32636
32622
32569
32480
32351
32184
31980
31738
31462
31144
30793
30404
29980
29523
29028
28500
27939
27344
26721
26062
25373
24656
23910
23137
22334
21505
20653
19775
18875
17952
17007
16045
15061
14062
13043
12012
10967
9908
8838
7755
6665
5569
4465
3356
2240
1124
7
-1108
-2224
-3340
-4449
-5554
-6650
-7740
-8823
-9893
-10953
-11997
-13029
-14049
-15047
-16032
-16994
-17937
-18864
-19762
-20641
-21494
-22323
-23127
-23900
-24647
-25364
-26054
-26713
-27337
-27932
-28493
-29023
-29518
-29976
-30400
-30790
-31141
-31460
-31737
-31979
-32184
-32351
-32481
-32571
-32624
-32639
-32614
-32553
-32451
-32313
-32138
-31922
-31672
-31382
-31058
-30696
-30298
-29866
-29396
-28894
-28357
-27786
-27186
-26550
-25886
-25189
-24463
-23710
-22928
-22120
-21284
-20423
-19541
-18635
-17706
-16757
-15788
-14800
-13797
-12776
-11739
-10689
-9628
-8555
-7472
-6378
-5279
-4173
-3063
-1946
-830
285
1403
2518
3632
4741
5843
6938
8026
9106
10174
11228
12270
13299
14313
15308
16286
17244
18182
19102
19996
20867
21713
22535
23331
24099
24837
25547
26231
26878
27497
28081
28633
29156
29639
30090
30504
30882
31229
31533
31803
32035
32228
32388
32504
32586
32629
32632
32600
32525
32415
32268
32081
31858
31595
31297
30963
30591
30184
29741
29263
28753
28204
27627
27017
26374
25702
24994
24263
23501
22712
21899
21054
20188
19299
18386
17454
16497
15524
14532
13523
12499
11458
10405
9341
8264
7179
6083
4982
3875
2764
1650
529
-586
-1703
-2816
-3931
-5038
-6138
-7231
-8316
-9395
-10457
-11510
-12548
-13572
-14582
-15573
-16546
-17499
-18431
-19345
-20233
-21098
-21938
-22751
-23541
-24301
-25031
-25736
-26406
-27049
-27658
-28234
-28780
-29288
-29766
-30207
-30611
-30982
-31315
-31612
-31872
-32093
-32279
-32424
-32533
-32605
-32636
-32631
-32586
-32503
-32384
-32223
-32029
-31794
-31522
-31216
-30869
-30490
-30072
-29619
-29134
-28612
-28059
-27470
-26851
-26202
-25518
-24808
-24066
-23296
-22502
-21678
-20829
-19956
-19062
-18144
-17204
-16243
-15265
-14269
-13257
-12227
-11182
-10126
-9058
-7980
-6892
-5794
-4691
-3582
-2470
-1355
-236
880
1996
3110
4220
5328
6427
7518
8600
9676
10736
11785
12819
13839
14844
15830
16800
17745
18673
19581
20462
21322
22153
22961
23743
24494
25220
25913
26577
27212
27811
28381
28914
29415
29884
30314
30712
31070
31393
31682
31930
32144
32317
32454
32554
32613
32636
32619
32564
32473
32341
32173
31966
31722
31442
31122
30770
30378
29952
29492
28995
28466
27903
27305
26680
26019
25330
24611
23860
23086
22281
21453
20599
19717
18818
17892
16949
15982
14998
13999
12981
11948
10899
9840
8769
7688
6599
5498
4393
3285
2171
1055
-63
-1181
-2295
-3409
-4518
-5624
-6721
-7810
-8890
-9958
-11020
-12064
-13096
-14111
-15109
-16094
-17056
-17998
-18919
-19820
-20697
-21548
-22374
-23175
-23949
-24695
-25409
-26096
-26752
-27376
-27970
-28528
-29054
-29547
-30004
-30427
-30813
-31162
-31478
-31754
-31994
-32196
-32361
-32488
-32575
-32627
-32638
-32611
-32548
-32443
-32304
-32125
-31907
-31655
-31363
-31036
-30672
-30272
-29837
-29364
-28861
-28322
-27750
-27146
-26509
-25842
-25144
-24417
-23661
-22877
-22067
-21231
-20370
-19483
-18576
-17646
-16697
-15727
-14737
-13732
-12710
-11675
-10621
-9559
-8485
-7401
-6311
-5207
-4101
-2992
-1877
-762
358
1475
2589
3701
4809
5913
7008
8095
9173
10238
11296
12337
13364
14375
15370
16348
17306
18242
19157
20051
20921
21767
22587
23379
24148
24883
25592
26271
26917
27536
28117
28668
29186
29667
30118
30530
30906
31248
31551
31820
32048
32240
32396
32510
32591
32630
32631
32597
32519
32407
32256
32067
31844
31578
31277
30940
30566
30158
29711
29231
28718
28170
27591
26976
26331
25657
24950
24218
23451
22661
21845
21001
20135
19241
18328
17393
16437
15463
14468
13459
12433
11393
10340
9271
8195
7110
6015
4911
3804
2692
1578
461
-658
-1775
-2888
-4000
-5105
-6209
-7301
-8386
-9460
-10523
-11578
-12615
-13638
-14644
-15633
-16608
-17560
-18490
-19400
-20287
-21153
-21991
-22802
-23589
-24347
-25078
-25779
-26448
-27088
-27696
-28271
-28814
-29320
-29795
-30233
-30636
-31005
-31334
-31629
-31886
-32106
-32289
-32432
-32539
-32608
-32637
-32630
-32582
-32497
-32375
-32212
-32015
-31778
-31505
-31194
-30847
-30465
-30045
-29591
-29101
-28577
-28023
-27433
-26810
-26159
-25474
-24761
-24019
-23246
-22449
-21625
-20776
-19901
-19003
-18084
-17143
-16184
-15203
-14204
-13191
-12160
-11117
-10060
-8988
-7910
-6822
-5726
-4622
-3512
-2398
-1283
-167
949
2067
3182
4291
5396
6498
7588
8670
9741
10801
11852
12885
13905
14906
15891
16860
17806
18733
19635
20516
21376
22205
23012
23790
24540
25265
25957
26619
27249
27847
28416
28947
29447
29911
30341
30737
31092
31413
31698
31945
32157
32327
32461
32558
32615
32637
32617
32560
32465
32331
32162
31951
31706
31423
31102
30747
30352
29924
29462
28962
28431
27865
27268
26639
25976
25284
24563
23813
23035
22228
21400
20543
19662
18759
17832
16887
15921
14936
13934
12914
11881
10834
9774
8699
7619
6528
5430
4326
3213
2099
984
-132
-1250
-2367
-3480
-4589
-5692
-6788
-7881
-8958
-10027
-11085
-12131
-13162
-14175
-15173
-16154
-17116
-18058
-18978
-19875
-20750
-21602
-22427
-23224
-23995
-24739
-25454
-26140
-26792
-27414
-28006
-28562
-29087
-29577
-30031
-30452
-30836
-31184
-31496
-31770
-32009
-32207
-32370
-32494
-32579
-32629
-32637
-32609
-32542
-32435
-32294
-32112
-31893
-31637
-31344
-31014
-30647
-30245
-29809
-29334
-28827
-28287
-27712
-27108
-26469
-25798
-25098
-24369
-23613
-22827
-22014
-21176
-20314
-19428
-18516
-17586
-16635
-15664
-14675
-13666
-12644
-11607
-10556
-9493
-8415
-7332
-6240
-5139
-4034
-2920
-1805
-689
427
1543
2661
3773
4880
5981
7076
8164
9241
10307
11361
12401
13430
14439
15433
16408
17366
18302
19215
20108
20974
21821
22639
23429
24195
24928
25637
26313
26958
27573
28152
28703
29218
29697
30145
30554
30929
31268
31569
31836
32061
32251
32404
32516
32595
32631
32630
32593
32513
32400
32245
32054
31827
31559
31258
30916
30541
30130
29682
29201
28683
28133
27552
26937
26291
25612
24904
24170
23403
22612
21791
20946
20079
19185
18271
17332
16375
15400
14406
13396
12366
11325
10271
9205
8126
7039
5944
4843
3735
2620
1506
389
-727
-1843
-2960
-4071
-5176
-6277
-7369
-8455
-9529
-10591
-11642
-12678
-13703
-14709
-15697
-16667
-17617
-18550
-19458
-20343
-21205
-22044
-22854
-23639
-24394
-25122
-25823
-26491
-27129
-27732
-28305
-28846
-29351
-29825
-30259
-30660
-31027
-31354
-31647
-31900
-32119
-32299
-32440
-32545
-32610
-32637
-32628
-32577
-32491
-32365
-32201
-32001
-31761
-31486
-31173
-30823
-30439
-30017
-29561
-29070
-28543
-27987
-27393
-26772
-26117
-25429
-24715
-23970
-23199
-22399
-21571
-20721
-19845
-18947
-18027
-17082
-16121
-15139
-14142
-13127
-12093
-11050
-9991
-8923
-7844
-6751
-5655
-4552
-3443
-2326
-1212
-95
1020
2136
3254
4362
5467
6565
7654
8739
9810
10870
11916
12949
13970
14970
15954
16919
17863
18793
19692
20572
21427
22256
23064
23839
24588
25308
25999
26661
27288
27885
28450
28981
29479
29939
30366
30759
31113
31434
31714
31959
32168
32337
32469
32562
32618
32637
32614
32556
32457
32322
32150
31936
31689
31403
31081
30724
30326
29896
29430
28930
28397
27827
27229
26597
25934
25240
24515
23764
22985
22179
21346
20486
19606
18702
17774
16827
15858
14872
13871
12851
11814
10766
9705
8634
7551
6458
5358
4254
3144
2031
912
-205
-1321
-2436
-3552
-4660
-5763
-6859
-7947
-9028
-10096
-11153
-12195
-13226
-14240
-15237
-16216
-17175
-18115
-19036
-19931
-20805
-21653
-22477
-23275
-24044
-24785
-25498
-26181
-26833
-27453
-28042
-28596
-29118
-29606
-30060
-30478
-30858
-31206
-31514
-31786
-32022
-32218
-32380
-32500
-32584
-32631
-32636
-32606
-32536
-32427
-32284
-32099
-31878
-31620
-31324
-30993
-30623
-30218
-29779
-29303
-28797
-28252
-27674
-27067
-26426
-25756
-25053
-24322
-23563
-22775
-21963
-21122
-20257
-19371
-18459
-17528
-16573
-15600
-14611
-13603
-12580
-11539
-10487
-9425
-8349
-7265
-6169
-5069
-3962
-2851
-1737
-617
499
1615
2730
3841
4951
6052
7145
8231
9310
10375
11428
12468
13493
14504
15496
16470
17425
18359
19274
20163
21030
21873
22688
23479
24242
24975
25680
26353
26999
27610
28189
28737
29248
29728
30172
30579
30952
31288
31587
31852
32074
32262
32412
32523
32599
32632
32629
32588
32507
32392
32234
32041
31810
31541
31238
30894
30516
30102
29652
29169
28650
28098
27514
26896
26249
25568
24859
24120
23353
22560
21739
20894
20021
19126
18211
17273
16314
15336
14341
13330
12302
11258
10203
9136
8059
6971
5873
4772
3664
2551
1437
317
-798
-1915
-3029
-4139
-5248
-6348
-7438
-8521
-9595
-10660
-11710
-12745
-13766
-14770
-15760
-16730
-17677
-18607
-19516
-20399
-21260
-22094
-22904
-23689
-24442
-25169
-25865
-26530
-27169
-27770
-28341
-28878
-29381
-29853
-30286
-30685
-31048
-31373
-31665
-31915
-32131
-32309
-32447
-32551
-32613
-32638
-32625
-32573
-32484
-32355
-32190
-31987
-31744
-31468
-31151
-30801
-30413
-29988
-29531
-29037
-28510
-27950
-27354
-26731
-26073
-25386
-24670
-23921
-23148
-22346
-21519
-20667
-19787
-18889
-17966
-17024
-16062
-15075
-14077
-13061
-12029
-10982
-9923
-8853
-7773
-6684
-5585
-4480
-3371
-2258
-1143
-22
1093
2208
3321
4430
5538
6635
7725
8805
9875
10938
11983
13014
14031
15031
16018
16981
17924
18848
19747
20628
21481
22309
23113
23888
24636
25353
26041
26701
27327
27923
28484
29012
29509
29968
30392
30783
31134
31453
31731
31974
32179
32346
32477
32567
32621
32636
32612
32551
32449
32312
32137
31922
31673
31383
31059
30699
30300
29867
29399
28897
28362
27792
27190
26555
25890
25196
24470
23715
22935
22126
21293
20432
19548
18642
17714
16768
15798
14808
13805
12784
11750
10701
9637
8564
7481
6390
5291
4182
3072
1959
842
-276
-1393
-2508
-3620
-4728
-5834
-6928
-8016
-9094
-10162
-11220
-12261
-13290
-14301
-15298
-16279
-17236
-18175
-19092
-19986
-20860
-21707
-22529
-23323
-24091
-24832
-25542
-26225
-26872
-27493
-28078
-28630
-29152
-29635
-30088
-30503
-30881
-31227
-31532
-31803
-32036
-32229
-32389
-32506
-32588
-32632
-32635
-32604
-32530
-32420
-32273
-32086
-31864
-31602
-31304
-30970
-30598
-30193
-29750
-29272
-28762
-28215
-27638
-27027
-26384
-25713
-25007
-24276
-23512
-22724
-21911
-21069
-20203
-19312
-18400
-17468
-16514
-15541
-14546
-13538
-12514
-11475
-10423
-9356
-8280
-7194
-6102
-5000
-3890
-2780
-1665
-548
567
1687
2802
3912
5019
6122
7216
8301
9377
10441
11495
12534
13558
14565
15556
16532
17486
18417
19330
20217
21085
21927
22739
23527
24287
25020
25726
26396
27037
27647
28225
28771
29280
29756
30198
30603
30975
31308
31605
31867
32088
32274
32419
32529
32602
32633
32629
32584
32501
32383
32222
32028
31794
31523
31216
30870
30491
30075
29623
29137
28615
28062
27476
26857
26207
25523
24813
24073
23302
22508
21685
20838
19966
19069
18151
17212
16254
15276
14277
13264
12236
11194
10138
9067
7989
6901
5806
4703
3592
2480
1365
249
-867
-1987
-3100
-4210
-5316
-6415
-7508
-8591
-9664
-10724
-11777
-12810
-13831
-14833
-15820
-16792
-17738
-18666
-19571
-20452
-21316
-22147
-22954
-23735
-24487
-25215
-25908
-26572
-27206
-27805
-28377
-28911
-29413
-29880
-30311
-30711
-31069
-31393
-31681
-31929
-32144
-32318
-32455
-32556
-32615
-32639
-32623
-32568
-32477
-32346
-32178
-31972
-31728
-31450
-31129
-30777
-30386
-29961
-29502
-29004
-28475
-27912
-27316
-26692
-26029
-25341
-24622
-23874
-23100
-22294
-21465
-20612
-19732
-18834
-17905
-16962
-15999
-15015
-14013
-12995
-11963
-10917
-9857
-8784
-7703
-6614
-5516
-4412
-3300
-2186
-1071
45
1162
2280
3393
4502
5606
6702
7795
8875
9944
11002
12047
13081
14096
15094
16077
17042
17984
18906
19805
20681
21535
22362
23163
23935
24681
25398
26085
26742
27365
27959
28519
29046
29539
29995
30418
30806
31156
31471
31747
31988
32191
32356
32484
32571
32623
32635
32609
32546
32442
32302
32125
31907
31656
31365
31037
30674
30274
29840
29368
28863
28325
27754
27152
26515
25846
25150
24423
23669
22885
22073
21238
20377
19493
18586
17653
16705
15735
14748
13743
12719
11684
10633
9571
8494
7411
6320
5220
4114
3001
1887
770
-345
-1462
-2579
-3692
-4800
-5901
-6996
-8086
-9163
-10230
-11284
-12325
-13356
-14366
-15361
-16337
-17295
-18235
-19150
-20044
-20912
-21758
-22581
-23373
-24141
-24876
-25587
-26266
-26913
-27530
-28113
-28665
-29183
-29665
-30115
-30527
-30905
-31248
-31550
-31819
-32048
-32241
-32398
-32512
-32593
-32633
-32634
-32601
-32523
-32412
-32262
-32073
-31849
-31584
-31284
-30947
-30573
-30166
-29720
-29241
-28727
-28179
-27600
-26988
-26343
-25668
-24961
-24228
-23464
-22675
-21857
-21013
-20147
-19256
-18344
-17406
-16451
-15477
-14485
-13476
-12448
-11408
-10354
-9289
-8213
-7125
-6031
-4929
-3823
-2708
-1593
-477
639
1756
2873
3984
5090
6190
7283
8371
9445
10508
11560
12597
13623
14630
15619
16591
17544
18477
19387
20274
21138
21976
22791
23577
24335
25065
25767
26438
27078
27685
28260
28805
29311
29786
30225
30627
30998
31328
31622
31880
32100
32285
32427
32535
32604
32633
32628
32579
32495
32374
32212
32015
31778
31505
31195
30849
30466
30047
29593
29105
28582
28027
27437
26816
26165
25479
24766
24024
23254
22457
21632
20783
19909
19013
18095
17151
16191
15212
14215
13202
12169
11126
10069
9000
7922
6831
5735
4632
3524
2411
1293
177
-940
-2055
-3172
-4282
-5386
-6485
-7576
-8661
-9732
-10792
-11841
-12874
-13897
-14898
-15883
-16850
-17796
-18725
-19628
-20509
-21368
-22197
-23006
-23784
-24535
-25258
-25950
-26615
-27246
-27843
-28412
-28943
-29444
-29909
-30338
-30735
-31091
-31413
-31698
-31944
-32157
-32328
-32463
-32560
-32618
-32640
-32620
-32564
-32469
-32336
-32167
-31957
-31712
-31429
-31109
-30755
-30359
-29932
-29471
-28972
-28442
-27875
-27278
-26650
-25988
-25297
-24574
-23825
-23049
-22243
-21412
-20555
-19675
-18775
-17849
-16901
-15935
-14951
-13951
-12932
-11896
-10849
-9789
-8718
-7637
-6544
-5445
-4340
-3232
-2117
-999
117
1234
2348
3462
4574
5676
6773
7862
8940
10012
11070
12114
13145
14161
15159
16140
17100
18042
18964
19862
20737
21587
22412
23212
23983
24729
25442
26127
26782
27404
27997
28553
29076
29569
30023
30445
30828
31176
31490
31764
32003
32202
32366
32490
32576
32626
32634
32606
32540
32434
32293
32112
31892
31638
31344
31016
30649
30247
29811
29337
28832
28292
27716
27112
26473
25805
25105
24375
23619
22833
22022
21185
20320
19435
18526
17595
16643
15672
14684
13678
12655
11616
10564
9502
8427
7344
6249
5148
4043
2932
1818
699
-417
-1533
-2648
-3760
-4870
-5972
-7067
-8153
-9229
-10298
-11352
-12392
-13419
-14428
-15425
-16400
-17356
-18292
-19208
-20101
-20968
-21812
-22630
-23424
-24190
-24923
-25630
-26307
-26954
-27569
-28149
-28699
-29214
-29695
-30143
-30552
-30927
-31267
-31569
-31836
-32062
-32252
-32405
-32518
-32597
-32634
-32633
-32597
-32517
-32404
-32250
-32060
-31833
-31566
-31264
-30924
-30549
-30138
-29690
-29210
-28694
-28144
-27562
-26947
-26301
-25624
-24917
-24181
-23415
-22623
-21805
-20961
-20091
-19198
-18284
-17348
-16392
-15414
-14420
-13410
-12384
-11340
-10286
-9220
-8144
-7057
-5960
-4858
-3751
-2639
-1525
-405
712
1827
2942
4053
5161
6261
7353
8436
9511
10576
11628
12664
13686
14692
15683
16654
17603
18534
19443
20330
21192
22029
22840
23628
24383
25111
25810
26478
27119
27723
28296
28836
29341
29817
30251
30653
31019
31347
31641
31895
32114
32294
32435
32541
32607
32634
32625
32575
32489
32364
32200
32001
31762
31487
31174
30825
30441
30019
29564
29072
28548
27992
27397
26775
26121
25436
24723
23975
23205
22406
21580
20730
19852
18954
18034
17092
16132
15147
14150
13136
12105
11061
10000
8931
7853
6764
5667
4561
3452
2339
1225
104
-1012
-2127
-3241
-4349
-5457
-6556
-7646
-8727
-9798
-10861
-11908
-12940
-13959
-14959
-15946
-16911
-17855
-18783
-19682
-20565
-21421
-22250
-23056
-23831
-24582
-25303
-25994
-26655
-27285
-27881
-28446
-28976
-29475
-29937
-30364
-30758
-31111
-31432
-31715
-31959
-32169
-32338
-32470
-32565
-32621
-32640
-32618
-32560
-32462
-32327
-32155
-31942
-31696
-31409
-31087
-30731
-30335
-29905
-29439
-28939
-28407
-27838
-27239
-26607
-25945
-25252
-24528
-23775
-22997
-22190
-21360
-20501
-19618
-18715
-17788
-16842
-15875
-14886
-13885
-12865
-11832
-10783
-9720
-8649
-7566
-6476
-5377
-4269
-3160
-2045
-930
186
1305
2420
3534
4641
5747
6843
7932
9009
10078
11138
12181
13211
14223
15220
16202
17161
18103
19020
19916
20793
21641
22464
23261
24031
24774
25487
26171
26821
27442
28033
28586
29110
29597
30051
30470
30852
31198
31507
31781
32017
32213
32375
32496
32580
32628
32633
32604
32534
32426
32283
32099
31878
31620
31324
30994
30624
30221
29783
29306
28799
28255
27680
27073
26431
25761
25059
24329
23569
22782
21969
21131
20266
19378
18467
17536
16583
15611
14619
13612
12589
11551
10499
9434
8358
7274
6181
5081
3972
2860
1747
630
-486
-1606
-2720
-3831
-4938
-6040
-7137
-8222
-9298
-10363
-11420
-12459
-13484
-14493
-15486
-16462
-17417
-18351
-19264
-20154
-21023
-21866
-22682
-23471
-24234
-24969
-25676
-26349
-26993
-27605
-28185
-28733
-29246
-29724
-30169
-30578
-30951
-31287
-31586
-31851
-32075
-32263
-32413
-32524
-32602
-32634
-32633
-32592
-32511
-32396
-32239
-32047
-31817
-31548
-31244
-30901
-30524
-30111
-29661
-29178
-28659
-28108
-27525
-26908
-26260
-25579
-24870
-24134
-23367
-22572
-21751
-20906
-20036
-19142
-18224
-17287
-16329
-15353
-14355
-13345
-12317
-11275
-10221
-9151
-8074
-6987
-5892
-4790
-3679
-2567
-1453
-336
780
1899
3014
4123
5229
6329
7423
8506
9580
10642
11692
12730
13752
14756
15743
16713
17664
18594
19501
20384
21248
22082
22892
23675
24429
25158
25854
26520
27157
27759
28332
28869
29373
29844
30277
30678
31041
31366
31659
31909
32127
32304
32443
32547
32609
32635
32623
32571
32483
32354
32189
31986
31745
31469
31152
30802
30415
29991
29535
29040
28513
27954
27360
26737
26078
25391
24675
23929
23156
22353
21526
20674
19797
18898
17974
17031
16069
15086
14088
13069
12038
10994
9935
8863
7783
6693
5597
4493
3381
2268
1152
35
-1080
-2199
-3313
-4421
-5526
-6623
-7715
-8796
-9866
-10926
-11972
-13006
-14024
-15023
-16007
-16970
-17916
-18841
-19740
-20619
-21472
-22303
-23107
-23880
-24628
-25348
-26037
-26697
-27322
-27917
-28481
-29010
-29506
-29965
-30390
-30781
-31133
-31452
-31731
-31974
-32180
-32347
-32478
-32569
-32623
-32639
-32615
-32555
-32454
-32317
-32142
-31928
-31679
-31390
-31067
-30706
-30308
-29877
-29409
-28905
-28371
-27800
-27201
-26567
-25901
-25207
-24481
-23728
-22949
-22138
-21306
-20445
-19563
-18658
-17727
-16781
-15811
-14825
-13822
-12799
-11765
-10715
-9655
-8582
-7496
-6405
-5306
-4201
-3088
-1974
-858
257
1374
2492
3604
4713
5815
6910
8001
9079
10147
11203
12244
13276
14287
15284
16262
17220
18162
19079
19974
20845
21692
22517
23311
24080
24819
25529
26215
26862
27481
28067
28621
29143
29627
30079
30495
30874
31220
31526
31797
32030
32224
32385
32502
32584
32629
32632
32601
32528
32418
32272
32085
31864
31603
31305
30972
30600
30194
29752
29276
28767
28219
27642
27032
26390
25718
25012
24281
23520
22732
21918
21075
20210
19322
18410
17475
16522
15549
14557
13549
12522
11483
10432
9368
8292
7204
6111
5010
3903
2792
1675
558
-558
-1675
-2789
-3903
-5010
-6111
-7203
-8292
-9368
-10432
-11483
-12522
-13549
-14557
-15549
-16522
-17476
-18410
-19322
-20211
-21076
-21918
-22733
-23521
-24282
-25013
-25719
-26391
-27033
-27643
-28220
-28767
-29277
-29754
-30196
-30601
-30974
-31307
-31605
-31866
-32088
-32275
-32421
-32530
-32604
-32635
-32632
-32588
-32505
-32387
-32228
-32033
-31800
-31530
-31224
-30878
-30499
-30083
-29631
-29147
-28626
-28071
-27486
-26867
-26219
-25536
-24824
-24085
-23316
-22522
-21697
-20851
-19979
-19084
-18167
-17226
-16268
-15290
-14293
-13282
-12250
-11209
-10153
-9085
-8007
-6916
-5822
-4719
-3610
-2499
-1381
-263
852
1968
3082
4195
5300
6399
7490
8573
9649
10710
11759
12793
13816
14819
15807
16776
17722
18652
19558
20440
21301
22133
22944
23723
24477
25202
25896
26562
27196
27796
28366
28901
29404
29872
30304
30702
31062
31386
31675
31924
32139
32313
32451
32552
32612
32636
32620
32566
32476
32345
32178
31971
31728
31450
31131
30779
30388
29963
29505
29008
28480
27916
27320
26696
26036
25347
24627
23880
23106
22302
21474
20619
19740
18841
17916
16970
16007
15023
14024
13006
11972
10926
9866
8796
7715
6623
5526
4421
3313
2199
1080
-35
-1152
-2268
-3381
-4493
-5597
-6693
-7783
-8863
-9935
-10994
-12038
-13070
-14085
-15086
-16069
-17032
-17974
-18899
-19797
-20675
-21526
-22353
-23157
-23930
-24676
-25392
-26079
-26738
-27361
-27955
-28515
-29041
-29537
-29993
-30416
-30804
-31154
-31471
-31747
-31989
-32191
-32357
-32485
-32573
-32626
-32638
-32612
-32550
-32446
-32307
-32130
-31913
-31662
-31370
-31045
-30682
-30281
-29848
-29377
-28874
-28336
-27763
-27162
-26525
-25859
-25163
-24434
-23680
-22897
-22087
-21253
-20390
-19506
-18599
-17669
-16722
-15749
-14762
-13758
-12736
-11701
-10648
-9586
-8512
-7429
-6336
-5235
-4129
-3020
-1905
-786
329
1447
2560
3673
4784
5885
6981
8068
9145
10215
11269
12311
13339
14349
15347
16323
17281
18219
19134
20031
20901
21746
22567
23361
24129
24865
25574
26255
26903
27520
28103
28655
29174
29657
30107
30520
30897
31240
31544
31813
32043
32235
32393
32508
32589
32630
32632
32599
32522
32410
32261
32073
31850
31584
31285
30949
30576
30168
29722
29244
28732
28184
27604
26992
26348
25674
24968
24233
23470
22681
21866
21023
20154
19263
18351
17417
16462
15485
14493
13484
12459
11420
10363
9298
8222
7137
6043
4938
3831
2720
1606
486
-630
-1747
-2860
-3972
-5081
-6181
-7274
-8358
-9434
-10499
-11551
-12589
-13612
-14619
-15611
-16583
-17536
-18467
-19378
-20267
-21131
-21970
-22782
-23569
-24330
-25060
-25762
-26432
-27072
-27681
-28257
-28801
-29308
-29784
-30223
-30626
-30996
-31326
-31622
-31880
-32101
-32286
-32429
-32537
-32607
-32636
-32631
-32583
-32499
-32378
-32217
-32021
-31784
-31511
-31202
-30855
-30474
-30056
-29601
-29114
-28591
-28038
-27446
-26826
-26176
-25492
-24779
-24036
-23266
-22470
-21646
-20798
-19921
-19026
-18107
-17167
-16208
-15226
-14229
-13217
-12187
-11144
-10084
-9016
-7938
-6850
-5754
-4647
-3540
-2427
-1311
-195
924
2040
3154
4263
5371
6470
7560
8643
9714
10777
11826
12859
13879
14881
15869
16836
17782
18710
19613
20496
21355
22185
22992
23770
24523
25247
25940
26603
27234
27834
28403
28934
29435
29900
30331
30727
31083
31406
31692
31939
32152
32323
32458
32556
32614
32637
32618
32562
32468
32335
32166
31957
31712
31430
31110
30756
30362
29936
29473
28975
28445
27880
27284
26654
25993
25302
24582
23832
23055
22249
21420
20565
19682
18782
17855
16911
15946
14959
13959
12940
11908
10861
9798
8727
7646
6556
5458
4350
3241
2127
1012
-104
-1224
-2339
-3452
-4561
-5664
-6764
-7853
-8931
-10000
-11061
-12105
-13136
-14150
-15148
-16132
-17092
-18034
-18955
-19852
-20731
-21581
-22406
-23205
-23976
-24724
-25437
-26122
-26776
-27399
-27993
-28550
-29074
-29565
-30020
-30443
-30827
-31176
-31489
-31763
-32003
-32203
-32367
-32491
-32578
-32628
-32637
-32610
-32544
-32438
-32298
-32117
-31898
-31645
-31351
-31023
-30657
-30256
-29821
-29345
-28840
-28301
-27727
-27124
-26483
-25815
-25116
-24388
-23633
-22845
-22035
-21198
-20336
-19451
-18540
-17609
-16659
-15688
-14698
-13692
-12670
-11634
-10582
-9517
-8442
-7359
-6268
-5167
-4059
-2948
-1833
-718
399
1519
2632
3745
4852
5953
7051
8138
9214
10280
11334
12378
13404
14414
15408
16383
17342
18278
19192
20086
20955
21800
22618
23410
24176
24912
25619
26296
26942
27557
28140
28690
29205
29686
30134
30545
30920
31260
31562
31829
32056
32247
32401
32514
32593
32630
32631
32594
32516
32403
32249
32059
31834
31567
31265
30925
30550
30141
29694
29212
28697
28148
27567
26953
26305
25629
24922
24189
23423
22630
21812
20967
20101
19208
18291
17355
16399
15425
14431
13419
12392
11352
10298
9229
8153
7067
5972
4870
3760
2648
1534
417
-699
-1818
-2932
-4043
-5148
-6249
-7344
-8427
-9502
-10564
-11616
-12655
-13678
-14684
-15672
-16643
-17596
-18527
-19436
-20321
-21183
-22023
-22834
-23620
-24376
-25106
-25806
-26474
-27113
-27717
-28293
-28833
-29338
-29813
-30249
-30651
-31018
-31346
-31640
-31894
-32114
-32295
-32436
-32543
-32609
-32637
-32629
-32579
-32493
-32369
-32205
-32007
-31768
-31494
-31181
-30832
-30449
-30028
-29573
-29081
-28557
-28001
-27409
-26787
-26132
-25447
-24734
-23989
-23218
-22418
-21592
-20743
-19867
-18970
-18048
-17105
-16146
-15164
-14167
-13150
-12119
-11076
-10018
-8949
-7868
-6779
-5682
-4580
-3468
-2355
-1240
-123
993
2111
3226
4335
5439
6537
7631
8712
9783
10843
11890
12926
13945
14945
15930
16895
17843
18769
19670
20550
21407
22238
23044
23820
24569
25290
25983
26645
27273
27870
28437
28968
29466
29928
30355
30751
31105
31426
31708
31953
32164
32333
32466
32561
32617
32637
32615
32557
32460
32326
32155
31942
31696
31411
31089
30733
30336
29907
29443
28943
28410
27842
27244
26614
25949
25257
24534
23783
23006
22196
21367
20508
19628
18725
17796
16850
15883
14897
13896
12874
11841
10792
9732
8661
7576
6485
5386
4282
3172
2055
940
-176
-1293
-2408
-3524
-4632
-5735
-6831
-7922
-9000
-10069
-11126
-12169
-13202
-14215
-15212
-16192
-17151
-18095
-19013
-19909
-20783
-21632
-22458
-23255
-24025
-24767
-25480
-26166
-26817
-27438
-28028
-28582
-29107
-29594
-30049
-30468
-30850
-31197
-31507
-31780
-32017
-32214
-32376
-32498
-32582
-32631
-32636
-32607
-32538
-32431
-32288
-32104
-31883
-31626
-31332
-31002
-30632
-30229
-29791
-29316
-28810
-28264
-27689
-27083
-26443
-25773
-25070
-24340
-23583
-22796
-21982
-21143
-20279
-19393
-18483
-17549
-16597
-15625
-14636
-13629
-12603
-11566
-10514
-9451
-8377
-7289
-6196
-5097
-3990
-2879
-1762
-645
471
1587
2701
3817
4923
6025
7119
8204
9283
10348
11402
12442
13470
14479
15472
16446
17401
18338
19251
20142
21008
21852
22670
23460
24224
24956
25663
26339
26983
27596
28174
28723
29237
29716
30162
30569
30943
31281
31580
31846
32069
32258
32409
32520
32598
32631
32630
32590
32509
32395
32238
32046
31817
31548
31246
30903
30525
30113
29663
29182
28664
28111
27529
26912
26265
25586
24875
24140
23372
22580
21760
20912
20044
19149
18234
17298
16337
15361
14366
13356
12325
11284
10230
9163
8086
6996
5901
4800
3692
2579
1462
345
-770
-1887
-3001
-4114
-5220
-6320
-7410
-8494
-9571
-10633
-11684
-12719
-13740
-14748
-15735
-16705
-17654
-18586
-19493
-20377
-21239
-22074
-22886
-23669
-24423
-25151
-25848
-26516
-27153
-27755
-28327
-28865
-29370
-29842
-30275
-30675
-31039
-31366
-31658
-31909
-32127
-32305
-32444
-32549
-32612
-32638
-32626
-32574
-32487
-32359
-32194
-31992
-31751
-31475
-31160
-30810
-30422
-29999
-29543
-29050
-28524
-27964
-27369
-26747
-26090
-25403
-24686
-23940
-23168
-22367
-21541
-20687
-19810
-18911
-17990
-17048
-16083
-15100
-14102
-13087
-12055
-11008
-9949
-8881
-7801
-6708
-5611
-4508
-3399
-2287
-1168
-51
1064
2180
3294
4406
5510
6608
7697
8778
9852
10911
11957
12989
14007
15009
15993
16957
17900
18826
19727
20606
21460
22288
23093
23869
24617
25336
26024
26687
27312
27908
28471
28999
29498
29957
30382
30773
31125
31446
31725
31968
32175
32342
32474
32565
32620
32636
32613
32553
32452
32316
32142
31928
31679
31391
31067
30709
30310
29879
29411
28910
28376
27804
27205
26571
25907
25214
24486
23734
22954
22147
21315
20452
19571
18665
17738
16792
15819
14833
13831
12810
11777
10724
9664
8591
7508
6418
5316
4210
3100
1987
868
-249
-1365
-2480
-3592
-4703
-5806
-6901
-7989
-9067
-10138
-11194
-12236
-13265
-14277
-15276
-16254
-17212
-18152
-19069
-19966
-20839
-21685
-22509
-23303
-24074
-24814
-25524
-26208
-26856
-27477
-28064
-28617
-29139
-29625
-30077
-30493
-30872
-31218
-31526
-31797
-32030
-32225
-32385
-32504
-32587
-32631
-32636
-32605
-32532
-32423
-32277
-32091
-31870
-31609
-31311
-30979
-30607
-30203
-29761
-29284
-28776
-28230
-27653
-27042
-26400
-25731
-25025
-24293
-23532
-22744
-21931
-21090
-20223
-19335
-18423
-17491
-16538
-15562
-14571
-13563
-12540
-11501
-10447
-9383
-8307
-7222
-6128
-5025
-3918
-2807
-1693
-576
542
1659
2773
3884
4994
6096
7188
8274
9350
10417
11470
12508
13532
14540
15535
16508
17462
18394
19307
20198
21063
21906
22719
23507
24271
25002
25708
26379
27022
27633
28211
28758
29267
29745
30189
30594
30966
31300
31599
31861
32082
32269
32416
32526
32601
32632
32629
32586
32503
32386
32227
32033
31801
31530
31225
30879
30501
30087
29633
29150
28629
28076
27491
26871
26224
25541
24831
24093
23322
22528
21706
20860
19986
19092
18175
17236
16278
15298
14301
13290
12261
11220
10162
9094
8017
6928
5834
4728
3620
2508
1393
276
-842
-1959
-3072
-4182
-5288
-6390
-7481
-8564
-9637
-10698
-11750
-12784
-13805
-14808
-15799
-16768
-17714
-18642
-19548
-20433
-21294
-22127
-22935
-23716
-24471
-25197
-25891
-26556
-27191
-27793
-28363
-28898
-29400
-29869
-30302
-30701
-31061
-31385
-31675
-31924
-32139
-32315
-32452
-32554
-32614
-32639
-32624
-32570
-32480
-32350
-32183
-31977
-31735
-31457
-31138
-30787
-30397
-29972
-29513
-29017
-28489
-27927
-27332
-26706
-26046
-25358
-24641
-23893
-23118
-22314
-21486
-20634
-19755
-18854
-17929
-16986
-16023
-15037
-14037
-13020
-11988
-10944
-9881
-8811
-7731
-6641
-5544
-4437
-3327
-2215
-1099
16
1137
2252
3365
4474
5579
6678
7767
8847
9917
10976
12023
13055
14071
15069
16053
17018
17960
18883
19782
20662
21514
22341
23143
23916
24665
25381
26068
26726
27349
27946
28506
29033
29527
29984
30409
30797
31147
31464
31741
31983
32186
32352
32481
32569
32622
32635
32610
32549
32445
32306
32130
31913
31663
31371
31046
30683
30284
29851
29379
28876
28340
27769
27167
26529
25864
25168
24441
23688
22903
22094
21260
20399
19516
18607
17677
16730
15760
14773
13766
12745
11710
10660
9595
8521
7438
6348
5248
4139
3029
1915
799
-317
-1437
-2551
-3664
-4772
-5873
-6971
-8059
-9136
-10203
-11258
-12302
-13330
-14341
-15336
-16314
-17274
-18211
-19127
-20021
-20892
-21739
-22560
-23353
-24121
-24860
-25569
-26251
-26897
-27515
-28100
-28652
-29171
-29653
-30103
-30518
-30896
-31240
-31543
-31813
-32044
-32236
-32394
-32510
-32591
-32632
-32635
-32602
-32526
-32415
-32266
-32078
-31855
-31591
-31292
-30956
-30583
-30176
-29732
-29252
-28741
-28193
-27615
-27004
-26358
-25685
-24980
-24247
-23484
-22693
-21878
-21035
-20169
-19279
-18363
-17430
-16476
-15502
-14510
-13499
-12474
-11434
-10381
-9316
-8237
-7151
-6058
-4957
-3850
-2736
-1621
-505
611
1731
2844
3956
5063
6163
7259
8343
9419
10481
11533
12574
13598
14605
15595
16568
17523
18454
19365
20252
21116
21958
22770
23558
24317
25046
25752
26421
27062
27670
28247
28792
29299
29775
30214
30619
30990
31320
31616
31875
32096
32281
32424
32532
32603
32633
32628
32581
32497
32378
32216
32020
31784
31512
31204
30856
30476
30058
29605
29118
28594
28041
27452
26832
26180
25497
24784
24043
23274
22476
21653
20805
19931
19036
18115
17175
16216
15237
14240
13226
12195
11153
10096
9028
7947
6859
5763
4660
3552
2436
1321
205
-911
-2028
-3144
-4254
-5358
-6458
-7551
-8634
-9705
-10766
-11815
-12851
-13871
-14873
-15858
-16827
-17775
-18702
-19606
-20487
-21346
-22179
-22986
-23765
-24516
-25241
-25935
-26598
-27230
-27828
-28398
-28931
-29432
-29898
-30328
-30725
-31083
-31405
-31691
-31939
-32153
-32324
-32460
-32558
-32617
-32640
-32621
-32566
-32473
-32340
-32171
-31963
-31718
-31437
-31117
-30763
-30370
-29944
-29483
-28985
-28454
-27889
-27292
-26666
-26005
-25313
-24593
-23844
-23069
-22261
-21432
-20577
-19697
-18798
-17869
-16925
-15960
-14976
-13976
-12955
-11922
-10876
-9816
-8745
-7660
-6571
-5473
-4368
-3260
-2142
-1027
89
1206
2320
3437
4546
5649
6745
7835
8917
9985
11044
12087
13121
14136
15133
16115
17077
18021
18942
19840
20716
21566
22394
23194
23965
24710
25424
26112
26767
27389
27982
28539
29066
29557
30012
30434
30819
31169
31483
31757
31997
32197
32362
32487
32574
32625
32634
32607
32476
32234
31888
31436
30878
30220
29461
28602
27652
26608
25475
24258
22963
21589
20145
18632
17061
15430
13749
12020
10256
8455
6626
4775
2910
1033
-845
-2723
-4589
-6442
-8273
-10078
-11847
-13578
-15265
-16901
-18477
-19996
-21449
-22829
-24134
-25358
-26500
-27553
-28513
-29380
-30152
-30820
-31386
-31852
-32207
-32458
-32603
-32636
-32563
-32384
-32093
-31699
-31198
-30594
-29890
-29085
-28184
-27191
-26107
-24935
-23682
-22351
-20944
-19468
-17927
-16329
-14675
-12972
-11225
-9445
-7631
-5791
-3931
-2061
-183
1697
3570
5430
7274
9094
10885
12635
14346
16012
17622
19172
20662
22082
23429
24698
25884
26986
28000
28915
29739
30465
31087
31607
32023
32332
32534
32629
32614
32491
32261
31923
31482
30933
30283
29535
28685
27741
26707
25582
24373
23084
21715
20279
18774
17204
15578
13905
12181
10417
8619
6794
4945
3078
1203
-674
-2551
-4421
-6277
-8108
-9914
-11690
-13422
-15111
-16754
-18338
-19860
-21320
-22706
-24019
-25250
-26399
-27460
-28431
-29305
-30085
-30764
-31339
-31813
-32180
-32439
-32594
-32639
-32574
-32404
-32125
-31739
-31249
-30653
-29957
-29164
-28271
-27285
-26210
-25045
-23799
-22474
-21074
-19606
-18071
-16476
-14825
-13130
-11387
-9607
-7795
-5960
-4101
-2230
-351
1525
3399
5263
7110
8928
10721
12480
14195
15861
17478
19036
20530
21956
23309
24586
25782
26889
27909
28837
29669
30402
31035
31564
31990
32308
32519
32625
32620
32506
32288
31958
31526
30990
30346
29605
28768
27830
26803
25688
24486
23205
21845
20410
18914
17350
15729
14057
12340
10579
8784
6959
5114
3251
1374
-505
-2380
-4251
-6108
-7944
-9750
-11528
-13267
-14962
-16605
-18196
-19725
-21191
-22583
-23902
-25142
-26299
-27366
-28346
-29230
-30018
-30706
-31291
-31773
-32152
-32420
-32584
-32640
-32585
-32423
-32155
-31778
-31297
-30714
-30025
-29239
-28355
-27378
-26310
-25155
-23915
-22599
-21205
-19740
-18211
-16624
-14979
-13285
-11548
-9771
-7962
-6125
-4273
-2401
-523
1356
3229
5094
6941
8766
10559
12319
14040
15713
17332
18896
20396
21830
23189
24472
25676
26793
27819
28758
29597
30340
30982
31520
31954
32285
32504
32619
32626
32521
32311
31994
31569
31041
30410
29677
28846
27919
26901
25793
24598
23322
21972
20545
19051
17494
15880
14212
12496
10739
8949
7128
5282
3418
1546
-332
-2211
-4083
-5938
-7777
-9589
-11370
-13110
-14808
-16459
-18056
-19588
-21059
-22460
-23784
-25031
-26198
-27275
-28260
-29154
-29950
-30647
-31243
-31733
-32121
-32402
-32573
-32638
-32595
-32441
-32183
-31818
-31345
-30770
-30092
-29314
-28440
-27470
-26412
-25264
-24031
-22719
-21337
-19877
-18354
-16771
-15131
-13442
-11707
-9932
-8129
-6295
-4440
-2570
-696
1184
3060
4926
6773
8600
10399
12163
13885
15562
17188
18759
20261
21701
23071
24360
25568
26696
27731
28676
29526
30276
30927
31477
31919
32258
32490
32613
32629
32536
32334
32027
31613
31093
30471
29749
28926
28009
26997
25898
24713
23442
22096
20679
19190
17638
16029
14366
12655
10902
9112
7295
5451
3589
1715
-161
-2040
-3912
-5772
-7609
-9425
-11209
-12955
-14656
-16311
-17911
-19453
-20927
-22335
-23669
-24923
-26094
-27181
-28174
-29076
-29882
-30588
-31193
-31694
-32089
-32381
-32562
-32636
-32604
-32460
-32210
-31856
-31392
-30826
-30159
-29388
-28524
-27564
-26511
-25370
-24149
-22843
-21463
-20011
-18496
-16917
-15282
-13595
-11867
-10096
-8292
-6461
-4610
-2742
-864
1012
2888
4756
6608
8433
10236
12003
13732
15411
17042
18616
20130
21573
22948
24246
25463
26595
27640
28593
29452
30212
30871
31431
31884
32231
32474
32607
32631
32550
32358
32059
31655
31144
30532
29819
29004
28095
27094
26001
24821
23562
22222
20809
19327
17782
16178
14518
12810
11064
9277
7459
5618
3760
1887
7
-1871
-3742
-5603
-7444
-9262
-11047
-12796
-14504
-16165
-17767
-19315
-20798
-22211
-23550
-24812
-25992
-27086
-28087
-28998
-29814
-30527
-31141
-31653
-32058
-32358
-32551
-32634
-32610
-32479
-32237
-31891
-31439
-30881
-30223
-29464
-28605
-27655
-26611
-25478
-24261
-22966
-21592
-20147
-18635
-17064
-15433
-13752
-12023
-10259
-8458
-6629
-4778
-2913
-1036
842
2720
4586
6439
8270
10075
11844
13575
15262
16898
18474
19994
21446
22827
24131
25355
26497
27550
28510
29377
30149
30817
31383
31849
32204
32455
32600
32633
32560
32381
32090
31696
31195
30591
29887
29082
28181
27188
26104
24932
23679
22348
20941
19466
17924
16326
14673
12969
11222
9442
7628
5788
3928
2058
180
-1700
-3573
-5433
-7277
-9097
-10888
-12638
-14349
-16015
-17625
-19175
-20665
-22085
-23432
-24701
-25887
-26989
-28003
-28918
-29742
-30468
-31090
-31610
-32026
-32335
-32537
-32632
-32617
-32494
-32264
-31926
-31485
-30936
-30286
-29538
-28688
-27744
-26710
-25585
-24376
-23087
-21718
-20282
-18777
-17207
-15581
-13908
-12184
-10420
-8622
-6797
-4948
-3081
-1206
671
2549
4418
6274
8105
9911
11687
13422
15108
16751
18335
19857
21318
22703
24016
25247
26396
27457
28428
29302
30082
30761
31337
31810
32177
32436
32591
32636
32571
32401
32122
31736
31246
30650
29954
29161
28268
27282
26207
25042
23796
22471
21071
19603
18068
16473
14822
13127
11384
9604
7792
5957
4098
2227
348
-1528
-3402
-5266
-7113
-8931
-10724
-12483
-14198
-15864
-17481
-19039
-20533
-21959
-23312
-24589
-25785
-26892
-27912
-28840
-29672
-30405
-31038
-31567
-31993
-32311
-32522
-32628
-32623
-32509
-32291
-31961
-31529
-30992
-30349
-29608
-28771
-27833
-26806
-25691
-24489
-23207
-21848
-20413
-18917
-17353
-15732
-14060
-12343
-10582
-8787
-6962
-5117
-3254
-1377
502
2377
4248
6105
7941
9747
11525
13264
14959
16602
18193
19722
21188
22580
23899
25139
26296
27363
28343
29227
30015
30703
31288
31770
32149
32417
32581
32637
32582
32420
32152
31775
31294
30711
30022
29236
28352
27375
26307
25152
23912
22596
21202
19737
18208
16621
14976
13282
11542
9768
7959
6122
4270
2399
520
-1359
-3232
-5097
-6944
-8769
-10562
-12322
-14043
-15716
-17335
-18899
-20399
-21833
-23192
-24475
-25679
-26796
-27822
-28761
-29600
-30343
-30985
-31523
-31957
-32288
-32507
-32622
-32629
-32524
-32314
-31997
-31572
-31044
-30413
-29680
-28849
-27922
-26904
-25796
-24601
-23325
-21975
-20548
-19054
-17497
-15883
-14215
-12499
-10742
-8952
-7131
-5285
-3421
-1549
329
2208
4080
5935
7774
9586
11367
13107
14805
16456
18053
19586
21056
22457
23783
25028
26195
27272
28257
29152
29947
30644
31240
31730
32118
32399
32570
32635
32592
32438
32180
31815
31342
30767
30090
29311
28437
27467
26409
25261
24028
22716
21334
19875
18351
16768
15128
13439
11704
9929
8126
6292
4437
2567
693
-1187
-3063
-4929
-6776
-8603
-10402
-12166
-13888
-15565
-17191
-18762
-20264
-21704
-23074
-24363
-25571
-26699
-27734
-28679
-29529
-30279
-30930
-31480
-31922
-32261
-32493
-32616
-32632
-32539
-32337
-32030
-31616
-31096
-30474
-29750
-28929
-28012
-27000
-25901
-24715
-23445
-22099
-20682
-19193
-17641
-16032
-14369
-12658
-10905
-9115
-7298
-5454
-3592
-1718
158
2037
3909
5769
7606
9422
11206
12952
14653
16308
17908
19451
20924
22332
23666
24920
26091
27178
28171
29073
29879
30585
31190
31691
32086
32378
32559
32633
32601
32457
32207
31853
31389
30823
30156
29385
28521
27561
26508
25367
24146
22840
21460
20009
18493
16914
15279
13592
11864
10093
8289
6458
4607
2739
861
-1018
-2891
-4759
-6611
-8436
-10238
-12006
-13735
-15414
-17045
-18619
-20133
-21576
-22950
-24249
-25466
-26598
-27643
-28596
-29455
-30215
-30874
-31434
-31887
-32234
-32477
-32610
-32634
-32553
-32361
-32062
-31658
-31147
-30535
-29822
-29007
-28098
-27097
-26004
-24824
-23565
-22225
-20812
-19330
-17785
-16181
-14521
-12813
-11067
-9280
-7462
-5621
-3763
-1890
-10
1868
3739
5600
7441
9259
11044
12793
14501
16162
17764
19312
20795
22208
23547
24809
25989
27083
28084
28995
29811
30525
31138
31650
32055
32355
32549
32631
32607
32476
32234
31888
31436
30878
30220
29461
28602
27652
26608
25475
24258
22963
21589
20145
18632
17061
15430
13749
12020
10256
8455
6626
4775
2910
1033
-845
-2723
-4589
-6442
-8273
-10078
-11847
-13578
-15265
-16901
-18477
-19996
-21449
-22829
-24134
-25358
-26500
-27553
-28513
-29380
-30152
-30820
-31386
-31852
-32207
-32458
-32603
-32636
-32563
-32384
-32093
-31699
-31198
-30594
-29890
-29085
-28184
-27191
-26107
-24935
-23682
-22349
-20944
-19468
-17927
-16329
-14675
-12972
-11225
-9445
-7631
-5791
-3931
-2061
-183
1697
3570
5430
7274
9094
10885
12635
14346
16012
17622
19172
20662
22082
23429
24698
25884
26986
28000
28915
29739
30465
31087
31607
32023
32332
32534
32629
32614
32491
32261
31923
31482
30933
30283
29535
28685
27741
26707
25582
24373
23084
21715
20279
18774
17204
15578
13905
12181
10417
8619
6794
4945
3078
1203
-674
-2551
-4421
-6277
-8108
-9914
-11690
-13425
-15111
-16754
-18338
-19860
-21320
-22706
-24019
-25250
-26399
-27460
-28431
-29305
-30085
-30764
-31339
-31813
-32180
-32439
-32594
-32639
-32574
-32404
-32125
-31739
-31249
-30653
-29957
-29164
-28271
-27285
-26210
-25045
-23799
-22474
-21074
-19606
-18071
-16476
-14825
-13130
-11387
-9607
-7795
-5960
-4101
-2230
-351
1525
3399
5263
7110
8928
10721
12480
14195
15861
17478
19036
20530
21956
23309
24586
25782
26889
27909
28837
29669
30402
31035
31564
31990
32308
32519
32625
32620
32506
32288
31958
31526
30990
30346
29605
28768
27830
26803
25688
24486
23205
21845
20410
18914
17350
15729
14057
12340
10579
8784
6959
5114
3251
1374
-505
-2380
-4251
-6108
-7944
-9750
-11528
-13267
-14962
-16605
-18196
-19725
-21191
-22583
-23902
-25142
-26299
-27366
-28346
-29230
-30018
-30706
-31291
-31773
-32152
-32420
-32584
-32640
-32585
-32423
-32155
-31778
-31297
-30714
-30025
-29239
-28355
-27378
-26310
-25155
-23915
-22599
-21205
-19740
-18211
-16624
-14979
-13285
-11545
-9771
-7962
-6125
-4273
-2401
-523
1356
3229
5094
6941
8766
10559
12319
14040
15713
17332
18896
20396
21830
23189
24472
25676
26793
27819
28758
29597
30340
30982
31520
31954
32285
32504
32619
32626
32521
32311
31994
31569
31041
30410
29677
28846
27919
26901
25793
24598
23322
21972
20545
19051
17494
15880
14212
12496
10739
8949
7128
5282
3418
1546
-332
-2211
-4083
-5938
-7777
-9589
-11370
-13110
-14808
-16459
-18056
-19588
-21059
-22460
-23786
-25031
-26198
-27275
-28260
-29154
-29950
-30647
-31243
-31733
-32121
-32402
-32573
-32638
-32595
-32441
-32183
-31818
-31345
-30770
-30092
-29314
-28440
-27470
-26412
-25264
-24031
-22719
-21337
-19877
-18354
-16771
-15131
-13442
-11707
-9932
-8129
-6295
-4440
-2570
-696
1184
3060
4926
6773
8600
10399
12163
13885
15562
17188
18759
20261
21701
23071
24360
25568
26696
27731
28676
29526
30276
30927
31477
31919
32258
32490
32613
32629
32536
32334
32027
31613
31093
30471
29747
28926
28009
26997
25898
24713
23442
22096
20679
19190
17638
16029
14366
12655
10902
9112
7295
5451
3589
1715
-161
-2040
-3912
-5772
-7609
-9425
-11209
-12955
-14656
-16311
-17911
-19453
-20927
-22335
-23669
-24923
-26094
-27181
-28174
-29076
-29882
-30588
-31193
-31694
-32089
-32381
-32562
-32636
-32604
-32460
-32210
-31856
-31392
-30826
-30159
-29388
-28524
-27564
-26511
-25370
-24149
-22843
-21463
-20011
-18496
-16917
-15282
-13595
-11867
-10096
-8292
-6461
-4610
-2742
-864
1015
2888
4756
6608
8433
10236
12003
13732
15411
17042
18616
20130
21573
22948
24246
25463
26595
27640
28593
29452
30212
30871
31431
31884
32231
32474
32607
32631
32550
32358
32059
31655
31144
30532
29819
29004
28095
27094
26001
24821
23562
22222
20809
19327
17782
16178
14518
12810
11064
9277
7459
5618
3760
1887
7
-1871
-3742
-5603
-7444
-9262
-11047
-12796
-14504
-16165
-17767
-19315
-20798
-22211
-23550
-24812
-25992
-27086
-28087
-28998
-29814
-30528
-31141
-31653
-32058
-32358
-32551
-32634
-32610
-32479
-32237
-31891
-31439
-30881
-30223
-29464
-28605
-27655
-26611
-25478
-24261
-22966
-21592
-20147
-18635
-17064
-15433
-13752
-12023
-10259
-8458
-6629
-4778
-2913
-1036
842
2720
4586
6439
8270
10075
11844
13575
15262
16898
18474
19994
21446
22827
24131
25355
26497
27550
28510
29377
30149
30817
31383
31849
32204
32455
32600
32633
32560
32381
32090
31696
31195
30591
29887
29082
28181
27188
26104
24932
23679
22346
20941
19466
17924
16326
14673
12969
11222
9442
7628
5788
3928
2058
180
-1700
-3573
-5433
-7277
-9097
-10888
-12638
-14349
-16015
-17625
-19175
-20665
-22085
-23432
-24701
-25887
-26989
-28003
-28918
-29742
-30468
-31090
-31610
-32026
-32335
-32537
-32632
-32617
-32494
-32264
-31926
-31485
-30936
-30286
-29538
-28688
-27744
-26710
-25585
-24376
-23087
-21718
-20282
-18777
-17207
-15581
-13908
-12184
-10420
-8622
-6797
-4948
-3081
-1206
671
2549
4418
6274
8105
9911
11687
13422
15108
16751
18335
19857
21318
22703
24016
25247
26396
27457
28428
29302
30082
30761
31337
31810
32177
32436
32591
32636
32571
32401
32122
31736
31246
30650
29954
29161
28268
27282
26207
25042
23796
22471
21071
19603
18068
16473
14822
13127
11384
9604
7792
5957
4098
2227
348
-1528
-3402
-5266
-7113
-8931
-10724
-12483
-14198
-15864
-17481
-19039
-20533
-21959
-23312
-24589
-25785
-26892
-27912
-28840
-29672
-30405
-31038
-31567
-31993
-32311
-32522
-32628
-32623
-32509
-32291
-31961
-31529
-30992
-30349
-29608
-28771
-27833
-26806
-25691
-24489
-23207
-21848
-20413
-18917
-17353
-15732
-14060
-12343
-10582
-8787
-6962
-5117
-3254
-1377
502
2377
4248
6105
7941
9747
11525
13264
14959
16602
18193
19722
21188
22580
23899
25139
26296
27363
28343
29227
30015
30703
31288
31770
32149
32417
32581
32637
32582
32420
32152
31775
31294
30711
30022
29236
28352
27375
26307
25152
23912
22596
21202
19737
18208
16621
14976
13282
11542
9768
7959
6122
4270
2399
520
-1359
-3232
-5097
-6944
-8769
-10562
-12322
-14043
-15716
-17335
-18899
-20399
-21833
-23192
-24475
-25679
-26796
-27822
-28761
-29600
-30343
-30985
-31523
-31957
-32288
-32507
-32622
-32629
-32524
-32314
-31997
-31572
-31044
-30413
-29680
-28849
-27922
-26904
-25796
-24601
-23325
-21975
-20548
-19054
-17497
-15883
-14215
-12499
-10742
-8952
-7131
-5285
-3421
-1549
329
2208
4080
5935
7774
9586
11367
13107
14805
16456
18053
19586
21056
22457
23783
25028
26195
27272
28257
29152
29947
30644
31240
31730
32118
32399
32570
32635
32592
32438
32180
31815
31342
30767
30090
29311
28437
27467
26409
25261
24028
22716
21334
19875
18351
16768
15128
13439
11704
9929
8126
6292
4437
2567
693
-1187
-3063
-4929
-6776
-8603
-10402
-12166
-13888
-15565
-17191
-18762
-20264
-21704
-23074
-24363
-25571
-26699
-27734
-28679
-29529
-30279
-30930
-31480
-31922
-32261
-32493
-32616
-32632
-32539
-32337
-32030
-31616
-31096
-30474
-29750
-28929
-28012
-27000
-25901
-24715
-23445
-22099
-20682
-19193
-17641
-16032
-14369
-12658
-10905
-9115
-7298
-5454
-3592
-1718
158
2037
3909
5769
7606
9422
11206
12952
14653
16308
17908
19451
20924
22332
23666
24920
26091
27178
28171
29073
29879
30585
31190
31691
32086
32378
32559
32633
32601
32457
32207
31853
31389
30823
30156
29385
28521
27561
26508
25367
24146
22840
21460
20009
18493
16914
15279
13592
11864
10093
8289
6458
4607
2739
861
-1018
-2891
-4759
-6611
-8436
-10238
-12006
-13735
-15414
-17045
-18619
-20133
-21576
-22950
-24249
-25466
-26598
-27643
-28596
-29455
-30215
-30874
-31434
-31887
-32234
-32477
-32610
-32634
-32553
-32361
-32062
-31658
-31147
-30535
-29822
-29007
-28098
-27097
-26004
-24824
-23565
-22225
-20812
-19330
-17785
-16181
-14521
-12813
-11067
-9280
-7462
-5621
-3763
-1890
-10
1868
3739
5600
7441
9259
11044
12793
14501
16162
17764
19312
20795
22208
23547
24809
25989
27083
28084
28995
29811
30525
31138
31650
32055
32355
32549
32631
32607
32476
32234
31888
31436
30878
30220
29461
28602
27652
26608
25475
24258
22963
21589
20145
18632
17061
15430
13749
12020
10256
8455
6626
4775
2910
1033
-845
-2723
-4589
-6442
-8273
-10078
-11847
-13578
-15265
-16901
-18477
-19996
-21449
-22829
-24134
-25358
-26500
-27553
-28513
-29380
-30152
-30820
-31386
-31852
-32207
-32458
-32603
-32636
-32563
-32384
-32093
-31699
-31198
-30594
-29890
-29085
-28184
-27191
-26107
-24935
-23682
-22349
-20944
-19468
-17927
-16329
-14675
-12972
-11225
-9445
-7631
-5791
-3931
-2061
-183
1697
3570
5430
7274
9094
10885
12635
14346
16012
17622
19172
20662
22082
23429
24698
25884
26986
28000
28915
29739
30465
31087
31607
32023
32332
32534
32629
32614
32491
32261
31923
31482
30933
30283
29535
28685
27741
26707
25582
24373
23084
21715
20279
18774
17204
15578
13905
12181
10417
8619
6794
4945
3078
1203
-674
-2551
-4421
-6277
-8108
-9914
-11690
-13425
-15111
-16754
-18338
-19860
-21320
-22706
-24019
-25250
-26399
-27460
-28431
-29305
-30085
-30764
-31339
-31813
-32180
-32439
-32594
-32639
-32574
-32404
-32125
-31739
-31249
-30653
-29957
-29164
-28271
-27285
-26210
-25045
-23799
-22474
-21074
-19606
-18071
-16476
-14825
-13130
-11387
-9607
-7795
-5960
-4101
-2230
-351
1525
3399
5263
7110
8928
10721
12480
14195
15861
17478
19036
20530
21956
23309
24586
25782
26889
27909
28837
29669
30402
31035
31564
31990
32308
32519
32625
32620
32506
32288
31958
31525
30990
30346
29605
28768
27830
26803
25688
24486
23205
21845
20410
18914
17350
15729
14057
12340
10579
8784
6959
5114
3251
1374
-505
-2380
-4251
-6108
-7944
-9750
-11528
-13267
-14962
-16605
-18196
-19725
-21191
-22583
-23902
-25142
-26299
-27366
-28346
-29230
-30018
-30706
-31291
-31773
-32152
-32420
-32584
-32640
-32585
-32423
-32155
-31778
-31297
-30714
-30025
-29239
-28355
-27378
-26310
-25155
-23915
-22599
-21205
-19740
-18211
-16624
-14979
-13285
-11545
-9771
-7962
-6125
-4269
-2401
-523
1356
3229
5094
6941
8766
10559
12319
14040
15713
17332
18896
20396
21830
23189
24472
25676
26793
27819
28758
29597
30340
30982
31520
31954
32285
32504
32619
32626
32521
32311
31994
31569
31041
30410
29677
28846
27919
26901
25793
24598
23322
21972
20545
19051
17494
15880
14212
12496
10739
8949
7128
5282
3418
1546
-332
-2211
-4083
-5938
-7777
-9589
-11370
-13110
-14808
-16459
-18056
-19588
-21059
-22460
-23786
-25031
-26198
-27275
-28261
-29154
-29950
-30647
-31243
-31733
-32121
-32402
-32573
-32638
-32595
-32441
-32183
-31818
-31345
-30770
-30092
-29314
-28440
-27470
-26412
-25264
-24031
-22719
-21337
-19877
-18354
-16771
-15131
-13442
-11707
-9932
-8129
-6295
-4440
-2570
-696
1184
3060
4926
6773
8600
10399
12163
13885
15562
17188
18759
20261
21701
23071
24360
25568
26696
27731
28676
29526
30276
30927
31477
31919
32258
32490
32613
32629
32536
32334
32027
31613
31093
30471
29747
28926
28009
26997
25896
24713
23442
22096
20679
19190
17638
16029
14366
12655
10902
9112
7295
5451
3589
1715
-161
-2040
-3912
-5772
-7609
-9425
-11209
-12955
-14656
-16311
-17911
-19453
-20927
-22335
-23669
-24923
-26094
-27181
-28174
-29076
-29882
-30588
-31193
-31694
-32089
-32381
-32562
-32636
-32604
-32460
-32210
-31856
-31392
-30826
-30159
-29388
-28524
-27564
-26511
-25370
-24149
-22843
-21463
-20011
-18496
-16917
-15282
-13595
-11867
-10096
-8292
-6461
-4610
-2742
-864
1015
2888
4756
6608
8436
10236
12003
13732
15411
17042
18616
20130
21573
22948
24246
25463
26595
27640
28593
29452
30212
30871
31431
31884
32231
32474
32607
32631
32550
32358
32059
31655
31144
30532
29819
29004
28095
27094
26001
24821
23562
22222
20809
19327
17782
16178
14518
12810
11064
9277
7459
5618
3760
1887
7
-1871
-3742
-5603
-7444
-9262
-11047
-12796
-14504
-16165
-17767
-19315
-20798
-22211
-23550
-24812
-25992
-27086
-28087
-28998
-29814
-30528
-31141
-31653
-32058
-32358
-32551
-32634
-32610
-32479
-32237
-31891
-31439
-30881
-30223
-29464
-28605
-27655
-26611
-25478
-24261
-22966
-21592
-20147
-18635
-17064
-15433
-13752
-12023
-10259
-8458
-6629
-4778
-2913
-1036
842
2720
4586
6439
8270
10075
11844
13575
15262
16898
18474
19994
21446
22827
24131
25355
26497
27550
28510
29377
30149
30817
31383
31849
32204
32455
32600
32633
32560
32381
32090
31696
31195
30591
29887
29082
28181
27188
26104
24932
23679
22346
20941
19466
17924
16323
14673
12969
11222
9442
7628
5788
3928
2058
180
-1700
-3573
-5433
-7277
-9097
-10888
-12638
-14349
-16015
-17625
-19175
-20665
-22085
-23432
-24701
-25887
-26989
-28003
-28918
-29742
-30468
-31090
-31610
-32026
-32335
-32537
-32632
-32617
-32494
-32264
-31926
-31485
-30936
-30286
-29538
-28688
-27744
-26710
-25585
-24376
-23087
-21718
-20282
-18777
-17207
-15581
-13908
-12184
-10420
-8622
-6797
-4948
-3081
-1206
671
2549
4418
6274
8105
9911
11687
13422
15108
16751
18335
19860
21318
22703
24016
25247
26396
27457
28428
29302
30082
30761
31337
31810
32177
32436
32591
32636
32571
32401
32122
31736
31246
30650
29954
29161
28268
27282
26207
25042
23796
22471
21071
19603
18068
16473
14822
13127
11384
9604
7792
5957
4098
2227
348
-1528
-3402
-5266
-7113
-8931
-10724
-12483
-14198
-15864
-17481
-19039
-20533
-21959
-23312
-24589
-25785
-26892
-27912
-28840
-29672
-30405
-31038
-31567
-31993
-32311
-32522
-32628
-32623
-32509
-32291
-31961
-31528
-30992
-30349
-29608
-28771
-27833
-26806
-25691
-24489
-23207
-21848
-20413
-18917
-17353
-15732
-14060
-12343
-10582
-8787
-6962
-5117
-3254
-1377
502
2377
4248
6105
7941
9747
11525
13264
14959
16602
18193
19722
21188
22580
23899
25139
26296
27363
28343
29227
30015
30703
31288
31770
32149
32417
32581
32637
32582
32420
32152
31775
31294
30711
30022
29236
28352
27375
26307
25152
23912
22596
21202
19737
18208
16621
14976
13282
11542
9768
7959
6122
4266
2399
520
-1359
-3232
-5097
-6944
-8769
-10562
-12322
-14043
-15716
-17335
-18899
-20399
-21833
-23192
-24475
-25679
-26796
-27822
-28761
-29600
-30343
-30985
-31523
-31957
-32288
-32507
-32622
-32629
-32524
-32314
-31997
-31572
-31044
-30413
-29680
-28849
-27922
-26904
-25796
-24601
-23325
-21975
-20548
-19054
-17497
-15883
-14215
-12499
-10742
-8952
-7131
-5285
-3421
-1549
329
2208
4080
5935
7774
9586
11367
13107
14805
16456
18053
19586
21056
22457
23783
25028
26195
27272
28258
29152
29947
30644
31240
31730
32118
32399
32570
32635
32592
32438
32180
31815
31342
30767
30090
29311
28437
27467
26409
25261
24028
22716
21334
19875
18351
16768
15128
13439
11704
9929
8126
6292
4437
2567
693
-1187
-3063
-4929
-6776
-8603
-10402
-12166
-13888
-15565
-17191
-18762
-20264
-21704
-23074
-24363
-25571
-26699
-27734
-28679
-29529
-30279
-30930
-31480
-31922
-32261
-32493
-32616
-32632
-32539
-32337
-32030
-31616
-31096
-30474
-29750
-28929
-28012
-27000
-25899
-24715
-23445
-22099
-20682
-19193
-17641
-16032
-14369
-12658
-10905
-9115
-7298
-5454
-3592
-1718
158
2037
3909
5769
7606
9422
11206
12952
14653
16308
17908
19451
20924
22332
23666
24920
26091
27178
28171
29073
29879
30585
31190
31691
32086
32378
32559
32633
32601
32457
32207
31853
31389
30823
30156
29385
28521
27561
26508
25367
24146
22840
21460
20009
18493
16914
15279
13592
11864
10093
8289
6458
4607
2739
861
-1018
-2891
-4759
-6611
-8439
-10238
-12006
-13735
-15414
-17045
-18619
-20133
-21576
-22950
-24249
-25466
-26598
-27643
-28596
-29455
-30215
-30874
-31434
-31887
-32234
-32477
-32610
-32634
-32553
-32361
-32062
-31658
-31147
-30535
-29822
-29007
-28098
-27097
-26004
-24824
-23565
-22225
-20812
-19330
-17785
-16181
-14521
-12813
-11067
-9280
-7462
-5621
-3763
-1890
-10
1868
3739
5600
7441
9259
11044
12793
14501
16162
17764
19312
20795
22208
23547
24809
25989
27083
28084
28995
29811
30525
31138
31650
32055
32355
32549
32631
32607
32476
32234
31888
31436
30878
30220
29461
28602
27652
26608
25475
24258
22963
21589
20145
18632
17061
15430
13749
12020
10256
8455
6626
4775
2910
1033
-845
-2723
-4589
-6442
-8273
-10078
-11847
-13578
-15265
-16901
-18477
-19996
-21449
-22829
-24134
-25358
-26500
-27553
-28513
-29380
-30152
-30820
-31386
-31852
-32207
-32458
-32603
-32636
-32563
-32384
-32093
-31699
-31198
-30594
-29890
-29085
-28184
-27191
-26107
-24935
-23682
-22349
-20944
-19468
-17927
-16326
-14675
-12972
-11225
-9445
-7631
-5791
-3931
-2061
-183
1697
3570
5430
7274
9094
10885
12635
14346
16012
17622
19172
20662
22082
23429
24698
25884
26986
28000
28915
29739
30465
31087
31607
32023
32332
32534
32629
32614
32491
32261
31923
31482
30933
30283
29535
28685
27741
26707
25582
24373
23084
21715
20279
18774
17204
15578
13905
12181
10417
8619
6794
4945
3078
1203
-674
-2551
-4421
-6277
-8108
-9914
-11690
-13425
-15111
-16754
-18338
-19862
-21320
-22706
-24019
-25250
-26399
-27460
-28431
-29305
-30085
-30764
-31339
-31813
-32180
-32439
-32594
-32639
-32574
-32404
-32125
-31739
-31249
-30653
-29957
-29164
-28271
-27285
-26210
-25045
-23799
-22474
-21074
-19606
-18071
-16476
-14825
-13130
-11387
-9607
-7795
-5960
-4101
-2230
-351
1525
3399
5263
7110
8928
10721
12480
14195
15861
17478
19036
20530
21956
23309
24586
25782
26889
27909
28837
29669
30402
31035
31564
31990
32308
32519
32625
32620
32506
32288
31958
31525
30990
30346
29605
28768
27830
26803
25688
24486
23205
21845
20410
18914
17350
15729
14057
12340
10579
8784
6959
5114
3251
1374
-505
-2380
-4251
-6108
-7944
-9750
-11528
-13267
-14962
-16605
-18196
-19725
-21191
-22583
-23902
-25142
-26299
-27366
-28346
-29230
-30018
-30706
-31291
-31773
-32152
-32420
-32584
-32640
-32585
-32423
-32155
-31778
-31297
-30714
-30025
-29239
-28355
-27378
-26310
-25155
-23915
-22599
-21205
-19740
-18211
-16624
-14979
-13285
-11545
-9771
-7962
-6125
-4269
-2401
-523
1356
3229
5094
6941
8766
10559
12319
14040
15713
17332
18896
20396
21830
23189
24472
25676
26793
27819
28758
29597
30340
30982
31520
31954
32285
32504
32619
32626
32521
32311
31994
31569
31041
30410
29677
28846
27919
26901
25793
24598
23322
21972
20545
19051
17494
15880
14212
12496
10739
8949
7128
5282
3418
1546
-332
-2211
-4083
-5938
-7777
-9589
-11370
-13110
-14808
-16459
-18056
-19588
-21059
-22460
-23786
-25031
-26198
-27275
-28261
-29154
-29950
-30647
-31243
-31733
-32121
-32402
-32573
-32638
-32595
-32441
-32183
-31818
-31345
-30770
-30092
-29314
-28440
-27470
-26412
-25264
-24031
-22719
-21337
-19877
-18354
-16771
-15131
-13442
-11707
-9932
-8129
-6295
-4440
-2570
-696
1184
3060
4926
6773
8600
10399
12163
13885
15562
17188
18759
20261
21701
23071
24360
25568
26696
27731
28676
29526
30276
30927
31477
31919
32258
32490
32613
32629
32536
32334
32027
31613
31093
30471
29747
28926
28009
26997
25896
24713
23442
22096
20679
19190
17638
16029
14366
12655
10902
9112
7295
5451
3589
1715
-161
-2040
-3912
-5772
-7609
-9425
-11209
-12955
-14656
-16311
-17911
-19453
-20927
-22335
-23669
-24923
-26094
-27181
-28174
-29076
-29882
-30588
-31193
-31694
-32089
-32381
-32562
-32636
-32604
-32460
-32210
-31856
-31392
-30826
-30159
-29388
-28524
-27564
-26511
-25370
-24149
-22843
-21463
-20011
-18496
-16917
-15282
-13595
-11867
-10096
-8292
-6461
-4610
-2742
-864
1015
2888
4756
6608
8436
10236
12003
13732
15411
17042
18616
20130
21573
22948
24246
25463
26595
27640
28593
29452
30212
30871
31431
31884
32231
32474
32607
32631
32550
32358
32059
31655
31144
30532
29819
29004
28095
27094
26001
24821
23562
22222
20809
19327
17782
16178
14518
12810
11064
9277
7459
5618
3760
1887
7
-1871
-3742
-5603
-7444
-9262
-11047
-12796
-14504
-16165
-17767
-19315
-20798
-22211
-23550
-24812
-25992
-27086
-28087
-28998
-29814
-30528
-31141
-31653
-32058
-32358
-32551
-32634
-32610
-32479
-32237
-31891
-31439
-30881
-30223
-29464
-28605
-27655
-26611
-25478
-24261
-22966
-21592
-20147
-18635
-17064
-15433
-13752
-12023
-10259
-8458
-6629
-4778
-2913
-1036
842
2720
4586
6439
8270
10075
11844
13575
15262
16898
18474
19994
21446
22827
24131
25355
26497
27550
28510
29377
30149
30817
31383
31849
32204
32455
32600
32633
32560
32381
32090
31696
31195
30591
29887
29082
28181
27188
26104
24932
23679
22346
20941
19466
17924
16323
14673
12969
11222
9442
7628
5788
3928
2058
180
-1700
-3573
-5433
-7277
-9097
-10888
-12638
-14349
-16015
-17625
-19175
-20665
-22085
-23432
-24701
-25887
-26989
-28003
-28918
-29742
-30468
-31090
-31610
-32026
-32335
-32537
-32632
-32617
-32494
-32264
-31926
-31485
-30936
-30286
-29538
-28688
-27744
-26710
-25585
-24376
-23087
-21718
-20282
-18777
-17207
-15581
-13908
-12184
-10420
-8622
-6797
-4948
-3081
-1206
671
2549
4418
6274
8105
9911
11687
13422
15108
16751
18335
19860
21318
22703
24016
25247
26396
27457
28428
29302
30082
30761
31337
31810
32177
32436
32591
32636
32571
32401
32122
31736
31246
30650
29954
29161
28268
27282
26207
25042
23796
22471
21071
19603
18068
16473
14822
13127
11384
9604
7792
5957
4098
2227
348
-1528
-3402
-5266
-7113
-8931
-10724
-12483
-14198
-15864
-17481
-19039
-20533
-21959
-23312
-24589
-25785
-26892
-27912
-28840
-29672
-30405
-31038
-31567
-31993
-32311
-32522
-32628
-32623
-32509
-32291
-31961
-31528
-30992
-30349
-29608
-28771
-27833
-26806
-25691
-24489
-23207
-21848
-20413
-18917
-17353
-15732
-14060
-12343
-10582
-8787
-6962
-5117
-3254
-1377
502
2377
4248
6105
7941
9747
11525
13264
14959
16602
18193
19722
21188
22580
23899
25139
26296
27363
28343
29227
30015
30703
31288
31770
32149
32417
32581
32637
32582
32420
32152
31775
31294
30711
30022
29236
28352
27375
26307
25152
23912
22596
21202
19737
18208
16621
14976
13282
11542
9768
7959
6122
4266
2399
520
-1359
-3232
-5097
-6944
-8769
-10562
-12322
-14043
-15716
-17335
-18899
-20399
-21833
-23192
-24475
-25679
-26796
-27822
-28761
-29600
-30343
-30985
-31523
-31957
-32288
-32507
-32622
-32629
-32524
-32314
-31997
-31572
-31044
-30413
-29680
-28849
-27922
-26904
-25796
-24601
-23325
-21975
-20548
-19054
-17497
-15883
-14215
-12499
-10742
-8952
-7131
-5285
-3421
-1549
329
2208
4080
5935
7774
9586
11367
13107
14805
16456
18053
19586
21056
22457
23783
25028
26195
27272
28258
29152
29947
30644
31241
31730
32118
32399
32570
32635
32592
32438
32180
31815
31342
30767
30090
29311
28437
27467
26409
25261
24028
22716
21334
19875
18351
16768
15128
13439
11704
9929
8126
6292
4437
2567
693
-1187
-3063
-4929
-6776
-8603
-10402
-12166
-13888
-15565
-17191
-18762
-20264
-21704
-23074
-24363
-25571
-26699
-27734
-28679
-29529
-30279
-30930
-31480
-31922
-32261
-32493
-32616
-32632
-32539
-32337
-32030
-31616
-31096
-30474
-29750
-28929
-28012
-27000
-25899
-24715
-23445
-22099
-20680
-19193
-17641
-16032
-14369
-12658
-10905
-9115
-7298
-5454
-3592
-1718
158
2037
3909
5769
7606
9422
11206
12952
14653
16308
17908
19451
20924
22332
23666
24920
26091
27178
28171
29073
29879
30585
31190
31691
32086
32378
32559
32633
32601
32457
32207
31853
31389
30823
30156
29385
28521
27561
26508
25367
24146
22840
21460
20009
18493
16914
15279
13592
11864
10093
8289
6458
4607
2739
861
-1018
-2891
-4759
-6611
-8439
-10238
-12006
-13735
-15417
-17045
-18619
-20133
-21576
-22950
-24249
-25466
-26598
-27643
-28596
-29455
-30215
-30874
-31434
-31887
-32234
-32477
-32610
-32634
-32553
-32361
-32062
-31658
-31147
-30535
-29822
-29007
-28098
-27097
-26004
-24824
-23565
-22225
-20812
-19330
-17785
-16181
-14521
-12813
-11067
-9280
-7462
-5621
-3763
-1890
-10
1868
3739
5600
7441
9259
11044
12793
14501
16162
17764
19312
20795
22208
23547
24809
25989
27083
28084
28995
29811
30525
31138
31650
32055
32355
32549
32631
32607
32476
32234
31888
31436
30878
30220
29461
28602
27652
26608
25475
24258
22963
21589
20145
18632
17061
15430
13749
12020
10256
8455
6626
4775
2910
1033
-845
-2723
-4589
-6442
-8273
-10078
-11847
-13578
-15265
-16901
-18477
-19996
-21449
-22829
-24134
-25358
-26500
-27553
-28513
-29380
-30152
-30820
-31386
-31852
-32207
-32458
-32603
-32636
-32563
-32384
-32093
-31699
-31198
-30594
-29890
-29085
-28184
-27191
-26107
-24935
-23682
-22349
-20944
-19468
-17927
-16326
-14675
-12972
-11225
-9442
-7631
-5791
-3931
-2061
-183
1697
3570
5430
7274
9094
10885
12635
14346
16012
17622
19172
20662
22082
23429
24698
25884
26986
28000
28915
29739
30465
31087
31607
32023
32332
32534
32629
32614
32491
32261
31923
31482
30933
30283
29535
28685
27741
26707
25582
24373
23084
21715
20279
18774
17204
15578
13905
12181
10417
8619
6794
4945
3078
1203
-674
-2551
-4421
-6277
-8108
-9914
-11690
-13425
-15111
-16754
-18338
-19862
-21320
-22706
-24019
-25252
-26399
-27460
-28431
-29305
-30085
-30764
-31339
-31813
-32180
-32439
-32594
-32639
-32574
-32404
-32125
-31739
-31249
-30653
-29957
-29164
-28271
-27285
-26210
-25045
-23799
-22474
-21074
-19606
-18071
-16476
-14825
-13130
-11387
-9607
-7795
-5960
-4101
-2230
-351
1525
3399
5263
7110
8928
10721
12480
14195
15861
17478
19036
20530
21956
23309
24586
25782
26889
27909
28837
29669
30402
31035
31564
31990
32308
32519
32625
32620
32506
32288
31958
31525
30990
30346
29605
28767
27830
26803
25688
24486
23205
21845
20410
18914
17350
15729
14057
12340
10579
8784
6959
5114
3251
1374
-505
-2380
-4251
-6108
-7944
-9750
-11528
-13267
-14962
-16605
-18196
-19725
-21191
-22583
-23902
-25142
-26299
-27366
-28346
-29230
-30018
-30706
-31291
-31773
-32152
-32420
-32584
-32640
-32585
-32423
-32155
-31778
-31297
-30714
-30025
-29239
-28355
-27378
-26310
-25155
-23915
-22599
-21205
-19740
-18211
-16624
-14979
-13285
-11545
-9771
-7962
-6125
-4269
-2401
-523
1356
3232
5094
6941
8766
10559
12319
14040
15713
17332
18896
20396
21830
23189
24472
25676
26793
27819
28758
29597
30340
30982
31520
31954
32285
32504
32619
32626
32521
32311
31994
31569
31041
30410
29677
28846
27919
26901
25793
24598
23322
21972
20545
19051
17494
15880
14212
12496
10739
8949
7128
5282
3418
1546
-332
-2211
-4083
-5938
-7777
-9589
-11370
-13110
-14808
-16459
-18056
-19588
-21059
-22460
-23786
-25031
-26198
-27275
-28261
-29154
-29950
-30647
-31244
-31733
-32121
-32402
-32573
-32638
-32595
-32441
-32183
-31818
-31345
-30770
-30092
-29314
-28440
-27470
-26412
-25264
-24031
-22719
-21337
-19877
-18354
-16771
-15131
-13442
-11707
-9932
-8129
-6295
-4440
-2570
-696
1184
3060
4926
6773
8600
10399
12163
13885
15562
17188
18759
20261
21701
23071
24360
25568
26696
27731
28676
29526
30276
30927
31477
31919
32258
32490
32613
32629
32536
32334
32027
31613
31093
30471
29747
28926
28009
26997
25896
24713
23442
22096
20677
19190
17638
16029
14366
12655
10902
9112
7295
5451
3589
1715
-161
-2040
-3912
-5772
-7609
-9425
-11209
-12955
-14656
-16311
-17911
-19453
-20927
-22335
-23669
-24923
-26094
-27181
-28174
-29076
-29882
-30588
-31193
-31694
-32089
-32381
-32562
-32636
-32604
-32460
-32210
-31856
-31392
-30826
-30159
-29388
-28524
-27564
-26511
-25370
-24149
-22843
-21463
-20011
-18496
-16917
-15282
-13595
-11867
-10096
-8292
-6461
-4610
-2742
-864
1015
2888
4756
6608
8436
10236
12003
13732
15414
17042
18616
20130
21573
22948
24246
25463
26595
27640
28593
29452
30212
30871
31431
31884
32231
32474
32607
32631
32550
32358
32059
31655
31144
30532
29819
29004
28095
27094
26001
24821
23562
22222
20809
19327
17782
16178
14518
12810
11064
9277
7459
5618
3760
1887
7
-1871
-3742
-5603
-7444
-9262
-11047
-12796
-14504
-16165
-17767
-19315
-20798
-22211
-23550
-24812
-25992
-27086
-28087
-28998
-29814
-30528
-31141
-31653
-32058
-32358
-32551
-32634
-32610
-32479
-32237
-31891
-31439
-30881
-30223
-29464
-28605
-27655
-26611
-25478
-24261
-22966
-21592
-20147
-18635
-17064
-15433
-13752
-12023
-10259
-8458
-6629
-4778
-2913
-1036
842
2720
4586
6439
8270
10075
11844
13575
15262
16898
18474
19994
21446
22827
24131
25355
26497
27550
28510
29377
30149
30817
31383
31849
32204
32455
32600
32633
32560
32381
32090
31696
31195
30591
29887
29082
28181
27188
26104
24932
23679
22346
20941
19466
17924
16323
14673
12969
11222
9439
7628
5788
3928
2058
180
-1700
-3573
-5433
-7277
-9097
-10888
-12638
-14349
-16015
-17625
-19175
-20665
-22085
-23432
-24701
-25887
-26989
-28003
-28918
-29742
-30468
-31090
-31610
-32026
-32335
-32537
-32632
-32617
-32494
-32264
-31926
-31485
-30936
-30286
-29538
-28688
-27744
-26710
-25585
-24376
-23087
-21718
-20282
-18777
-17207
-15581
-13908
-12184
-10420
-8622
-6797
-4948
-3081
-1206
671
2549
4418
6274
8105
9911
11687
13422
15108
16751
18335
19860
21318
22703
24016
25249
26396
27457
28428
29302
30082
30761
31337
31810
32177
32436
32591
32636
32571
32401
32122
31736
31246
30650
29954
29161
28268
27282
26207
25042
23796
22471
21071
19603
18068
16473
14822
13127
11384
9604
7792
5957
4098
2227
348
-1528
-3402
-5266
-7113
-8931
-10724
-12483
-14198
-15864
-17481
-19039
-20533
-21959
-23312
-24589
-25785
-26892
-27912
-28840
-29672
-30405
-31038
-31567
-31993
-32311
-32522
-32628
-32623
-32509
-32291
-31961
-31528
-30992
-30349
-29608
-28770
-27833
-26806
-25691
-24489
-23207
-21848
-20413
-18917
-17353
-15732
-14060
-12343
-10582
-8787
-6962
-5117
-3254
-1377
502
2377
4248
6105
7941
9747
11525
13264
14959
16602
18193
19722
21188
22580
23899
25139
26296
27363
28343
29227
30015
30703
31288
31770
32149
32417
32581
32637
32582
32420
32152
31775
31294
30711
30022
29236
28352
27375
26307
25152
23912
22596
21202
19737
18208
16621
14976
13282
11542
9768
7959
6122
4266
2399
520
-1359
-3235
-5097
-6944
-8769
-10562
-12322
-14043
-15716
-17335
-18899
-20399
-21833
-23192
-24475
-25679
-26796
-27822
-28761
-29600
-30343
-30985
-31523
-31957
-32288
-32507
-32622
-32629
-32524
-32314
-31997
-31572
-31044
-30413
-29680
-28849
-27922
-26904
-25796
-24601
-23325
-21975
-20548
-19054
-17497
-15883
-14215
-12499
-10742
-8952
-7131
-5285
-3421
-1549
329
2208
4080
5935
7774
9586
11367
13107
14805
16456
18053
19586
21056
22457
23783
25028
26195
27272
28258
29152
29947
30644
31241
31730
32118
32399
32570
32635
32592
32438
32180
31815
31342
30767
30090
29311
28437
27467
26409
25261
24028
22716
21334
19875
18351
16768
15128
13439
11704
9929
8126
6292
4437
2567
693
-1187
-3063
-4929
-6776
-8603
-10402
-12166
-13888
-15565
-17191
-18762
-20264
-21704
-23074
-24363
-25571
-26699
-27734
-28679
-29529
-30279
-30930
-31480
-31922
-32261
-32493
-32616
-32632
-32539
-32337
-32030
-31616
-31096
-30474
-29750
-28929
-28012
-27000
-25899
-24715
-23445
-22099
-20680
-19193
-17641
-16032
-14369
-12658
-10905
-9115
-7298
-5454
-3592
-1718
158
2037
3909
5769
7606
9422
11206
12952
14653
16308
17908
19451
20924
22332
23666
24920
26091
27178
28171
29073
29879
30585
31190
31691
32086
32378
32559
32633
32601
32457
32207
31853
31389
30823
30156
29385
28521
27561
26508
25367
24146
22840
21460
20009
18493
16914
15279
13592
11864
10093
8289
6458
4607
2739
861
-1018
-2891
-4759
-6611
-8439
-10238
-12006
-13735
-15417
-17045
-18619
-20133
-21576
-22950
-24249
-25466
-26598
-27643
-28596
-29455
-30215
-30874
-31434
-31887
-32234
-32477
-32610
-32634
-32553
-32361
-32062
-31658
-31147
-30535
-29822
-29007
-28098
-27097
-26004
-24824
-23565
-22225
-20812
-19330
-17785
-16181
-14521
-12813
-11067
-9280
-7462
-5621
-3763
-1890
-10
1868
3739
5600
7441
9259
11044
12793
14501
16162
17764
19312
20795
22208
23547
24809
25989
27083
28084
28995
29811
30525
31138
31650
32055
32355
32549
32631
32607
32476
32234
31888
31436
30878
30220
29461
28602
27652
26608
25475
24258
22963
21589
20145
18632
17061
15430
13749
12020
10256
8455
6626
4775
2910
1033
-845
-2723
-4589
-6442
-8273
-10078
-11847
-13578
-15265
-16901
-18477
-19996
-21449
-22829
-24134
-25358
-26500
-27553
-28513
-29380
-30152
-30820
-31386
-31852
-32207
-32458
-32603
-32636
-32563
-32384
-32093
-31699
-31198
-30594
-29890
-29085
-28184
-27191
-26107
-24935
-23682
-22349
-20944
-19468
-17927
-16326
-14675
-12972
-11225
-9442
-7631
-5791
-3931
-2061
-183
1697
3570
5430
7274
9094
10885
12635
14346
16012
17622
19172
20662
22082
23429
24698
25884
26986
28000
28915
29739
30465
31087
31607
32023
32332
32534
32629
32614
32491
32261
31923
31482
30933
30283
29535
28685
27741
26707
25582
24373
23084
21715
20279
18774
17204
15578
13905
12181
10417
8619
6794
4945
3078
1203
-674
-2551
-4421
-6277
-8108
-9914
-11690
-13425
-15111
-16754
-18338
-19862
-21320
-22706
-24019
-25252
-26399
-27460
-28431
-29305
-30085
-30764
-31339
-31813
-32180
-32439
-32594
-32639
-32574
-32404
-32125
-31739
-31249
-30653
-29957
-29164
-28271
-27285
-26210
-25045
-23799
-22474
-21074
-19606
-18071
-16476
-14825
-13130
-11387
-9607
-7795
-5960
-4101
-2230
-351
1525
3399
5263
7110
8928
10721
12480
14195
15861
17478
19036
20530
21956
23309
24586
25782
26889
27909
28837
29669
30402
31035
31564
31990
32308
32519
32625
32620
32506
32288
31958
31525
30990
30346
29605
28767
27830
26803
25688
24486
23205
21845
20410
18914
17350
15729
14057
12340
10579
8784
6959
5114
3251
1374
-505
-2380
-4251
-6108
-7944
-9750
-11528
-13267
-14962
-16605
-18196
-19725
-21191
-22583
-23902
-25142
-26299
-27366
-28346
-29230
-30018
-30706
-31291
-31773
-32152
-32420
-32584
-32640
-32585
-32423
-32155
-31778
-31297
-30714
-30025
-29239
-28355
-27378
-26310
-25155
-23915
-22599
-21205
-19740
-18211
-16624
-14979
-13285
-11545
-9771
-7962
-6125
-4269
-2401
-523
1356
3232
5094
6941
8766
10559
12319
14040
15713
17332
18896
20396
21830
23189
24472
25676
26793
27819
28758
29597
30340
30982
31520
31954
32285
32504
32619
32626
32521
32311
31994
31569
31041
30410
29677
28846
27919
26901
25793
24598
23322
21972
20545
19051
17494
15880
14212
12496
10739
8949
7128
5282
3418
1546
-332
-2211
-4083
-5938
-7777
-9589
-11370
-13110
-14808
-16459
-18056
-19588
-21059
-22460
-23786
-25031
-26198
-27275
-28261
-29154
-29950
-30647
-31244
-31733
-32121
-32402
-32573
-32638
-32595
-32441
-32183
-31818
-31345
-30770
-30092
-29314
-28440
-27470
-26412
-25264
-24031
-22719
-21337
-19877
-18354
-16771
-15131
-13442
-11707
-9932
-8129
-6295
-4440
-2570
-696
1184
3060
4926
6773
8600
10399
12163
13885
15562
17188
18759
20261
21701
23071
24360
25568
26696
27731
28676
29526
30276
30927
31477
31919
32258
32490
32613
32629
32536
32334
32027
31613
31093
30471
29747
28926
28009
26997
25896
24713
23442
22096
20677
19190
17638
16029
14366
12655
10902
9112
7295
5451
3589
1715
-161
-2040
-3912
-5772
-7609
-9425
-11209
-12955
-14656
-16311
-17911
-19453
-20927
-22335
-23669
-24923
-26094
-27181
-28174
-29076
-29882
-30588
-31193
-31694
-32089
-32381
-32562
-32636
-32604
-32460
-32210
-31856
-31392
-30826
-30159
-29388
-28524
-27564
-26511
-25370
-24149
-22843
-21463
-20011
-18496
-16917
-15282
-13595
-11867
-10096
-8292
-6461
-4610
-2742
-864
1015
2888
4756
6608
8436
10236
12003
13732
15414
17042
18616
20130
21575
22948
24246
25463
26595
27640
28593
29452
30212
30871
31431
31884
32231
32474
32607
32631
32550
32358
32059
31655
31144
30532
29819
29004
28095
27094
26001
24821
23562
22222
20809
19327
17782
16178
14518
12810
11064
9277
7459
5618
3760
1887
7
-1871
-3742
-5603
-7444
-9262
-11047
-12796
-14504
-16165
-17767
-19315
-20798
-22211
-23550
-24812
-25992
-27086
-28087
-28998
-29814
-30528
-31141
-31653
-32058
-32358
-32551
-32634
-32610
-32479
-32237
-31891
-31439
-30880
-30223
-29464
-28605
-27655
-26611
-25478
-24261
-22966
-21592
-20147
-18635
-17064
-15433
-13752
-12023
-10259
-8458
-6629
-4778
-2913
-1036
842
2720
4586
6439
8270
10075
11844
13575
15262
16898
18474
19994
21446
22827
24131
25355
26497
27550
28510
29377
30149
30817
31383
31849
32204
32455
32600
32633
32560
32381
32090
31696
31195
30591
29887
29082
28181
27188
26104
24932
23679
22346
20941
19466
17924
16323
14673
12969
11222
9439
7628
5788
3928
2055
180
-1700
-3573
-5433
-7277
-9097
-10888
-12638
-14349
-16015
-17625
-19175
-20665
-22085
-23432
-24701
-25887
-26989
-28003
-28918
-29742
-30468
-31090
-31610
-32026
-32335
-32537
-32632
-32617
-32494
-32264
-31926
-31485
-30936
-30286
-29538
-28688
-27744
-26710
-25585
-24376
-23087
-21718
-20282
-18777
-17207
-15581
-13908
-12184
-10420
-8622
-6797
-4948
-3081
-1206
671
2549
4418
6274
8105
9911
11687
13422
15108
16751
18335
19860
21318
22703
24016
25249
26396
27457
28428
29303
30082
30761
31337
31810
32177
32436
32591
32636
32571
32401
32122
31736
31246
30650
29954
29161
28268
27282
26207
25042
23796
22471
21071
19603
18068
16473
14822
13127
11384
9604
7792
5957
4098
2227
348
-1528
-3402
-5266
-7113
-8931
-10724
-12483
-14198
-15864
-17481
-19039
-20533
-21959
-23312
-24589
-25785
-26892
-27912
-28840
-29672
-30405
-31038
-31567
-31993
-32311
-32522
-32628
-32623
-32509
-32291
-31961
-31528
-30992
-30349
-29608
-28770
-27833
-26806
-25691
-24487
-23207
-21848
-20413
-18917
-17353
-15732
-14060
-12343
-10582
-8787
-6962
-5117
-3254
-1377
502
2377
4248
6105
7941
9747
11525
13264
14959
16602
18193
19722
21188
22580
23899
25139
26296
27363
28343
29227
30015
30703
31288
31770
32149
32417
32581
32637
32582
32420
32152
31775
31294
30711
30022
29236
28352
27375
26307
25152
23912
22596
21202
19737
18208
16621
14976
13282
11542
9768
7959
6122
4266
2399
520
-1359
-3235
-5097
-6944
-8769
-10564
-12322
-14043
-15716
-17335
-18899
-20399
-21833
-23192
-24475
-25679
-26796
-27822
-28761
-29600
-30343
-30985
-31523
-31957
-32288
-32507
-32622
-32629
-32524
-32314
-31997
-31572
-31044
-30413
-29680
-28849
-27922
-26904
-25796
-24601
-23325
-21975
-20548
-19054
-17497
-15883
-14215
-12499
-10742
-8952
-7131
-5285
-3421
-1549
329
2208
4080
5935
7774
9586
11367
13107
14805
16456
18053
19586
21056
22457
23783
25028
26195
27272
28258
29152
29947
30644
31241
31730
32118
32399
32570
32635
32592
32438
32180
31815
31342
30767
30090
29311
28437
27467
26409
25261
24028
22716
21334
19875
18351
16768
15128
13439
11704
9929
8126
6292
4437
2567
693
-1187
-3063
-4929
-6776
-8603
-10402
-12166
-13888
-15565
-17191
-18762
-20264
-21704
-23074
-24363
-25571
-26699
-27734
-28679
-29529
-30279
-30930
-31480
-31922
-32261
-32493
-32616
-32632
-32539
-32337
-32030
-31616
-31096
-30474
-29750
-28929
-28012
-27000
-25899
-24715
-23445
-22099
-20680
-19193
-17641
-16032
-14366
-12658
-10905
-9115
-7298
-5454
-3592
-1718
158
2037
3909
5769
7606
9422
11206
12952
14653
16308
17908
19451
20924
22332
23666
24920
26091
27178
28171
29073
29879
30585
31190
31691
32086
32378
32559
32633
32601
32457
32207
31853
31389
30823
30156
29385
28521
27561
26508
25367
24146
22840
21460
20009
18493
16914
15279
13592
11864
10093
8289
6458
4607
2739
861
-1018
-2891
-4759
-6611
-8439
-10238
-12006
-13735
-15417
-17045
-18619
-20133
-21578
-22950
-24249
-25466
-26598
-27643
-28596
-29455
-30215
-30874
-31434
-31887
-32234
-32477
-32610
-32634
-32553
-32361
-32062
-31658
-31147
-30535
-29822
-29007
-28098
-27097
-26004
-24824
-23565
-22225
-20812
-19330
-17785
-16181
-14521
-12813
-11067
-9280
-7462
-5621
-3763
-1890
-10
1868
3739
5600
7441
9259
11044
12793
14501
16162
17764
19312
20795
22208
23547
24809
25989
27083
28084
28995
29811
30525
31138
31650
32055
32355
32549
32631
32607
32476
32234
31888
31436
30877
30220
29461
28602
27652
26608
25475
24258
22963
21589
20145
18632
17061
15430
13749
12020
10256
8455
6626
4775
2910
1033
-845
-2723
-4589
-6442
-8273
-10078
-11847
-13578
-15265
-16901
-18477
-19996
-21449
-22829
-24134
-25358
-26500
-27553
-28513
-29380
-30152
-30820
-31386
-31852
-32207
-32458
-32603
-32636
-32563
-32384
-32093
-31699
-31198
-30594
-29890
-29085
-28184
-27191
-26107
-24935
-23682
-22349
-20944
-19468
-17927
-16326
-14675
-12972
-11225
-9442
-7631
-5791
-3931
-2058
-183
1697
3570
5430
7274
9094
10885
12635
14346
16012
17622
19172
20662
22082
23429
24698
25884
26986
28000
28915
29739
30465
31087
31607
32023
32332
32534
32629
32614
32491
32261
31923
31482
30933
30283
29535
28685
27741
26707
25582
24373
23084
21715
20279
18774
17204
15578
13905
12181
10417
8619
6794
4945
3078
1203
-674
-2551
-4421
-6277
-8108
-9914
-11690
-13425
-15111
-16754
-18338
-19862
-21320
-22706
-24019
-25252
-26399
-27460
-28431
-29306
-30085
-30764
-31339
-31813
-32180
-32439
-32594
-32639
-32574
-32404
-32125
-31739
-31249
-30653
-29957
-29164
-28271
-27285
-26210
-25045
-23799
-22474
-21074
-19606
-18071
-16476
-14825
-13130
-11387
-9607
-7795
-5960
-4101
-2230
-351
1525
3399
5263
7110
8928
10721
12480
14195
15861
17478
19036
20530
21956
23309
24586
25782
26889
27909
28837
29669
30402
31035
31564
31990
32308
32519
32625
32620
32506
32288
31958
31525
30990
30346
29605
28767
27830
26803
25688
24484
23205
21845
20410
18914
17350
15729
14057
12340
10579
8784
6959
5114
3251
1374
-505
-2380
-4251
-6108
-7944
-9750
-11528
-13267
-14962
-16605
-18196
-19725
-21191
-22583
-23902
-25142
-26299
-27366
-28346
-29230
-30018
-30706
-31291
-31773
-32152
-32420
-32584
-32640
-32585
-32423
-32155
-31778
-31297
-30714
-30025
-29239
-28355
-27378
-26310
-25155
-23915
-22599
-21205
-19740
-18211
-16624
-14979
-13285
-11545
-9771
-7962
-6125
-4269
-2401
-523
1356
3232
5094
6941
8766
10561
12319
14040
15713
17332
18896
20396
21830
23189
24472
25676
26793
27819
28758
29597
30340
30982
31520
31954
32285
32504
32619
32626
32521
32311
31994
31569
31041
30410
29677
28846
27919
26901
25793
24598
23322
21972
20545
19051
17494
15880
14212
12496
10739
8949
7128
5282
3418
1546
-332
-2211
-4083
-5938
-7777
-9589
-11370
-13110
-14808
-16459
-18056
-19588
-21059
-22460
-23786
-25031
-26198
-27275
-28261
-29154
-29950
-30647
-31244
-31733
-32121
-32402
-32573
-32638
-32595
-32441
-32183
-31818
-31345
-30770
-30092
-29314
-28440
-27470
-26412
-25264
-24031
-22719
-21337
-19877
-18354
-16771
-15131
-13442
-11707
-9932
-8129
-6295
-4440
-2570
-696
1184
3060
4926
6773
8600
10399
12163
13885
15562
17188
18759
20261
21701
23071
24360
25568
26696
27731
28676
29526
30276
30927
31477
31919
32258
32490
32613
32629
32536
32334
32027
31613
31093
30471
29747
28926
28009
26997
25896
24713
23442
22096
20677
19190
17638
16029
14363
12655
10902
9112
7295
5451
3589
1715
-161
-2040
-3912
-5772
-7609
-9425
-11209
-12955
-14656
-16311
-17911
-19453
-20927
-22335
-23669
-24923
-26094
-27181
-28174
-29076
-29882
-30588
-31193
-31694
-32089
-32381
-32562
-32636
-32604
-32460
-32210
-31856
-31392
-30826
-30159
-29388
-28524
-27564
-26511
-25370
-24149
-22843
-21463
-20011
-18496
-16917
-15282
-13595
-11867
-10096
-8292
-6461
-4610
-2742
-864
1015
2888
4756
6608
8436
10236
12003
13732
15414
17042
18616
20130
21575
22948
24246
25463
26595
27640
28593
29452
30212
30871
31431
31884
32231
32474
32607
32631
32550
32358
32059
31655
31144
30532
29819
29004
28095
27094
26001
24821
23562
22222
20809
19327
17782
16178
14518
12810
11064
9277
7459
5618
3760
1887
7
-1871
-3742
-5603
-7444
-9262
-11047
-12796
-14504
-16165
-17767
-19315
-20798
-22211
-23550
-24812
-25992
-27086
-28087
-28998
-29814
-30528
-31141
-31653
-32058
-32358
-32551
-32634
-32610
-32479
-32237
-31891
-31439
-30880
-30223
-29464
-28605
-27655
-26611
-25478
-24261
-22966
-21592
-20147
-18635
-17064
-15433
-13752
-12023
-10259
-8458
-6629
-4778
-2913
-1036
842
2720
4586
6439
8270
10075
11844
13575
15262
16898
18474
19994
21446
22827
24131
25355
26497
27550
28510
29377
30149
30817
31383
31849
32204
32455
32600
32633
32560
32381
32090
31696
31195
30591
29887
29082
28181
27188
26104
24932
23679
22346
20941
19466
17924
16323
14673
12969
11222
9439
7628
5788
3928
2055
180
-1700
-3573
-5433
-7277
-9097
-10888
-12638
-14349
-16015
-17625
-19175
-20665
-22085
-23432
-24701
-25887
-26989
-28003
-28918
-29742
-30468
-31090
-31610
-32026
-32335
-32537
-32632
-32617
-32494
-32264
-31926
-31485
-30936
-30286
-29538
-28688
-27744
-26710
-25585
-24376
-23087
-21718
-20282
-18777
-17207
-15581
-13908
-12184
-10420
-8622
-6797
-4948
-3081
-1206
671
2549
4418
6274
8105
9911
11687
13422
15108
16751
18335
19860
21318
22703
24016
25249
26396
27457
28428
29303
30082
30761
31337
31810
32177
32436
32591
32636
32571
32401
32122
31736
31246
30650
29954
29161
28268
27282
26207
25042
23796
22471
21071
19603
18068
16473
14822
13127
11384
9604
7792
5957
4098
2227
348
-1528
-3402
-5266
-7113
-8931
-10724
-12483
-14198
-15864
-17481
-19039
-20533
-21959
-23312
-24589
-25785
-26892
-27912
-28840
-29672
-30405
-31038
-31567
-31993
-32311
-32522
-32628
-32623
-32509
-32291
-31961
-31528
-30992
-30349
-29608
-28770
-27833
-26806
-25691
-24487
-23207
-21848
-20413
-18917
-17353
-15732
-14060
-12343
-10582
-8787
-6962
-5117
-3254
-1377
502
2377
4248
6105
7941
9747
11525
13264
14959
16602
18193
19722
21188
22580
23899
25139
26296
27363
28343
29227
30015
30703
31288
31770
32149
32417
32581
32637
32582
32420
32152
31775
31294
30711
30022
29236
28352
27375
26307
25152
23912
22596
21202
19737
18208
16621
14976
13282
11542
9768
7959
6122
4266
2399
520
-1359
-3235
-5097
-6944
-8769
-10564
-12322
-14043
-15716
-17335
-18899
-20399
-21833
-23192
-24475
-25679
-26796
-27822
-28761
-29600
-30343
-30985
-31523
-31957
-32288
-32507
-32622
-32629
-32524
-32314
-31997
-31572
-31044
-30413
-29680
-28849
-27922
-26904
-25796
-24601
-23325
-21975
-20548
-19054
-17497
-15883
-14215
-12499
-10742
-8952
-7131
-5285
-3421
-1549
329
2208
4080
5935
7774
9586
11367
13107
14805
16456
18053
19586
21056
22457
23783
25028
26195
27272
28258
29152
29947
30644
31241
31730
32118
32399
32570
32635
32592
32438
32180
31815
31342
30767
30090
29311
28437
27467
26409
25261
24028
22716
21334
19875
18351
16768
15128
13439
11704
9929
8126
6292
4437
2567
693
-1187
-3063
-4929
-6776
-8603
-10402
-12166
-13888
-15565
-17191
-18762
-20264
-21704
-23074
-24363
-25571
-26699
-27734
-28679
-29529
-30279
-30930
-31480
-31922
-32261
-32493
-32616
-32632
-32539
-32337
-32030
-31616
-31096
-30474
-29750
-28929
-28012
-27000
-25899
-24715
-23445
-22099
-20680
-19193
-17641
-16032
-14366
-12658
-10905
-9115
-7298
-5454
-3592
-1718
158
2037
3909
5769
7606
9422
11206
12952
14653
16308
17908
19451
20924
22332
23666
24920
26091
27178
28171
29073
29879
30585
31190
31691
32086
32378
32559
32633
32601
32457
32207
31853
31389
30823
30156
29385
28521
27561
26508
25367
24146
22840
21460
20009
18493
16914
15279
13592
11864
10093
8289
6458
4607
2739
861
-1018
-2891
-4759
-6611
-8439
-10238
-12006
-13735
-15417
-17045
-18619
-20133
-21578
-22950
-24249
-25466
-26598
-27643
-28596
-29455
-30215
-30874
-31434
-31887
-32234
-32477
-32610
-32634
-32553
-32361
-32062
-31658
-31147
-30535
-29822
-29007
-28098
-27097
-26004
-24824
-23565
-22225
-20812
-19330
-17785
-16181
-14521
-12813
-11067
-9280
-7462
-5621
-3763
-1890
-10
1868
3739
5600
7441
9259
11044
12793
14501
16162
17764
19312
20795
22208
23547
24809
25989
27083
28084
28995
29811
30525
31138
31650
32055
32355
32549
32631
32607
32476
32234
31888
31436
30877
30220
29461
28602
27650
26608
25475
24258
22963
21589
20145
18632
17061
15430
13749
12020
10256
8455
6626
4775
2910
1033
-845
-2723
-4589
-6442
-8273
-10078
-11847
-13578
-15265
-16901
-18477
-19996
-21449
-22829
-24134
-25358
-26500
-27553
-28513
-29380
-30152
-30820
-31386
-31852
-32207
-32458
-32603
-32636
-32563
-32384
-32093
-31699
-31198
-30594
-29890
-29085
-28184
-27191
-26107
-24935
-23682
-22349
-20944
-19468
-17927
-16326
-14675
-12972
-11225
-9442
-7631
-5791
-3931
-2058
-183
1697
3570
5433
7274
9094
10885
12635
14346
16012
17622
19172
20662
22082
23429
24698
25884
26986
28000
28915
29739
30465
31087
31607
32023
32332
32534
32629
32614
32491
32261
31923
31482
30933
30283
29535
28685
27741
26707
25582
24373
23084
21715
20279
18774
17204
15578
13905
12181
10417
8619
6794
4945
3078
1203
-674
-2551
-4421
-6277
-8108
-9914
-11690
-13425
-15111
-16754
-18338
-19862
-21320
-22706
-24019
-25252
-26399
-27460
-28431
-29306
-30085
-30764
-31339
-31813
-32180
-32439
-32594
-32639
-32574
-32404
-32125
-31739
-31249
-30653
-29957
-29164
-28271
-27285
-26210
-25045
-23799
-22474
-21074
-19606
-18071
-16476
-14825
-13130
-11387
-9607
-7795
-5960
-4101
-2230
-351
1525
3399
5263
7110
8928
10721
12480
14195
15861
17478
19036
20530
21956
23309
24586
25782
26889
27909
28837
29669
30402
31035
31564
31990
32308
32519
32625
32620
32506
32288
31958
31525
30990
30346
29605
28767
27830
26803
25688
24484
23205
21845
20410
18911
17350
15729
14057
12340
10579
8784
6959
5114
3251
1374
-505
-2380
-4251
-6108
-7944
-9750
-11528
-13267
-14962
-16605
-18196
-19725
-21191
-22583
-23902
-25142
-26299
-27366
-28346
-29230
-30018
-30706
-31291
-31773
-32152
-32420
-32584
-32640
-32585
-32423
-32155
-31778
-31297
-30714
-30025
-29239
-28355
-27378
-26310
-25155
-23915
-22599
-21205
-19740
-18211
-16624
-14979
-13285
-11545
-9771
-7962
-6125
-4269
-2401
-523
1356
3232
5094
6941
8766
10561
12319
14040
15713
17335
18896
20396
21830
23189
24472
25676
26793
27819
28758
29597
30340
30982
31520
31954
32285
32504
32619
32626
32521
32311
31994
31569
31041
30410
29677
28846
27919
26901
25793
24598
23322
21972
20545
19051
17494
15880
14212
12496
10739
8949
7128
5282
3418
1546
-332
-2211
-4083
-5938
-7777
-9589
-11370
-13110
-14808
-16459
-18056
-19588
-21059
-22460
-23786
-25031
-26198
-27275
-28261
-29154
-29950
-30647
-31244
-31733
-32121
-32402
-32573
-32638
-32595
-32441
-32183
-31818
-31345
-30770
-30092
-29314
-28440
-27470
-26412
-25264
-24031
-22719
-21337
-19877
-18354
-16771
-15131
-13442
-11707
-9932
-8129
-6295
-4440
-2570
-696
1184
3060
4926
6773
8600
10399
12163
13885
15562
17188
18759
20261
21701
23071
24360
25568
26696
27731
28676
29526
30276
30927
31477
31919
32258
32490
32613
32629
32536
32334
32027
31613
31093
30471
29747
28926
28009
26997
25896
24713
23442
22096
20677
19190
17638
16029
14363
12655
10902
9112
7292
5451
3589
1715
-161
-2040
-3912
-5772
-7609
-9425
-11209
-12955
-14656
-16311
-17911
-19453
-20927
-22335
-23669
-24923
-26094
-27181
-28174
-29076
-29882
-30588
-31193
-31694
-32089
-32381
-32562
-32636
-32604
-32460
-32210
-31856
-31392
-30826
-30159
-29388
-28524
-27564
-26511
-25370
-24149
-22843
-21463
-20011
-18496
-16917
-15282
-13595
-11867
-10096
-8292
-6461
-4610
-2742
-864
1015
2888
4756
6608
8436
10236
12003
13732
15414
17042
18616
20130
21575
22948
24246
25463
26597
27640
28593
29452
30212
30871
31431
31884
32231
32474
32607
32631
32550
32358
32059
31655
31144
30532
29819
29004
28095
27094
26001
24821
23562
22222
20809
19327
17782
16178
14518
12810
11064
9277
7459
5618
3760
1887
7
-1871
-3742
-5603
-7444
-9262
-11047
-12796
-14504
-16165
-17767
-19315
-20798
-22211
-23550
-24812
-25992
-27086
-28087
-28998
-29814
-30528
-31141
-31653
-32058
-32358
-32551
-32634
-32610
-32479
-32237
-31891
-31439
-30880
-30223
-29464
-28605
-27653
-26611
-25478
-24261
-22966
-21592
-20147
-18635
-17064
-15433
-13752
-12023
-10259
-8458
-6629
-4778
-2913
-1036
842
2720
4586
6439
8270
10075
11844
13575
15262
16898
18474
19994
21446
22827
24131
25355
26497
27550
28510
29377
30149
30817
31383
31849
32204
32455
32600
32633
32560
32381
32090
31696
31195
30591
29887
29082
28181
27188
26104
24932
23679
22346
20941
19466
17924
16323
14673
12969
11222
9439
7628
5788
3928
2055
180
-1700
-3573
-5436
-7277
-9097
-10888
-12638
-14349
-16015
-17625
-19175
-20665
-22085
-23432
-24701
-25887
-26989
-28003
-28918
-29742
-30468
-31090
-31610
-32026
-32335
-32537
-32632
-32617
-32494
-32264
-31926
-31485
-30936
-30286
-29538
-28688
-27744
-26710
-25585
-24376
-23087
-21718
-20282
-18777
-17207
-15581
-13908
-12184
-10420
-8622
-6797
-4948
-3081
-1206
671
2549
4418
6274
8105
9911
11687
13422
15108
16751
18335
19860
21318
22703
24016
25249
26396
27457
28428
29303
30082
30761
31337
31810
32177
32436
32591
32636
32571
32401
32122
31736
31246
30650
29954
29161
28268
27282
26207
25042
23796
22471
21071
19603
18068
16473
14822
13127
11384
9604
7792
5957
4098
2227
348
-1528
-3402
-5266
-7113
-8931
-10724
-12483
-14198
-15864
-17481
-19039
-20533
-21959
-23312
-24589
-25785
-26892
-27912
-28840
-29672
-30405
-31038
-31567
-31993
-32311
-32522
-32628
-32623
-32509
-32291
-31961
-31528
-30992
-30349
-29608
-28770
-27833
-26806
-25691
-24487
-23207
-21848
-20413
-18914
-17353
-15732
-14060
-12343
-10582
-8787
-6962
-5117
-3254
-1377
502
2377
4248
6105
7941
9747
11525
13264
14959
16602
18193
19722
21188
22580
23899
25139
26296
27363
28343
29227
30015
30703
31288
31770
32149
32417
32581
32637
32582
32420
32152
31775
31294
30711
30022
29236
28352
27375
26307
25152
23912
22596
21202
19737
18208
16621
14976
13282
11542
9768
7959
6122
4266
2399
520
-1359
-3235
-5097
-6944
-8769
-10564
-12322
-14043
-15716
-17338
-18899
-20399
-21833
-23192
-24475
-25679
-26796
-27822
-28761
-29600
-30343
-30985
-31523
-31957
-32288
-32507
-32622
-32629
-32524
-32314
-31997
-31572
-31044
-30413
-29680
-28849
-27922
-26904
-25796
-24601
-23325
-21975
-20548
-19054
-17497
-15883
-14215
-12499
-10742
-8952
-7131
-5285
-3421
-1549
329
2208
4080
5935
7774
9586
11367
13107
14805
16456
18053
19586
21056
22457
23783
25028
26195
27272
28258
29152
29947
30644
31241
31730
32118
32399
32570
32635
32592
32438
32180
31815
31342
30767
30090
29311
28437
27467
26409
25261
24028
22716
21334
19875
18351
16768
15128
13439
11704
9929
8126
6292
4437
2567
693
-1187
-3063
-4929
-6776
-8603
-10402
-12166
-13888
-15565
-17191
-18762
-20264
-21704
-23074
-24363
-25571
-26699
-27734
-28679
-29529
-30279
-30930
-31480
-31922
-32261
-32493
-32616
-32632
-32539
-32337
-32030
-31616
-31096
-30474
-29750
-28929
-28012
-27000
-25899
-24715
-23445
-22099
-20680
-19193
-17641
-16032
-14366
-12658
-10905
-9115
-7295
-5454
-3592
-1718
158
2037
3909
5769
7606
9422
11206
12952
14653
16308
17908
19451
20924
22332
23666
24920
26091
27178
28171
29073
29879
30585
31190
31691
32086
32378
32559
32633
32601
32457
32207
31853
31389
30823
30156
29385
28521
27561
26508
25367
24146
22840
21460
20009
18493
16914
15279
13592
11864
10093
8289
6458
4607
2739
861
-1018
-2891
-4759
-6611
-8439
-10238
-12006
-13735
-15417
-17045
-18619
-20133
-21578
-22950
-24249
-25466
-26600
-27643
-28596
-29455
-30215
-30874
-31434
-31887
-32234
-32477
-32610
-32634
-32553
-32361
-32062
-31658
-31147
-30535
-29822
-29007
-28098
-27097
-26004
-24824
-23565
-22225
-20812
-19330
-17785
-16181
-14521
-12813
-11067
-9280
-7462
-5621
-3763
-1890
-10
1868
3739
5600
7441
9259
11044
12793
14501
16162
17764
19312
20795
22208
23547
24809
25989
27083
28084
28995
29811
30525
31138
31650
32055
32355
32549
32631
32607
32476
32234
31888
31436
30877
30220
29461
28602
27650
26608
25475
24258
22963
21589
20145
18632
17061
15430
13749
12020
10256
8455
6626
4775
2910
1033
-845
-2723
-4589
-6442
-8273
-10078
-11847
-13578
-15265
-16901
-18477
-19996
-21449
-22829
-24134
-25358
-26500
-27553
-28513
-29380
-30152
-30820
-31386
-31852
-32207
-32458
-32603
-32636
-32563
-32384
-32093
-31699
-31198
-30594
-29890
-29085
-28184
-27191
-26107
-24935
-23682
-22349
-20944
-19468
-17927
-16326
-14675
-12972
-11225
-9442
-7631
-5791
-3931
-2058
-183
1697
3570
5433
7274
9094
10885
12635
14346
16012
17622
19172
20662
22082
23429
24698
25884
26986
28000
28915
29739
30465
31087
31607
32023
32332
32534
32629
32614
32491
32261
31923
31482
30933
30283
29535
28685
27741
26707
25582
24373
23084
21715
20279
18774
17204
15578
13905
12181
10417
8619
6794
4945
3078
1203
-674
-2551
-4421
-6277
-8108
-9914
-11690
-13425
-15111
-16754
-18338
-19862
-21320
-22706
-24019
-25252
-26399
-27460
-28431
-29306
-30085
-30764
-31339
-31813
-32180
-32439
-32594
-32639
-32574
-32404
-32125
-31739
-31249
-30653
-29957
-29164
-28271
-27285
-26210
-25045
-23799
-22474
-21074
-19606
-18071
-16476
-14825
-13130
-11387
-9607
-7795
-5960
-4101
-2230
-351
1525
3399
5263
7110
8928
10721
12480
14195
15861
17478
19036
20530
21956
23309
24586
25782
26889
27909
28837
29669
30402
31035
31564
31990
32308
32519
32625
32620
32506
32288
31958
31525
30990
30346
29605
28767
27830
26803
25688
24484
23205
21845
20410
18911
17350
15729
14057
12340
10579
8784
6959
5114
3251
1374
-505
-2380
-4251
-6108
-7944
-9750
-11528
-13267
-14962
-16605
-18196
-19725
-21191
-22583
-23902
-25142
-26299
-27366
-28346
-29230
-30018
-30706
-31291
-31773
-32152
-32420
-32584
-32640
-32585
-32423
-32155
-31778
-31297
-30714
-30025
-29239
-28355
-27378
-26310
-25155
-23915
-22599
-21205
-19740
-18211
-16624
-14979
-13285
-11545
-9771
-7962
-6125
-4269
-2401
-523
1356
3232
5094
6941
8766
10561
12319
14040
15713
17335
18896
20396
21830
23189
24472
25676
26793
27819
28758
29597
30340
30982
31520
31954
32285
32504
32619
32626
32521
32311
31994
31569
31041
30410
29677
28846
27919
26901
25793
24598
23322
21972
20545
19051
17494
15880
14212
12496
10739
8949
7128
5282
3418
1546
-332
-2211
-4083
-5938
-7777
-9589
-11370
-13110
-14808
-16459
-18056
-19588
-21059
-22460
-23786
-25031
-26198
-27275
-28261
-29154
-29950
-30647
-31244
-31733
-32121
-32402
-32573
-32638
-32595
-32441
-32183
-31818
-31345
-30770
-30092
-29314
-28440
-27470
-26412
-25264
-24031
-22719
-21337
-19877
-18354
-16771
-15131
-13442
-11707
-9932
-8129
-6295
-4440
-2570
-696
1184
3060
4926
6773
8600
10399
12163
13885
15562
17188
18759
20261
21701
23071
24360
25568
26696
27731
28676
29526
30276
30927
31477
31919
32258
32490
32613
32629
32536
32334
32027
31613
31093
30471
29747
28926
28009
26997
25896
24713
23442
22096
20677
19190
17638
16029
14363
12655
10902
9112
7292
5451
3589
1715
-161
-2040
-3912
-5772
-7609
-9425
-11209
-12955
-14656
-16311
-17911
-19453
-20927
-22335
-23669
-24923
-26094
-27181
-28174
-29076
-29882
-30588
-31193
-31694
-32089
-32381
-32562
-32636
-32604
-32460
-32210
-31856
-31392
-30826
-30159
-29388
-28524
-27564
-26511
-25370
-24149
-22843
-21463
-20011
-18496
-16917
-15282
-13595
-11867
-10096
-8292
-6461
-4610
-2742
-864
1015
2888
4756
6608
8436
10236
12003
13732
15414
17042
18616
20130
21575
22948
24246
25463
26597
27640
28593
29452
30212
30871
31431
31884
32231
32474
32607
32631
32550
32358
32059
31655
31144
30532
29819
29004
28095
27094
26001
24821
23562
22222
20809
19327
17782
16178
14518
12810
11064
9277
7459
5618
3760
1887
7
-1871
-3742
-5603
-7444
-9262
-11047
-12796
-14504
-16165
-17767
-19315
-20798
-22211
-23550
-24812
-25992
-27086
-28087
-28998
-29814
-30528
-31141
-31653
-32058
-32358
-32551
-32634
-32610
-32479
-32237
-31891
-31439
-30880
-30223
-29464
-28605
-27653
-26611
-25478
-24261
-22966
-21592
-20147
-18635
-17064
-15433
-13752
-12023
-10259
-8458
-6629
-4778
-2913
-1036
842
2720
4586
6439
8270
10075
11844
13575
15262
16898
18474
19994
21446
22827
24131
25355
26497
27550
28510
29377
30149
30817
31383
31849
32204
32455
32600
32633
32560
32381
32090
31696
31195
30591
29887
29082
28181
27188
26104
24932
23679
22346
20941
19466
17924
16323
14673
12969
11222
9439
7628
5788
3928
2055
180
-1700
-3573
-5436
-7277
-9097
-10888
-12638
-14349
-16015
-17625
-19175
-20665
-22085
-23432
-24701
-25887
-26989
-28003
-28918
-29742
-30468
-31090
-31610
-32026
-32335
-32537
-32632
-32617
-32494
-32264
-31926
-31485
-30936
-30286
-29538
-28688
-27744
-26710
-25585
-24376
-23087
-21718
-20282
-18777
-17207
-15581
-13908
-12184
-10420
-8622
-6797
-4948
-3081
-1206
671
2549
4418
6274
8105
9911
11687
13422
15108
16751
18335
19860
21318
22703
24016
25249
26396
27457
28428
29303
30082
30761
31337
31810
32177
32436
32591
32635
32571
32401
32122
31736
31246
30650
29954
29161
28268
27282
26207
25042
23796
22471
21071
19603
18068
16473
14822
13127
11384
9604
7792
5957
4098
2227
348
-1528
-3402
-5266
-7113
-8931
-10724
-12483
-14198
-15864
-17481
-19039
-20533
-21959
-23312
-24589
-25785
-26892
-27912
-28840
-29672
-30405
-31038
-31567
-31993
-32311
-32522
-32628
-32623
-32509
-32291
-31961
-31528
-30992
-30349
-29608
-28770
-27833
-26806
-25691
-24487
-23207
-21848
-20413
-18914
-17353
-15732
-14060
-12340
-10582
-8787
-6962
-5117
-3254
-1377
502
2377
4248
6105
7941
9747
11525
13264
14959
16602
18193
19722
21188
22580
23899
25139
26296
27363
28343
29227
30015
30703
31288
31770
32149
32417
32581
32637
32582
32420
32152
31775
31294
30711
30022
29236
28352
27375
26307
25152
23912
22596
21202
19737
18208
16621
14976
13282
11542
9768
7959
6122
4266
2399
520
-1359
-3235
-5097
-6944
-8769
-10564
-12322
-14043
-15716
-17338
-18899
-20399
-21833
-23194
-24475
-25679
-26796
-27822
-28761
-29600
-30343
-30985
-31523
-31957
-32288
-32507
-32622
-32629
-32524
-32314
-31997
-31572
-31044
-30413
-29680
-28849
-27922
-26904
-25796
-24601
-23325
-21975
-20548
-19054
-17497
-15883
-14215
-12499
-10742
-8952
-7131
-5285
-3421
-1549
329
2208
4080
5935
7774
9586
11367
13107
14805
16456
18053
19586
21056
22457
23783
25028
26195
27272
28258
29152
29947
30644
31241
31730
32118
32399
32570
32635
32592
32438
32180
31815
31342
30767
30089
29311
28437
27467
26409
25261
24028
22716
21334
19875
18351
16768
15128
13439
11704
9929
8126
6292
4437
2567
693
-1187
-3063
-4929
-6776
-8603
-10402
-12166
-13888
-15565
-17191
-18762
-20264
-21704
-23074
-24363
-25571
-26699
-27734
-28679
-29529
-30279
-30930
-31480
-31922
-32261
-32493
-32616
-32632
-32539
-32337
-32030
-31616
-31096
-30474
-29750
-28929
-28012
-27000
-25899
-24715
-23445
-22099
-20680
-19193
-17641
-16032
-14366
-12658
-10905
-9115
-7295
-5454
-3592
-1718
161
2037
3909
5769
7606
9422
11206
12952
14653
16308
17908
19451
20924
22332
23666
24920
26091
27178
28171
29073
29879
30585
31190
31691
32086
32378
32559
32633
32601
32457
32207
31853
31389
30823
30156
29385
28521
27561
26508
25367
24146
22840
21460
20009
18493
16914
15279
13592
11864
10093
8289
6458
4607
2739
861
-1018
-2891
-4759
-6611
-8439
-10238
-12006
-13735
-15417
-17045
-18619
-20133
-21578
-22950
-24249
-25466
-26600
-27643
-28596
-29455
-30216
-30874
-31434
-31887
-32234
-32477
-32610
-32634
-32553
-32361
-32062
-31658
-31147
-30535
-29822
-29007
-28098
-27097
-26004
-24824
-23565
-22225
-20812
-19330
-17785
-16181
-14521
-12813
-11067
-9280
-7462
-5621
-3763
-1890
-10
1868
3739
5600
7441
9259
11044
12793
14501
16162
17764
19312
20795
22208
23547
24809
25989
27083
28084
28995
29811
30525
31138
31650
32055
32355
32549
32631
32607
32476
32234
31888
31436
30877
30220
29461
28602
27650
26608
25475
24258
22961
21589
20145
18632
17061
15430
13749
12020
10256
8455
6626
4775
2910
1033
-845
-2723
-4589
-6442
-8273
-10078
-11847
-13578
-15265
-16901
-18477
-19996
-21449
-22829
-24134
-25358
-26500
-27553
-28513
-29380
-30152
-30820
-31386
-31852
-32207
-32458
-32603
-32636
-32563
-32384
-32093
-31699
-31198
-30594
-29890
-29085
-28184
-27191
-26107
-24935
-23682
-22349
-20944
-19468
-17927
-16326
-14675
-12972
-11225
-9442
-7631
-5791
-3931
-2058
-183
1697
3570
5433
7274
9094
10885
12638
14346
16012
17622
19172
20662
22082
23429
24698
25884
26986
28000
28915
29739
30465
31087
31607
32023
32332
32534
32629
32614
32491
32261
31923
31482
30933
30283
29535
28685
27741
26707
25582
24373
23084
21715
20279
18774
17204
15578
13905
12181
10417
8619
6794
4945
3078
1203
-674
-2551
-4421
-6277
-8108
-9914
-11690
-13425
-15111
-16754
-18338
-19862
-21320
-22706
-24019
-25252
-26399
-27460
-28431
-29306
-30085
-30764
-31339
-31813
-32180
-32439
-32594
-32638
-32574
-32404
-32125
-31739
-31249
-30653
-29957
-29164
-28271
-27285
-26210
-25045
-23799
-22474
-21074
-19606
-18071
-16476
-14825
-13130
-11387
-9607
-7795
-5960
-4101
-2230
-351
1525
3399
5263
7110
8928
10721
12480
14195
15861
17478
19036
20530
21956
23309
24586
25782
26889
27909
28837
29669
30402
31035
31564
31990
32308
32519
32625
32620
32506
32288
31958
31525
30990
30346
29605
28767
27830
26803
25688
24484
23205
21845
20410
18911
17350
15729
14057
12337
10579
8784
6959
5114
3251
1374
-505
-2380
-4251
-6108
-7944
-9750
-11528
-13267
-14962
-16605
-18196
-19725
-21191
-22583
-23902
-25142
-26299
-27366
-28346
-29230
-30018
-30706
-31291
-31773
-32152
-32420
-32584
-32640
-32585
-32423
-32155
-31778
-31297
-30714
-30025
-29239
-28355
-27378
-26310
-25155
-23915
-22599
-21205
-19740
-18211
-16624
-14979
-13285
-11545
-9771
-7962
-6125
-4269
-2401
-523
1356
3232
5094
6941
8766
10561
12319
14040
15713
17335
18896
20396
21830
23191
24472
25676
26793
27819
28758
29597
30340
30982
31520
31954
32285
32504
32619
32626
32521
32311
31994
31569
31041
30410
29677
28846
27919
26901
25793
24598
23322
21972
20545
19051
17494
15880
14212
12496
10739
8949
7128
5282
3418
1546
-332
-2211
-4083
-5938
-7777
-9589
-11370
-13110
-14808
-16459
-18056
-19588
-21059
-22460
-23786
-25031
-26198
-27275
-28261
-29154
-29950
-30647
-31244
-31733
-32121
-32402
-32573
-32638
-32595
-32441
-32183
-31818
-31345
-30770
-30091
-29314
-28440
-27470
-26412
-25264
-24031
-22719
-21337
-19877
-18354
-16771
-15131
-13442
-11707
-9932
-8129
-6295
-4440
-2570
-696
1184
3060
4926
6773
8600
10399
12163
13885
15562
17188
18759
20261
21701
23071
24360
25568
26696
27731
28676
29526
30276
30927
31477
31919
32258
32490
32613
32629
32536
32334
32027
31613
31093
30471
29747
28926
28009
26997
25896
24713
23442
22096
20677
19190
17638
16029
14363
12655
10902
9112
7292
5451
3589
1715
-164
-2040
-3912
-5772
-7609
-9425
-11209
-12955
-14656
-16311
-17911
-19453
-20927
-22335
-23669
-24923
-26094
-27181
-28174
-29076
-29882
-30588
-31193
-31694
-32089
-32381
-32562
-32636
-32604
-32460
-32210
-31856
-31392
-30826
-30159
-29388
-28524
-27564
-26511
-25370
-24149
-22843
-21463
-20011
-18496
-16917
-15282
-13595
-11867
-10096
-8292
-6461
-4610
-2742
-864
1015
2888
4756
6608
8436
10236
12003
13732
15414
17042
18616
20130
21575
22948
24246
25463
26597
27640
28593
29452
30213
30871
31431
31884
32231
32474
32607
32631
32550
32358
32059
31655
31144
30532
29819
29004
28095
27094
26001
24821
23562
22222
20809
19327
17782
16178
14518
12810
11064
9277
7459
5618
3760
1887
7
-1871
-3742
-5603
-7444
-9262
-11047
-12796
-14504
-16165
-17767
-19315
-20798
-22211
-23550
-24812
-25992
-27086
-28087
-28998
-29814
-30528
-31141
-31653
-32058
-32358
-32551
-32634
-32610
-32479
-32237
-31891
-31439
-30880
-30223
-29464
-28605
-27653
-26611
-25478
-24261
-22963
-21592
-20147
-18635
-17064
-15433
-13752
-12023
-10259
-8458
-6629
-4778
-2913
-1036
842
2720
4586
6439
8270
10075
11844
13575
15262
16898
18474
19994
21446
22827
24131
25355
26497
27550
28510
29377
30149
30817
31383
31849
32204
32455
32600
32633
32560
32381
32090
31696
31195
30591
29887
29082
28181
27188
26104
24932
23679
22346
20941
19466
17924
16323
14673
12969
11222
9439
7628
5788
3928
2055
180
-1700
-3573
-5436
-7277
-9097
-10888
-12641
-14349
-16015
-17625
-19175
-20665
-22085
-23432
-24701
-25887
-26989
-28003
-28918
-29742
-30468
-31090
-31610
-32026
-32335
-32537
-32632
-32617
-32494
-32264
-31926
-31485
-30936
-30286
-29538
-28688
-27744
-26710
-25585
-24376
-23087
-21718
-20282
-18777
-17207
-15581
-13908
-12184
-10420
-8622
-6797
-4948
-3081
-1206
671
2549
4418
6274
8105
9911
11687
13422
15108
16751
18335
19860
21318
22703
24016
25249
26396
27457
28428
29303
30082
30761
31337
31810
32177
32436
32591
32635
32571
32401
32122
31736
31246
30650
29954
29161
28268
27282
26207
25042
23796
22471
21071
19603
18068
16473
14822
13127
11384
9604
7792
5957
4098
2227
348
-1528
-3402
-5266
-7113
-8931
-10724
-12483
-14198
-15864
-17481
-19039
-20533
-21959
-23312
-24589
-25785
-26892
-27912
-28840
-29672
-30405
-31038
-31567
-31993
-32311
-32522
-32628
-32623
-32509
-32291
-31961
-31528
-30992
-30349
-29608
-28770
-27833
-26806
-25691
-24487
-23207
-21848
-20413
-18914
-17353
-15732
-14060
-12340
-10582
-8787
-6962
-5117
-3254
-1377
502
2377
4248
6105
7941
9747
11525
13264
14959
16602
18193
19722
21188
22580
23899
25139
26296
27363
28343
29227
30015
30703
31288
31770
32149
32417
32581
32637
32582
32420
32152
31775
31294
30711
30022
29236
28352
27375
26307
25152
23912
22596
21202
19737
18208
16621
14976
13282
11542
9768
7959
6122
4266
2399
520
-1359
-3235
-5097
-6944
-8769
-10564
-12322
-14043
-15716
-17338
-18899
-20399
-21833
-23194
-24475
-25679
-26796
-27822
-28761
-29600
-30343
-30985
-31523
-31957
-32288
-32507
-32622
-32629
-32524
-32314
-31997
-31572
-31044
-30413
-29680
-28849
-27922
-26904
-25796
-24601
-23325
-21975
-20548
-19054
-17497
-15883
-14215
-12499
-10742
-8952
-7131
-5285
-3421
-1549
329
2208
4080
5935
7774
9586
11367
13107
14805
16456
18053
19586
21056
22457
23783
25028
26195
27272
28258
29152
29947
30644
31241
31730
32118
32399
32570
32635
32592
32438
32180
31815
31342
30767
30089
29311
28437
27467
26409
25261
24028
22716
21334
19875
18351
16768
15128
13439
11704
9929
8126
6292
4437
2567
693
-1187
-3063
-4929
-6776
-8603
-10402
-12166
-13888
-15565
-17191
-18762
-20264
-21704
-23074
-24363
-25571
-26699
-27734
-28679
-29529
-30279
-30930
-31480
-31922
-32261
-32493
-32616
-32632
-32539
-32337
-32030
-31616
-31096
-30474
-29750
-28929
-28012
-27000
-25899
-24715
-23445
-22099
-20680
-19193
-17641
-16032
-14366
-12658
-10905
-9115
-7295
-5454
-3592
-1718
161
2037
3909
5769
7606
9422
11206
12952
14653
16308
17908
19451
20924
22332
23666
24920
26091
27178
28171
29073
29879
30585
31190
31691
32086
32378
32559
32633
32601
32457
32207
31853
31389
30823
30156
29385
28521
27561
26508
25367
24146
22840
21460
20009
18493
16914
15279
13592
11864
10093
8289
6458
4607
2739
861
-1018
-2891
-4759
-6611
-8439
-10238
-12006
-13735
-15417
-17045
-18619
-20133
-21578
-22950
-24249
-25466
-26600
-27643
-28596
-29455
-30216
-30874
-31434
-31887
-32234
-32477
-32610
-32634
-32553
-32361
-32062
-31658
-31147
-30535
-29822
-29007
-28098
-27097
-26004
-24824
-23565
-22225
-20812
-19330
-17785
-16181
-14521
-12813
-11067
-9280
-7462
-5621
-3763
-1890
-10
1868
3739
5600
7441
9259
11044
12793
14501
16162
17764
19312
20795
22208
23547
24809
25989
27083
28084
28995
29811
30525
31138
31650
32055
32355
32549
32631
32607
32370
31889
31173
30225
29051
27662
26064
24275
22304
20168
17881
15463
12929
10298
7591
4828
2025
-789
-3598
-6381
-9115
-11782
-14361
-16834
-19180
-21386
-23432
-25303
-26986
-28468
-29737
-30787
-31606
-32190
-32535
-32638
-32497
-32115
-31494
-30638
-29556
-28252
-26740
-25025
-23129
-21054
-18829
-16459
-13971
-11375
-8696
-5953
-3166
-354
2458
5257
8013
10710
13327
15844
18245
20508
22621
24563
26324
27890
29247
30385
31299
31979
32421
32623
32580
32297
31770
31010
30017
28804
27372
25741
23914
21913
19745
17433
14987
12433
9786
7067
4294
1491
-1324
-4129
-6904
-9628
-12282
-14842
-17292
-19613
-21789
-23801
-25638
-27283
-28726
-29955
-30961
-31735
-32275
-32573
-32631
-32442
-32017
-31349
-30451
-29323
-27980
-26426
-24678
-22744
-20644
-18387
-15996
-13484
-10873
-8176
-5423
-2629
183
2995
5785
8530
11214
13814
16314
18689
20924
23006
24914
26639
28163
29481
30577
31448
32082
32480
32633
32546
32214
31645
30839
29805
28547
27078
25404
23544
21509
19314
16975
14510
11937
9274
6544
3764
952
-1862
-4663
-7429
-10141
-12776
-15317
-17743
-20039
-22185
-24168
-25967
-27575
-28976
-30165
-31124
-31858
-32350
-32604
-32613
-32381
-31906
-31196
-30252
-29084
-27699
-26109
-24324
-22358
-20223
-17940
-15524
-12992
-10363
-7657
-4895
-2095
718
3530
6314
9049
11719
14298
16776
19125
21334
23381
25257
26946
28433
29707
30762
31586
32176
32526
32636
32500
32125
31508
30658
29580
28282
26774
25065
23172
21104
18881
16516
14026
11434
8757
6015
3229
417
-2395
-5192
-7950
-10651
-13270
-15790
-18193
-20460
-22576
-24522
-26288
-27856
-29219
-30364
-31283
-31968
-32416
-32624
-32587
-32309
-31789
-31034
-30048
-28836
-27411
-25783
-23962
-21963
-19800
-17491
-15050
-12499
-9852
-7134
-4362
-1559
1256
4062
6837
9562
12216
14778
17233
19558
21736
23753
25594
27244
28691
29924
30935
31716
32262
32566
32629
32447
32026
31365
30471
29349
28012
26464
24719
22788
20691
18438
16051
13540
10932
8240
5489
2692
-120
-2932
-5723
-8470
-11156
-13758
-16257
-18635
-20875
-22961
-24874
-26604
-28133
-29455
-30557
-31432
-32072
-32475
-32635
-32554
-32227
-31664
-30862
-29835
-28580
-27118
-25451
-23596
-21562
-19371
-17034
-14571
-12000
-9341
-6611
-3831
-1023
1790
4594
7363
10075
12713
15256
17685
19984
22133
24118
25923
27538
28943
30136
31102
31841
32338
32599
32612
32387
31917
31213
30274
29111
27731
26146
24364
22403
20274
17995
15578
13049
10423
7718
4957
2158
-655
-3465
-6249
-8985
-11660
-14243
-16722
-19074
-21287
-23338
-25219
-26909
-28403
-29681
-30744
-31572
-32169
-32523
-32639
-32509
-32139
-31529
-30685
-29610
-28317
-26813
-25110
-23220
-21158
-18937
-16575
-14091
-11501
-8823
-6083
-3297
-486
2326
5124
7884
10582
13205
15727
18136
20405
22526
24477
26248
27819
29187
30336
31261
31951
32406
32618
32589
32315
31802
31051
30071
28865
27445
25820
24003
22009
19850
17544
15106
12557
9914
7197
4427
1621
-1193
-4000
-6776
-9502
-12157
-14723
-17178
-19506
-21688
-23712
-25556
-27211
-28662
-29901
-30917
-31704
-32254
-32564
-32633
-32457
-32041
-31385
-30498
-29381
-28049
-26505
-24765
-22841
-20745
-18496
-16110
-13603
-10996
-8307
-5557
-2764
48
2860
5655
8404
11091
13695
16197
18578
20821
22910
24827
26562
28097
29424
30531
31411
32057
32465
32631
32555
32235
31677
30880
29858
28609
27152
25489
23639
21610
19423
17089
14627
12058
9401
6672
3894
1086
-1728
-4530
-7298
-10012
-12655
-15201
-17633
-19934
-22087
-24076
-25886
-27503
-28914
-30113
-31086
-31829
-32332
-32598
-32618
-32398
-31933
-31236
-30302
-29144
-27768
-26189
-24411
-22454
-20328
-18053
-15642
-13116
-10490
-7786
-5025
-2227
586
3396
6181
8920
11592
14178
16662
19018
21233
23289
25174
26869
28366
29650
30717
31551
32155
32515
32637
32511
32148
31543
30705
29636
28349
26850
25150
23263
21204
18987
16629
14147
11560
8887
6147
3362
548
-2265
-5062
-7822
-10523
-13148
-15672
-18082
-20355
-22481
-24436
-26212
-27788
-29161
-30315
-31246
-31941
-32402
-32619
-32596
-32327
-31820
-31074
-30099
-28898
-27484
-25865
-24053
-22062
-19904
-17601
-15167
-12621
-9979
-7265
-4496
-1693
1121
3931
6708
9436
12093
14661
17119
19451
21636
23662
25509
27172
28627
29872
30893
31685
32240
32557
32631
32461
32051
31400
30518
29407
28078
26540
24805
22885
20795
18550
16167
13660
11055
8368
5618
2826
13
-2798
-5591
-8340
-11032
-13638
-16143
-18527
-20774
-22865
-24787
-26525
-28065
-29396
-30511
-31395
-32048
-32461
-32633
-32562
-32248
-31696
-30906
-29888
-28644
-27191
-25532
-23687
-21663
-19478
-17148
-14692
-12125
-9466
-6739
-3962
-1155
1659
4462
7231
9946
12589
15136
17575
19880
22036
24028
25843
27464
28881
30084
31062
31810
32320
32591
32617
32402
31944
31252
30324
29172
27801
26227
24452
22499
20377
18105
15696
13173
10550
7850
5090
2290
-523
-3334
-6120
-8859
-11533
-14122
-16605
-18965
-21183
-23246
-25134
-26835
-28336
-29626
-30697
-31538
-32146
-32512
-32640
-32520
-32163
-31562
-30731
-29666
-28385
-26890
-25197
-23314
-21258
-19044
-16689
-14209
-11625
-8952
-6215
-3430
-620
2193
4994
7755
10457
13084
15611
18024
20301
22429
24387
26167
27751
29128
30288
31224
31924
32392
32613
32597
32333
31833
31091
30122
28926
27517
25902
24095
22107
19956
17656
15223
12678
10039
7326
4558
1756
-1058
-3865
-6644
-9374
-12035
-14605
-17066
-19400
-21590
-23620
-25472
-27138
-28597
-29848
-30874
-31673
-32233
-32556
-32634
-32471
-32066
-31422
-30545
-29439
-28114
-26582
-24850
-22935
-20848
-18607
-16227
-13726
-11123
-8433
-5686
-2894
-82
2730
5523
8274
10965
13572
16080
18469
20720
22815
24742
26484
28030
29364
30484
31373
32033
32451
32629
32563
32256
31708
30924
29911
28674
27225
25570
23728
21708
19528
17201
14748
12184
9529
6804
4028
1218
-1596
-4399
-7170
-9887
-12531
-15081
-17520
-19827
-21989
-23986
-25806
-27431
-28853
-30061
-31045
-31797
-32313
-32590
-32622
-32412
-31961
-31273
-30350
-29204
-27838
-26268
-24499
-22551
-20430
-18162
-15757
-13237
-10615
-7916
-5158
-2361
452
3263
6052
8793
11470
14060
16546
18908
21131
23196
25087
26794
28301
29595
30671
31518
32130
32503
32636
32523
32171
31576
30750
29691
28415
26924
25236
23357
21308
19097
16746
14266
11684
9013
6277
3493
683
-2130
-4929
-7691
-10396
-13026
-15556
-17971
-20252
-22383
-24347
-26130
-27717
-29100
-30266
-31207
-31913
-32386
-32614
-32603
-32345
-31851
-31114
-30152
-28959
-27555
-25945
-24143
-22159
-20011
-17714
-15287
-12745
-10108
-7393
-4625
-1824
990
3798
6577
9307
11969
14540
17007
19345
21538
23571
25428
27097
28562
29819
30850
31654
32220
32549
32632
32476
32075
31438
30565
29466
28146
26619
24890
22979
20896
18658
16281
13782
11182
8497
5751
2960
145
-2667
-5461
-8213
-10905
-13515
-16026
-18415
-20670
-22771
-24703
-26448
-28000
-29338
-30463
-31359
-32023
-32446
-32632
-32570
-32269
-31726
-30949
-29940
-28709
-27264
-25617
-23778
-21763
-19583
-17260
-14808
-12247
-9595
-6871
-4095
-1289
1525
4332
7103
9822
12468
15020
17462
19772
21937
23937
25761
27392
28820
30032
31022
31779
32301
32582
32622
32417
31972
31288
30372
29230
27870
26304
24540
22596
20481
18216
15814
13293
10674
7977
5220
2424
-389
-3200
-5987
-8730
-11411
-14004
-16492
-18859
-21083
-23153
-25047
-26759
-28269
-29571
-30651
-31504
-32122
-32500
-32638
-32532
-32184
-31597
-30775
-29723
-28450
-26965
-25280
-23406
-21360
-19152
-16806
-14330
-11750
-9079
-6345
-3562
-752
2061
4861
7625
10331
12961
15494
17913
20198
22332
24300
26087
27680
29067
30237
31183
31896
32375
32609
32602
32351
31861
31131
30173
28988
27589
25983
24185
22203
20061
17767
15342
12802
10168
7456
4691
1887
-927
-3735
-6516
-9247
-11911
-14485
-16951
-19292
-21489
-23528
-25390
-27063
-28534
-29795
-30831
-31640
-32212
-32546
-32636
-32485
-32090
-31459
-30591
-29498
-28182
-26661
-24937
-23031
-20949
-18715
-16340
-13845
-11246
-8564
-5818
-3029
-217
2595
5392
8147
10840
13453
15965
18359
20616
22719
24654
26405
27962
29307
30437
31337
32008
32436
32628
32572
32277
31738
30967
29963
28738
27296
25655
23820
21809
19635
17316
14864
12305
9655
6932
4158
1352
-1462
-4266
-7039
-9759
-12410
-14965
-17409
-19722
-21892
-23895
-25725
-27357
-28792
-30008
-31005
-31767
-32295
-32581
-32627
-32427
-31989
-31311
-30400
-29262
-27907
-26345
-24587
-22646
-20536
-18274
-15875
-13359
-10742
-8044
-5288
-2492
320
3132
5919
8664
11343
13939
16429
18803
21030
23104
25002
26719
28233
29540
30624
31483
32107
32492
32634
32534
32192
31611
30794
29747
28480
27001
25318
23449
21407
19202
16858
14386
11809
9142
6408
3626
814
-1999
-4800
-7563
-10271
-12903
-15439
-17858
-20147
-22284
-24259
-26050
-27648
-29040
-30216
-31166
-31885
-32368
-32609
-32608
-32363
-31877
-31154
-30201
-29021
-27627
-26025
-24232
-22257
-20116
-17825
-15403
-12865
-10233
-7524
-4759
-1959
855
3664
6448
9181
11846
14422
16892
19236
21436
23477
25343
27024
28500
29764
30807
31620
32198
32538
32634
32488
32100
31473
30610
29523
28212
26696
24977
23075
20998
18769
16397
13902
11305
8625
5879
3091
279
-2533
-5328
-8083
-10778
-13396
-15910
-18307
-20568
-22675
-24614
-26369
-27929
-29280
-30415
-31322
-31997
-32432
-32629
-32579
-32290
-31757
-30992
-29993
-28773
-27335
-25699
-23868
-21862
-19690
-17374
-14928
-12372
-9723
-6999
-4226
-1421
1393
4198
6971
9693
12343
14900
17350
19667
21840
23847
25680
27319
28758
29979
30980
31748
32284
32574
32627
32431
31999
31326
30422
29289
27941
26383
24627
22690
20584
18325
15930
13416
10801
8108
5353
2557
-257
-3069
-5859
-8603
-11284
-13882
-16375
-18749
-20980
-23060
-24963
-26685
-28203
-29516
-30604
-31470
-32097
-32489
-32637
-32543
-32205
-31629
-30818
-29778
-28515
-27040
-25364
-23499
-21461
-19259
-16917
-14448
-11873
-9208
-6476
-3695
-886
1927
4731
7496
10206
12839
15378
17801
20093
22233
24212
26006
27610
29007
30189
31143
31870
32356
32604
32607
32369
31888
31171
30222
29048
27658
26062
24273
22302
20166
17879
15461
12923
10292
7585
4822
2021
-792
-3601
-6384
-9118
-11788
-14366
-16839
-19185
-21391
-23435
-25305
-26988
-28469
-29738
-30789
-31607
-32191
-32535
-32638
-32497
-32115
-31494
-30637
-29555
-28249
-26736
-25021
-23124
-21052
-18826
-16457
-13968
-11372
-8690
-5947
-3160
-348
2464
5260
8017
10712
13330
15847
18250
20513
22625
24567
26328
27891
29248
30387
31300
31980
32421
32623
32580
32296
31770
31009
30016
28802
27370
25737
23910
21908
19740
17427
14984
12430
9783
7064
4291
1484
-1330
-4136
-6910
-9634
-12285
-14845
-17295
-19616
-21791
-23805
-25642
-27286
-28729
-29956
-30962
-31736
-32276
-32573
-32631
-32442
-32015
-31347
-30449
-29321
-27978
-26424
-24676
-22742
-20639
-18381
-15990
-13479
-10867
-8173
-5420
-2626
186
2998
5791
8537
11220
13819
16316
18691
20926
23008
24916
26641
28167
29484
30579
31449
32082
32480
32633
32546
32213
31643
30837
29802
28544
27074
25402
23542
21507
19312
16973
14504
11931
9268
6537
3757
949
-1865
-4666
-7432
-10144
-12781
-15322
-17748
-20044
-22188
-24171
-25969
-27577
-28978
-30166
-31126
-31859
-32350
-32604
-32613
-32381
-31905
-31195
-30251
-29081
-27696
-26105
-24320
-22353
-20220
-17937
-15521
-12990
-10360
-7651
-4889
-2089
724
3534
6317
9052
11722
14301
16779
19129
21339
23385
25261
26947
28434
29708
30763
31587
32177
32526
32636
32499
32124
31507
30657
29579
28280
26772
25061
23167
21100
18875
16511
14024
11431
8754
6012
3226
411
-2401
-5198
-7956
-10654
-13273
-15793
-18196
-20462
-22578
-24526
-26292
-27860
-29222
-30365
-31284
-31969
-32417
-32624
-32587
-32308
-31788
-31032
-30045
-28835
-27409
-25781
-23960
-21961
-19795
-17486
-15045
-12494
-9849
-7131
-4359
-1555
1259
4065
6843
9568
12221
14784
17236
19561
21739
23755
25596
27248
28694
29927
30938
31717
32262
32566
32629
32446
32025
31363
30469
29346
28009
26460
24717
22786
20689
18436
16048
13535
10926
8234
5482
2689
-123
-2935
-5726
-8473
-11158
-13763
-16262
-18640
-20880
-22963
-24876
-26606
-28135
-29457
-30559
-31434
-32073
-32476
-32635
-32554
-32226
-31664
-30861
-29834
-28577
-27115
-25447
-23591
-21559
-19368
-17032
-14568
-11997
-9338
-6605
-3825
-1018
1796
4598
7366
10078
12716
15259
17690
19989
22137
24123
25926
27539
28944
30138
31103
31842
32338
32599
32612
32386
31915
31212
30272
29110
27729
26144
24360
22399
20269
17989
15575
13046
10420
7715
4954
2155
-661
-3471
-6255
-8991
-11663
-14246
-16724
-19077
-21289
-23342
-25223
-26913
-28406
-29683
-30745
-31573
-32169
-32523
-32639
-32508
-32138
-31527
-30683
-29609
-28316
-26812
-25108
-23218
-21155
-18932
-16571
-14085
-11495
-8820
-6080
-3294
-483
2330
5130
7890
10588
13211
15732
18138
20408
22528
24479
26249
27822
29190
30339
31263
31952
32407
32618
32588
32314
31801
31049
30068
28862
27442
25818
24001
22006
19847
17541
15100
12551
9908
7191
4421
1618
-1196
-4003
-6779
-9505
-12163
-14728
-17183
-19511
-21692
-23714
-25558
-27213
-28664
-29903
-30919
-31705
-32255
-32565
-32633
-32456
-32040
-31384
-30496
-29380
-28046
-26502
-24761
-22836
-20743
-18493
-16108
-13601
-10994
-8301
-5550
-2758
54
2866
5658
8407
11094
13698
16200
18583
20826
22914
24831
26564
28098
29425
30532
31412
32057
32466
32631
32555
32234
31676
30879
29856
28608
27150
25485
23634
21606
19418
17085
14625
12055
9398
6668
3891
1080
-1734
-4536
-7304
-10018
-12658
-15203
-17635
-19936
-22090
-24081
-25889
-27506
-28917
-30115
-31086
-31829
-32332
-32598
-32617
-32397
-31932
-31234
-30300
-29143
-27767
-26187
-24409
-22451
-20323
-18048
-15636
-13110
-10484
-7783
-5022
-2224
589
3399
6187
8925
11598
14184
16664
19020
21236
23291
25176
26871
28370
29653
30720
31553
32156
32515
32637
32511
32148
31541
30703
29633
28346
26846
25148
23261
21202
18985
16626
14141
11554
8881
6141
3356
545
-2268
-5066
-7825
-10526
-13153
-15677
-18087
-20360
-22483
-24438
-26214
-27790
-29163
-30316
-31248
-31942
-32402
-32619
-32595
-32326
-31819
-31073
-30097
-28895
-27481
-25861
-24048
-22058
-19901
-17598
-15164
-12618
-9976
-7259
-4490
-1687
1127
3934
6711
9439
12096
14664
17121
19456
21641
23666
25513
27174
28629
29874
30894
31686
32241
32558
32631
32461
32049
31399
30516
29406
28076
26538
24801
22881
20790
18545
16162
13658
11052
8365
5615
2823
7
-2805
-5597
-8346
-11035
-13641
-16146
-18529
-20776
-22868
-24791
-26528
-28068
-29399
-30512
-31396
-32048
-32461
-32633
-32562
-32247
-31694
-30904
-29885
-28643
-27189
-25530
-23684
-21660
-19473
-17143
-14687
-12119
-9463
-6736
-3959
-1152
1662
4465
7237
9952
12594
15142
17578
19882
22038
24031
25845
27467
28884
30087
31064
31811
32320
32591
32617
32402
31943
31250
30321
29169
27797
26224
24450
22497
20374
18103
15694
13168
10544
7844
5084
2287
-526
-3337
-6122
-8863
-11536
-14128
-16610
-18970
-21188
-23248
-25136
-26837
-28338
-29627
-30700
-31539
-32147
-32512
-32640
-32520
-32162
-31562
-30730
-29665
-28382
-26886
-25193
-23310
-21256
-19041
-16686
-14207
-11622
-8949
-6209
-3424
-614
2199
4997
7758
10460
13087
15614
18029
20306
22433
24391
26171
27752
29130
30289
31225
31925
32392
32614
32597
32332
31831
31090
30120
28924
27515
25900
24090
22103
19951
17651
15220
12675
10036
7323
4555
1750
-1064
-3872
-6650
-9380
-12038
-14608
-17069
-19403
-21592
-23624
-25476
-27141
-28600
-29851
-30875
-31674
-32233
-32556
-32634
-32471
-32065
-31421
-30543
-29438
-28113
-26580
-24848
-22933
-20846
-18602
-16222
-13720
-11117
-8430
-5682
-2891
-79
2733
5529
8280
10970
13578
16086
18472
20723
22818
24744
26486
28033
29367
30486
31375
32033
32451
32629
32563
32255
31707
30922
29908
28671
27222
25568
23725
21706
19526
17199
14742
12178
9523
6797
4022
1215
-1599
-4402
-7173
-9890
-12537
-15086
-17526
-19832
-21993
-23989
-25808
-27433
-28855
-30062
-31047
-31799
-32314
-32590
-32622
-32412
-31960
-31272
-30349
-29203
-27835
-26265
-24495
-22547
-20428
-18159
-15755
-13234
-10612
-7910
-5151
-2355
458
3269
6055
8796
11473
14062
16549
18914
21136
23200
25091
26796
28303
29597
30672
31519
32131
32503
32636
32522
32170
31575
30749
29690
28413
26922
25232
23353
21303
19092
16740
14263
11681
9009
6274
3490
677
-2136
-4935
-7697
-10402
-13029
-15559
-17974
-20255
-22386
-24351
-26134
-27721
-29102
-30267
-31208
-31914
-32386
-32614
-32603
-32344
-31849
-31112
-30149
-28957
-27553
-25943
-24141
-22156
-20006
-17709
-15282
-12739
-10102
-7390
-4622
-1821
993
3801
6583
9313
11975
14546
17010
19347
21540
23573
25430
27099
28565
29822
30852
31655
32220
32549
32632
32475
32074
31436
30563
29464
28143
26615
24888
22976
20894
18655
16278
13776
11176
8491
5744
2954
142
-2670
-5464
-8216
-10908
-13521
-16032
-18420
-20675
-22773
-24705
-26450
-28001
-29340
-30465
-31360
-32024
-32447
-32632
-32570
-32269
-31725
-30948
-29939
-28706
-27261
-25613
-23773
-21758
-19581
-17258
-14806
-12244
-9592
-6865
-4089
-1283
1530
4335
7107
9825
12471
15023
17465
19777
21942
23942
25765
27394
28822
30033
31023
31780
32302
32583
32622
32416
31971
31288
30370
29229
27868
26302
24536
22591
20476
18211
15809
13290
10671
7974
5217
2420
-395
-3207
-5994
-8736
-11414
-14007
-16495
-18862
-21086
-23157
-25051
-26763
-28272
-29573
-30652
-31505
-32123
-32501
-32638
-32531
-32183
-31595
-30773
-29720
-28448
-26963
-25278
-23404
-21358
-19147
-16800
-14324
-11745
-9076
-6342
-3558
-749
2064
4864
7631
10337
12966
15499
17916
20200
22334
24302
26089
27683
29070
30240
31185
31897
32375
32609
32602
32350
31861
31129
30171
28985
27586
25980
24183
22201
20059
17764
15339
12796
10162
7450
4685
1884
-930
-3738
-6519
-9250
-11917
-14490
-16957
-19297
-21494
-23530
-25392
-27065
-28536
-29796
-30833
-31641
-32213
-32547
-32636
-32485
-32089
-31458
-30590
-29497
-28179
-26657
-24933
-23026
-20946
-18712
-16337
-13842
-11243
-8561
-5812
-3023
-211
2601
5396
8150
10843
13456
15968
18363
20621
22723
24658
26409
27964
29309
30438
31338
32008
32437
32628
32571
32276
31738
30966
29962
28737
27295
25653
23815
21805
19631
17311
14861
12302
9652
6928
4154
1346
-1468
-4273
-7045
-9765
-12413
-14967
-17412
-19725
-21895
-23900
-25729
-27361
-28795
-30010
-31006
-31768
-32296
-32582
-32627
-32426
-31987
-31309
-30398
-29261
-27906
-26343
-24585
-22644
-20533
-18268
-15869
-13353
-10736
-8041
-5285
-2489
323
3135
5926
8670
11349
13945
16435
18805
21032
23106
25004
26721
28236
29543
30626
31485
32108
32492
32634
32534
32191
31610
30792
29745
28477
26997
25316
23447
21405
19200
16855
14380
11803
9136
6402
3620
811
-2002
-4803
-7566
-10274
-12909
-15444
-17863
-20152
-22289
-24261
-26052
-27650
-29041
-30217
-31168
-31887
-32369
-32609
-32608
-32362
-31876
-31153
-30200
-29020
-27623
-26022
-24228
-22252
-20113
-17822
-15400
-12862
-10230
-7518
-4753
-1952
861
3670
6451
9184
11849
14425
16895
19241
21441
23481
25347
27026
28501
29766
30808
31621
32199
32538
32634
32488
32099
31472
30609
29522
28211
26694
24973
23071
20994
18764
16391
13899
11302
8622
5876
3088
273
-2539
-5334
-8089
-10783
-13399
-15913
-18310
-20570
-22677
-24618
-26373
-27932
-29283
-30416
-31323
-31998
-32432
-32629
-32579
-32289
-31756
-30990
-29991
-28771
-27334
-25697
-23865
-21859
-19685
-17369
-14923
-12366
-9717
-6996
-4223
-1418
1396
4201
6978
9699
12349
14906
17353
19670
21842
23850
25682
27320
28761
29981
30982
31749
32284
32574
32626
32431
31998
31324
30419
29287
27937
26379
24625
22688
20582
18322
15927
13410
10795
8102
5347
2551
-260
-3072
-5862
-8606
-11287
-13888
-16381
-18754
-20985
-23062
-24965
-26686
-28204
-29517
-30606
-31471
-32099
-32489
-32637
-32543
-32205
-31629
-30817
-29776
-28512
-27036
-25360
-23495
-21456
-19256
-16914
-14445
-11870
-9205
-6470
-3689
-880
1934
4735
7499
10209
12842
15381
17803
20098
22238
24216
26010
27612
29008
30190
31144
31870
32357
32604
32607
32368
31887
31170
30221
29047
27657
26060
24269
22297
20161
17873
15455
12920
10289
7582
4819
2018
-798
-3607
-6390
-9124
-11791
-14369
-16842
-19188
-21393
-23439
-25309
-26991
-28472
-29741
-30790
-31608
-32191
-32535
-32638
-32496
-32114
-31492
-30635
-29552
-28247
-26734
-25019
-23122
-21050
-18821
-16451
-13962
-11367
-8687
-5944
-3157
-345
2467
5263
8023
10718
13336
15852
18252
20516
22627
24569
26329
27895
29251
30389
31302
31981
32422
32623
32580
32295
31769
31008
30014
28799
27366
25735
23907
21906
19737
17425
14981
12424
9777
7057
4285
1481
-1333
-4139
-6913
-9637
-12290
-14850
-17301
-19621
-21796
-23808
-25644
-27287
-28730
-29957
-30964
-31737
-32277
-32573
-32631
-32441
-32015
-31346
-30448
-29320
-27975
-26421
-24672
-22737
-20636
-18379
-15988
-13476
-10864
-8170
-5414
-2620
192
3004
5794
8540
11222
13822
16319
18697
20931
23012
24920
26645
28168
29486
30580
31450
32083
32481
32633
32545
32212
31642
30836
29801
28542
27073
25400
23538
21502
19307
16967
14501
11928
9265
6534
3754
943
-1871
-4672
-7438
-10150
-12784
-15325
-17751
-20046
-22190
-24175
-25973
-27580
-28981
-30168
-31127
-31860
-32351
-32605
-32612
-32380
-31904
-31193
-30249
-29079
-27694
-26103
-24317
-22351
-20218
-17932
-15516
-12984
-10354
-7649
-4886
-2086
727
3537
6323
9058
11728
14307
16784
19131
21341
23388
25263
26949
28437
29711
30765
31588
32178
32527
32636
32499
32123
31507
30655
29577
28277
26769
25059
23165
21097
18873
16508
14018
11425
8748
6006
3219
408
-2405
-5201
-7959
-10657
-13279
-15799
-18201
-20467
-22583
-24528
-26294
-27861
-29223
-30366
-31286
-31970
-32418
-32624
-32587
-32307
-31787
-31031
-30044
-28833
-27405
-25777
-23955
-21956
-19792
-17484
-15043
-12491
-9846
-7125
-4353
-1549
1265
4071
6847
9571
12224
14787
17239
19566
21743
23760
25600
27249
28696
29928
30939
31718
32263
32566
32629
32445
32024
31362
30468
29345
28008
26458
24713
22782
20684
18430
16042
13532
10923
8231
5479
2686
-129
-2941
-5732
-8479
-11164
-13766
-16265
-18642
-20882
-22966
-24880
-26609
-28138
-29460
-30560
-31435
-32074
-32476
-32635
-32553
-32225
-31662
-30859
-29831
-28576
-27113
-25445
-23589
-21557
-19363
-17026
-14563
-11991
-9332
-6602
-3823
-1015
1799
4601
7372
10084
12722
15265
17693
19991
22140
24125
25928
27540
28947
30140
31105
31843
32339
32599
32612
32386
31915
31210
30270
29107
27726
26140
24358
22396
20266
17987
15573
13041
10414
7709
4948
2149
-664
-3474
-6258
-8994
-11666
-14252
-16730
-19082
-21294
-23345
-25225
-26915
-28407
-29685
-30747
-31574
-32170
-32524
-32639
-32508
-32138
-31526
-30682
-29608
-28312
-26808
-25104
-23213
-21151
-18929
-16568
-14082
-11492
-8817
-6074
-3288
-477
2336
5133
7893
10591
13214
15735
18141
20413
22533
24482
26253
27824
29191
30340
31264
31953
32407
32619
32588
32313
31799
31048
30067
28861
27440
25816
23996
22002
19842
17536
15097
12548
9905
7188
4418
1615
-1202
-4009
-6785
-9511
-12166
-14731
-17186
-19513
-21695
-23718
-25562
-27216
-28667
-29905
-30920
-31706
-32255
-32565
-32633
-32456
-32039
-31382
-30494
-29377
-28044
-26500
-24759
-22834
-20740
-18488
-16102
-13595
-10988
-8298
-5547
-2755
57
2870
5661
8413
11100
13703
16205
18586
20829
22917
24833
26566
28102
29428
30534
31413
32059
32466
32631
32555
32233
31675
30877
29854
28605
27147
25483
23632
21603
19415
17082
14622
12049
9392
6662
3884
1077
-1737
-4539
-7307
-10021
-12664
-15209
-17641
-19941
-22094
-24083
-25891
-27508
-28918
-30116
-31088
-31831
-32333
-32599
-32617
-32397
-31931
-31234
-30299
-29141
-27763
-26183
-24405
-22447
-20321
-18045
-15633
-13107
-10481
-7780
-5016
-2218
595
3406
6190
8928
11601
14187
16667
19025
21241
23296
25180
26874
28371
29654
30721
31554
32157
32515
32637
32510
32147
31540
30702
29632
28344
26844
25146
23256
21197
18980
16621
14139
11551
8878
6138
3353
539
-2274
-5072
-7832
-10532
-13156
-15680
-18090
-20363
-22486
-24442
-26217
-27793
-29166
-30318
-31248
-31942
-32403
-32619
-32595
-32325
-31818
-31071
-30095
-28894
-27479
-25859
-24046
-22055
-19899
-17594
-15159
-12612
-9970
-7255
-4486
-1684
1130
3937
6718
9445
12102
14670
17127
19458
21643
23669
25515
27176
28632
29876
30896
31688
32242
32558
32630
32460
32049
31399
30514
29403
28073
26534
24799
22878
20788
18542
16159
13652
11047
8358
5609
2816
4
-2807
-5600
-8349
-11038
-13646
-16151
-18535
-20781
-22872
-24793
-26530
-28070
-29400
-30513
-31398
-32049
-32462
-32633
-32562
-32247
-31693
-30903
-29884
-28639
-27186
-25526
-23680
-21656
-19471
-17140
-14684
-12117
-9460
-6730
-3953
-1146
1668
4471
7240
9955
12597
15145
17581
19887
22043
24035
25848
27469
28885
30088
31064
31812
32321
32591
32617
32401
31942
31249
30320
29168
27796
26222
24445
22492
20369
18097
15688
13165
10541
7841
5081
2284
-532
-3343
-6128
-8869
-11542
-14130
-16613
-18973
-21191
-23250
-25140
-26840
-28341
-29630
-30701
-31540
-32147
-32512
-32640
-32519
-32161
-31560
-30728
-29663
-28381
-26885
-25191
-23307
-21253
-19036
-16681
-14201
-11616
-8943
-6206
-3421
-611
2202
5001
7764
10466
13093
15619
18031
20308
22435
24393
26173
27754
29133
30291
31227
31926
32393
32614
32596
32332
31831
31088
30118
28921
27512
25896
24088
22101
19949
17648
15217
12670
10030
7317
4549
1747
-1067
-3875
-6653
-9383
-12041
-14613
-17074
-19408
-21597
-23626
-25478
-27143
-28602
-29852
-30877
-31675
-32234
-32557
-32634
-32470
-32064
-31420
-30541
-29436
-28109
-26576
-24844
-22928
-20841
-18599
-16219
-13718
-11114
-8427
-5676
-2885
-73
2739
5532
8283
10973
13580
16088
18474
20728
22822
24748
26489
28035
29368
30487
31376
32034
32452
32629
32563
32254
31706
30921
29907
28670
27220
25566
23721
21701
19521
17193
14739
12175
9520
6794
4018
1212
-1606
-4409
-7179
-9896
-12540
-15089
-17528
-19835
-21995
-23993
-25811
-27436
-28858
-30065
-31048
-31800
-32315
-32590
-32622
-32411
-31959
-31270
-30347
-29200
-27833
-26263
-24493
-22545
-20425
-18154
-15749
-13228
-10606
-7907
-5148
-2351
461
3272
6059
8802
11477
14068
16554
18916
21138
23202
25093
26798
28305
29599
30675
31520
32132
32504
32636
32522
32169
31575
30747
29687
28410
26919
25230
23350
21301
19089
16738
14260
11675
9003
6268
3484
674
-2139
-4938
-7700
-10405
-13035
-15565
-17979
-20260
-22390
-24353
-26136
-27722
-29104
-30268
-31210
-31915
-32387
-32614
-32603
-32344
-31849
-31111
-30148
-28956
-27550
-25939
-24136
-22152
-20004
-17706
-15279
-12736
-10099
-7387
-4616
-1815
1000
3807
6587
9316
11978
14548
17013
19352
21545
23577
25434
27103
28567
29823
30853
31656
32220
32550
32632
32475
32073
31435
30561
29462
28141
26614
24886
22972
20889
18650
16273
13774
11173
8488
5741
2951
136
-2676
-5470
-8222
-10914
-13523
-16034
-18423
-20677
-22775
-24709
-26454
-28004
-29342
-30467
-31361
-32025
-32447
-32632
-32570
-32268
-31724
-30946
-29936
-28705
-27259
-25611
-23771
-21756
-19576
-17252
-14800
-12239
-9586
-6862
-4086
-1280
1534
4337
7113
9831
12477
15029
17470
19780
21944
23944
25767
27396
28824
30036
31025
31781
32303
32583
32621
32416
31970
31287
30368
29226
27865
26298
24534
22589
20474
18208
15807
13284
10666
7968
5210
2414
-398
-3210
-5997
-8739
-11417
-14013
-16500
-18867
-21090
-23159
-25053
-26765
-28274
-29575
-30653
-31506
-32124
-32501
-32638
-32531
-32183
-31594
-30772
-29719
-28445
-26959
-25274
-23399
-21353
-19144
-16798
-14321
-11742
-9073
-6336
-3552
-743
2071
4870
7634
10340
12969
15502
17918
20205
22339
24306
26093
27685
29071
30241
31186
31898
32375
32609
32602
32349
31859
31128
30170
28983
27584
25978
24178
22196
20054
17759
15333
12793
10159
7447
4682
1880
-937
-3745
-6525
-9256
-11919
-14493
-16960
-19300
-21496
-23532
-25396
-27068
-28539
-29799
-30834
-31642
-32213
-32547
-32636
-32484
-32088
-31457
-30588
-29494
-28177
-26655
-24931
-23024
-20944
-18707
-16332
-13837
-11237
-8555
-5809
-3020
-208
2604
5399
8156
10849
13462
15974
18366
20624
22725
24661
26410
27965
29311
30440
31340
32010
32437
32628
32571
32276
31737
30964
29959
28733
27291
25649
23813
21802
19628
17308
14858
12296
9646
6922
4148
1343
-1472
-4276
-7048
-9768
-12416
-14973
-17417
-19730
-21899
-23902
-25731
-27363
-28797
-30012
-31008
-31769
-32297
-32582
-32627
-32426
-31987
-31308
-30397
-29259
-27903
-26340
-24580
-22639
-20528
-18266
-15866
-13350
-10733
-8038
-5279
-2483
329
3141
5929
8672
11352
13948
16437
18808
21037
23110
25008
26724
28238
29544
30627
31486
32108
32492
32635
32533
32190
31608
30791
29743
28475
26995
25314
23442
21400
19195
16850
14377
11800
9133
6399
3617
808
-2009
-4809
-7573
-10280
-12912
-15447
-17866
-20154
-22291
-24266
-26056
-27653
-29044
-30220
-31169
-31887
-32370
-32610
-32608
-32361
-31875
-31151
-30197
-29017
-27622
-26020
-24226
-22250
-20111
-17817
-15395
-12857
-10224
-7514
-4750
-1949
864
3673
6455
9190
11855
14431
16900
19243
21443
23483
25349
27027
28504
29768
30810
31622
32200
32539
32634
32487
32098
31471
30607
29519
28208
26691
24971
23069
20991
18761
16389
13896
11296
8615
5870
3082
270
-2542
-5337
-8092
-10786
-13405
-15919
-18315
-20575
-22682
-24620
-26375
-27934
-29284
-30418
-31325
-31999
-32433
-32629
-32578
-32289
-31755
-30989
-29989
-28770
-27330
-25693
-23861
-21855
-19682
-17366
-14920
-12363
-9714
-6990
-4217
-1412
1403
4207
6981
9702
12352
14909
17355
19675
21847
23854
25686
27324
28762
29983
30983
31750
32284
32575
32626
32430
31997
31323
30418
29285
27936
26377
24623
22684
20577
18317
15921
13407
10792
8098
5344
2549
-266
-3078
-5867
-8612
-11293
-13891
-16383
-18757
-20987
-23065
-24969
-26690
-28207
-29520
-30607
-31472
-32099
-32490
-32637
-32542
-32204
-31627
-30815
-29774
-28510
-27035
-25358
-23493
-21454
-19251
-16909
-14440
-11864
-9199
-6467
-3685
-877
1937
4738
7505
10215
12848
15386
17809
20101
22240
24218
26011
27614
29011
30192
31146
31872
32358
32604
32607
32368
31886
31169
30219
29044
27653
26057
24267
22295
20158
17871
15452
12914
10283
7576
4812
2012
-801
-3610
-6393
-9127
-11794
-14375
-16847
-19193
-21398
-23441
-25311
-26993
-28474
-29742
-30791
-31610
-32192
-32536
-32638
-32496
-32113
-31491
-30634
-29551
-28244
-26731
-25015
-23118
-21045
-18818
-16449
-13959
-11364
-8684
-5938
-3150
-339
2474
5269
8026
10721
13339
15855
18255
20521
22632
24573
26333
27896
29252
30390
31302
31982
32422
32624
32579
32295
31767
31007
30012
28798
27365
25733
23903
21901
19732
17419
14976
12421
9774
7054
4282
1478
-1340
-4145
-6919
-9643
-12293
-14853
-17303
-19623
-21798
-23810
-25648
-27291
-28733
-29960
-30965
-31738
-32277
-32574
-32631
-32441
-32014
-31345
-30446
-29317
-27973
-26419
-24670
-22735
-20634
-18374
-15982
-13470
-10858
-8164
-5411
-2617
195
3007
5797
8546
11228
13828
16323
18699
20934
23015
24922
26647
28170
29488
30582
31452
32084
32481
32633
32545
32212
31642
30833
29798
28539
27069
25396
23536
21500
19304
16965
14499
11922
9259
6528
3748
940
-1874
-4675
-7441
-10153
-12787
-15331
-17756
-20051
-22195
-24177
-25975
-27582
-28982
-30169
-31129
-31861
-32352
-32605
-32612
-32380
-31903
-31192
-30247
-29078
-27691
-26100
-24313
-22346
-20213
-17929
-15513
-12981
-10351
-7646
-4879
-2080
734
3543
6326
9061
11730
14310
16787
19134
21346
23392
25267
26953
28439
29712
30766
31589
32178
32527
32635
32499
32122
31505
30654
29575
28276
26767
25057
23161
21092
18869
16503
14016
11423
8745
6003
3216
405
-2411
-5207
-7965
-10663
-13282
-15801
-18204
-20470
-22585
-24533
-26297
-27865
-29226
-30369
-31287
-31971
-32418
-32624
-32587
-32307
-31786
-31030
-30041
-28830
-27404
-25775
-23953
-21954
-19790
-17478
-15037
-12486
-9840
-7122
-4349
-1546
1269
4074
6853
9577
12230
14791
17244
19568
21746
23762
25602
27251
28699
29931
30941
31720
32264
32566
32629
32445
32023
31361
30466
29342
28005
26455
24710
22779
20681
18428
16040
13529
10917
8225
5473
2679
-132
-2945
-5735
-8482
-11167
-13771
-16270
-18648
-20887
-22970
-24882
-26611
-28139
-29461
-30561
-31436
-32075
-32477
-32635
-32553
-32225
-31661
-30858
-29830
-28574
-27109
-25441
-23585
-21552
-19361
-17024
-14560
-11988
-9329
-6596
-3816
-1009
1805
4607
7375
10087
12725
15267
17695
19996
22144
24129
25932
27543
28949
30141
31106
31844
32339
32599
32612
32385
31914
31209
30269
29105
27724
26138
24356
22392
20261
17981
15567
13038
10411
7706
4945
2146
-671
-3480
-6264
-9000
-11672
-14254
-16733
-19084
-21296
-23347
-25229
-26918
-28410
-29687
-30748
-31575
-32171
-32524
-32639
-32508
-32136
-31525
-30680
-29605
-28311
-26806
-25102
-23211
-21148
-18924
-16563
-14077
-11486
-8811
-6071
-3285
-474
2339
5136
7899
10597
13220
15741
18146
20415
22535
24484
26255
27825
29194
30342
31266
31954
32408
32619
32588
32313
31799
31047
30064
28858
27437
25812
23994
21999
19840
17533
15094
12542
9899
7182
4412
1609
-1206
-4012
-6788
-9514
-12169
-14737
-17191
-19518
-21699
-23720
-25564
-27218
-28668
-29906
-30921
-31707
-32256
-32565
-32633
-32455
-32039
-31381
-30493
-29376
-28041
-26496
-24755
-22829
-20735
-18485
-16099
-13592
-10985
-8295
-5541
-2748
63
2876
5667
8415
11102
13706
16208
18589
20833
22921
24837
26569
28103
29429
30535
31414
32059
32466
32631
32554
32232
31674
30876
29853
28603
27145
25481
23628
21599
19410
17077
14616
12047
9389
6659
3881
1074
-1743
-4546
-7314
-10027
-12667
-15212
-17643
-19944
-22097
-24085
-25895
-27511
-28921
-30118
-31089
-31832
-32333
-32599
-32617
-32396
-31930
-31232
-30296
-29139
-27762
-26181
-24403
-22444
-20318
-18040
-15628
-13101
-10475
-7773
-5013
-2215
599
3409
6193
8934
11607
14192
16673
19028
21243
23298
25182
26876
28373
29657
30723
31555
32157
32516
32637
32510
32146
31539
30700
29629
28341
26841
25141
23254
21195
18977
16618
14136
11545
8872
6132
3346
536
-2277
-5075
-7835
-10535
-13159
-15686
-18095
-20368
-22490
-24444
-26219
-27795
-29167
-30320
-31250
-31944
-32403
-32619
-32595
-32325
-31817
-31070
-30094
-28892
-27476
-25855
-24042
-22051
-19894
-17592
-15156
-12609
-9967
-7252
-4480
-1678
1137
3944
6721
9448
12105
14673
17129
19463
21648
23673
25519
27179
28633
29877
30897
31688
32242
32558
32630
32460
32048
31397
30513
29401
28072
26533
24796
22874
20783
18537
16153
13649
11044
8355
5606
2813
1
-2813
-5606
-8355
-11044
-13649
-16154
-18537
-20783
-22874
-24797
-26534
-28073
-29403
-30515
-31399
-32050
-32462
-32633
-32561
-32246
-31692
-30901
-29882
-28638
-27184
-25524
-23678
-21653
-19468
-17135
-14678
-12111
-9454
-6727
-3950
-1143
1672
4474
7246
9961
12603
15150
17586
19890
22045
24037
25850
27471
28888
30090
31066
31813
32321
32592
32617
32401
31941
31248
30318
29165
27793
26218
24443
22490
20367
18095
15685
13162
10535
7835
5075
2277
-536
-3346
-6132
-8872
-11545
-14136
-16619
-18978
-21195
-23255
-25142
-26842
-28343
-29631
-30702
-31542
-32149
-32513
-32640
-32519
-32161
-31559
-30727
-29661
-28379
-26881
-25187
-23303
-21248
-19034
-16678
-14198
-11613
-8940
-6200
-3415
-605
2208
5007
7767
10469
13095
15622
18034
20313
22440
24398
26176
27757
29134
30292
31228
31927
32393
32614
32596
32331
31829
31087
30117
28920
27510
25894
24086
22096
19944
17643
15212
12667
10027
7314
4546
1744
-1074
-3881
-6659
-9389
-12047
-14616
-17077
-19410
-21599
-23629
-25482
-27146
-28605
-29854
-30878
-31676
-32235
-32557
-32634
-32470
-32063
-31418
-30539
-29433
-28108
-26574
-24842
-22926
-20839
-18594
-16213
-13712
-11108
-8421
-5673
-2882
-70
2742
5535
8289
10979
13586
16094
18480
20730
22824
24750
26491
28036
29371
30489
31378
32035
32452
32630
32563
32254
31705
30920
29905
28667
27217
25562
23719
21699
19518
17191
14737
12169
9514
6788
4012
1206
-1609
-4412
-7182
-9899
-12543
-15095
-17534
-19840
-22000
-23995
-25813
-27438
-28859
-30066
-31049
-31801
-32315
-32591
-32622
-32411
-31958
-31269
-30345
-29199
-27830
-26260
-24489
-22540
-20420
-18152
-15746
-13226
-10603
-7905
-5142
-2345
468
3279
6065
8805
11480
14071
16557
18919
21143
23206
25097
26802
28306
29601
30676
31521
32133
32504
32636
32522
32168
31573
30746
29686
28409
26917
25229
23346
21296
19084
16732
14254
11672
9000
6265
3481
671
-2146
-4945
-7706
-10411
-13038
-15567
-17982
-20262
-22392
-24355
-26140
-27726
-29107
-30271
-31211
-31916
-32387
-32615
-32603
-32343
-31847
-31110
-30146
-28953
-27548
-25937
-24134
-22150
-20001
-17701
-15273
-12730
-10093
-7381
-4613
-1811
1003
3810
6590
9323
11983
14554
17018
19355
21547
23580
25436
27105
28570
29826
30855
31658
32221
32550
32632
32474
32073
31434
30559
29459
28138
26610
24881
22970
20886
18647
16270
13771
11167
8482
5735
2945
133
-2679
-5473
-8225
-10917
-13526
-16040
-18428
-20682
-22780
-24711
-26456
-28006
-29344
-30468
-31363
-32026
-32448
-32632
-32570
-32267
-31723
-30945
-29935
-28703
-27256
-25607
-23767
-21751
-19573
-17250
-14797
-12236
-9583
-6859
-4080
-1275
1540
4343
7116
9834
12480
15031
17473
19785
21949
23948
25770
27399
28826
30037
31026
31782
32303
32583
32621
32415
31969
31285
30367
29225
27863
26296
24532
22585
20469
18203
15801
13282
10663
7965
5207
2411
-401
-3216
-6003
-8745
-11423
-14016
-16503
-18869
-21093
-23162
-25057
-26768
-28277
-29577
-30656
-31507
-32125
-32501
-32638
-32530
-32182
-31593
-30770
-29716
-28443
-26957
-25272
-23397
-21351
-19142
-16792
-14315
-11736
-9067
-6332
-3549
-740
2074
4873
7640
10345
12975
15507
17924
20208
22341
24308
26095
27686
29073
30243
31188
31899
32376
32609
32602
32349
31859
31127
30168
28981
27581
25974
24176
22194
20051
17756
15331
12790
10153
7441
4675
1874
-940
-3748
-6528
-9259
-11922
-14499
-16965
-19305
-21501
-23537
-25398
-27070
-28540
-29800
-30835
-31644
-32214
-32548
-32636
-32484
-32088
-31456
-30586
-29493
-28176
-26652
-24927
-23020
-20939
-18705
-16329
-13834
-11234
-8552
-5803
-3014
-201
2611
5405
8159
10852
13464
15976
18368
20628
22730
24665
26414
27969
29313
30441
31341
32010
32437
32628
32571
32275
31736
30963
29958
28732
27289
25647
23811
21798
19623
17303
14853
12293
9643
6919
4145
1340
-1478
-4282
-7054
-9774
-12422
-14976
-17420
-19732
-21902
-23904
-25734
-27366
-28800
-30014
-31009
-31770
-32297
-32582
-32627
-32426
-31985
-31306
-30394
-29257
-27901
-26338
-24578
-22637
-20526
-18261
-15861
-13345
-10727
-8032
-5275
-2480
333
3144
5932
8678
11358
13954
16443
18813
21039
23113
25010
26726
28239
29547
30630
31487
32110
32493
32635
32533
32190
31607
30790
29741
28472
26992
25310
23440
21397
19192
16847
14375
11794
9127
6393
3611
802
-2012
-4812
-7576
-10283
-12914
-15453
-17871
-20159
-22296
-24268
-26058
-27655
-29046
-30221
-31170
-31889
-32370
-32610
-32607
-32361
-31875
-31150
-30196
-29015
-27618
-26016
-24223
-22245
-20106
-17814
-15392
-12854
-10221
-7511
-4744
-1943
871
3679
6461
9193
11858
14434
16903
19246
21448
23487
25353
27030
28506
29769
30811
31623
32200
32539
32634
32487
32097
31470
30605
29518
28206
26689
24968
23064
20986
18756
16383
13891
11293
8612
5867
3078
267
-2549
-5344
-8098
-10792
-13407
-15922
-18318
-20577
-22684
-24622
-26378
-27937
-29287
-30420
-31325
-32000
-32433
-32629
-32578
-32288
-31754
-30987
-29987
-28767
-27328
-25691
-23859
-21852
-19680
-17361
-14914
-12357
-9708
-6987
-4213
-1409
1406
4210
6984
9708
12357
14914
17361
19677
21849
23856
25688
27325
28765
29985
30985
31752
32285
32575
32626
32430
31997
31323
30416
29282
27933
26374
24619
22681
20574
18315
15919
13404
10786
8092
5338
2543
-270
-3081
-5870
-8615
-11296
-13894
-16389
-18762
-20992
-23069
-24971
-26692
-28209
-29521
-30608
-31474
-32100
-32490
-32637
-32542
-32203
-31626
-30814
-29772
-28509
-27031
-25354
-23488
-21449
-19249
-16906
-14437
-11861
-9196
-6464
-3679
-871
1943
4744
7508
10218
12851
15389
17811
20105
22245
24222
26015
27617
29012
30193
31147
31872
32358
32604
32607
32367
31885
31167
30218
29043
27652
26055
24265
22291
20154
17866
15447
12911
10280
7573
4809
2009
-805
-3617
-6399
-9133
-11800
-14378
-16850
-19195
-21400
-23443
-25315
-26997
-28477
-29745
-30793
-31610
-32193
-32536
-32638
-32496
-32112
-31490
-30632
-29548
-28242
-26729
-25013
-23116
-21042
-18816
-16443
-13954
-11358
-8678
-5935
-3147
-336
2477
5272
8032
10727
13344
15861
18260
20523
22634
24575
26335
27898
29255
30392
31304
31983
32423
32624
32579
32294
31767
31006
30010
28795
27361
25730
23901
21899
19730
17417
14973
12419
9768
7048
4276
1472
-1343
-4148
-6922
-9646
-12296
-14859
-17309
-19628
-21803
-23814
-25650
-27292
-28735
-29961
-30966
-31739
-32278
-32574
-32631
-32440
-32013
-31344
-30444
-29316
-27972
-26415
-24666
-22730
-20629
-18371
-15979
-13467
-10855
-8161
-5405
-2610
202
3014
5803
8549
11231
13831
16326
18702
20938
23019
24926
26650
28173
29490
30583
31453
32085
32481
32633
32544
32211
31640
30832
29797
28537
27067
25395
23534
21495
19299
16959
14493
11919
9256
6525
3745
937
-1880
-4682
-7447
-10159
-12793
-15334
-17759
-20054
-22197
-24179
-25979
-27585
-28985
-30172
-31130
-31862
-32352
-32605
-32612
-32379
-31902
-31190
-30245
-29075
-27689
-26098
-24311
-22344
-20211
-17924
-15508
-12975
-10346
-7640
-4876
-2077
737
3546
6329
9067
11736
14315
16792
19139
21348
23394
25269
26954
28440
29714
30768
31591
32179
32527
32635
32498
32122
31504
30652
29573
28273
26763
25052
23159
21090
18866
16500
14013
11417
8739
5997
3210
399
-2414
-5210
-7968
-10666
-13285
-15807
-18209
-20474
-22590
-24535
-26299
-27866
-29228
-30370
-31288
-31972
-32419
-32624
-32586
-32306
-31785
-31029
-30040
-28829
-27400
-25771
-23949
-21949
-19785
-17476
-15034
-12483
-9837
-7119
-4343
-1540
1275
4080
6856
9580
12233
14794
17247
19571
21751
23766
25606
27255
28700
29932
30942
31720
32264
32567
32629
32444
32022
31359
30465
29341
28003
26453
24708
22775
20677
18423
16034
13523
10914
8222
5470
2676
-136
-2951
-5741
-8488
-11173
-13774
-16273
-18650
-20889
-22972
-24884
-26615
-28143
-29464
-30563
-31437
-32076
-32477
-32635
-32553
-32224
-31660
-30856
-29827
-28571
-27108
-25439
-23583
-21550
-19358
-17018
-14554
-11984
-9323
-6593
-3813
-1006
1808
4610
7378
10093
12730
15273
17701
19999
22147
24131
25934
27545
28952
30144
31108
31845
32340
32600
32612
32385
31913
31208
30267
29102
27721
26135
24352
22389
20259
17979
15564
13035
10405
7700
4938
2139
-674
-3484
-6268
-9003
-11675
-14257
-16738
-19089
-21301
-23351
-25231
-26920
-28412
-29689
-30749
-31577
-32172
-32525
-32639
-32507
-32136
-31524
-30679
-29604
-28309
-26803
-25098
-23207
-21143
-18922
-16560
-14074
-11483
-8808
-6068
-3279
-467
2345
5142
7902
10600
13223
15743
18149
20420
22540
24488
26259
27829
29196
30343
31267
31955
32408
32619
32587
32312
31797
31046
30063
28856
27435
25810
23992
21995
19835
17528
15089
12540
9896
7179
4409
1606
-1209
-4018
-6794
-9520
-12175
-14740
-17194
-19521
-21702
-23722
-25567
-27222
-28671
-29909
-30923
-31708
-32257
-32566
-32633
-32455
-32037
-31380
-30491
-29373
-28039
-26494
-24753
-22827
-20733
-18483
-16094
-13586
-10979
-8289
-5538
-2745
67
2879
5670
8421
11108
13712
16213
18594
20836
22923
24839
26571
28105
29432
30537
31416
32060
32467
32631
32554
32232
31673
30875
29850
28600
27142
25477
23626
21596
19407
17074
14613
12044
9383
6653
3875
1068
-1747
-4549
-7317
-10030
-12670
-15217
-17648
-19949
-22101
-24089
-25897
-27513
-28923
-30120
-31090
-31833
-32334
-32599
-32617
-32396
-31929
-31231
-30295
-29137
-27760
-26178
-24399
-22440
-20314
-18037
-15625
-13098
-10472
-7770
-5007
-2208
605
3415
6200
8937
11610
14195
16675
19031
21248
23302
25186
26880
28376
29658
30724
31556
32158
32516
32637
32510
32145
31538
30699
29628
28340
26839
25139
23250
21190
18972
16613
14130
11542
8869
6129
3343
533
-2283
-5081
-7841
-10541
-13165
-15688
-18098
-20370
-22493
-24446
-26223
-27797
-29170
-30322
-31251
-31944
-32404
-32620
-32595
-32324
-31816
-31068
-30091
-28890
-27474
-25853
-24040
-22048
-19891
-17586
-15150
-12603
-9961
-7246
-4477
-1675
1140
3947
6724
9454
12111
14678
17135
19466
21650
23675
25521
27181
28635
29880
30899
31690
32243
32558
32630
32459
32047
31396
30511
29399
28068
26529
24792
22872
20781
18534
16151
13646
11038
8349
5600
2807
-4
-2816
-5609
-8358
-11047
-13652
-16159
-18542
-20788
-22879
-24799
-26536
-28075
-29404
-30516
-31400
-32051
-32463
-32633
-32561
-32245
-31691
-30900
-29880
-28636
-27181
-25520
-23674
-21649
-19463
-17132
-14675
-12108
-9451
-6724
-3943
-1137
1678
4480
7249
9964
12606
15153
17589
19891
22050
24041
25854
27474
28889
30091
31067
31814
32322
32592
32616
32400
31940
31246
30317
29164
27792
26216
24441
22485
20362
18089
15680
13156
10532
7832
5072
2274
-539
-3352
-6138
-8878
-11551
-14139
-16621
-18980
-21198
-23257
-25144
-26845
-28346
-29634
-30704
-31542
-32149
-32513
-32640
-32519
-32160
-31558
-30725
-29659
-28376
-26879
-25185
-23301
-21246
-19031
-16673
-14192
-11607
-8934
-6196
-3412
-601
2212
5010
7770
10475
13101
15628
18039
20315
22441
24400
26178
27759
29137
30295
31230
31928
32394
32614
32596
32330
31829
31086
30114
28917
27507
25890
24082
22094
19941
17640
15209
12664
10021
7308
4539
1737
-1077
-3884
-6662
-9392
-12050
-14619
-17082
-19416
-21604
-23633
-25484
-27148
-28606
-29856
-30879
-31677
-32236
-32557
-32634
-32469
-32062
-31417
-30538
-29432
-28106
-26571
-24838
-22922
-20834
-18592
-16211
-13709
-11105
-8418
-5670
-2876
-63
2748
5541
8292
10982
13589
16096
18482
20735
22829
24754
26495
28039
29373
30490
31378
32036
32452
32630
32562
32253
31704
30918
29903
28665
27215
25561
23717
21694
19513
17185
14731
12166
9511
6785
4009
1203
-1612
-4418
-7188
-9905
-12548
-15097
-17536
-19842
-22002
-23997
-25817
-27441
-28862
-30069
-31050
-31802
-32316
-32591
-32622
-32411
-31957
-31268
-30344
-29196
-27828
-26258
-24487
-22538
-20418
-18149
-15741
-13220
-10597
-7899
-5139
-2342
471
3282
6068
8811
11486
14077
16562
18924
21145
23208
25099
26803
28308
29603
30678
31523
32134
32505
32636
32521
32168
31572
30745
29683
28406
26914
25224
23344
21293
19081
16730
14251
11666
8994
6258
3474
664
-2149
-4948
-7709
-10414
-13041
-15573
-17987
-20267
-22397
-24359
-26141
-27727
-29108
-30272
-31212
-31917
-32388
-32615
-32602
-32342
-31847
-31109
-30144
-28952
-27546
-25933
-24130
-22145
-19996
-17698
-15270
-12728
-10090
-7378
-4607
-1805
1009
3817
6596
9326
11985
14557
17021
19358
21552
23584
25440
27108
28571
29827
30855
31659
32222
32550
32632
32474
32071
31433
30558
29458
28136
26608
24879
22965
20882
18642
16265
13766
11164
8479
5732
2942
129
-2686
-5479
-8231
-10923
-13532
-16043
-18431
-20684
-22782
-24713
-26459
-28009
-29347
-30470
-31364
-32026
-32448
-32632
-32569
-32267
-31722
-30943
-29932
-28700
-27254
-25605
-23765
-21749
-19571
-17244
-14792
-12230
-9577
-6853
-4077
-1272
1543
4346
7119
9840
12486
15037
17478
19787
21951
23950
25772
27401
28827
30040
31027
31783
32304
32584
32621
32415
31968
31284
30365
29222
27860
26293
24528
22582
20467
18201
15798
13279
10657
7959
5201
2405
-408
-3219
-6006
-8748
-11426
-14019
-16508
-18873
-21098
-23166
-25060
-26770
-28279
-29578
-30657
-31508
-32126
-32502
-32638
-32530
-32181
-31592
-30769
-29715
-28442
-26954
-25268
-23393
-21346
-19137
-16790
-14313
-11733
-9064
-6329
-3543
-733
2080
4880
7643
10348
12978
15510
17926
20210
22346
24312
26098
27690
29075
30244
31189
31900
32377
32609
32602
32348
31857
31125
30166
28979
27579
25972
24174
22189
20046
17751
15325
12784
10150
7438
4672
1871
-943
-3754
-6534
-9265
-11928
-14502
-16968
-19307
-21503
-23539
-25399
-27074
-28543
-29803
-30838
-31645
-32215
-32548
-32636
-32484
-32086
-31454
-30584
-29490
-28173
-26650
-24925
-23017
-20936
-18702
-16324
-13828
-11228
-8546
-5800
-3010
-198
2614
5408
8161
10858
13470
15982
18373
20631
22732
24667
26416
27970
29316
30444
31343
32011
32438
32628
32571
32274
31735
30962
29955
28729
27286
25643
23807
21795
19621
17300
14850
12290
9637
6913
4139
1334
-1481
-4285
-7057
-9777
-12424
-14979
-17425
-19737
-21906
-23908
-25736
-27368
-28801
-30015
-31010
-31771
-32298
-32583
-32627
-32425
-31985
-31305
-30393
-29255
-27899
-26334
-24574
-22632
-20521
-18258
-15858
-13342
-10724
-8029
-5272
-2474
339
3151
5938
8681
11361
13956
16446
18815
21044
23117
25014
26730
28242
29548
30631
31488
32110
32493
32635
32533
32189
31606
30788
29739
28471
26990
25308
23438
21393
19187
16842
14369
11791
9124
6390
3607
799
-2018
-4818
-7582
-10289
-12920
-15455
-17874
-20161
-22298
-24270
-26062
-27658
-29049
-30223
-31172
-31889
-32371
-32610
-32607
-32361
-31874
-31148
-30194
-29012
-27617
-26014
-24221
-22243
-20104
-17812
-15386
-12848
-10215
-7505
-4741
-1940
874
3682
6464
9199
11864
14439
16908
19251
21451
23490
25355
27032
28507
29772
30813
31625
32201
32539
32634
32487
32096
31469
30604
29515
28203
26685
24964
23062
20984
18754
16380
13888
11287
8606
5862
3072
260
-2551
-5347
-8101
-10795
-13410
-15927
-18323
-20582
-22689
-24626
-26380
-27939
-29288
-30421
-31326
-32001
-32434
-32629
-32578
-32287
-31753
-30986
-29986
-28765
-27327
-25687
-23855
-21848
-19675
-17358
-14912
-12355
-9705
-6984
-4207
-1402
1412
4217
6990
9711
12360
14917
17363
19680
21854
23860
25692
27329
28767
29986
30986
31752
32286
32575
32626
32429
31995
31321
30415
29281
27931
26372
24617
22677
20570
18309
15913
13399
10783
8089
5334
2539
-273
-3088
-5876
-8622
-11302
-13899
-16392
-18764
-20994
-23071
-24973
-26695
-28212
-29524
-30611
-31474
-32101
-32490
-32637
-32542
-32203
-31625
-30812
-29770
-28506
-27030
-25352
-23486
-21446
-19246
-16901
-14431
-11855
-9190
-6458
-3676
-867
1946
4747
7511
10224
12857
15395
17817
20108
22247
24224
26017
27619
29014
30196
31149
31874
32359
32605
32607
32367
31884
31166
30215
29040
27648
26051
24260
22288
20151
17863
15444
12909
10274
7567
4803
2003
-811
-3620
-6402
-9136
-11803
-14380
-16855
-19200
-21405
-23448
-25317
-26998
-28478
-29746
-30794
-31611
-32194
-32537
-32637
-32495
-32111
-31489
-30630
-29547
-28241
-26726
-25009
-23111
-21038
-18811
-16440
-13951
-11355
-8675
-5932
-3141
-329
2483
5279
8035
10730
13347
15863
18263
20525
22639
24580
26339
27901
29256
30394
31305
31984
32423
32624
32579
32293
31765
31004
30009
28794
27360
25728
23899
21894
19725
17411
14967
12413
9765
7045
4273
1469
-1346
-4154
-6928
-9652
-12302
-14861
-17311
-19631
-21805
-23816
-25654
-27296
-28738
-29963
-30968
-31740
-32279
-32574
-32631
-32440
-32012
-31342
-30442
-29313
-27968
-26413
-24664
-22728
-20627
-18369
-15974
-13462
-10849
-8156
-5402
-2607
205
3017
5806
8552
11237
13836
16332
18707
20941
23021
24928
26652
28174
29492
30586
31455
32086
32482
32633
32544
32210
31639
30831
29794
28534
27064
25391
23529
21493
19297
16957
14490
11916
9250
6519
3739
930
-1883
-4685
-7450
-10162
-12796
-15339
-17764
-20059
-22201
-24183
-25981
-27587
-28986
-30173
-31131
-31863
-32353
-32605
-32612
-32378
-31901
-31189
-30244
-29074
-27688
-26094
-24307
-22340
-20206
-17921
-15505
-12972
-10343
-7637
-4873
-2070
743
3552
6336
9070
11739
14318
16795
19141
21353
23399
25273
26958
28443
29716
30769
31591
32180
32528
32635
32498
32121
31503
30650
29572
28271
26762
25050
23156
21085
18861
16494
14007
11414
8736
5994
3207
395
-2420
-5217
-7974
-10672
-13290
-15810
-18211
-20477
-22592
-24537
-26303
-27870
-29230
-30372
-31290
-31973
-32419
-32624
-32586
-32306
-31784
-31027
-30038
-28826
-27399
-25770
-23947
-21947
-19782
-17473
-15029
-12477
-9831
-7113
-4340
-1537
1277
4083
6859
9586
12239
14800
17252
19576
21753
23768
25608
27256
28702
29934
30944
31722
32265
32567
32629
32444
32022
31358
30464
29338
28000
26449
24704
22773
20674
18420
16031
13520
10908
8216
5464
2670
-142
-2954
-5744
-8491
-11176
-13777
-16279
-18655
-20894
-22977
-24889
-26617
-28144
-29465
-30564
-31438
-32077
-32478
-32635
-32552
-32223
-31659
-30855
-29826
-28570
-27106
-25435
-23578
-21545
-19353
-17016
-14551
-11981
-9319
-6590
-3807
-999
1815
4616
7384
10096
12733
15276
17703
20001
22151
24135
25938
27549
28953
30145
31109
31846
32341
32600
32611
32384
31912
31206
30265
29101
27719
26133
24350
22385
20254
17974
15559
13029
10402
7697
4935
2136
-677
-3490
-6274
-9009
-11681
-14263
-16741
-19092
-21304
-23353
-25233
-26924
-28415
-29691
-30751
-31578
-32172
-32525
-32639
-32507
-32135
-31522
-30677
-29601
-28306
-26801
-25096
-23205
-21141
-18919
-16554
-14068
-11478
-8802
-6062
-3275
-464
2348
5145
7905
10606
13228
15749
18154
20422
22542
24490
26260
27830
29197
30345
31268
31956
32409
32619
32587
32312
31797
31045
30061
28853
27431
25806
23988
21992
19832
17525
15086
12537
9890
7173
4402
1600
-1215
-4021
-6797
-9523
-12178
-14742
-17199
-19526
-21707
-23726
-25569
-27223
-28673
-29910
-30924
-31709
-32258
-32566
-32632
-32454
-32037
-31379
-30490
-29371
-28038
-26491
-24749
-22823
-20728
-18477
-16091
-13583
-10976
-8286
-5535
-2739
73
2885
5676
8424
11111
13715
16216
18596
20838
22928
24843
26575
28108
29433
30538
31417
32061
32467
32631
32554
32231
31672
30873
29849
28599
27140
25475
23623
21592
19402
17069
14608
12038
9380
6650
3872
1064
-1750
-4555
-7323
-10036
-12675
-15220
-17651
-19951
-22104
-24091
-25901
-27517
-28926
-30122
-31092
-31834
-32335
-32599
-32617
-32396
-31928
-31229
-30293
-29134
-27757
-26176
-24396
-22438
-20311
-18034
-15620
-13093
-10466
-7764
-5004
-2205
608
3418
6203
8940
11616
14201
16681
19036
21250
23304
25188
26882
28378
29661
30726
31558
32159
32516
32637
32509
32144
31537
30698
29626
28336
26835
25135
23247
21188
18970
16610
14127
11539
8863
6122
3337
526
-2287
-5084
-7844
-10544
-13168
-15694
-18103
-20375
-22497
-24450
-26225
-27799
-29171
-30323
-31252
-31946
-32404
-32620
-32594
-32324
-31815
-31067
-30090
-28888
-27472
-25849
-24036
-22044
-19887
-17584
-15148
-12600
-9958
-7243
-4474
-1668
1146
3953
6730
9457
12114
14681
17137
19468
21655
23679
25525
27184
28638
29881
30900
31690
32244
32559
32630
32459
32046
31394
30510
29397
28067
26527
24790
22869
20776
18529
16145
13640
11035
8346
5597
2805
-7
-2822
-5614
-8365
-11052
-13658
-16162
-18545
-20791
-22881
-24802
-26539
-28078
-29407
-30518
-31401
-32052
-32463
-32633
-32561
-32245
-31690
-30898
-29878
-28633
-27179
-25518
-23672
-21646
-19461
-17130
-14670
-12102
-9445
-6718
-3940
-1133
1681
4483
7252
9970
12612
15159
17594
19896
22052
24043
25856
27476
28891
30093
31069
31815
32323
32592
32616
32400
31939
31246
30315
29161
27788
26213
24437
22483
20360
18087
15677
13153
10526
7826
5066
2268
-545
-3356
-6141
-8881
-11554
-14142
-16627
-18985
-21203
-23261
-25149
-26847
-28347
-29635
-30705
-31543
-32150
-32514
-32640
-32518
-32159
-31557
-30724
-29657
-28374
-26877
-25181
-23296
-21241
-19026
-16670
-14190
-11604
-8931
-6193
-3405
-595
2218
5016
7777
10478
13104
15630
18042
20318
22446
24404
26182
27762
29138
30296
31231
31928
32394
32614
32595
32329
31827
31084
30113
28915
27505
25888
24080
22089
19936
17635
15203
12658
10018
7304
4536
1734
-1080
-3890
-6668
-9398
-12055
-14625
-17085
-19418
-21606
-23635
-25486
-27151
-28609
-29858
-30881
-31678
-32236
-32558
-32634
-32469
-32061
-31415
-30536
-29429
-28103
-26569
-24836
-22919
-20832
-18589
-16205
-13703
-11100
-8413
-5664
-2873
-60
2752
5544
8295
10988
13595
16102
18487
20737
22831
24756
26497
28041
29374
30492
31380
32037
32453
32630
32562
32252
31703
30917
29901
28662
27212
25557
23714
21692
19511
17183
14728
12163
9505
6779
4003
1196
-1618
-4421
-7191
-9908
-12551
-15100
-17541
-19847
-22007
-24001
-25819
-27443
-28864
-30070
-31051
-31803
-32317
-32591
-32622
-32410
-31956
-31267
-30343
-29194
-27827
-26254
-24483
-22533
-20413
-18144
-15738
-13217
-10594
-7896
-5136
-2336
477
3288
6074
8814
11489
14079
16565
18926
21148
23212
25103
26807
28311
29605
30679
31523
32135
32505
32636
32521
32167
31571
30743
29682
28404
26912
25222
23342
21289
19076
16724
14246
11663
8991
6255
3471
661
-2152
-4954
-7715
-10420
-13046
-15576
-17990
-20269
-22399
-24361
-26145
-27730
-29111
-30274
-31214
-31918
-32389
-32615
-32602
-32342
-31845
-31107
-30142
-28949
-27543
-25931
-24128
-22143
-19994
-17696
-15265
-12722
-10084
-7372
-4604
-1802
1012
3820
6599
9329
11991
14563
17026
19363
21554
23586
25442
27110
28573
29830
30857
31660
32223
32550
32632
32473
32071
31432
30557
29455
28133
26604
24875
22963
20879
18639
16262
13763
11161
8473
5726
2935
123
-2689
-5482
-8234
-10926
-13535
-16048
-18436
-20689
-22787
-24718
-26461
-28011
-29348
-30471
-31365
-32028
-32449
-32632
-32569
-32266
-31721
-30942
-29931
-28699
-27252
-25601
-23761
-21744
-19566
-17242
-14790
-12227
-9574
-6850
-4074
-1265
1549
4353
7125
9843
12489
15040
17481
19790
21956
23954
25776
27404
28830
30041
31028
31784
32304
32584
32621
32414
31967
31282
30363
29220
27858
26291
24525
22580
20462
18195
15793
13273
10654
7956
5198
2402
-411
-3225
-6012
-8754
-11431
-14024
-16511
-18876
-21100
-23168
-25062
-26774
-28282
-29580
-30659
-31510
-32126
-32502
-32639
-32530
-32181
-31590
-30767
-29712
-28439
-26952
-25266
-23391
-21344
-19134
-16787
-14307
-11728
-9058
-6323
-3540
-730
2083
4883
7646
10354
12984
15516
17931
20215
22348
24315
26100
27691
29076
30247
31191
31901
32378
32609
32602
32348
31857
31124
30165
28976
27576
25968
24170
22187
20044
17748
15322
12781
10144
7432
4666
1865
-949
-3757
-6537
-9268
-11931
-14504
-16973
-19312
-21508
-23543
-25403
-27076
-28545
-29804
-30839
-31645
-32216
-32549
-32636
-32483
-32086
-31453
-30583
-29489
-28171
-26646
-24921
-23013
-20932
-18697
-16321
-13825
-11225
-8543
-5797
-3004
-192
2620
5414
8167
10861
13473
15985
18376
20633
22737
24671
26420
27974
29317
30445
31344
32012
32438
32628
32570
32273
31733
30960
29954
28727
27285
25641
23805
21791
19616
17295
14844
12285
9634
6910
4136
1330
-1484
-4291
-7063
-9783
-12430
-14984
-17428
-19740
-21909
-23910
-25738
-27371
-28804
-30018
-31011
-31772
-32298
-32583
-32626
-32425
-31983
-31304
-30391
-29252
-27896
-26332
-24572
-22630
-20519
-18255
-15853
-13336
-10718
-8023
-5266
-2470
342
3154
5941
8684
11367
13962
16451
18820
21047
23119
25016
26731
28244
29549
30633
31490
32111
32494
32635
32532
32188
31605
30787
29737
28468
26986
25304
23434
21390
19185
16839
14366
11788
9118
6384
3601
792
-2021
-4822
-7585
-10292
-12923
-15458
-17879
-20166
-22303
-24274
-26063
-27660
-29050
-30224
-31173
-31891
-32372
-32610
-32607
-32360
-31873
-31147
-30193
-29011
-27615
-26010
-24217
-22238
-20099
-17806
-15384
-12845
-10212
-7502
-4738
-1934
880
3689
6470
9202
11867
14442
16911
19253
21453
23494
25359
27035
28510
29773
30814
31626
32202
32540
32634
32486
32095
31467
30602
29514
28201
26684
24962
23060
20979
18748
16375
13882
11284
8603
5859
3069
257
-2554
-5353
-8108
-10801
-13416
-15930
-18325
-20585
-22691
-24628
-26384
-27942
-29291
-30423
-31328
-32001
-32434
-32629
-32577
-32287
-31752
-30984
-29983
-28762
-27323
-25685
-23853
-21845
-19672
-17356
-14906
-12349
-9699
-6977
-4204
-1399
1415
4220
6993
9714
12366
14923
17369
19685
21856
23862
25694
27331
28768
29989
30988
31754
32286
32576
32626
32429
31995
31320
30413
29278
27928
26368
24613
22675
20567
18307
15910
13396
10780
8083
5328
2533
-279
-3091
-5879
-8625
-11305
-13902
-16397
-18770
-20999
-23076
-24978
-26697
-28214
-29525
-30612
-31475
-32102
-32491
-32637
-32541
-32202
-31624
-30811
-29769
-28504
-27029
-25348
-23482
-21442
-19241
-16898
-14428
-11852
-9187
-6454
-3673
-861
1953
4753
7518
10227
12859
15397
17819
20110
22251
24227
26020
27622
29017
30197
31150
31874
32359
32605
32606
32366
31883
31164
30214
29038
27647
26049
24258
22286
20146
17858
15439
12903
10271
7563
4800
2000
-814
-3626
-6408
-9142
-11809
-14386
-16858
-19203
-21408
-23450
-25319
-27002
-28481
-29749
-30796
-31613
-32194
-32537
-32637
-32495
-32111
-31487
-30628
-29544
-28238
-26724
-25007
-23109
-21035
-18808
-16435
-13945
-11349
-8670
-5926
-3138
-326
2486
5282
8038
10736
13353
15869
18268
20530
22641
24582
26340
27903
29258
30396
31307
31985
32424
32624
32579
32293
31765
31003
30007
28791
27356
25724
23895
21892
19722
17409
14964
12410
9759
7039
4266
1462
-1352
-4157
-6931
-9655
-12305
-14864
-17317
-19635
-21810
-23820
-25656
-27298
-28740
-29965
-30969
-31741
-32280
-32575
-32631
-32439
-32011
-31341
-30441
-29312
-27967
-26410
-24659
-22724
-20622
-18363
-15971
-13459
-10846
-8153
-5399
-2601
211
3023
5812
8558
11240
13839
16334
18710
20943
23026
24932
26656
28178
29494
30587
31455
32086
32482
32633
32544
32209
31638
30829
29793
28533
27062
25389
23527
21488
19291
16951
14485
11911
9247
6516
3735
927
-1887
-4691
-7456
-10168
-12802
-15342
-17767
-20061
-22204
-24185
-25983
-27590
-28989
-30175
-31133
-31864
-32353
-32605
-32612
-32378
-31900
-31187
-30242
-29071
-27684
-26092
-24305
-22337
-20203
-17919
-15499
-12966
-10337
-7631
-4867
-2067
746
3555
6339
9073
11745
14324
16800
19147
21355
23401
25275
26960
28445
29717
30771
31593
32181
32528
32635
32498
32120
31502
30649
29569
28268
26758
25046
23152
21083
18859
16492
14004
11411
8730
5987
3201
389
-2423
-5220
-7977
-10674
-13293
-15811
-18216
-20482
-22596
-24541
-26305
-27871
-29232
-30373
-31290
-31974
-32420
-32625
-32586
-32305
-31783
-31026
-30036
-28825
-27397
-25766
-23942
-21943
-19777
-17468
-15026
-12474
-9828
-7110
-4337
-1530
1283
4089
6865
9589
12241
14803
17255
19578
21755
23773
25612
27260
28705
29936
30945
31722
32266
32567
32629
32443
32020
31357
30462
29337
27998
26447
24702
22770
20669
18415
16026
13515
10905
8213
5461
2667
-145
-2957
-5750
-8497
-11182
-13782
-16281
-18658
-20897
-22979
-24891
-26620
-28147
-29468
-30567
-31440
-32077
-32478
-32635
-32552
-32223
-31657
-30854
-29823
-28567
-27102
-25433
-23576
-21543
-19350
-17013
-14546
-11975
-9313
-6583
-3804
-996
1818
4619
7387
10099
12739
15281
17709
20006
22153
24138
25940
27550
28954
30148
31110
31847
32341
32600
32611
32384
31911
31205
30264
29098
27716
26129
24346
22383
20252
17971
15556
13026
10399
7691
4929
2130
-683
-3493
-6277
-9012
-11684
-14266
-16746
-19097
-21308
-23358
-25237
-26925
-28416
-29693
-30752
-31578
-32173
-32526
-32639
-32506
-32134
-31522
-30675
-29600
-28305
-26799
-25092
-23201
-21136
-18914
-16552
-14065
-11475
-8799
-6058
-3269
-458
2355
5151
7910
10609
13231
15752
18156
20425
22546
24494
26264
27834
29200
30346
31269
31957
32409
32619
32587
32311
31795
31043
30059
28852
27430
25805
23986
21990
19827
17520
15080
12531
9887
7170
4399
1596
-1218
-4028
-6803
-9529
-12184
-14748
-17202
-19528
-21709
-23728
-25571
-27227
-28676
-29913
-30926
-31710
-32258
-32566
-32632
-32454
-32036
-31377
-30488
-29369
-28034
-26489
-24747
-22820
-20726
-18475
-16086
-13578
-10970
-8280
-5529
-2736
76
2888
5679
8427
11117
13720
16221
18602
20843
22930
24845
26577
28110
29435
30541
31419
32062
32468
32631
32553
32230
31671
30872
29848
28596
27137
25471
23619
21589
19400
17066
14605
12035
9374
6644
3866
1058
-1756
-4558
-7326
-10039
-12678
-15223
-17656
-19956
-22108
-24096
-25903
-27518
-28927
-30123
-31093
-31834
-32335
-32600
-32617
-32395
-31928
-31228
-30292
-29133
-27755
-26172
-24392
-22434
-20306
-18029
-15617
-13090
-10463
-7761
-5000
-2199
614
3424
6209
8946
11619
14204
16683
19038
21253
23309
25192
26885
28381
29662
30727
31559
32159
32517
32637
32509
32143
31535
30695
29624
28335
26834
25133
23245
21183
18964
16605
14122
11533
8860
6120
3334
523
-2290
-5090
-7850
-10550
-13174
-15697
-18105
-20377
-22500
-24453
-26227
-27802
-29174
-30325
-31254
-31946
-32405
-32620
-32594
-32323
-31813
-31066
-30088
-28885
-27469
-25848
-24034
-22041
-19885
-17581
-15142
-12595
-9952
-7237
-4468
-1665
1149
3956
6733
9460
12119
14686
17143
19473
21657
23681
25527
27186
28640
29882
30902
31692
32245
32559
32630
32458
32045
31393
30509
29395
28064
26523
24786
22865
20773
18526
16143
13638
11032
8340
5591
2799
-13
-2826
-5618
-8368
-11055
-13661
-16165
-18550
-20796
-22886
-24806
-26541
-28079
-29409
-30519
-31402
-32053
-32464
-32634
-32560
-32244
-31689
-30897
-29877
-28632
-27177
-25514
-23667
-21642
-19456
-17124
-14667
-12099
-9442
-6714
-3937
-1127
1687
4490
7259
9973
12615
15161
17595
19899
22055
24048
25860
27479
28894
30094
31070
31816
32323
32592
32616
32399
31938
31244
30313
29160
27787
26211
24435
22480
20355
18081
15672
13147
10523
7822
5063
2265
-548
-3359
-6147
-8887
-11560
-14147
-16629
-18988
-21205
-23264
-25151
-26851
-28350
-29638
-30707
-31545
-32151
-32514
-32640
-32518
-32159
-31555
-30722
-29655
-28371
-26874
-25179
-23294
-21239
-19023
-16667
-14184
-11598
-8925
-6187
-3402
-592
2221
5019
7780
10484
13110
15636
18047
20323
22448
24406
26184
27764
29140
30298
31232
31930
32395
32614
32595
32329
31826
31083
30112
28913
27502
25884
24075
22087
19934
17632
15200
12655
10015
7298
4530
1728
-1086
-3894
-6671
-9401
-12058
-14628
-17089
-19423
-21611
-23639
-25490
-27153
-28611
-29859
-30882
-31679
-32237
-32558
-32634
-32468
-32060
-31415
-30535
-29428
-28101
-26567
-24832
-22915
-20827
-18584
-16203
-13701
-11097
-8410
-5661
-2866
-54
2758
5551
8301
10991
13598
16105
18490
20740
22836
24760
26501
28044
29377
30493
31381
32037
32453
32630
32562
32251
31701
30915
29900
28661
27210
25555
23711
21689
19506
17177
14723
12157
9502
6776
4000
1193
-1621
-4427
-7197
-9914
-12557
-15106
-17544
-19850
-22009
-24004
-25821
-27446
-28866
-30072
-31053
-31804
-32317
-32591
-32621
-32410
-31955
-31265
-30341
-29192
-27823
-26252
-24481
-22531
-20411
-18141
-15732
-13211
-10588
-7890
-5130
-2333
480
3291
6077
8817
11495
14085
16570
18931
21152
23215
25105
26809
28313
29606
30681
31525
32136
32505
32636
32520
32166
31570
30742
29680
28401
26908
25218
23337
21286
19074
16721
14243
11660
8985
6249
3465
655
-2158
-4957
-7718
-10423
-13049
-15578
-17995
-20274
-22404
-24365
-26147
-27732
-29113
-30275
-31215
-31918
-32389
-32615
-32602
-32341
-31845
-31106
-30141
-28947
-27541
-25927
-24123
-22138
-19989
-17691
-15262
-12719
-10081
-7369
-4601
-1796
1018
3825
6605
9335
11994
14565
17029
19365
21556
23590
25446
27113
28576
29831
30858
31661
32223
32551
32632
32473
32070
31430
30555
29454
28132
26603
24873
22961
20874
18634
16257
13757
11155
8470
5723
2932
120
-2692
-5488
-8240
-10932
-13541
-16051
-18439
-20692
-22789
-24720
-26463
-28014
-29351
-30473
-31366
-32028
-32449
-32632
-32569
-32265
-31720
-30939
-29929
-28696
-27249
-25599
-23758
-21742
-19563
-17239
-14784
-12221
-9568
-6843
-4068
-1262
1552
4356
7128
9846
12494
15045
17486
19795
21958
23957
25778
27406
28832
30042
31030
31786
32305
32584
32621
32414
31966
31281
30362
29218
27855
26287
24521
22576
20459
18193
15790
13270
10651
7950
5192
2395
-417
-3229
-6015
-8757
-11434
-14026
-16514
-18881
-21105
-23173
-25066
-26775
-28283
-29581
-30660
-31510
-32128
-32503
-32639
-32529
-32180
-31590
-30766
-29711
-28437
-26950
-25262
-23386
-21339
-19129
-16781
-14304
-11725
-9055
-6320
-3537
-724
2089
4889
7651
10357
12987
15518
17934
20217
22353
24319
26104
27694
29079
30248
31192
31902
32378
32610
32601
32347
31856
31122
30163
28975
27574
25966
24168
22185
20039
17743
15317
12776
10141
7429
4663
1862
-952
-3760
-6544
-9274
-11937
-14510
-16976
-19315
-21510
-23545
-25405
-27079
-28548
-29806
-30841
-31647
-32216
-32549
-32636
-32483
-32085
-31451
-30581
-29486
-28168
-26644
-24919
-23011
-20929
-18694
-16319
-13819
-11220
-8537
-5791
-3001
-189
2623
5417
8170
10867
13479
15990
18381
20638
22739
24673
26421
27975
29318
30447
31345
32013
32439
32628
32570
32273
31733
30959
29953
28724
27282
25637
23800
21788
19613
17292
14842
12282
9631
6904
4129
1324
-1490
-4294
-7067
-9786
-12433
-14987
-17433
-19745
-21913
-23915
-25742
-27373
-28805
-30019
-31012
-31773
-32299
-32583
-32626
-32424
-31983
-31303
-30390
-29251
-27894
-26331
-24568
-22626
-20514
-18250
-15850
-13333
-10715
-8020
-5263
-2464
348
3160
5947
8690
11370
13965
16454
18823
21049
23124
25020
26735
28247
29552
30634
31491
32112
32494
32635
32532
32187
31603
30785
29735
28466
26985
25302
23432
21388
19180
16834
14360
11782
9115
6381
3598
789
-2024
-4828
-7591
-10298
-12929
-15464
-17882
-20169
-22305
-24276
-26065
-27663
-29053
-30227
-31175
-31891
-32372
-32610
-32607
-32359
-31873
-31145
-30190
-29008
-27612
-26009
-24215
-22236
-20096
-17804
-15378
-12839
-10206
-7496
-4731
-1930
883
3692
6473
9205
11873
14448
16916
19258
21458
23496
25361
27037
28512
29775
30816
31627
32203
32540
32634
32486
32094
31467
30601
29513
28198
26680
24958
23055
20977
18746
16372
13879
11281
8597
5852
3063
252
-2560
-5355
-8111
-10804
-13419
-15933
-18331
-20590
-22695
-24632
-26386
-27944
-29292
-30425
-31329
-32002
-32435
-32630
-32577
-32286
-31751
-30983
-29982
-28761
-27322
-25681
-23848
-21841
-19667
-17350
-14903
-12346
-9696
-6974
-4201
-1393
1421
4226
6999
9720
12369
14925
17371
19687
21859
23867
25698
27334
28771
29990
30990
31754
32287
32576
32626
32428
31993
31318
30411
29277
27926
26366
24611
22672
20562
18302
15905
13390
10775
8080
5325
2530
-282
-3094
-5885
-8631
-11311
-13908
-16400
-18772
-21001
-23078
-24980
-26699
-28217
-29527
-30614
-31477
-32103
-32491
-32637
-32541
-32201
-31622
-30809
-29766
-28501
-27025
-25346
-23480
-21439
-19239
-16895
-14423
-11847
-9181
-6448
-3667
-858
1956
4756
7521
10230
12865
15403
17824
20115
22254
24229
26022
27624
29018
30199
31152
31875
32360
32605
32606
32365
31882
31163
30213
29035
27643
26045
24254
22281
20145
17855
15436
12900
10268
7557
4794
1993
-820
-3629
-6411
-9145
-11812
-14389
-16861
-19208
-21412
-23454
-25323
-27004
-28483
-29750
-30797
-31614
-32195
-32537
-32637
-32494
-32110
-31486
-30627
-29543
-28236
-26722
-25003
-23105
-21030
-18803
-16432
-13942
-11346
-8667
-5922
-3135
-320
2492
5288
8044
10739
13356
15872
18271
20533
22645
24586
26344
27906
29260
30397
31308
31986
32424
32624
32578
32292
31763
31001
30005
28789
27355
25722
23892
21889
19717
17403
14959
12404
9756
7036
4263
1459
-1355
-4161
-6938
-9661
-12311
-14870
-17319
-19637
-21812
-23823
-25658
-27301
-28743
-29967
-30971
-31742
-32280
-32575
-32631
-32439
-32011
-31339
-30439
-29309
-27964
-26408
-24657
-22721
-20619
-18361
-15968
-13453
-10840
-8147
-5392
-2598
214
3026
5815
8561
11246
13845
16340
18715
20948
23028
24934
26658
28179
29495
30589
31457
32088
32482
32633
32543
32209
31637
30828
29792
28530
27058
25385
23523
21486
19289
16949
14482
11908
9244
6510
3729
921
-1893
-4694
-7459
-10171
-12805
-15345
-17772
-20066
-22208
-24190
-25986
-27592
-28991
-30176
-31134
-31864
-32354
-32605
-32612
-32377
-31899
-31186
-30240
-29070
-27683
-26090
-24301
-22333
-20198
-17913
-15497
-12964
-10334
-7628
-4864
-2061
752
3562
6345
9079
11747
14327
16803
19149
21357
23405
25279
26963
28448
29720
30772
31594
32181
32529
32635
32497
32119
31500
30647
29568
28266
26756
25044
23150
21080
18854
16486
13999
11405
8727
5984
3198
386
-2427
-5226
-7983
-10680
-13299
-15817
-18219
-20484
-22599
-24543
-26307
-27875
-29234
-30376
-31292
-31975
-32420
-32625
-32585
-32304
-31782
-31024
-30034
-28822
-27393
-25764
-23940
-21940
-19775
-17465
-15020
-12468
-9822
-7103
-4332
-1528
1286
4092
6868
9592
12247
14808
17260
19583
21760
23775
25614
27261
28706
29937
30947
31724
32267
32568
32629
32443
32020
31356
30460
29335
27995
26443
24698
22766
20667
18412
16023
13513
10902
8207
5454
2661
-151
-2963
-5754
-8500
-11185
-13785
-16284
-18663
-20901
-22984
-24895
-26622
-28149
-29469
-30568
-31441
-32078
-32479
-32635
-32552
-32222
-31657
-30853
-29822
-28565
-27100
-25429
-23572
-21538
-19345
-17008
-14543
-11972
-9310
-6580
-3801
-990
1824
4626
7393
10105
12742
15284
17711
20009
22156
24142
25943
27554
28957
30149
31111
31848
32342
32600
32611
32383
31910
31203
30262
29097
27714
26127
24344
22380
20247
17966
15551
13020
10393
7688
4926
2127
-686
-3496
-6283
-9019
-11690
-14271
-16749
-19100
-21311
-23360
-25239
-26927
-28419
-29695
-30754
-31580
-32174
-32526
-32639
-32506
-32133
-31520
-30673
-29597
-28302
-26796
-25090
-23199
-21134
-18911
-16549
-14060
-11470
-8793
-6052
-3266
-455
2358
5155
7913
10612
13237
15757
18162
20430
22549
24496
26265
27835
29201
30348
31271
31958
32410
32619
32587
32310
31794
31042
30058
28849
27426
25801
23981
21986
19825
17517
15078
12528
9884
7164
4393
1590
-1224
-4031
-6807
-9532
-12187
-14751
-17204
-19533
-21714
-23733
-25575
-27228
-28677
-29914
-30927
-31711
-32259
-32567
-32632
-32453
-32035
-31376
-30487
-29367
-28033
-26487
-24743
-22816
-20721
-18470
-16083
-13575
-10967
-8277
-5526
-2733
82
2895
5686
8433
11120
13723
16224
18604
20845
22935
24849
26580
28113
29437
30542
31420
32063
32469
32631
32553
32229
31669
30870
29845
28594
27135
25469
23617
21587
19395
17061
14599
12029
9371
6641
3862
1055
-1759
-4561
-7332
-10045
-12684
-15229
-17659
-19959
-22110
-24098
-25905
-27522
-28930
-30126
-31095
-31836
-32336
-32600
-32616
-32394
-31927
-31226
-30289
-29130
-27752
-26170
-24390
-22432
-20304
-18027
-15614
-13084
-10457
-7755
-4994
-2196
617
3427
6212
8949
11625
14209
16689
19043
21257
23311
25194
26887
28382
29663
30730
31560
32160
32517
32637
32509
32143
31535
30694
29623
28332
26830
25129
23241
21180
18962
16602
14119
11530
8856
6114
3328
517
-2295
-5093
-7853
-10553
-13176
-15699
-18110
-20382
-22504
-24457
-26230
-27804
-29175
-30327
-31255
-31947
-32405
-32620
-32594
-32322
-31813
-31065
-30087
-28884
-27467
-25846
-24029
-22037
-19880
-17576
-15139
-12592
-9949
-7234
-4465
-1659
1156
3962
6739
9466
12122
14689
17145
19476
21660
23686
25531
27190
28643
29885
30903
31693
32245
32559
32630
32458
32044
31392
30507
29393
28062
26522
24784
22863
20771
18521
16137
13632
11026
8337
5588
2795
-16
-2829
-5624
-8374
-11061
-13666
-16170
-18553
-20798
-22888
-24808
-26543
-28083
-29411
-30522
-31404
-32054
-32464
-32634
-32560
-32243
-31688
-30895
-29874
-28629
-27174
-25512
-23665
-21639
-19453
-17121
-14661
-12093
-9436
-6708
-3931
-1124
1690
4493
7262
9976
12620
15167
17601
19904
22059
24050
25862
27481
28895
30096
31072
31818
32324
32593
32616
32399
31938
31243
30312
29157
27784
26207
24431
22476
20352
18079
15669
13145
10520
7816
5056
2259
-554
-3365
-6150
-8890
-11563
-14150
-16632
-18993
-21210
-23268
-25155
-26853
-28352
-29639
-30708
-31546
-32151
-32515
-32640
-32517
-32158
-31554
-30720
-29653
-28369
-26872
-25175
-23290
-21234
-19018
-16662
-14181
-11595
-8923
-6184
-3399
-586
2227
5025
7786
10487
13113
15639
18050
20325
22451
24410
26188
27767
29143
30299
31233
31930
32395
32615
32595
32328
31825
31082
30109
28911
27500
25883
24073
22084
19929
17627
15195
12649
10009
7295
4527
1725
-1089
-3897
-6678
-9407
-12064
-14633
-17092
-19426
-21613
-23642
-25492
-27155
-28614
-29862
-30884
-31680
-32238
-32558
-32634
-32468
-32060
-31413
-30533
-29425
-28098
-26563
-24830
-22913
-20824
-18581
-16200
-13695
-11091
-8404
-5655
-2863
-51
2761
5554
8304
10994
13603
16110
18495
20744
22838
24762
26502
28046
29378
30496
31383
32038
32454
32630
32561
32251
31701
30914
29898
28658
27207
25551
23707
21685
19503
17175
14720
12154
9499
6770
3994
1187
-1628
-4430
-7200
-9917
-12560
-15109
-17547
-19855
-22014
-24008
-25825
-27448
-28868
-30074
-31054
-31805
-32318
-32592
-32621
-32409
-31954
-31264
-30339
-29190
-27822
-26251
-24478
-22527
-20406
-18136
-15730
-13208
-10585
-7887
-5127
-2329
486
3297
6083
8823
11498
14088
16573
18934
21155
23219
25109
26812
28316
29608
30682
31526
32136
32506
32636
32520
32165
31568
30740
29678
28400
26906
25216
23335
21284
19069
16716
14237
11654
8982
6246
3462
652
-2161
-4960
-7725
-10429
-13055
-15584
-17998
-20277
-22406
-24367
-26149
-27735
-29115
-30278
-31216
-31920
-32390
-32615
-32602
-32341
-31844
-31105
-30138
-28944
-27539
-25926
-24121
-22136
-19986
-17688
-15259
-12713
-10075
-7363
-4594
-1793
1020
3828
6608
9338
12000
14571
17034
19370
21561
23593
25448
27115
28577
29832
30860
31662
32224
32551
32632
32472
32069
31429
30554
29452
28129
26599
24869
22956
20872
18632
16254
13755
11153
8467
5717
2926
114
-2698
-5492
-8243
-10935
-13543
-16054
-18444
-20697
-22793
-24724
-26467
-28015
-29352
-30474
-31366
-32029
-32450
-32632
-32568
-32264
-31719
-30938
-29927
-28694
-27247
-25597
-23754
-21737
-19558
-17234
-14781
-12219
-9565
-6840
-4065
-1256
1559
4362
7134
9852
12496
15047
17488
19797
21960
23961
25782
27409
28835
30045
31031
31786
32306
32584
32621
32413
31965
31280
30360
29216
27853
26285
24519
22573
20454
18188
15785
13264
10645
7947
5189
2392
-420
-3232
-6021
-8763
-11440
-14032
-16519
-18884
-21107
-23175
-25068
-26776
-28287
-29584
-30662
-31512
-32128
-32503
-32639
-32529
-32179
-31589
-30764
-29708
-28434
-26947
-25260
-23384
-21337
-19127
-16779
-14299
-11719
-9049
-6314
-3530
-721
2092
4892
7654
10360
12992
15524
17939
20222
22355
24321
26106
27696
29081
30249
31194
31903
32379
32610
32601
32347
31855
31121
30162
28972
27571
25962
24163
22181
20036
17740
15314
12773
10138
7423
4657
1855
-959
-3767
-6547
-9277
-11940
-14513
-16978
-19320
-21515
-23550
-25409
-27081
-28550
-29808
-30842
-31648
-32217
-32549
-32636
-32482
-32084
-31450
-30580
-29484
-28166
-26642
-24915
-23006
-20924
-18689
-16314
-13817
-11217
-8533
-5788
-2998
-183
2629
5423
8176
10870
13481
15993
18384
20641
22741
24677
26425
27979
29321
30448
31346
32014
32439
32628
32570
32272
31731
30957
29950
28723
27280
25635
23798
21786
19608
17287
14836
12276
9625
6901
4126
1321
-1494
-4297
-7073
-9792
-12439
-14992
-17436
-19747
-21916
-23917
-25744
-27375
-28808
-30022
-31014
-31774
-32300
-32583
-32626
-32424
-31982
-31301
-30387
-29248
-27891
-26327
-24566
-22623
-20511
-18248
-15847
-13327
-10710
-8013
-5257
-2461
351
3163
5950
8693
11372
13970
18828
23126
26737
29553
31492
32494
32532
31603
29734
26981
23427
19177
14358
9112
3592
-2031
-7594
-12932
-17884
-22310
-26069
-29054
-31176
-32373
-32607
-31871
-30189
-27610
-24210
-20091
-15375
-10203
-4728
890
6479
11876
16919
21460
25365
28515
30817
32203
32634
32093
30600
28197
24956
20974
16367
11275
5849
249
-5358
-10810
-15938
-20592
-24634
-27947
-30427
-32003
-32630
-32286
-30981
-28758
-25679
-21838
-17348
-12340
-6968
-1390
4229
9723
14931
19692
23869
27336
29991
31756
32576
32428
31317
29276
26363
22668
18299
13387
8074
2524
-3100
-8634
-13911
-18777
-23083
-26702
-29529
-31478
-32492
-32540
-31621
-29765
-27023
-23475
-19233
-14420
-9179
-3664
1962
7527
12868
17827
22256
26026
29021
31153
32361
32606
31881
30211
27642
24252
20140
15430
10262
4791
-823
-6418
-11817
-16866
-21415
-25325
-28486
-30799
-32196
-32637
-32109
-30625
-28233
-25001
-21028
-16430
-11340
-5916
-317
5291
10742
15877
20538
24588
27908
30398
31987
32624
32292
31000
28786
25718
21885
17401
12401
7030
1453
-4167
-9664
-14873
-19642
-23827
-27303
-29968
-31743
-32575
-32438
-31339
-29308
-26406
-22717
-18357
-13450
-8144
-2595
3032
8567
13848
18717
23030
26661
29498
31458
32483
32543
31635
29789
27057
23520
19284
14476
9238
3726
-1896
-7466
-12810
-17775
-22211
-25988
-28994
-31136
-32355
-32611
-31898
-30238
-27679
-24299
-20196
-15494
-10328
-4858
756
6348
11750
16808
21362
25281
28450
30774
32182
32635
32118
30646
28263
25040
21075
16484
11402
5978
380
-5229
-10683
-15820
-20489
-24547
-27876
-30377
-31976
-32625
-32304
-31023
-28820
-25762
-21936
-17460
-12465
-7100
-1525
4098
9598
14811
19586
23779
27265
29939
31725
32568
32442
31354
29333
26442
22764
18407
13507
8204
2658
-2967
-8506
-13791
-18666
-22986
-26624
-29472
-31443
-32479
-32552
-31656
-29820
-27097
-23569
-19343
-14540
-9304
-3795
1827
7395
12748
17717
22160
25945
28959
31113
32343
32611
31909
30261
27711
24339
20244
15549
10390
4920
-693
-6286
-11693
-16752
-21316
-25243
-28421
-30755
-32174
-32639
-32132
-30672
-28301
-25088
-21129
-16544
-11467
-6049
-449
5161
10618
15760
20432
24501
27839
30349
31959
32620
32309
31040
28848
25799
21983
17512
12522
7161
1587
-4034
-9538
-14756
-19536
-23735
-27230
-29916
-31712
-32567
-32453
-31375
-29364
-26483
-22814
-18467
-13569
-8270
-2726
2898
8436
13729
18609
22937
26582
29439
31421
32469
32553
31669
29844
27131
23612
19392
14596
9368
3856
-1765
-7335
-12687
-17662
-22115
-25908
-28931
-31096
-32336
-32616
-31926
-30288
-27750
-24386
-20299
-15609
-10455
-4991
624
6218
11628
16692
21260
25198
28385
30731
32161
32637
32141
30692
28330
25127
21178
16597
11525
6111
514
-5097
-10559
-15705
-20385
-24459
-27807
-30329
-31948
-32620
-32322
-31063
-28881
-25842
-22035
-17573
-12586
-7228
-1656
3965
9469
14695
19481
23688
27191
29886
31694
32560
32457
31391
29392
26519
22858
18519
13629
8334
2789
-2835
-8377
-13669
-18558
-22892
-26547
-29413
-31405
-32465
-32560
-31687
-29873
-27172
-23661
-19448
-14659
-9434
-3928
1697
7268
12623
17603
22061
25865
28898
31073
32324
32616
31936
30310
27782
24429
20350
15663
10514
5053
-558
-6156
-11569
-16638
-21212
-25157
-28355
-30711
-32153
-32640
-32157
-30718
-28366
-25173
-21231
-16659
-11589
-6178
-583
5028
10490
15644
20330
24412
27769
30300
31932
32615
32328
31081
28910
25879
22080
17624
12646
7289
1719
-3903
-9410
-14636
-19431
-23646
-27158
-29863
-31681
-32559
-32467
-31412
-29424
-26561
-22908
-18576
-13692
-8401
-2860
2767
8310
13606
18498
22840
26506
29381
31384
32454
32561
31699
29896
27205
23705
19498
14714
9493
3990
-1631
-7207
-12566
-17552
-22016
-25827
-28871
-31056
-32318
-32621
-31953
-30337
-27818
-24475
-20403
-15727
-10579
-5120
490
6086
11501
16578
21160
25111
28317
30683
32137
32637
32165
30739
28397
25212
21279
16713
11651
6240
646
-4966
-10432
-15587
-20282
-24372
-27737
-30279
-31920
-32615
-32340
-31104
-28943
-25924
-22131
-17683
-12710
-7359
-1789
3834
9344
14574
19373
23595
27119
29835
31663
32551
32472
31427
29450
26597
22954
18627
13749
8461
2923
-2701
-8249
-13549
-18446
-22796
-26469
-29355
-31368
-32450
-32568
-31718
-29925
-27244
-23752
-19556
-14779
-9559
-4059
1562
7137
12499
17494
21965
25784
28836
31033
32306
32620
31964
30359
27850
24515
20452
15782
10642
5183
-427
-6024
-11443
-16522
-21112
-25072
-28288
-30663
-32129
-32639
-32178
-30763
-28433
-25258
-21332
-16773
-11716
-6311
-718
4898
10366
15527
20225
24325
27699
30251
31904
32610
32346
31119
28970
25961
22179
17735
12767
7420
1852
-3770
-9283
-14519
-19322
-23552
-27083
-29810
-31649
-32550
-32482
-31450
-29482
-26639
-23004
-18687
-13814
-8527
-2992
2632
8179
13487
18389
22746
26427
29322
31348
32440
32569
31730
29949
27277
23794
19606
14833
9622
4120
-1500
-7076
-12442
-17438
-21920
-25748
-28810
-31015
-32300
-32626
-31981
-30386
-27889
-24564
-20506
-15842
-10707
-5254
358
5957
11378
16462
21056
25026
28252
30637
32114
32635
32186
30781
28462
25296
21381
16827
11774
6373
780
-4834
-10307
-15472
-20176
-24282
-27666
-30230
-31893
-32611
-32358
-31142
-29004
-26004
-22229
-17796
-12831
-7487
-1921
3701
9214
14456
19266
23503
27042
29779
31630
32541
32485
31464
29509
26674
23048
18738
13871
8591
3054
-2570
-8120
-13427
-18336
-22701
-26391
-29297
-31332
-32436
-32576
-31749
-29978
-27316
-23842
-19660
-14895
-9688
-4192
1431
7008
12378
17379
21866
25704
28776
30992
32288
32625
31991
30408
27921
24604
20557
15896
10766
5316
-292
-5892
-11319
-16408
-21009
-24986
-28222
-30617
-32104
-32637
-32200
-30806
-28496
-25341
-21432
-16887
-11838
-6439
-849
4766
10238
15411
20123
24236
27629
30201
31877
32605
32364
31160
29033
26039
22274
17848
12891
7551
1984
-3639
-9154
-14397
-19216
-23460
-27009
-29754
-31616
-32538
-32494
-31484
-29539
-26717
-23098
-18795
-13934
-8658
-3125
2502
8053
13364
18278
22650
26350
29265
31310
32425
32578
31761
30001
27349
23886
19712
14950
9747
4254
-1365
-6947
-12320
-17327
-21819
-25664
-28747
-30974
-32282
-32631
-32009
-30435
-27959
-24651
-20612
-15960
-10831
-5383
224
5825
11252
16348
20955
24940
28184
30591
32089
32633
32207
30825
28527
25379
21479
16940
11899
6501
912
-4703
-10180
-15353
-20074
-24196
-27597
-30180
-31866
-32606
-32376
-31183
-29066
-26084
-22326
-17905
-12955
-7618
-2055
3570
9088
14335
19157
23410
26969
29724
31596
32529
32496
31498
29564
26751
23143
18846
13990
8718
3188
-2436
-7992
-13307
-18227
-22605
-26312
-29239
-31295
-32421
-32585
-31780
-30030
-27388
-23934
-19767
-15015
-9813
-4322
1296
6877
12252
17268
21767
25619
28711
30949
32268
32628
32018
30457
27990
24692
20659
16015
10893
5445
-161
-5763
-11194
-16292
-20909
-24901
-28154
-30571
-32080
-32635
-32221
-30850
-28561
-25425
-21531
-17000
-11963
-6571
-984
4635
10114
15292
20016
24146
27559
30153
31850
32600
32382
31200
29092
26121
22373
17958
13012
7679
2118
-3505
-9028
-14280
-19107
-23367
-26933
-29699
-31582
-32527
-32505
-31518
-29593
-26790
-23192
-18904
-14054
-8784
-3257
2367
7922
13243
18169
22555
26271
29205
31274
32411
32586
31792
30054
27421
23975
19817
15069
9875
4384
-1234
-6816
-12195
-17212
-21721
-25581
-28682
-30930
-32260
-32632
-32033
-30483
-28028
-24739
-20714
-16075
-10959
-5516
89
5695
11129
16232
20853
24855
28117
30545
32064
32632
32228
30867
28590
25463
21580
17053
12020
6632
1046
-4570
-10054
-15237
-19966
-24104
-27525
-30129
-31838
-32601
-32393
-31224
-29126
-26164
-22425
-18019
-13075
-7746
-2186
3437
8958
14218
19051
23318
26892
29667
31563
32518
32508
31532
29619
26825
23234
18954
14110
8847
3318
-2304
-7862
-13185
-18115
-22511
-26236
-29179
-31257
-32406
-32593
-31810
-30083
-27462
-24023
-19872
-15131
-9941
-4455
1165
6748
12131
17153
21667
25537
28647
30906
32247
32630
32042
30503
28057
24778
20764
16129
11017
5579
-26
-5630
-11070
-16178
-20805
-24814
-28086
-30525
-32055
-32634
-32242
-30892
-28624
-25507
-21632
-17113
-12085
-6699
-1115
4502
9985
15175
19911
24056
27486
30099
31820
32593
32398
31240
29154
26201
22469
18071
13136
7810
2249
-3374
-8899
-14159
-18998
-23275
-26858
-29643
-31548
-32515
-32516
-31552
-29649
-26867
-23283
-19011
-14173
-8914
-3390
2237
7795
13121
18058
22457
26194
29147
31236
32396
32594
31823
30105
27495
24067
19924
15186
10000
4518
-1099
-6684
-12073
-17100
-21620
-25498
-28618
-30887
-32239
-32634
-32058
-30529
-28094
-24824
-20817
-16192
-11082
-5645
-41
5563
11002
16118
20752
24768
28050
30498
32040
32630
32249
30911
28655
25545
21678
17167
12146
6764
1178
-4440
-9926
-15117
-19862
-24014
-27453
-30077
-31807
-32592
-32408
-31262
-29186
-26245
-22520
-18128
-13200
-7877
-2320
3307
8832
14096
18942
23223
26818
29612
31528
32506
32519
31566
29674
26901
23329
19064
14229
8973
3452
-2171
-7734
-13064
-18005
-22413
-26155
-29120
-31219
-32391
-32601
-31842
-30134
-27534
-24115
-19979
-15251
-10066
-4586
1030
6617
12006
17042
21568
25453
28582
30862
32226
32632
32067
30550
28125
24863
20865
16246
11144
5707
104
-5501
-10944
-16062
-20704
-24730
-28020
-30478
-32030
-32632
-32263
-30935
-28689
-25591
-21730
-17226
-12210
-6831
-1250
4371
9860
15055
19805
23965
27414
30048
31789
32585
32412
31277
29212
26280
22567
18180
13257
7938
2383
-3241
-8772
-14040
-18891
-23181
-26781
-29588
-31514
-32504
-32528
-31586
-29704
-26941
-23378
-19120
-14293
-9040
-3521
2102
7663
12998
17947
22362
26112
29085
31195
32380
32601
31853
30158
27566
24157
20029
15305
10129
4647
-968
-6556
-11949
-16986
-21522
-25415
-28554
-30845
-32218
-32636
-32082
-30577
-28162
-24911
-20917
-16306
-11209
-5778
-176
5433
10879
16001
20648
24681
27984
30452
32015
32628
32270
30954
28718
25629
21779
17279
12267
6892
1312
-4307
-9801
-15001
-19755
-23923
-27380
-30025
-31776
-32584
-32423
-31299
-29244
-26321
-22617
-18240
-13322
-8004
-2452
3172
8703
13979
18836
23132
26742
29557
31495
32495
32531
31600
29730
26976
23421
19169
14349
9103
3583
-2040
-7603
-12940
-17892
-22317
-26075
-29059
-31178
-32374
-32606
-31870
-30186
-27605
-24206
-20084
-15367
-10195
-4719
899
6488
11884
16927
21467
25371
28519
30820
32205
32633
32092
30597
28192
24950
20967
16359
11266
5840
239
-5367
-10819
-15946
-20600
-24641
-27950
-30430
-32005
-32630
-32284
-30979
-28753
-25674
-21831
-17340
-12331
-6959
-1381
4238
9732
14939
19700
23875
27341
29995
31758
32577
32427
31315
29271
26357
22661
18291
13379
8068
2514
-3110
-8643
-13919
-18783
-23089
-26708
-29533
-31480
-32492
-32539
-31620
-29761
-27018
-23469
-19226
-14411
-9170
-3654
1971
7536
12877
17835
22263
26032
29025
31156
32362
32606
31879
30207
27637
24246
20135
15422
10253
4781
-833
-6424
-11826
-16874
-21421
-25331
-28489
-30802
-32197
-32637
-32107
-30622
-28228
-24995
-21021
-16421
-11331
-5907
-307
5300
10751
15885
20545
24594
27913
30402
31989
32625
32290
30997
28784
25712
21878
17393
12392
7024
1443
-4176
-9673
-14881
-19647
-23833
-27308
-29972
-31745
-32576
-32437
-31336
-29303
-26400
-22710
-18349
-13442
-8135
-2585
3042
8576
13856
18725
23037
26667
29502
31460
32484
32542
31633
29785
27051
23514
19279
14468
9229
3717
-1905
-7472
-12819
-17783
-22218
-25994
-28998
-31139
-32356
-32611
-31896
-30235
-27674
-24293
-20188
-15486
-10319
-4848
765
6357
11759
16816
21369
25286
28454
30776
32184
32635
32116
30643
28260
25034
21068
16475
11393
5972
370
-5238
-10692
-15828
-20497
-24553
-27881
-30380
-31977
-32625
-32302
-31020
-28816
-25756
-21930
-17452
-12457
-7091
-1516
4108
9607
14819
19593
23783
27270
29943
31727
32568
32442
31351
29328
26436
22757
18402
13499
8195
2648
-2976
-8515
-13799
-18674
-22993
-26629
-29476
-31445
-32480
-32551
-31653
-29816
-27092
-23563
-19335
-14533
-9295
-3785
1837
7404
12752
17724
22167
25951
28963
31115
32344
32611
31907
30257
27708
24333
20237
15540
10381
4911
-702
-6295
-11701
-16760
-21323
-25248
-28425
-30758
-32176
-32639
-32131
-30669
-28296
-25082
-21122
-16535
-11458
-6040
-442
5170
10627
15768
20440
24505
27843
30353
31961
32620
32309
31037
28843
25793
21976
17504
12514
7152
1578
-4043
-9547
-14765
-19543
-23741
-27235
-29920
-31715
-32567
-32452
-31373
-29360
-26478
-22807
-18459
-13563
-8261
-2717
2907
8446
13735
18616
22944
26588
29443
31424
32470
32552
31666
29840
27126
23606
19385
14588
9359
3847
-1775
-7344
-12696
-17669
-22122
-25914
-28936
-31099
-32338
-32616
-31924
-30285
-27745
-24382
-20291
-15600
-10447
-4982
630
6227
11637
16700
21267
25204
28390
30734
32162
32637
32140
30689
28325
25121
21171
16588
11516
6102
505
-5105
-10567
-15713
-20392
-24465
-27810
-30332
-31950
-32621
-32321
-31061
-28877
-25836
-22028
-17565
-12580
-7219
-1646
3975
9478
14703
19488
23694
27196
29890
31696
32560
32456
31388
29388
26513
22851
18511
13620
8325
2780
-2844
-8386
-13678
-18563
-22899
-26552
-29417
-31408
-32466
-32559
-31685
-29869
-27167
-23657
-19441
-14650
-9425
-3918
1706
7277
12632
17611
22068
25871
28902
31076
32326
32615
31934
30306
27777
24423
20342
15655
10505
5044
-567
-6162
-11578
-16646
-21219
-25163
-28358
-30714
-32154
-32640
-32155
-30716
-28362
-25167
-21224
-16651
-11581
-6169
-573
5038
10499
15652
20338
24418
27774
30304
31934
32615
32327
31078
28905
25873
22073
17616
12638
7283
1709
-3912
-9419
-14644
-19436
-23652
-27163
-29867
-31683
-32559
-32466
-31409
-29420
-26556
-22901
-18568
-13683
-8392
-2851
2777
8319
13615
18506
22847
26512
29385
31386
32455
32561
31697
29892
27200
23699
19493
14706
9484
3981
-1640
-7213
-12574
-17560
-22023
-25832
-28874
-31059
-32320
-32621
-31952
-30334
-27814
-24469
-20397
-15719
-10570
-5111
499
6096
11510
16586
21166
25117
28322
30687
32139
32637
32163
30736
28393
25206
21272
16705
11642
6234
636
-4976
-10441
-15595
-20287
-24378
-27742
-30282
-31922
-32616
-32338
-31101
-28939
-25918
-22124
-17675
-12702
-7350
-1781
3844
9353
14582
19380
23601
27124
29838
31665
32552
32471
31425
29446
26592
22948
18621
13740
8452
2913
-2711
-8255
-13558
-18454
-22802
-26474
-29359
-31371
-32451
-32568
-31716
-29921
-27239
-23746
-19548
-14770
-9550
-4049
1571
7145
12508
17502
21972
25789
28840
31035
32308
32620
31962
30355
27847
24509
20444
15774
10633
5176
-436
-6034
-11452
-16530
-21119
-25078
-28293
-30667
-32130
-32639
-32177
-30760
-28428
-25252
-21325
-16765
-11707
-6302
-708
4907
10375
15535
20232
24329
27704
30255
31906
32610
32345
31117
28966
25955
22172
17730
12758
7411
1843
-3779
-9292
-14527
-19330
-23558
-27088
-29814
-31652
-32550
-32481
-31447
-29478
-26633
-22997
-18679
-13805
-8518
-2982
2642
8189
13493
18397
22752
26432
29326
31350
32441
32569
31728
29945
27272
23787
19598
14825
9613
4111
-1509
-7085
-12451
-17446
-21927
-25753
-28814
-31018
-32301
-32626
-31979
-30383
-27884
-24558
-20499
-15833
-10698
-5244
364
5966
11387
16470
21063
25030
28257
30641
32115
32635
32184
30778
28457
25290
21374
16819
11765
6363
770
-4843
-10316
-15480
-20184
-24288
-27671
-30233
-31895
-32611
-32357
-31141
-28999
-25998
-22222
-17788
-12825
-7478
-1912
3710
9223
14462
19274
23509
27048
29783
31632
32542
32484
31462
29505
26669
23042
18730
13862
8582
3045
-2579
-8129
-13436
-18344
-22708
-26397
-29301
-31334
-32436
-32576
-31747
-29974
-27311
-23838
-19652
-14886
-9679
-4182
1437
7017
12387
17387
21873
25710
28780
30995
32289
32625
31989
30404
27916
24598
20550
15888
10757
5307
-301
-5901
-11328
-16416
-21016
-24991
-28225
-30621
-32106
-32637
-32198
-30804
-28492
-25335
-21425
-16879
-11832
-6430
-839
4775
10247
15419
20130
24242
27633
30205
31879
32606
32363
31157
29028
26034
22268
17840
12883
7542
1974
-3648
-9163
-14406
-19221
-23466
-27014
-29758
-31618
-32539
-32493
-31482
-29535
-26711
-23094
-18788
-13925
-8649
-3116
2511
8062
13373
18286
22657
26355
29269
31313
32426
32577
31759
29997
27344
23880
19705
14942
9738
4245
-1374
-6953
-12328
-17335
-21826
-25670
-28750
-30977
-32283
-32630
-32007
-30433
-27954
-24645
-20604
-15952
-10822
-5374
233
5834
11261
16356
20962
24946
28189
30594
32091
32633
32206
30822
28522
25373
21472
16932
11890
6494
902
-4713
-10189
-15361
-20079
-24202
-27602
-30183
-31868
-32606
-32375
-31180
-29062
-26079
-22319
-17898
-12946
-7609
-2045
3579
9097
14344
19164
23416
26974
29728
31599
32530
32496
31495
29560
26746
23137
18841
13982
8709
3179
-2445
-7998
-13316
-18235
-22612
-26318
-29241
-31297
-32422
-32584
-31778
-30026
-27383
-23927
-19760
-15006
-9804
-4313
1305
6885
12261
17276
21774
25625
28715
30952
32270
32628
32016
30454
27987
24685
20653
16007
10885
5439
-170
-5772
-11203
-16300
-20912
-24907
-28158
-30574
-32081
-32635
-32219
-30847
-28557
-25419
-21524
-16992
-11954
-6562
-974
4644
10123
15300
20024
24153
27564
30156
31852
32601
32381
31197
29088
26116
22366
17952
13004
7670
2108
-3515
-9034
-14287
-19115
-23373
-26938
-29703
-31585
-32528
-32504
-31516
-29589
-26785
-23186
-18896
-14046
-8775
-3247
2377
7932
13251
18177
22562
26276
29209
31275
32412
32585
31790
30051
27418
23969
19810
15061
9866
4374
-1243
-6825
-12204
-17220
-21728
-25587
-28686
-30933
-32262
-32632
-32032
-30480
-28023
-24734
-20706
-16066
-10950
-5507
98
5704
11138
16240
20860
24859
28122
30548
32066
32632
32227
30864
28585
25457
21573
17045
12012
6623
1036
-4580
-10063
-15245
-19974
-24111
-27530
-30133
-31840
-32601
-32392
-31221
-29121
-26159
-22418
-18011
-13070
-7737
-2177
3446
8967
14223
19059
23324
26898
29671
31564
32519
32507
31530
29615
26819
23228
18947
14102
8838
3310
-2314
-7871
-13194
-18123
-22518
-26241
-29183
-31260
-32407
-32593
-31808
-30080
-27457
-24019
-19865
-15123
-9932
-4446
1171
6758
12140
17161
21674
25541
28652
30909
32248
32630
32041
30500
28053
24772
20756
16121
11008
5569
-35
-5639
-11079
-16186
-20812
-24820
-28090
-30528
-32057
-32634
-32240
-30890
-28620
-25501
-21625
-17105
-12079
-6690
-1105
4511
9994
15181
19919
24063
27491
30103
31822
32594
32397
31238
29150
26195
22462
18063
13127
7801
2240
-3384
-8908
-14167
-19006
-23281
-26863
-29647
-31550
-32516
-32516
-31550
-29646
-26861
-23279
-19003
-14164
-8905
-3381
2243
7804
13130
18066
22464
26199
29152
31239
32397
32594
31821
30102
27490
24060
19916
15178
9991
4508
-1108
-6693
-12082
-17108
-21628
-25503
-28621
-30891
-32241
-32634
-32056
-30527
-28089
-24818
-20810
-16184
-11076
-5636
-32
5572
11011
16126
20759
24774
28054
30501
32042
32630
32248
30908
28650
25539
21672
17159
12137
6754
1168
-4449
-9935
-15125
-19867
-24021
-27458
-30081
-31809
-32593
-32407
-31259
-29182
-26240
-22515
-18120
-13191
-7868
-2311
3315
8841
14105
18949
23230
26823
29616
31531
32507
32519
31563
29670
26896
23322
19056
14220
8964
3443
-2180
-7740
-13072
-18013
-22420
-26160
-29123
-31222
-32392
-32601
-31840
-30132
-27529
-24108
-19971
-15242
-10057
-4577
1039
6626
12015
17050
21575
25459
28586
30865
32227
32632
32066
30547
28121
24857
20858
16238
11135
5701
95
-5510
-10953
-16069
-20709
-24735
-28025
-30481
-32032
-32632
-32261
-30932
-28685
-25585
-21723
-17218
-12201
-6822
-1240
4381
9869
15064
19812
23971
27420
30052
31791
32586
32411
31274
29208
26274
22560
18175
13248
7929
2373
-3250
-8778
-14049
-18899
-23188
-26787
-29592
-31517
-32505
-32527
-31584
-29700
-26936
-23371
-19112
-14284
-9031
-3512
2111
7673
13006
17955
22369
26117
29089
31198
32381
32601
31851
30155
27562
24150
20021
15298
10120
4641
-977
-6565
-11957
-16994
-21529
-25421
-28559
-30848
-32220
-32635
-32081
-30573
-28157
-24905
-20910
-16298
-11200
-5769
-167
5442
10887
16009
20655
24688
27989
30455
32017
32628
32269
30951
28714
25623
21772
17273
12258
6883
1302
-4316
-9810
-15009
-19762
-23930
-27385
-30029
-31778
-32585
-32422
-31297
-29240
-26316
-22610
-18232
-13313
-7995
-2442
3182
8712
13985
18843
23139
26747
29561
31496
32496
32530
31598
29726
26972
23414
19162
14341
9094
3573
-2048
-7612
-12949
-17900
-22323
-26081
-29063
-31181
-32375
-32606
-31868
-30182
-27600
-24200
-20076
-15359
-10186
-4710
905
6498
11893
16935
21474
25375
28524
30823
32206
32633
32090
30593
28187
24944
20960
16351
11258
5831
230
-5377
-10828
-15955
-20607
-24647
-27955
-30434
-32007
-32630
-32283
-30976
-28749
-25668
-21824
-17333
-12325
-6950
-1371
4248
9741
14945
19707
23882
27346
29999
31759
32577
32426
31312
29267
26351
22654
18284
13370
8059
2505
-3119
-8652
-13928
-18790
-23096
-26713
-29537
-31482
-32493
-32539
-31618
-29757
-27013
-23464
-19218
-14403
-9160
-3645
1978
7545
12885
17843
22270
26036
29030
31158
32363
32605
31877
30204
27632
24240
20128
15414
10244
4772
-842
-6433
-11835
-16882
-21428
-25337
-28493
-30805
-32199
-32637
-32106
-30619
-28223
-24990
-21013
-16413
-11325
-5898
-298
5310
10760
15891
20552
24600
27918
30405
31991
32625
32289
30994
28779
25706
21870
17385
12384
7014
1434
-4185
-9682
-14889
-19655
-23840
-27313
-29976
-31747
-32576
-32436
-31333
-29299
-26395
-22706
-18341
-13433
-8126
-2576
3048
8585
13865
18733
23044
26672
29506
31463
32484
32541
31630
29781
27046
23507
19271
14459
9220
3707
-1915
-7481
-12828
-17791
-22225
-26000
-29001
-31141
-32357
-32611
-31894
-30232
-27669
-24286
-20181
-15477
-10313
-4840
773
6367
11768
16824
21376
25292
28459
30779
32185
32635
32115
30639
28255
25028
21061
16467
11384
5963
361
-5248
-10701
-15836
-20501
-24560
-27886
-30384
-31979
-32626
-32301
-31017
-28813
-25752
-21925
-17444
-12448
-7082
-1506
4117
9616
14828
19601
23790
27275
29947
31729
32569
32441
31349
29325
26431
22750
18394
13490
8185
2639
-2985
-8521
-13808
-18681
-22999
-26635
-29479
-31448
-32481
-32550
-31651
-29812
-27086
-23556
-19328
-14524
-9286
-3776
1846
7414
12761
17732
22174
25957
28968
31118
32345
32610
31905
30254
27703
24327
20230
15532
10372
4904
-711
-6305
-11710
-16768
-21328
-25254
-28430
-30761
-32177
-32639
-32130
-30666
-28291
-25076
-21115
-16527
-11449
-6031
-433
5179
10636
15776
20447
24511
27848
30356
31963
32620
32307
31034
28839
25787
21969
17499
12505
7142
1568
-4053
-9553
-14773
-19551
-23748
-27240
-29924
-31717
-32568
-32451
-31370
-29356
-26472
-22800
-18452
-13555
-8252
-2708
2917
8455
13743
18624
22950
26593
29447
31426
32471
32552
31664
29837
27122
23599
19378
14579
9350
3841
-1784
-7353
-12704
-17677
-22129
-25920
-28940
-31102
-32339
-32616
-31922
-30281
-27740
-24376
-20284
-15592
-10438
-4972
639
6237
11645
16708
21274
25208
28395
30737
32164
32637
32139
30686
28321
25115
21165
16583
11507
6093
496
-5114
-10576
-15721
-20399
-24471
-27815
-30336
-31952
-32621
-32319
-31058
-28872
-25830
-22021
-17557
-12571
-7210
-1637
3984
9487
14709
19496
23701
27202
29893
31698
32561
32455
31385
29384
26510
22845
18503
13612
8316
2770
-2854
-8395
-13686
-18571
-22906
-26558
-29421
-31410
-32467
-32559
-31683
-29866
-27162
-23650
-19433
-14642
-9416
-3909
1712
7286
12641
17619
22075
25875
28907
31079
32327
32615
31933
30303
27772
24416
20335
15647
10496
5035
-576
-6172
-11587
-16654
-21227
-25169
-28363
-30717
-32156
-32640
-32154
-30713
-28357
-25161
-21217
-16643
-11575
-6159
-564
5047
10508
15658
20345
24425
27779
30307
31935
32615
32325
31075
28901
25867
22066
17609
12629
7274
1700
-3922
-9428
-14653
-19443
-23659
-27169
-29870
-31685
-32560
-32465
-31407
-29415
-26550
-22897
-18560
-13675
-8383
-2841
2783
8328
13623
18513
22854
26515
29389
31389
32456
32560
31695
29889
27195
23692
19486
14698
9475
3972
-1649
-7222
-12583
-17568
-22030
-25838
-28878
-31062
-32321
-32620
-31950
-30331
-27809
-24463
-20390
-15710
-10564
-5102
508
6105
11519
16591
21173
25123
28327
30690
32141
32637
32162
30733
28389
25200
21265
16697
11634
6224
627
-4985
-10450
-15603
-20294
-24384
-27747
-30286
-31924
-32616
-32337
-31098
-28934
-25912
-22120
-17667
-12693
-7341
-1772
3850
9362
14591
19387
23608
27129
29841
31667
32552
32470
31422
29441
26586
22941
18615
13732
8442
2904
-2720
-8264
-13566
-18462
-22809
-26480
-29362
-31373
-32452
-32567
-31714
-29919
-27234
-23739
-19541
-14762
-9541
-4040
1581
7155
12516
17510
21979
25795
28845
31038
32309
32620
31960
30352
27842
24503
20437
15765
10624
5167
-445
-6043
-11461
-16538
-21124
-25084
-28298
-30670
-32131
-32639
-32175
-30757
-28424
-25246
-21318
-16757
-11698
-6292
-699
4917
10384
15543
20239
24335
27709
30258
31908
32611
32344
31114
28962
25949
22165
17722
12750
7401
1833
-3788
-9298
-14535
-19338
-23565
-27093
-29817
-31654
-32551
-32480
-31444
-29473
-26628
-22990
-18671
-13797
-8509
-2973
2651
8198
13501
18404
22759
26438
29330
31352
32442
32568
31726
29942
27268
23781
19591
14817
9604
4105
-1519
-7094
-12459
-17454
-21931
-25758
-28817
-31021
-32303
-32625
-31977
-30379
-27879
-24551
-20492
-15825
-10689
-5235
373
5975
11396
16478
21071
25036
28261
30644
32117
32635
32183
30775
28453
25284
21367
16813
11756
6354
762
-4852
-10322
-15488
-20191
-24295
-27676
-30237
-31897
-32611
-32355
-31138
-28995
-25992
-22215
-17780
-12816
-7469
-1902
3720
9232
14470
19281
23516
27053
29786
31634
32543
32483
31459
29501
26665
23035
18722
13854
8573
3039
-2588
-8138
-13445
-18351
-22715
-26402
-29305
-31337
-32437
-32575
-31744
-29971
-27306
-23831
-19645
-14878
-9670
-4173
1447
7027
12395
17395
21880
25714
28785
30998
32291
32625
31988
30401
27911
24592
20543
15883
10748
5297
-310
-5910
-11337
-16424
-21023
-24997
-28230
-30624
-32108
-32637
-32197
-30801
-28487
-25329
-21419
-16871
-11823
-6421
-830
4784
10256
15425
20137
24248
27638
30208
31880
32606
32361
31155
29024
26030
22261
17832
12874
7533
1965
-3657
-9173
-14414
-19228
-23473
-27020
-29762
-31620
-32540
-32492
-31479
-29531
-26706
-23087
-18780
-13917
-8640
-3107
2518
8071
13382
18294
22663
26359
29273
31316
32427
32577
31757
29994
27339
23873
19697
14934
9729
4235
-1384
-6962
-12337
-17342
-21833
-25676
-28755
-30980
-32285
-32630
-32005
-30429
-27949
-24639
-20597
-15944
-10816
-5364
242
5843
11269
16361
20970
24952
28193
30598
32092
32633
32204
30819
28518
25367
21465
16924
11881
6485
893
-4722
-10198
-15370
-20086
-24208
-27607
-30187
-31870
-32606
-32373
-31178
-29057
-26073
-22314
-17890
-12938
-7600
-2037
3586
9106
14352
19172
23423
26978
29732
31601
32531
32495
31493
29556
26740
23130
18833
13973
8699
3169
-2455
-8007
-13325
-18242
-22619
-26323
-29246
-31300
-32423
-32584
-31776
-30024
-27378
-23921
-19752
-14998
-9798
-4304
1315
6895
12270
17284
21781
25631
28720
30955
32271
32628
32015
30451
27982
24679
20646
15998
10876
5430
-180
-5781
-11212
-16308
-20920
-24913
-28163
-30578
-32083
-32636
-32218
-30844
-28553
-25413
-21519
-16984
-11946
-6553
-965
4654
10132
15308
20031
24159
27569
30159
31854
32601
32380
31194
29084
26110
22360
17945
12995
7660
2099
-3524
-9043
-14296
-19123
-23380
-26943
-29706
-31587
-32528
-32504
-31514
-29587
-26780
-23179
-18889
-14037
-8766
-3238
2386
7941
13260
18185
22569
26282
29214
31278
32413
32585
31788
30047
27413
23963
19802
15053
9857
4368
-1253
-6834
-12213
-17228
-21732
-25593
-28691
-30936
-32263
-32632
-32030
-30477
-28019
-24728
-20699
-16059
-10941
-5498
107
5713
11147
16248
20867
24865
28127
30552
32068
32632
32225
30861
28580
25451
21566
17039
12003
6614
1027
-4589
-10069
-15254
-19981
-24117
-27535
-30136
-31842
-32602
-32391
-31218
-29117
-26153
-22411
-18003
-13061
-7728
-2168
3456
8976
14232
19066
23331
26903
29675
31567
32520
32506
31527
29611
26816
23221
18939
14094
8829
3304
-2323
-7881
-13202
-18131
-22522
-26247
-29188
-31262
-32408
-32592
-31806
-30076
-27452
-24012
-19857
-15114
-9923
-4437
1181
6767
12149
17169
21680
25547
28656
30912
32250
32630
32040
30497
28049
24766
20749
16115
10999
5560
-44
-5648
-11085
-16194
-20820
-24826
-28095
-30532
-32059
-32634
-32239
-30886
-28615
-25496
-21618
-17097
-12070
-6681
-1096
4521
10003
15189
19926
24069
27497
30107
31823
32595
32396
31235
29146
26192
22455
18055
13119
7792
2233
-3393
-8917
-14175
-19013
-23288
-26869
-29651
-31553
-32517
-32515
-31547
-29642
-26856
-23272
-18995
-14156
-8896
-3371
2252
7813
13139
18074
22471
26203
29156
31241
32398
32593
31819
30098
27485
24054
19909
15173
9982
4499
-1118
-6702
-12090
-17116
-21635
-25509
-28626
-30894
-32242
-32634
-32055
-30524
-28084
-24812
-20803
-16175
-11067
-5627
-22
5582
11020
16132
20766
24780
28059
30504
32043
32630
32246
30905
28646
25535
21665
17151
12128
6745
1159
-4458
-9944
-15134
-19875
-24027
-27464
-30085
-31811
-32593
-32406
-31256
-29178
-26234
-22509
-18112
-13182
-7859
-2301
3321
8850
14113
18957
23236
26826
29620
31533
32508
32518
31562
29666
26890
23315
19048
14212
8955
3434
-2189
-7749
-13081
-18021
-22427
-26166
-29127
-31225
-32394
-32600
-31837
-30128
-27523
-24102
-19964
-15234
-10051
-4567
1049
6635
12023
17055
21582
25465
28591
30868
32229
32631
32064
30544
28116
24851
20850
16229
11126
5692
85
-5519
-10962
-16077
-20716
-24741
-28030
-30484
-32034
-32632
-32260
-30929
-28680
-25579
-21718
-17210
-12192
-6813
-1231
4387
9878
15072
19820
23977
27425
30056
31793
32586
32410
31272
29204
26269
22553
18167
13240
7919
2364
-3260
-8787
-14057
-18906
-23194
-26792
-29594
-31519
-32505
-32526
-31582
-29698
-26931
-23364
-19105
-14277
-9025
-3502
2121
7682
13014
17963
22376
26123
29094
31201
32383
32600
31849
30151
27557
24144
20014
15290
10111
4632
-987
-6574
-11966
-17002
-21533
-25427
-28562
-30851
-32221
-32635
-32079
-30570
-28152
-24899
-20906
-16289
-11191
-5760
-158
5451
10896
16018
20662
24694
27994
30458
32019
32628
32268
30948
28709
25618
21765
17265
12250
6874
1293
-4326
-9816
-15018
-19770
-23936
-27390
-30031
-31781
-32585
-32421
-31294
-29237
-26310
-22603
-18224
-13305
-7986
-2433
3191
8721
13993
18851
23145
26753
29565
31499
32497
32529
31595
29722
26967
23407
19154
14332
9085
3568
-2058
-7622
-12958
-17908
-22328
-26086
-29067
-31184
-32376
-32606
-31866
-30179
-27595
-24194
-20069
-15350
-10177
-4700
915
6507
11902
16943
21481
25381
28528
30826
32208
32633
32089
30590
28182
24938
20953
16345
11249
5822
220
-5386
-10834
-15963
-20614
-24653
-27960
-30436
-32009
-32631
-32281
-30973
-28744
-25662
-21817
-17325
-12317
-6941
-1362
4257
9750
14953
19715
23888
27351
30002
31762
32578
32425
31309
29263
26348
22648
18276
13362
8050
2499
-3128
-8661
-13937
-18798
-23100
-26718
-29541
-31485
-32494
-32538
-31615
-29753
-27007
-23459
-19211
-14394
-9151
-3635
1987
7554
12894
17850
22277
26041
29034
31161
32364
32605
31876
30200
27627
24233
20120
15408
10236
4763
-852
-6442
-11841
-16890
-21435
-25342
-28498
-30808
-32200
-32637
-32104
-30616
-28219
-24984
-21006
-16405
-11317
-5888
-288
5319
10769
15899
20560
24607
27923
30409
31992
32625
32288
30991
28774
25702
21863
17377
12375
7005
1428
-4195
-9690
-14898
-19662
-23846
-27318
-29979
-31749
-32577
-32435
-31331
-29295
-26389
-22699
-18333
-13425
-8117
-2567
3058
8594
13874
18741
23051
26676
29510
31465
32485
32541
31629
29777
27041
23501
19263
14454
9211
3698
-1924
-7490
-12836
-17798
-22231
-26005
-29005
-31144
-32358
-32610
-31893
-30229
-27665
-24280
-20174
-15469
-10304
-4831
783
6375
11777
16829
21383
25298
28463
30783
32186
32635
32113
30636
28250
25022
21054
16459
11375
5953
351
-5257
-10710
-15844
-20509
-24566
-27891
-30387
-31981
-32626
-32300
-31014
-28808
-25746
-21918
-17436
-12439
-7073
-1497
4123
9625
14836
19608
23796
27279
29950
31731
32570
32440
31346
29321
26425
22743
18386
13481
8176
2629
-2995
-8530
-13817
-18689
-23006
-26641
-29483
-31450
-32482
-32549
-31649
-29809
-27081
-23550
-19320
-14516
-9280
-3767
1855
7423
12770
17738
22181
25962
28972
31120
32347
32610
31903
30250
27698
24321
20222
15524
10363
4895
-721
-6314
-11719
-16776
-21335
-25260
-28434
-30764
-32179
-32639
-32128
-30662
-28287
-25070
-21110
-16519
-11440
-6021
-423
5186
10645
15785
20454
24517
27853
30360
31965
32621
32306
31031
28835
25782
21963
17491
12496
7134
1559
-4062
-9562
-14781
-19558
-23754
-27246
-29926
-31719
-32568
-32450
-31367
-29353
-26467
-22793
-18444
-13546
-8246
-2698
2926
8464
13752
18632
22956
26599
29451
31428
32472
32551
31662
29834
27117
23593
19370
14571
9341
3831
-1793
-7363
-12713
-17685
-22133
-25926
-28944
-31105
-32340
-32615
-31920
-30278
-27735
-24369
-20279
-15584
-10429
-4963
649
6246
11654
16716
21281
25214
28400
30740
32165
32636
32137
30682
28316
25109
21157
16575
11498
6083
486
-5123
-10582
-15730
-20406
-24478
-27820
-30338
-31954
-32621
-32318
-31055
-28869
-25825
-22014
-17549
-12563
-7200
-1628
3994
9496
14717
19503
23707
27207
29897
31700
32561
32454
31383
29379
26504
22838
18495
13603
8307
2764
-2863
-8404
-13695
-18579
-22910
-26563
-29425
-31413
-32468
-32558
-31680
-29862
-27157
-23644
-19426
-14633
-9407
-3900
1722
7295
12649
17627
22082
25881
28911
31082
32328
32615
31931
30299
27767
24410
20328
15641
10487
5025
-586
-6181
-11592
-16662
-21234
-25175
-28368
-30719
-32158
-32640
-32152
-30709
-28352
-25155
-21210
-16635
-11566
-6150
-554
5056
10517
15666
20352
24431
27784
30311
31937
32616
32324
31072
28897
25864
22059
17601
12620
7265
1693
-3931
-9436
-14661
-19451
-23663
-27174
-29874
-31688
-32560
-32464
-31404
-29411
-26545
-22890
-18553
-13666
-8374
-2832
2792
8337
13632
18521
22860
26520
29393
31392
32458
32559
31693
29885
27190
23686
19478
14692
9466
3962
-1659
-7231
-12589
-17576
-22037
-25844
-28882
-31065
-32322
-32620
-31948
-30328
-27804
-24457
-20382
-15702
-10556
-5093
517
6114
11528
16599
21180
25129
28332
30693
32142
32637
32160
30730
28384
25196
21257
16689
11625
6215
617
-4994
-10457
-15611
-20301
-24390
-27752
-30289
-31926
-32616
-32336
-31095
-28930
-25907
-22113
-17659
-12684
-7332
-1762
3859
9371
14599
19395
23615
27133
29845
31669
32553
32469
31420
29437
26580
22935
18607
13723
8433
2895
-2729
-8273
-13575
-18470
-22816
-26485
-29366
-31376
-32453
-32567
-31712
-29915
-27228
-23733
-19533
-14754
-9535
-4031
1590
7164
12525
17515
21986
25801
28849
31041
32310
32619
31958
30348
27837
24496
20430
15757
10615
5158
-455
-6052
-11470
-16546
-21131
-25090
-28302
-30673
-32133
-32639
-32174
-30754
-28419
-25241
-21313
-16749
-11690
-6283
-689
4923
10393
15551
20247
24342
27713
30262
31910
32611
32342
31111
28957
25943
22158
17714
12742
7393
1824
-3798
-9307
-14543
-19345
-23572
-27099
-29821
-31657
-32552
-32479
-31442
-29471
-26622
-22984
-18663
-13788
-8503
-2963
2661
8207
13510
18410
22766
26443
29334
31355
32443
32568
31724
29938
27263
23775
19583
14808
9595
4095
-1528
-7103
-12468
-17462
-21938
-25764
-28822
-31024
-32304
-32625
-31975
-30376
-27875
-24545
-20487
-15817
-10680
-5226
383
5981
11405
16486
21078
25042
28266
30647
32119
32635
32182
30772
28448
25279
21360
16805
11747
6345
752
-4861
-10331
-15497
-20198
-24301
-27681
-30239
-31899
-32612
-32354
-31135
-28992
-25986
-22208
-17772
-12807
-7462
-1893
3729
9241
14479
19289
23523
27058
29790
31636
32543
32482
31457
29497
26660
23028
18715
13845
8564
3029
-2598
-8147
-13453
-18359
-22719
-26408
-29309
-31339
-32438
-32575
-31742
-29967
-27301
-23825
-19640
-14870
-9661
-4164
1456
7036
12404
17403
21887
25720
28789
31001
32292
32624
31986
30397
27906
24586
20535
15874
10739
5288
-320
-5919
-11343
-16432
-21030
-25003
-28234
-30626
-32110
-32637
-32195
-30798
-28484
-25323
-21412
-16863
-11815
-6411
-820
4794
10265
15433
20145
24254
27643
30212
31882
32606
32360
31152
29020
26024
22254
17824
12865
7524
1959
-3667
-9181
-14423
-19236
-23477
-27025
-29766
-31622
-32540
-32491
-31477
-29527
-26701
-23080
-18772
-13908
-8631
-3097
2527
8080
13390
18302
22670
26364
29277
31318
32428
32576
31755
29990
27334
23867
19690
14928
9720
4226
-1393
-6971
-12343
-17350
-21841
-25681
-28759
-30983
-32286
-32630
-32003
-30426
-27944
-24632
-20590
-15935
-10807
-5355
252
5852
11278
16370
20977
24958
28198
30600
32094
32634
32203
30816
28513
25363
21458
16916
11873
6476
886
-4731
-10206
-15378
-20094
-24215
-27612
-30190
-31872
-32607
-32372
-31175
-29053
-26067
-22307
-17882
-12929
-7591
-2028
3595
9115
14360
19180
23429
26983
29735
31603
32532
32494
31491
29552
26735
23124
18826
13968
8690
3160
-2464
-8016
-13333
-18250
-22626
-26329
-29250
-31303
-32424
-32583
-31773
-30020
-27373
-23915
-19745
-14990
-9789
-4294
1324
6904
12279
17290
21788
25637
28724
30958
32272
32628
32013
30447
27977
24675
20638
15990
10867
5420
-189
-5791
-11220
-16317
-20927
-24919
-28168
-30581
-32085
-32636
-32216
-30841
-28548
-25407
-21512
-16976
-11937
-6544
-955
4660
10141
15317
20039
24165
27573
30163
31856
32601
32378
31193
29079
26104
22353
17937
12987
7651
2089
-3533
-9052
-14304
-19129
-23386
-26949
-29710
-31590
-32529
-32503
-31511
-29583
-26775
-23173
-18881
-14029
-8760
-3229
2395
7950
13267
18190
22576
26287
29218
31281
32414
32584
31786
30043
27408
23957
19795
15045
9849
4359
-1262
-6843
-12221
-17236
-21739
-25599
-28696
-30939
-32265
-32632
-32028
-30473
-28014
-24722
-20694
-16051
-10932
-5488
117
5720
11155
16257
20874
24871
28130
30555
32070
32632
32224
30858
28576
25446
21559
17031
11994
6605
1018
-4597
-10078
-15262
-19989
-24123
-27540
-30139
-31845
-32602
-32389
-31216
-29114
-26147
-22404
-17995
-13052
-7721
-2158
3465
8985
14240
19071
23337
26908
29679
31569
32520
32505
31525
29607
26810
23215
18931
14085
8820
3294
-2333
-7890
-13211
-18139
-22529
-26252
-29192
-31265
-32409
-32592
-31804
-30072
-27446
-24006
-19852
-15106
-9914
-4427
1190
6773
12157
17177
21687
25553
28661
30915
32251
32630
32038
30493
28044
24760
20742
16107
10991
5551
-54
-5658
-11094
-16203
-20827
-24832
-28100
-30534
-32060
-32634
-32237
-30883
-28612
-25490
-21611
-17089
-12061
-6675
-1086
4530
10012
15198
19934
24075
27502
30110
31826
32595
32395
31232
29141
26186
22448
18047
13110
7783
2224
-3402
-8925
-14184
-19021
-23292
-26874
-29655
-31555
-32518
-32514
-31545
-29638
-26851
-23266
-18990
-14147
-8887
-3362
2262
7822
13147
18081
22478
26209
29160
31244
32399
32593
31817
30094
27479
24048
19901
15164
9973
4490
-1127
-6711
-12096
-17124
-21642
-25514
-28630
-30896
-32244
-32634
-32053
-30521
-28079
-24806
-20796
-16167
-11058
-5618
-13
5591
11029
16140
20773
24786
28064
30508
32045
32630
32245
30902
28641
25529
21657
17143
12119
6736
1152
-4468
-9952
-15142
-19882
-24031
-27469
-30088
-31813
-32594
-32405
-31254
-29174
-26229
-22502
-18105
-13174
-7850
-2293
3331
8860
14122
18964
23243
26832
29624
31535
32509
32517
31559
29662
26885
23309
19041
14206
8946
3424
-2199
-7758
-13087
-18029
-22434
-26172
-29131
-31228
-32395
-32600
-31835
-30125
-27518
-24096
-19956
-15226
-10042
-4558
1058
6644
12032
17063
21589
25471
28596
30871
32230
32631
32062
30541
28111
24847
20843
16221
11117
5683
79
-5529
-10970
-16086
-20723
-24747
-28034
-30488
-32036
-32632
-32258
-30926
-28676
-25573
-21711
-17202
-12184
-6803
-1221
4396
9887
15080
19827
23983
27428
30059
31795
32587
32409
31270
29200
26264
22546
18159
13234
7910
2355
-3269
-8796
-14065
-18914
-23201
-26797
-29598
-31522
-32506
-32526
-31579
-29694
-26925
-23358
-19097
-14269
-9016
-3493
2130
7691
13023
17968
22383
26129
29098
31204
32384
32600
31847
30148
27552
24140
20006
15281
10102
4622
-996
-6583
-11975
-17010
-21541
-25433
-28567
-30854
-32223
-32635
-32077
-30567
-28147
-24893
-20899
-16281
-11182
-5750
-148
5458
10905
16026
20669
24700
27997
30462
32020
32629
32266
30946
28705
25612
21758
17257
12241
6865
1283
-4335
-9825
-15026
-19777
-23942
-27395
-30035
-31783
-32586
-32420
-31291
-29233
-26305
-22596
-18216
-13296
-7980
-2423
3201
8730
14001
18856
23152
26758
29569
31501
32497
32528
31593
29718
26962
23401
19147
14324
9076
3559
-2067
-7631
-12966
-17916
-22335
-26092
-29071
-31187
-32378
-32605
-31864
-30175
-27590
-24188
-20064
-15342
-10168
-4691
924
6513
11911
16951
21488
25387
28531
30829
32209
32633
32087
30587
28178
24932
20946
16337
11240
5812
211
-5395
-10843
-15971
-20622
-24659
-27965
-30440
-32011
-32631
-32280
-30970
-28741
-25656
-21810
-17317
-12308
-6935
-1352
4266
9759
14962
19720
23895
27356
30006
31764
32579
32424
31307
29259
26342
22641
18268
13353
8041
2489
-3138
-8670
-13945
-18806
-23107
-26724
-29544
-31487
-32495
-32537
-31613
-29749
-27002
-23452
-19205
-14386
-9142
-3626
1996
7560
12903
17858
22284
26047
29038
31164
32366
32605
31875
30197
27622
24227
20113
15400
10227
4753
-861
-6451
-11849
-16898
-21442
-25348
-28503
-30810
-32202
-32637
-32102
-30613
-28215
-24978
-20999
-16397
-11308
-5879
-279
5328
10777
15907
20567
24613
27928
30412
31994
32626
32286
30988
28770
25696
21856
17369
12366
6996
1418
-4204
-9699
-14906
-19670
-23850
-27323
-29983
-31752
-32577
-32434
-31328
-29291
-26384
-22693
-18325
-13416
-8108
-2557
3066
8603
13882
18748
23057
26682
29514
31467
32486
32540
31626
29773
27035
23494
19256
14445
9202
3689
-1934
-7499
-12842
-17806
-22238
-26010
-29010
-31146
-32360
-32610
-31891
-30225
-27660
-24274
-20166
-15461
-10295
-4822
792
6384
11785
16836
21390
25304
28468
30786
32188
32635
32111
30633
28246
25018
21047
16451
11367
5944
345
-5266
-10718
-15853
-20516
-24570
-27896
-30391
-31983
-32626
-32298
-31011
-28804
-25740
-21911
-17428
-12430
-7063
-1487
4133
9634
14844
19616
23802
27284
29954
31733
32570
32439
31344
29317
26420
22737
18379
13476
8167
2620
-3004
-8540
-13822
-18697
-23013
-26646
-29487
-31453
-32483
-32549
-31646
-29805
-27076
-23543
-19312
-14507
-9271
-3757
1865
7432
12778
17745
22187
25968
28976
31123
32347
32609
31901
30247
27693
24317
20215
15516
10354
4886
-727
-6323
-11728
-16784
-21342
-25266
-28439
-30767
-32180
-32639
-32126
-30659
-28282
-25064
-21103
-16511
-11431
-6012
-414
5195
10654
15793
20462
24523
27857
30363
31967
32621
32305
31029
28830
25776
21956
17483
12491
7125
1549
-4071
-9571
-14790
-19566
-23761
-27251
-29930
-31721
-32569
-32449
-31365
-29349
-26461
-22787
-18436
-13538
-8237
-2689
2935
8473
13760
18637
22963
26604
29455
31431
32473
32550
31660
29830
27112
23588
19363
14563
9332
3823
-1802
-7372
-12722
-17693
-22140
-25931
-28949
-31107
-32341
-32615
-31918
-30274
-27730
-24363
-20272
-15576
-10420
-4954
658
6252
11663
16724
21289
25220
28403
30743
32167
32636
32135
30680
28311
25103
21150
16568
11489
6074
477
-5133
-10591
-15738
-20413
-24483
-27825
-30342
-31956
-32622
-32317
-31052
-28865
-25819
-22007
-17541
-12554
-7194
-1618
4003
9505
14725
19508
23714
27212
29901
31702
32562
32453
31380
29375
26499
22831
18487
13595
8298
2755
-2873
-8413
-13703
-18586
-22917
-26569
-29429
-31415
-32469
-32558
-31678
-29858
-27151
-23637
-19421
-14625
-9398
-3890
1731
7301
12658
17635
22089
25886
28914
31084
32329
32614
31929
30296
27762
24404
20320
15633
10478
5016
-595
-6190
-11601
-16670
-21241
-25181
-28373
-30723
-32159
-32640
-32150
-30706
-28349
-25149
-21203
-16627
-11557
-6144
-545
5066
10526
15674
20360
24437
27788
30314
31939
32616
32323
31069
28892
25858
22052
17594
12612
7256
1684
-3940
-9445
-14670
-19458
-23669
-27179
-29878
-31690
-32561
-32464
-31401
-29407
-26539
-22883
-18547
-13658
-8365
-2822
2802
8346
13640
18529
22867
26525
29397
31394
32459
32559
31691
29881
27184
23679
19471
14684
9457
3953
-1668
-7240
-12597
-17584
-22044
-25849
-28887
-31067
-32324
-32620
-31946
-30324
-27800
-24450
-20375
-15694
-10547
-5084
526
6122
11536
16607
21188
25135
28336
30697
32144
32637
32159
30726
28379
25190
21250
16681
11616
6206
611
-5004
-10466
-15620
-20309
-24394
-27757
-30293
-31928
-32617
-32335
-31092
-28926
-25901
-22106
-17651
-12675
-7323
-1753
3869
9380
14608
19402
23621
27138
29849
31672
32554
32468
31418
29433
26575
22928
18599
13717
8424
2885
-2739
-8283
-13581
-18477
-22823
-26491
-29370
-31378
-32454
-32566
-31709
-29911
-27223
-23726
-19526
-14745
-9526
-4021
1600
7173
12534
17523
21992
25806
28853
31044
32311
32619
31956
30345
27832
24492
20422
15749
10606
5148
-461
-6062
-11478
-16554
-21139
-25094
-28306
-30677
-32135
-32639
-32172
-30751
-28415
-25235
-21306
-16741
-11681
-6274
-680
4932
10402
15559
20254
24348
27718
30265
31912
32611
32341
31110
28953
25938
22151
17706
12736
7384
1815
-3807
-9316
-14549
-19353
-23578
-27104
-29825
-31659
-32552
-32478
-31439
-29467
-26617
-22977
-18655
-13779
-8494
-2954
2670
8216
13518
18417
22773
26449
29338
31358
32444
32567
31722
29934
27258
23770
19576
14800
9586
4086
-1533
-7113
-12477
-17470
-21945
-25770
-28826
-31027
-32305
-32625
-31973
-30372
-27870
-24539
-20479
-15810
-10672
-5217
392
5991
11414
16494
21085
25048
28269
30650
32121
32635
32180
30770
28443
25273
21353
16797
11742
6336
743
-4870
-10340
-15505
-20206
-24307
-27686
-30243
-31901
-32612
-32353
-31132
-28988
-25981
-22201
-17764
-12799
-7453
-1883
3739
9250
14487
19294
23529
27064
29794
31638
32544
32482
31455
29492
26654
23024
18707
13836
8555
3020
-2607
-8156
-13462
-18366
-22726
-26413
-29313
-31342
-32440
-32574
-31740
-29963
-27296
-23818
-19633
-14861
-9652
-4154
1465
7042
12413
17411
21894
25726
28792
31004
32293
32624
31984
30395
27901
24580
20528
15866
10730
5279
-329
-5929
-11352
-16440
-21038
-25009
-28239
-30629
-32111
-32637
-32194
-30795
-28480
-25317
-21405
-16855
-11806
-6405
-811
4803
10274
15441
20149
24260
27648
30215
31884
32607
32359
31149
29015
26019
22247
17817
12857
7515
1949
-3676
-9190
-14431
-19244
-23484
-27030
-29770
-31625
-32541
-32491
-31474
-29524
-26695
-23074
-18767
-13899
-8622
-3088
2536
8086
13399
18309
22677
26370
29281
31321
32429
32575
31753
29986
27329
23860
19682
14920
9711
4217
-1402
-6981
-12352
-17358
-21848
-25687
-28764
-30985
-32287
-32629
-32001
-30422
-27940
-24626
-20582
-15927
-10798
-5350
260
5862
11287
16378
20984
24964
28203
30603
32096
32634
32201
30813
28509
25357
21451
16908
11864
6467
877
-4741
-10215
-15386
-20101
-24219
-27617
-30194
-31874
-32607
-32371
-31172
-29049
-26062
-22300
-17876
-12920
-7582
-2018
3604
9124
14369
19187
23436
26988
29739
31606
32533
32493
31489
29548
26730
23117
18818
13959
8681
3151
-2474
-8026
-13339
-18258
-22632
-26334
-29254
-31304
-32425
-32583
-31771
-30017
-27369
-23908
-19737
-14981
-9780
-4285
1334
6913
12287
17298
21795
25643
28729
30961
32274
32628
32011
30444
27972
24669
20631
15982
10858
5411
-195
-5800
-11228
-16324
-20934
-24923
-28173
-30584
-32086
-32636
-32215
-30838
-28543
-25401
-21505
-16968
-11928
-6534
-946
4669
10150
15325
20046
24172
27577
30166
31857
32602
32377
31190
29075
26098
22346
17929
12981
7643
2080
-3543
-9061
-14310
-19137
-23393
-26954
-29714
-31591
-32530
-32502
-31509
-29580
-26770
-23166
-18873
-14021
-8751
-3219
2405
7959
13276
18198
22582
26293
29222
31283
32415
32584
31783
30040
27402
23952
19787
15037
9840
4350
-1268
-6853
-12230
-17244
-21746
-25603
-28700
-30943
-32266
-32632
-32026
-30470
-28009
-24715
-20687
-16043
-10923
-5479
126
5729
11164
16265
20882
24877
28135
30558
32071
32632
32222
30856
28571
25440
21552
17023
11988
6596
1009
-4607
-10087
-15268
-19996
-24130
-27545
-30143
-31847
-32602
-32388
-31213
-29110
-26141
-22397
-17987
-13043
-7712
-2149
3474
8994
14249
19079
23344
26914
29683
31571
32521
32505
31523
29603
26805
23210
18924
14077
8811
3285
-2339
-7899
-13220
-18146
-22536
-26258
-29196
-31268
-32410
-32591
-31802
-30069
-27441
-23999
-19845
-15097
-9905
-4418
1200
6782
12166
17185
21694
25559
28664
30918
32253
32630
32036
30491
28039
24754
20735
16099
10985
5541
-63
-5667
-11103
-16211
-20834
-24838
-28105
-30537
-32062
-32634
-32236
-30880
-28608
-25484
-21604
-17082
-12052
-6665
-1077
4539
10021
15206
19939
24082
27507
30114
31828
32596
32394
31230
29137
26180
22441
18039
13101
7774
2215
-3412
-8934
-14192
-19028
-23299
-26879
-29659
-31558
-32518
-32513
-31542
-29634
-26845
-23259
-18983
-14139
-8878
-3352
2271
7829
13156
18089
22485
26215
29163
31246
32400
32592
31815
30091
27474
24041
19894
15156
9964
4480
-1137
-6721
-12105
-17132
-21649
-25520
-28635
-30899
-32245
-32633
-32051
-30517
-28076
-24799
-20788
-16159
-11050
-5611
-4
5600
11038
16148
20778
24792
28068
30511
32047
32630
32243
30899
28636
25523
21650
17135
12111
6727
1143
-4477
-9961
-15150
-19890
-24038
-27474
-30091
-31816
-32594
-32404
-31251
-29170
-26223
-22495
-18100
-13165
-7841
-2283
3340
8866
14130
18972
23250
26837
29628
31538
32510
32516
31557
29658
26880
23302
19033
14198
8937
3415
-2208
-7767
-13096
-18037
-22440
-26178
-29136
-31230
-32396
-32599
-31833
-30121
-27515
-24089
-19949
-15217
-10033
-4552
1068
6653
12041
17071
21596
25477
28600
30874
32231
32631
32060
30537
28106
24841
20836
16213
11108
5673
70
-5538
-10979
-16094
-20731
-24751
-28039
-30491
-32037
-32632
-32257
-30923
-28671
-25567
-21704
-17196
-12175
-6794
-1212
4406
9896
15089
19835
23990
27433
30063
31797
32587
32408
31267
29196
26259
22540
18151
13226
7902
2345
-3279
-8805
-14071
-18922
-23207
-26803
-29602
-31523
-32507
-32525
-31577
-29690
-26922
-23351
-19089
-14260
-9006
-3484
2139
7700
13032
17976
22389
26135
29102
31207
32385
32600
31845
30144
27547
24133
19999
15273
10093
4613
-1002
-6593
-11984
-17018
-21548
-25437
-28571
-30856
-32224
-32635
-32076
-30563
-28143
-24886
-20892
-16273
-11173
-5741
-139
5467
10914
16034
20677
24706
28001
30465
32022
32629
32265
30943
28700
25606
21751
17249
12236
6856
1275
-4343
-9834
-15031
-19785
-23949
-27400
-30039
-31784
-32586
-32419
-31289
-29229
-26299
-22590
-18209
-13287
-7971
-2414
3210
8739
14010
18864
23159
26763
29573
31503
32498
32527
31591
29714
26956
23396
19139
14315
9067
3549
-2074
-7640
-12975
-17924
-22342
-26096
-29075
-31190
-32379
-32605
-31862
-30172
-27585
-24181
-20056
-15334
-10159
-4682
934
6522
11919
16959
21495
25393
28536
30832
32211
32633
32085
30585
28173
24926
20938
16329
11234
5803
202
-5405
-10852
-15977
-20629
-24666
-27970
-30443
-32013
-32631
-32278
-30967
-28736
-25650
-21803
-17309
-12299
-6925
-1343
4276
9768
14970
19727
23901
27361
30010
31766
32579
32423
31304
29255
26337
22636
18260
13344
8032
2480
-3147
-8678
-13954
-18813
-23113
-26729
-29548
-31490
-32495
-32536
-31610
-29745
-26997
-23445
-19198
-14378
-9133
-3617
2006
7570
12911
17866
22291
26053
29041
31167
32367
32604
31873
30194
27617
24222
20105
15392
10218
4744
-871
-6461
-11858
-16906
-21449
-25354
-28507
-30813
-32203
-32637
-32100
-30610
-28211
-24971
-20992
-16389
-11299
-5873
-270
5338
10786
15916
20572
24619
27933
30416
31996
32626
32285
30985
28765
25690
21849
17361
12357
6987
1409
-4213
-9708
-14914
-19677
-23857
-27328
-29987
-31754
-32578
-32433
-31325
-29287
-26378
-22686
-18320
-13407
-8098
-2549
3075
8609
13891
18756
23064
26687
29517
31470
32487
32539
31624
29769
27030
23487
19248
14437
9193
3679
-1943
-7508
-12851
-17814
-22245
-26016
-29014
-31149
-32361
-32610
-31889
-30222
-27656
-24268
-20159
-15453
-10286
-4815
802
6393
11794
16844
21395
25310
28472
30789
32189
32635
32110
30630
28241
25012
21039
16443
11358
5935
336
-5275
-10727
-15861
-20524
-24576
-27901
-30394
-31985
-32627
-32298
-31009
-28800
-25734
-21904
-17422
-12422
-7054
-1478
4142
9640
14853
19623
23809
27288
29958
31736
32571
32438
31342
29313
26414
22730
18371
13467
8159
2611
-3014
-8549
-13831
-18705
-23020
-26652
-29491
-31455
-32484
-32548
-31644
-29801
-27072
-23537
-19305
-14499
-9262
-3751
1874
7441
12787
17753
22194
25974
28981
31126
32349
32609
31899
30243
27688
24310
20208
15507
10345
4876
-737
-6332
-11736
-16792
-21349
-25270
-28443
-30770
-32182
-32638
-32125
-30656
-28277
-25057
-21095
-16506
-11423
-6003
-405
5204
10663
15801
20469
24530
27862
30367
31969
32621
32304
31027
28826
25770
21949
17475
12483
7116
1540
-4080
-9580
-14794
-19573
-23767
-27256
-29934
-31723
-32570
-32448
-31363
-29345
-26458
-22780
-18428
-13529
-8228
-2679
2945
8482
13769
18645
22970
26610
29459
31434
32474
32550
31658
29826
27106
23582
19355
14554
9323
3813
-1808
-7381
-12730
-17701
-22147
-25935
-28953
-31110
-32343
-32615
-31917
-30271
-27726
-24357
-20264
-15567
-10411
-4945
668
6261
11672
16732
21296
25226
28407
30746
32168
32636
32133
30677
28306
25097
21143
16560
11483
6065
468
-5142
-10600
-15744
-20420
-24489
-27830
-30345
-31958
-32622
-32315
-31049
-28861
-25813
-22000
-17534
-12545
-7185
-1609
4012
9514
14734
19516
23719
27217
29905
31704
32562
32452
31378
29371
26493
22827
18480
13586
8289
2745
-2879
-8421
-13712
-18594
-22924
-26574
-29433
-31418
-32470
-32557
-31676
-29854
-27146
-23631
-19413
-14616
-9389
-3881
1740
7311
12667
17643
22096
25892
28918
31087
32331
32614
31927
30293
27757
24398
20313
15625
10472
5007
-605
-6200
-11610
-16678
-21248
-25187
-28377
-30726
-32161
-32640
-32149
-30703
-28344
-25142
-21195
-16619
-11548
-6135
-536
5075
10535
15683
20365
24443
27793
30318
31941
32616
32321
31066
28888
25852
22048
17586
12603
7246
1675
-3950
-9454
-14678
-19466
-23676
-27184
-29882
-31692
-32561
-32463
-31399
-29403
-26534
-22877
-18540
-13649
-8355
-2813
2810
8352
13649
18537
22874
26531
29400
31397
32460
32558
31689
29879
27179
23673
19463
14675
9448
3944
-1678
-7249
-12606
-17592
-22051
-25855
-28891
-31069
-32325
-32619
-31944
-30321
-27795
-24444
-20368
-15686
-10538
-5078
536
6132
11545
16616
21192
25141
28341
30700
32146
32637
32157
30723
28374
25184
21243
16673
11607
6197
602
-5013
-10475
-15628
-20316
-24401
-27762
-30296
-31930
-32617
-32334
-31089
-28921
-25895
-22099
-17646
-12667
-7314
-1743
3878
9386
14616
19410
23628
27143
29851
31674
32554
32467
31415
29429
26569
22921
18591
13709
8415
2876
-2748
-8292
-13589
-18485
-22829
-26496
-29374
-31380
-32455
-32565
-31707
-29908
-27220
-23720
-19518
-14737
-9517
-4015
1609
7182
12542
17531
21997
25812
28858
31046
32312
32619
31954
30342
27827
24486
20415
15741
10597
5139
-471
-6071
-11486
-16563
-21146
-25100
-28311
-30680
-32136
-32639
-32171
-30748
-28410
-25229
-21299
-16735
-11672
-6264
-671
4942
10408
15567
20261
24354
27723
30269
31914
32612
32340
31107
28949
25932
22144
17698
12727
7375
1805
-3816
-9326
-14557
-19361
-23585
-27109
-29829
-31661
-32553
-32477
-31436
-29462
-26613
-22970
-18648
-13771
-8485
-2948
2679
8225
13526
18425
22779
26455
29342
31360
32445
32566
31720
29931
27253
23764
19568
14791
9577
4078
-1543
-7122
-12486
-17478
-21952
-25773
-28830
-31030
-32307
-32624
-31972
-30369
-27865
-24533
-20472
-15804
-10663
-5207
402
6000
11423
16503
21092
25054
28274
30654
32122
32635
32179
30767
28439
25267
21346
16789
11733
6326
734
-4879
-10348
-15510
-20213
-24313
-27691
-30246
-31902
-32612
-32352
-31129
-28984
-25975
-22195
-17756
-12790
-7444
-1874
3748
9259
14496
19302
23536
27069
29798
31641
32545
32481
31452
29488
26649
23017
18699
13828
8546
3011
-2614
-8164
-13470
-18374
-22733
-26417
-29317
-31345
-32441
-32574
-31738
-29960
-27291
-23812
-19626
-14853
-9643
-4145
1475
7051
12421
17419
21901
25731
28797
31007
32295
32624
31982
30391
27896
24573
20521
15858
10724
5269
-339
-5938
-11361
-16446
-21045
-25015
-28244
-30633
-32113
-32638
-32192
-30792
-28475
-25311
-21398
-16847
-11797
-6396
-801
4812
10283
15450
20156
24267
27653
30219
31886
32607
32358
31146
29011
26013
22242
17809
12848
7505
1940
-3682
-9199
-14440
-19251
-23490
-27035
-29774
-31627
-32542
-32490
-31472
-29520
-26690
-23067
-18759
-13891
-8612
-3078
2546
8095
13407
18317
22684
26375
29284
31323
32430
32575
31751
29984
27324
23854
19675
14911
9705
4207
-1412
-6990
-12360
-17366
-21855
-25693
-28768
-30988
-32289
-32629
-31999
-30419
-27936
-24620
-20575
-15919
-10789
-5341
270
5870
11296
16386
20989
24971
28208
30607
32097
32634
32200
30810
28504
25351
21446
16900
11855
6458
868
-4750
-10224
-15395
-20108
-24225
-27622
-30197
-31875
-32607
-32370
-31169
-29044
-26056
-22294
-17869
-12912
-7573
-2009
3614
9130
14377
19195
23442
26994
29742
31608
32533
32492
31487
29545
26724
23110
18810
13951
8672
3141
-2483
-8035
-13347
-18266
-22639
-26340
-29258
-31307
-32426
-32582
-31769
-30013
-27364
-23902
-19730
-14973
-9771
-4279
1343
6922
12296
17306
21800
25649
28733
30964
32275
32628
32010
30440
27967
24663
20624
15974
10849
5402
-205
-5809
-11237
-16332
-20941
-24929
-28177
-30588
-32088
-32636
-32214
-30834
-28539
-25396
-21498
-16962
-11919
-6525
-937
4679
10156
15333
20054
24178
27582
30169
31859
32602
32376
31187
29071
26093
22339
17921
12972
7634
2071
-3552
-9070
-14318
-19144
-23399
-26959
-29717
-31594
-32531
-32501
-31506
-29576
-26766
-23159
-18867
-14013
-8742
-3213
2414
7968
13284
18206
22587
26298
29226
31286
32416
32583
31781
30036
27397
23946
19780
15029
9831
4340
-1277
-6862
-12239
-17252
-21754
-25609
-28705
-30946
-32268
-32632
-32025
-30467
-28004
-24709
-20680
-16037
-10914
-5470
136
5738
11170
16273
20889
24883
28140
30561
32073
32632
32221
30854
28567
25434
21545
17015
11981
6587
1000
-4616
-10096
-15276
-20004
-24136
-27550
-30147
-31848
-32603
-32387
-31210
-29105
-26138
-22390
-17979
-13035
-7703
-2139
3484
9003
14257
19086
23350
26919
29687
31574
32522
32504
31520
29599
26800
23205
18916
14068
8802
3276
-2348
-7907
-13228
-18154
-22542
-26262
-29200
-31270
-32411
-32590
-31800
-30065
-27436
-23993
-19837
-15089
-9896
-4409
1209
6791
12175
17193
21701
25564
28668
30921
32254
32629
32034
30488
28035
24748
20728
16091
10976
5532
-73
-5676
-11111
-16216
-20841
-24844
-28109
-30540
-32063
-32634
-32234
-30877
-28603
-25478
-21597
-17074
-12044
-6656
-1067
4549
10030
15214
19946
24088
27512
30118
31830
32596
32393
31227
29133
26175
22438
18031
13093
7764
2205
-3418
-8943
-14201
-19036
-23305
-26883
-29663
-31560
-32519
-32513
-31540
-29630
-26840
-23253
-18975
-14130
-8869
-3343
2280
7838
13165
18097
22492
26220
29167
31249
32401
32591
31813
30089
27469
24035
19887
15147
9958
4471
-1146
-6730
-12114
-17138
-21656
-25526
-28639
-30902
-32247
-32633
-32049
-30514
-28071
-24793
-20781
-16151
-11041
-5603
4
5609
11047
16156
20785
24799
28073
30514
32048
32630
32242
30896
28632
25517
21646
17127
12102
6718
1134
-4483
-9970
-15159
-19896
-24044
-27479
-30095
-31818
-32595
-32403
-31248
-29166
-26217
-22488
-18092
-13156
-7832
-2274
3349
8875
14139
18980
23256
26842
29631
31540
32510
32515
31555
29656
26874
23296
19025
14189
8931
3406
-2218
-7777
-13104
-18045
-22447
-26183
-29140
-31233
-32397
-32599
-31831
-30117
-27510
-24083
-19941
-15209
-10024
-4542
1077
6662
12049
17079
21601
25483
28605
30877
32233
32631
32059
30534
28102
24835
20831
16205
11100
5664
60
-5547
-10988
-16102
-20738
-24757
-28044
-30494
-32039
-32633
-32256
-30920
-28667
-25562
-21697
-17188
-12166
-6785
-1202
4415
9902
15097
19842
23996
27438
30066
31799
32588
32407
31265
29193
26253
22533
18143
13217
7893
2336
-3288
-8814
-14080
-18929
-23213
-26808
-29606
-31526
-32508
-32524
-31574
-29686
-26917
-23345
-19082
-14252
-8997
-3477
2149
7709
13041
17984
22394
26140
29107
31210
32385
32599
31843
30140
27542
24127
19991
15265
10084
4604
-1012
-6602
-11991
-17026
-21555
-25443
-28576
-30859
-32225
-32635
-32074
-30560
-28138
-24880
-20885
-16268
-11164
-5732
-129
5476
10920
16042
20684
24713
28006
30467
32024
32629
32263
30940
28696
25600
21743
17241
12227
6847
1265
-4353
-9843
-15040
-19792
-23955
-27405
-30043
-31786
-32587
-32418
-31286
-29225
-26296
-22583
-18201
-13279
-7962
-2408
3219
8748
14018
18870
23165
26769
29577
31506
32499
32527
31588
29711
26951
23390
19131
14307
9058
3540
-2083
-7649
-12984
-17932
-22349
-26101
-29079
-31193
-32380
-32605
-31860
-30168
-27580
-24175
-20049
-15328
-10150
-4672
943
6531
11928
16967
21502
25398
28540
30836
32212
32633
32084
30581
28168
24920
20931
16321
11225
5794
192
-5414
-10861
-15985
-20636
-24672
-27975
-30447
-32014
-32631
-32277
-30964
-28732
-25646
-21796
-17301
-12290
-6916
-1333
4285
9777
14978
19735
23907
27366
30014
31768
32580
32422
31302
29251
26331
22630
18252
13336
8023
2471
-3154
-8687
-13962
-18821
-23120
-26733
-29552
-31492
-32496
-32536
-31609
-29741
-26991
-23439
-19190
-14369
-9124
-3607
2015
7579
12920
17873
22297
26059
29046
31170
32368
32604
31871
30191
27612
24216
20098
15384
10212
4735
-880
-6470
-11867
-16911
-21456
-25360
-28512
-30816
-32204
-32637
-32099
-30606
-28206
-24965
-20985
-16381
-11290
-5865
-260
5347
10795
15924
20579
24625
27937
30419
31998
32626
32284
30982
28761
25684
21845
17353
12349
6978
1400
-4220
-9717
-14923
-19685
-23863
-27332
-29991
-31756
-32578
-32432
-31323
-29283
-26373
-22680
-18312
-13399
-8089
-2539
3085
8619
13899
18764
23071
26692
29521
31472
32488
32538
31622
29767
27026
23481
19241
14428
9187
3670
-1952
-7518
-12859
-17820
-22252
-26022
-29018
-31152
-32362
-32609
-31887
-30218
-27651
-24261
-20152
-15444
-10277
-4806
811
6402
11803
16852
21402
25316
28477
30792
32191
32634
32108
30626
28236
25006
21035
16435
11349
5926
326
-5282
-10736
-15869
-20531
-24582
-27906
-30398
-31987
-32627
-32296
-31006
-28795
-25729
-21897
-17414
-12413
-7045
-1468
4151
9649
14861
19631
23815
27293
29960
31738
32571
32437
31339
29310
26409
22723
18363
13459
8153
2601
-3023
-8558
-13839
-18712
-23026
-26657
-29495
-31457
-32485
-32547
-31641
-29797
-27067
-23530
-19297
-14490
-9253
-3742
1884
7450
12796
17761
22198
25980
28985
31129
32350
32609
31897
30240
27683
24304
20203
15499
10337
4867
-746
-6342
-11745
-16800
-21356
-25276
-28448
-30773
-32183
-32638
-32123
-30652
-28272
-25051
-21088
-16497
-11414
-5994
-395
5214
10669
15809
20476
24536
27867
30369
31971
32622
32302
31024
28823
25765
21942
17467
12474
7107
1530
-4089
-9589
-14803
-19581
-23773
-27261
-29937
-31725
-32570
-32447
-31360
-29341
-26452
-22773
-18420
-13521
-8219
-2673
2954
8491
13776
18652
22974
26615
29464
31436
32475
32549
31655
29822
27101
23575
19347
14546
9313
3804
-1818
-7390
-12739
-17709
-22154
-25941
-28957
-31112
-32344
-32614
-31915
-30267
-27721
-24351
-20257
-15562
-10402
-4935
677
6271
11678
16740
21303
25232
28412
30749
32170
32636
32132
30674
28303
25091
21136
16551
11475
6055
458
-5151
-10609
-15752
-20428
-24495
-27835
-30348
-31959
-32622
-32314
-31047
-28856
-25809
-21993
-17526
-12537
-7176
-1602
4022
9523
14742
19523
23725
27222
29908
31706
32563
32451
31375
29367
26488
22820
18472
13578
8280
2736
-2888
-8430
-13720
-18602
-22931
-26578
-29438
-31421
-32471
-32557
-31675
-29851
-27141
-23624
-19405
-14611
-9380
-3872
1750
7320
12675
17651
22103
25898
28923
31090
32332
32614
31925
30290
27752
24391
20306
15617
10463
4997
-614
-6209
-11619
-16684
-21256
-25193
-28382
-30729
-32162
-32640
-32147
-30700
-28339
-25138
-21188
-16610
-11539
-6125
-526
5084
10544
15691
20372
24450
27797
30321
31943
32617
32320
31064
28884
25846
22041
17578
12594
7237
1665
-3956
-9463
-14687
-19473
-23682
-27187
-29885
-31694
-32562
-32462
-31397
-29399
-26528
-22870
-18532
-13641
-8346
-2805
2819
8362
13658
18545
22881
26536
29404
31399
32461
32558
31687
29875
27174
23666
19456
14667
9442
3934
-1687
-7259
-12615
-17596
-22058
-25861
-28895
-31072
-32326
-32619
-31942
-30317
-27791
-24438
-20360
-15677
-10529
-5069
545
6141
11554
16624
21200
25148
28346
30703
32147
32637
32156
30720
28370
25178
21238
16664
11598
6187
592
-5019
-10484
-15636
-20323
-24407
-27765
-30300
-31932
-32617
-32332
-31086
-28917
-25889
-22092
-17638
-12658
-7304
-1734
3887
9395
14625
19418
23634
27148
29855
31676
32555
32466
31413
29426
26564
22914
18583
13700
8410
2866
-2758
-8301
-13598
-18490
-22836
-26502
-29378
-31383
-32456
-32565
-31705
-29904
-27215
-23714
-19511
-14728
-9508
-4006
1618
7191
12551
17538
22004
25818
28862
31049
32314
32619
31952
30339
27822
24480
20410
15732
10588
5130
-480
-6077
-11495
-16571
-21153
-25106
-28316
-30683
-32138
-32639
-32170
-30745
-28406
-25223
-21292
-16727
-11663
-6255
-661
4951
10417
15575
20269
24360
27727
30271
31915
32612
32338
31104
28946
25926
22137
17690
12719
7369
1796
-3825
-9335
-14566
-19368
-23591
-27115
-29833
-31663
-32554
-32476
-31434
-29458
-26607
-22963
-18640
-13763
-8476
-2938
2689
8234
13535
18433
22784
26460
29346
31363
32446
32566
31717
29927
27248
23758
19561
14784
9568
4068
-1552
-7131
-12494
-17486
-21959
-25779
-28835
-31032
-32308
-32624
-31970
-30365
-27860
-24526
-20465
-15796
-10654
-5198
411
6009
11428
16511
21100
25061
28279
30656
32124
32636
32177
30764
28434
25261
21339
16781
11725
6317
724
-4889
-10357
-15519
-20220
-24320
-27696
-30250
-31904
-32613
-32350
-31126
-28979
-25971
-22188
-17748
-12781
-7435
-1868
3757
9268
14504
19309
23540
27074
29802
31643
32546
32480
31449
29484
26643
23010
18691
13819
8537
3001
-2623
-8173
-13479
-18381
-22739
-26423
-29321
-31347
-32442
-32573
-31736
-29956
-27286
-23805
-19618
-14847
-9634
-4136
1484
7060
12427
17427
21908
25737
28801
31009
32296
32623
31980
30388
27891
24567
20513
15850
10715
5260
-348
-5947
-11370
-16454
-21052
-25021
-28249
-30636
-32114
-32638
-32191
-30789
-28471
-25307
-21391
-16839
-11788
-6387
-795
4822
10292
15458
20163
24273
27658
30222
31888
32607
32356
31143
29007
26008
22235
17801
12839
7496
1931
-3692
-9208
-14448
-19259
-23497
-27038
-29778
-31629
-32543
-32489
-31470
-29516
-26685
-23060
-18751
-13885
-8603
-3069
2554
8105
13416
18325
22690
26381
29288
31326
32431
32574
31749
29980
27319
23847
19667
14903
9696
4198
-1421
-6999
-12369
-17372
-21862
-25699
-28773
-30991
-32289
-32629
-31997
-30415
-27931
-24616
-20568
-15910
-10780
-5331
279
5879
11305
16394
20996
24977
28212
30610
32099
32634
32198
30807
28500
25345
21439
16892
11846
6448
858
-4756
-10233
-15403
-20116
-24230
-27625
-30201
-31877
-32608
-32369
-31167
-29040
-26050
-22287
-17861
-12903
-7563
-1999
3623
9139
14386
19202
23449
26999
29746
31611
32534
32492
31484
29541
26719
23104
18803
13942
8667
3132
-2492
-8044
-13356
-18271
-22646
-26345
-29262
-31310
-32427
-32581
-31767
-30009
-27359
-23895
-19722
-14965
-9762
-4269
1352
6932
12305
17314
21807
25655
28738
30967
32277
32628
32008
30437
27962
24656
20619
15965
10840
5392
-214
-5815
-11246
-16340
-20949
-24935
-28181
-30591
-32090
-32636
-32212
-30831
-28534
-25390
-21491
-16954
-11911
-6516
-927
4688
10165
15342
20061
24185
27587
30172
31861
32602
32375
31184
29069
26087
22332
17913
12963
7628
2061
-3562
-9079
-14327
-19150
-23406
-26965
-29721
-31596
-32532
-32500
-31504
-29572
-26761
-23153
-18859
-14004
-8733
-3204
2424
7977
13293
18214
22594
26304
29230
31288
32417
32583
31779
30032
27392
23939
19775
15020
9822
4332
-1286
-6871
-12247
-17260
-21761
-25615
-28709
-30949
-32269
-32632
-32023
-30463
-28000
-24703
-20672
-16029
-10905
-5461
145
5747
11179
16281
20896
24890
28144
30564
32075
32632
32220
30851
28564
25428
21538
17007
11972
6577
990
-4625
-10105
-15284
-20011
-24143
-27555
-30151
-31850
-32603
-32386
-31207
-29101
-26132
-22383
-17971
-13026
-7694
-2133
3493
9013
14266
19094
23355
26924
29691
31576
32523
32503
31518
29595
26794
23198
18908
14060
8793
3266
-2358
-7916
-13237
-18162
-22549
-26266
-29204
-31273
-32412
-32590
-31798
-30061
-27431
-23986
-19830
-15083
-9887
-4399
1218
6800
12181
17201
21708
25570
28673
30923
32256
32629
32033
30485
28030
24742
20720
16083
10967
5523
-82
-5686
-11120
-16224
-20848
-24850
-28114
-30544
-32065
-32634
-32233
-30874
-28599
-25474
-21590
-17066
-12035
-6647
-1061
4558
10039
15223
19954
24093
27517
30122
31832
32597
32392
31224
29128
26169
22431
18024
13084
7755
2196
-3427
-8952
-14209
-19044
-23312
-26888
-29666
-31562
-32520
-32512
-31538
-29626
-26835
-23246
-18967
-14125
-8859
-3334
2290
7847
13171
18105
22499
26226
29171
31252
32402
32591
31810
30085
27464
24028
19880
15139
9949
4462
-1155
-6739
-12122
-17146
-21663
-25532
-28644
-30905
-32248
-32633
-32048
-30511
-28067
-24789
-20774
-16143
-11032
-5594
10
5618
11055
16164
20793
24805
28078
30518
32050
32631
32240
30893
28627
25511
21639
17119
12093
6708
1124
-4493
-9979
-15167
-19904
-24051
-27482
-30099
-31820
-32596
-32402
-31247
-29161
-26212
-22481
-18084
-13150
-7822
-2265
3359
8884
14147
18987
23263
26848
29635
31543
32511
32515
31552
29652
26869
23289
19018
14181
8923
3396
-2227
-7786
-13113
-18050
-22454
-26189
-29144
-31235
-32398
-32598
-31829
-30113
-27505
-24078
-19934
-15201
-10015
-4533
1086
6672
12058
17086
21608
25489
28609
30880
32234
32631
32057
30531
28097
24829
20824
16197
11091
5655
51
-5554
-10996
-16110
-20745
-24763
-28047
-30498
-32041
-32633
-32254
-30918
-28662
-25556
-21690
-17180
-12157
-6776
-1193
4424
9911
15106
19850
24003
27443
30069
31802
32589
32406
31262
29189
26248
22526
18136
13208
7887
2326
-3297
-8823
-14088
-18934
-23220
-26813
-29610
-31528
-32509
-32523
-31572
-29682
-26911
-23338
-19074
-14243
-8988
-3468
2158
7718
13049
17992
22401
26146
29111
31213
32386
32599
31841
30136
27538
24120
19986
15256
10075
4594
-1020
-6608
-12000
-17034
-21562
-25449
-28580
-30862
-32227
-32635
-32073
-30557
-28133
-24874
-20877
-16260
-11156
-5723
-120
5485
10929
16051
20691
24719
28011
30470
32026
32629
32262
30936
28693
25594
21736
17233
12218
6840
1256
-4362
-9852
-15047
-19800
-23962
-27411
-30046
-31789
-32587
-32416
-31283
-29221
-26290
-22576
-18193
-13270
-7953
-2398
3229
8757
14026
18878
23170
26774
29580
31508
32500
32526
31586
29707
26946
23383
19126
14298
9049
3530
-2092
-7657
-12992
-17940
-22356
-26107
-29084
-31196
-32381
-32604
-31859
-30165
-27575
-24168
-20041
-15320
-10141
-4663
952
6541
11934
16975
21509
25404
28545
30838
32214
32633
32082
30578
28165
24914
20924
16314
11217
5785
183
-5423
-10870
-15993
-20644
-24678
-27980
-30450
-32016
-32631
-32275
-30961
-28727
-25640
-21789
-17292
-12282
-6907
-1327
4294
9786
14987
19742
23912
27372
30017
31770
32580
32421
31299
29247
26326
22623
18245
13327
8013
2461
-3163
-8696
-13971
-18829
-23127
-26738
-29556
-31494
-32497
-32535
-31606
-29737
-26986
-23432
-19183
-14363
-9115
-3598
2025
7588
12926
17881
22304
26064
29050
31172
32370
32604
31869
30187
27607
24210
20091
15375
10203
4725
-889
-6479
-11876
-16919
-21463
-25366
-28516
-30819
-32206
-32637
-32097
-30603
-28201
-24961
-20977
-16373
-11281
-5855
-255
5355
10804
15932
20587
24629
27942
30423
32000
32627
32283
30979
28756
25678
21838
17345
12340
6968
1390
-4229
-9726
-14931
-19692
-23870
-27337
-29994
-31758
-32579
-32431
-31321
-29279
-26367
-22673
-18305
-13393
-8080
-2530
3094
8628
13905
18772
23078
26698
29524
31475
32488
32537
31620
29763
27020
23474
19233
14420
9179
3661
-1962
-7527
-12868
-17827
-22259
-26027
-29023
-31155
-32363
-32609
-31885
-30215
-27646
-24257
-20145
-15436
-10268
-4797
817
6412
11812
16860
21409
25322
28481
30795
32192
32634
32106
30623
28231
25000
21027
16427
11340
5916
317
-5291
-10745
-15877
-20538
-24589
-27909
-30401
-31989
-32627
-32295
-31004
-28791
-25723
-21890
-17406
-12407
-7036
-1459
4161
9658
14870
19637
23822
27298
29964
31740
32572
32436
31337
29306
26403
22716
18356
13450
8144
2592
-3032
-8567
-13848
-18718
-23033
-26663
-29500
-31460
-32485
-32546
-31639
-29793
-27061
-23523
-19289
-14482
-9244
-3732
1893
7459
12804
17769
22205
25985
28989
31132
32351
32609
31895
30236
27678
24298
20195
15491
10328
4858
-755
-6348
-11753
-16808
-21363
-25282
-28451
-30776
-32185
-32638
-32122
-30649
-28268
-25045
-21081
-16489
-11405
-5984
-386
5223
10677
15817
20484
24542
27872
30373
31973
32622
32301
31021
28819
25759
21935
17460
12465
7100
1522
-4098
-9598
-14811
-19586
-23780
-27266
-29941
-31727
-32571
-32446
-31358
-29337
-26446
-22766
-18413
-13513
-8210
-2664
2964
8500
13785
18660
22981
26621
29468
31439
32476
32549
31653
29818
27096
23569
19342
14537
9304
3795
-1827
-7395
-12748
-17717
-22161
-25946
-28962
-31115
-32345
-32614
-31913
-30264
-27716
-24345
-20250
-15554
-10393
-4926
686
6280
11687
16749
21310
25238
28416
30751
32171
32636
32130
30670
28299
25085
21128
16543
11467
6049
449
-5161
-10618
-15760
-20435
-24501
-27840
-30351
-31961
-32623
-32313
-31044
-28852
-25804
-21986
-17518
-12528
-7167
-1593
4031
9532
14751
19531
23730
27227
29912
31709
32564
32450
31372
29363
26482
22813
18467
13569
8270
2726
-2898
-8439
-13729
-18610
-22937
-26583
-29442
-31423
-32472
-32556
-31672
-29847
-27136
-23618
-19398
-14602
-9371
-3862
1759
7329
12681
17659
22110
25904
28927
31092
32333
32613
31923
30286
27749
24385
20298
15608
10455
4988
-623
-6218
-11628
-16692
-21263
-25199
-28387
-30732
-32163
-32640
-32145
-30696
-28335
-25132
-21181
-16602
-11531
-6117
-520
5094
10553
15699
20379
24454
27802
30325
31945
32617
32319
31061
28879
25841
22034
17570
12586
7228
1656
-3965
-9472
-14695
-19481
-23689
-27193
-29889
-31696
-32562
-32460
-31394
-29395
-26523
-22863
-18524
-13635
-8337
-2795
2829
8371
13663
18552
22887
26542
29408
31401
32462
32557
31685
29871
27169
23660
19448
14658
9434
3925
-1696
-7268
-12623
-17604
-22064
-25867
-28900
-31075
-32327
-32619
-31940
-30314
-27786
-24434
-20353
-15669
-10520
-5059
551
6150
11563
16632
21207
25152
28351
30706
32149
32637
32154
30716
28365
25172
21231
16656
11589
6178
583
-5028
-10493
-15644
-20331
-24413
-27770
-30303
-31934
-32618
-32331
-31085
-28913
-25884
-22085
-17630
-12652
-7295
-1725
3897
9404
14630
19425
23641
27154
29859
31678
32555
32465
31410
29422
26558
22908
18576
13692
8401
2857
-2767
-8310
-13606
-18498
-22843
-26507
-29382
-31386
-32457
-32564
-31703
-29900
-27210
-23710
-19503
-14720
-9499
-3996
1628
7200
12560
17546
22011
25824
28866
31052
32315
32618
31950
30335
27817
24475
20403
15724
10579
5120
-489
-6086
-11504
-16578
-21160
-25112
-28319
-30686
-32140
-32639
-32168
-30743
-28401
-25217
-21284
-16719
-11654
-6246
-652
4960
10426
15584
20276
24366
27732
30275
31917
32612
32337
31102
28941
25921
22130
17682
12710
7360
1786
-3834
-9344
-14574
-19373
-23598
-27120
-29836
-31665
-32554
-32475
-31431
-29454
-26602
-22957
-18632
-13755
-8467
-2929
2698
8243
13543
18441
22791
26466
29350
31365
32447
32565
31715
29923
27243
23751
19556
14776
9559
4059
-1562
-7137
-12502
-17494
-21966
-25785
-28838
-31035
-32309
-32624
-31968
-30362
-27855
-24520
-20457
-15788
-10645
-5189
420
6018
11437
16519
21107
25067
28284
30659
32126
32636
32176
30761
28431
25255
21332
16773
11716
6311
715
-4898
-10366
-15527
-20225
-24326
-27701
-30253
-31906
-32613
-32349
-31123
-28975
-25965
-22182
-17741
-12773
-7426
-1858
3767
9277
14513
19317
23547
27080
29806
31646
32546
32480
31447
29480
26638
23003
18686
13811
8527
2992
-2632
-8179
-13487
-18389
-22746
-26428
-29325
-31350
-32443
-32573
-31734
-29952
-27282
-23799
-19611
-14839
-9625
-4126
1494
7070
12436
17435
21915
25743
28805
31011
32297
32623
31978
30384
27888
24561
20506
15841
10707
5254
-358
-5956
-11378
-16462
-21059
-25027
-28253
-30639
-32116
-32638
-32189
-30786
-28466
-25301
-21384
-16831
-11780
-6378
-786
4831
10301
15466
20171
24277
27663
30226
31890
32607
32355
31140
29002
26002
22228
17796
12830
7487
1921
-3701
-9217
-14457
-19266
-23504
-27044
-29782
-31632
-32544
-32488
-31468
-29512
-26679
-23053
-18744
-13877
-8594
-3060
2564
8114
13422
18333
22696
26386
29292
31328
32432
32574
31746
29976
27315
23841
19660
14895
9688
4189
-1431
-7008
-12378
-17380
-21869
-25705
-28777
-30994
-32291
-32628
-31995
-30412
-27926
-24610
-20560
-15902
-10772
-5322
285
5889
11314
16402
21003
24981
28217
30613
32101
32634
32197
30804
28495
25339
21432
16884
11838
6439
849
-4766
-10241
-15411
-20123
-24236
-27630
-30204
-31879
-32608
-32367
-31164
-29036
-26044
-22280
-17853
-12897
-7554
-1990
3632
9148
14391
19210
23456
27004
29750
31612
32535
32491
31482
29538
26714
23097
18795
13934
8658
3122
-2502
-8053
-13365
-18279
-22653
-26351
-29266
-31312
-32428
-32581
-31765
-30005
-27354
-23891
-19715
-14956
-9753
-4260
1359
6941
12314
17322
21814
25661
28743
30970
32278
32628
32006
30433
27957
24650
20611
15957
10831
5383
-223
-5825
-11255
-16348
-20956
-24941
-28185
-30594
-32092
-32636
-32211
-30829
-28530
-25384
-21484
-16946
-11905
-6507
-918
4697
10174
15350
20069
24191
27592
30176
31863
32603
32373
31181
29064
26081
22325
17905
12955
7619
2052
-3570
-9088
-14335
-19157
-23413
-26970
-29725
-31598
-32532
-32499
-31502
-29568
-26756
-23148
-18851
-13996
-8724
-3194
2433
7986
13302
18221
22600
26309
29234
31291
32418
32582
31777
30028
27387
23933
19767
15012
9813
4323
-1296
-6877
-12255
-17268
-21768
-25621
-28712
-30952
-32271
-32631
-32022
-30461
-27995
-24697
-20665
-16021
-10896
-5451
155
5757
11188
16289
20903
24896
28149
30567
32077
32632
32218
30848
28560
25422
21530
16999
11963
6571
981
-4635
-10114
-15293
-20016
-24149
-27560
-30154
-31852
-32603
-32385
-31204
-29097
-26126
-22376
-17963
-13017
-7685
-2124
3502
9022
14274
19102
23361
26930
29695
31579
32523
32502
31515
29591
26789
23191
18903
14051
8784
3257
-2367
-7922
-13246
-18170
-22556
-26272
-29207
-31276
-32413
-32589
-31796
-30057
-27426
-23980
-19822
-15075
-9878
-4390
1228
6810
12189
17209
21715
25576
28677
30926
32257
32629
32031
30481
28027
24736
20713
16074
10959
5516
-92
-5695
-11129
-16232
-20853
-24856
-28119
-30547
-32067
-32635
-32231
-30871
-28594
-25468
-21583
-17058
-12026
-6638
-1052
4567
10048
15231
19961
24099
27522
30125
31834
32597
32391
31221
29124
26163
22424
18018
13075
7746
2186
-3437
-8958
-14218
-19051
-23318
-26893
-29670
-31565
-32521
-32511
-31536
-29622
-26829
-23239
-18960
-14116
-8850
-3324
2298
7856
13179
18112
22506
26231
29175
31253
32403
32590
31808
30082
27461
24022
19872
15131
9941
4455
-1165
-6748
-12131
-17154
-21670
-25538
-28649
-30908
-32633
-30507
-24783
-16135
-5585
5627
16172
24809
30521
32631
30890
25506
17113
6699
-4502
-15176
-24057
-30102
-32596
-31244
-26206
-18077
-7813
3368
14153
23269
29639
32512
31550
26866
19010
8914
-2236
-13122
-22460
-29149
-32399
-31826
-27500
-19926
-10006
1093
12067
21615
28614
32236
32055
28092
20817
11082
41
-11005
-20752
-28051
-32043
-32253
-28658
-21683
-12152
-1184
9920
19857
27449
31804
32405
29185
22519
13199
2317
-8832
-18942
-26819
-31530
-32522
-29678
-23334
-14235
-3459
7728
18000
26152
31215
32599
30133
24114
15248
4586
-6617
-17042
-25454
-30865
-32635
-30555
-24868
-16251
-5713
5495
16059
24725
30474
32629
30933
25588
17225
6831
-4371
-15056
-23968
-30050
-32588
-31281
-26285
-18185
-7944
3238
14034
23176
29584
32501
31583
26940
19120
9040
-2102
-13001
-22363
-29087
-32383
-31857
-27570
-20034
-10132
962
11943
21516
28550
32215
32080
28160
20917
11209
173
-10879
-20649
-27985
-32018
-32274
-28723
-21782
-12273
-1318
9795
19750
27377
31773
32420
29243
22616
13319
2452
-8702
-18836
-26743
-31497
-32534
-29733
-23426
-14355
-3589
7597
17889
26070
31175
32603
30184
24203
15367
4719
-6488
-16927
-25372
-30822
-32636
-30600
-24955
-16364
-5846
5364
15941
24636
30426
32627
30976
25673
17340
6959
-4238
-14939
-23876
-29998
-32580
-31318
-26362
-18297
-8071
3104
13914
23084
29528
32489
31618
27017
19225
9170
-1971
-12877
-22266
-29027
-32364
-31883
-27641
-20138
-10259
827
11820
21416
28486
32194
32105
28227
21020
11331
307
-10754
-20546
-27914
-31991
-32294
-28786
-21883
-12398
-1450
9667
19645
27303
31741
32434
29302
22710
13442
2582
-8576
-18725
-26668
-31462
-32545
-29789
-23519
-14473
-3723
7469
17777
25989
31135
32608
30233
24292
15483
4849
-6357
-16816
-25287
-30779
-32638
-30647
-25039
-16481
-5975
5232
15822
24548
30376
32622
31018
25754
17451
7091
-4108
-14820
-23786
-29945
-32571
-31355
-26441
-18405
-8201
2970
13794
22988
29472
32477
31650
27090
19335
9295
-1836
-12755
-22168
-28965
-32347
-31911
-27711
-20242
-10387
696
11695
21318
28421
32173
32129
28295
21121
11458
439
-10627
-20440
-27845
-31963
-32312
-28848
-21982
-12519
-1584
9541
19538
27232
31711
32449
29359
22806
13560
2717
-8445
-18617
-26589
-31426
-32555
-29844
-23611
-14594
-3853
7338
17666
25909
31095
32613
30283
24379
15600
4982
-6227
-16700
-25205
-30736
-32640
-30693
-25126
-16594
-6108
5102
15707
24460
30328
32617
31058
25835
17565
7219
-3975
-14703
-23695
-29892
-32563
-31392
-26518
-18516
-8328
2838
13672
22894
29412
32463
31682
27166
19441
9425
-1706
-12632
-22069
-28904
-32328
-31938
-27782
-20345
-10511
561
11572
21214
28355
32151
32153
28360
21224
11581
573
-10502
-20338
-27775
-31936
-32330
-28908
-22078
-12644
-1715
9413
19433
27159
31680
32464
29418
22901
13683
2848
-8319
-18506
-26513
-31388
-32564
-29896
-23704
-14712
-3987
7210
17554
25827
31055
32618
30332
24468
15716
5111
-6096
-16586
-25118
-30690
-32640
-30740
-25211
-16711
-6237
4969
15589
24373
30278
32613
31099
25915
17674
7350
-3844
-14582
-23604
-29839
-32555
-31429
-26596
-18624
-8458
2705
13552
22797
29355
32448
31713
27237
19548
9550
-1571
-12511
-21972
-28842
-32310
-31966
-27850
-20450
-10639
430
11446
21114
28288
32127
32174
28427
21325
11707
705
-10375
-20233
-27706
-31908
-32348
-28970
-22177
-12764
-1849
9286
19325
27085
31648
32478
29476
22997
13802
2982
-8188
-18397
-26434
-31353
-32572
-29950
-23793
-14831
-4117
7079
17443
25749
31014
32623
30381
24555
15833
5245
-5966
-16470
-25033
-30642
-32638
-30782
-25295
-16824
-6369
4840
15474
24283
30229
32608
31138
25997
17788
7478
-3710
-14465
-23510
-29784
-32544
-31466
-26674
-18736
-8585
2573
13430
22703
29296
32433
31744
27310
19652
9679
-1440
-12387
-21873
-28782
-32292
-31993
-27921
-20553
-10763
295
11322
21011
28222
32103
32196
28490
21425
11829
839
-10247
-20131
-27635
-31881
-32366
-29031
-22273
-12888
-1981
9157
19218
27010
31615
32490
29534
23091
13925
3116
-8062
-18287
-26356
-31315
-32580
-30002
-23885
-14948
-4251
6950
17330
25665
30973
32628
30430
24644
15952
5374
-5834
-16356
-24947
-30597
-32636
-30826
-25378
-16938
-6497
4707
15356
24197
30179
32603
31178
26078
17897
7609
-3579
-14344
-23419
-29729
-32533
-31499
-26750
-18844
-8715
2439
13310
22607
29238
32419
31775
27382
19760
9804
-1305
-12264
-21775
-28717
-32272
-32020
-27990
-20657
-10890
164
11197
20910
28154
32078
32217
28556
21523
11954
971
-10123
-20024
-27565
-31854
-32384
-29092
-22372
-13009
-2114
9031
19109
26933
31581
32502
29588
23185
14043
3247
-7931
-18178
-26277
-31278
-32589
-30055
-23974
-15067
-4381
6819
17215
25582
30929
32629
30478
24731
16066
5507
-5704
-16241
-24862
-30550
-32635
-30868
-25462
-17050
-6629
4574
15239
24105
30129
32598
31218
26157
18010
7737
-3446
-14226
-23325
-29673
-32522
-31534
-26824
-18952
-8844
2308
13188
22513
29179
32404
31806
27455
19865
9932
-1174
-12140
-21675
-28653
-32251
-32044
-28057
-20759
-11014
29
11073
20807
28087
32053
32238
28618
21625
12076
1105
-9994
-19919
-27493
-31824
-32400
-29153
-22467
-13133
-2246
8902
19003
26858
31547
32513
29644
23276
14164
3381
-7804
-18066
-26200
-31241
-32597
-30106
-24066
-15184
-4514
6690
17102
25499
30887
32631
30524
24817
16183
5636
-5572
-16127
-24775
-30504
-32633
-30912
-25544
-17164
-6757
4443
15120
24016
30077
32590
31257
26238
18120
7868
-3315
-14105
-23233
-29618
-32510
-31567
-26901
-19059
-8970
2174
13067
22415
29120
32389
31837
27527
19971
10057
-1039
-12018
-21576
-28588
-32230
-32069
-28124
-20863
-11141
-101
10947
20706
28020
32029
32259
28683
21722
12201
1237
-9869
-19812
-27421
-31793
-32414
-29212
-22565
-13254
-2380
8775
18893
26782
31513
32525
29699
23370
14281
3512
-7673
-17955
-26119
-31201
-32604
-30159
-24156
-15303
-4644
6559
16989
25416
30844
32632
30571
24902
16297
5769
-5442
-16010
-24691
-30457
-32631
-30955
-25628
-17276
-6888
4310
15003
23924
30025
32581
31294
26315
18232
7995
-3182
-13988
-23140
-29563
-32499
-31602
-26975
-19167
-9100
2042
12943
22318
29059
32372
31865
27599
20076
10186
-908
-11893
-21475
-28525
-32209
-32093
-28192
-20965
-11264
-236
10822
20601
27952
32004
32280
28747
21823
12322
1371
-9741
-19707
-27347
-31762
-32429
-29272
-22659
-13376
-2511
8646
18787
26708
31479
32536
29755
23461
14403
3645
-7545
-17843
-26039
-31160
-32609
-30208
-24245
-15420
-4778
6430
16876
25332
30801
32634
30616
24989
16413
5898
-5310
-15894
-24601
-30407
-32628
-30998
-25711
-17390
-7017
4179
14883
23835
29971
32573
31331
26394
18341
8126
-3051
-13865
-23044
-29508
-32487
-31634
-27051
-19274
-9226
1909
12822
22219
28998
32354
31892
27668
20181
10310
-773
-11768
-21377
-28460
-32188
-32118
-28258
-21066
-11390
-367
10695
20498
27881
31976
32298
28811
21922
12448
1506
-9616
-19601
-27276
-31731
-32444
-29329
-22755
-13496
-2645
8518
18676
26630
31444
32547
29810
23555
14524
3776
-7414
-17733
-25958
-31121
-32613
-30258
-24332
-15538
-4907
6299
16762
25249
30757
32636
30664
25075
16527
6031
-5179
-15777
-24514
-30358
-32623
-31038
-25792
-17502
-7148
4046
14767
23743
29919
32565
31368
26471
18451
8252
-2916
-13746
-22950
-29449
-32474
-31668
-27125
-19382
-9356
1778
12699
22124
28936
32335
31919
27739
20284
10438
-642
-11645
-21275
-28396
-32166
-32142
-28325
-21169
-11513
-502
10570
20394
27812
31949
32317
28871
22020
12568
1637
-9487
-19496
-27203
-31701
-32458
-29388
-22850
-13618
-2776
8389
18568
26553
31406
32556
29864
23647
14641
3909
-7286
-17619
-25878
-31081
-32618
-30307
-24421
-15653
-5041
6169
16648
25164
30713
32637
30710
25160
16643
6159
-5047
-15661
-24426
-30309
-32618
-31079
-25872
-17614
-7277
3915
14647
23654
29866
32557
31405
26549
18560
8383
-2786
-13623
-22854
-29391
-32459
-31699
-27199
-19488
-9481
1643
12577
22025
28875
32318
31947
27807
20389
10561
-508
-11519
-21174
-28328
-32143
-32165
-28392
-21270
-11640
-633
10444
20291
27742
31921
32335
28933
22117
12693
1772
-9362
-19388
-27131
-31669
-32473
-29446
-22946
-13738
-2910
8261
18456
26475
31370
32564
29916
23738
14762
4040
-7155
-17510
-25796
-31041
-32623
-30356
-24508
-15771
-5170
6037
16532
25079
30666
32636
30755
25245
16757
6292
-4917
-15543
-24338
-30260
-32614
-31118
-25954
-17725
-7407
3782
14530
23560
29814
32548
31442
26626
18671
8509
-2651
-13504
-22760
-29331
-32445
-31730
-27271
-19596
-9610
1513
12454
21929
28814
32299
31974
27878
20491
10689
-376
-11396
-21071
-28263
-32119
-32186
-28457
-21372
-11762
-767
10319
20185
27671
31893
32353
28994
22215
12813
1902
-9232
-19282
-27054
-31637
-32487
-29505
-23040
-13859
-3042
8132
18346
26397
31333
32573
29969
23828
14878
4173
-7027
-17396
-25717
-31000
-32628
-30405
-24597
-15886
-5303
5904
16418
24992
30620
32634
30798
25328
16871
6421
-4784
-15428
-24249
-30210
-32609
-31159
-26033
-17838
-7539
3651
14408
23468
29758
32537
31477
26705
18780
8640
-2521
-13382
-22664
-29274
-32430
-31760
-27344
-19702
-9735
1378
12331
21828
28752
32281
32002
27947
20597
10813
-242
-11269
-20970
-28195
-32095
-32208
-28522
-21470
-11887
-899
10192
20083
27602
31867
32371
29056
22311
12937
2037
-9106
-19172
-26981
-31603
-32498
-29560
-23135
-13979
-3175
8004
18237
26318
31296
32581
30021
23920
14998
4304
-6895
-17284
-25632
-30957
-32631
-30455
-24684
-16004
-5433
5775
16303
24908
30574
32633
30842
25412
16983
6553
-4654
-15308
-24160
-30161
-32604
-31198
-26115
-17948
-7666
3518
14290
23375
29703
32525
31511
26778
18888
8766
-2386
-13260
-22569
-29215
-32415
-31792
-27416
-19807
-9863
1247
12207
21729
28687
32260
32027
28017
20699
10941
-107
-11147
-20868
-28128
-32070
-32228
-28585
-21571
-12009
-1033
10066
19976
27531
31839
32388
29115
22410
13058
2168
-8976
-19067
-26904
-31570
-32509
-29615
-23226
-14099
-3307
7874
18125
26242
31259
32589
30074
24009
15114
4437
-6767
-17170
-25550
-30914
-32633
-30501
-24771
-16118
-5566
5642
16189
24821
30527
32631
30883
25495
17097
6681
-4521
-15192
-24070
-30108
-32597
-31239
-26195
-18061
-7798
3387
14170
23282
29646
32514
31545
26855
18995
8896
-2255
-13139
-22472
-29157
-32401
-31822
-27489
-19914
-9988
1112
12084
21629
28623
32239
32052
28083
20802
11064
23
-11020
-20767
-28060
-32046
-32250
-28650
-21670
-12134
-1165
9938
19872
27459
31807
32403
29176
22506
13182
2301
-8850
-18957
-26829
-31535
-32521
-29670
-23321
-14218
-3440
7746
18016
26161
31221
32598
30125
24101
15234
4567
-6635
-17058
-25466
-30870
-32635
-30548
-24856
-16235
-5695
5513
16072
24736
30480
32629
30927
25578
17209
6813
-4390
-15072
-23978
-30057
-32589
-31276
-26274
-18170
-7925
3254
14051
23189
29591
32502
31579
26930
19104
9022
-2121
-13015
-22376
-29095
-32385
-31853
-27560
-20019
-10117
981
11960
21530
28559
32218
32077
28151
20903
11191
158
-10896
-20662
-27995
-32021
-32271
-28714
-21770
-12255
-1299
9813
19765
27385
31777
32418
29234
22603
13304
2433
-8721
-18851
-26754
-31502
-32532
-29727
-23413
-14338
-3570
7615
17902
26081
31180
32603
30177
24193
15350
4700
-6507
-16943
-25384
-30828
-32636
-30594
-24943
-16348
-5828
5380
15957
24648
30433
32628
30971
25661
17324
6941
-4257
-14956
-23889
-30004
-32581
-31313
-26351
-18281
-8056
3122
13931
23097
29536
32491
31613
27006
19210
9151
-1990
-12894
-22277
-29036
-32367
-31879
-27632
-20126
-10241
846
11838
21429
28494
32197
32101
28217
21006
11314
289
-10769
-20560
-27924
-31995
-32291
-28779
-21869
-12381
-1431
9685
19657
27313
31746
32432
29294
22696
13424
2567
-8594
-18741
-26679
-31467
-32544
-29782
-23506
-14457
-3704
7484
17793
26001
31140
32608
30226
24279
15469
4831
-6375
-16831
-25299
-30784
-32638
-30640
-25027
-16465
-5960
5251
15839
24561
30383
32623
31012
25745
17435
7073
-4126
-14836
-23797
-29952
-32572
-31350
-26430
-18392
-8182
2989
13811
23001
29480
32479
31646
27080
19319
9277
-1855
-12770
-22182
-28973
-32349
-31907
-27702
-20228
-10369
715
11713
21332
28430
32175
32126
28285
21107
11440
424
-10645
-20455
-27855
-31967
-32309
-28839
-21968
-12502
-1565
9559
19553
27241
31715
32447
29350
22793
13546
2698
-8464
-18632
-26600
-31431
-32554
-29837
-23598
-14577
-3834
7356
17680
25921
31101
32612
30276
24369
15584
4963
-6246
-16716
-25217
-30742
-32640
-30686
-25114
-16578
-6089
5117
15724
24472
30335
32618
31053
25824
17549
7200
-3993
-14720
-23708
-29899
-32564
-31387
-26507
-18501
-8313
2857
13689
22908
29421
32464
31678
27155
19425
9407
-1725
-12649
-22083
-28913
-32331
-31934
-27772
-20333
-10493
580
11589
21228
28363
32154
32150
28351
21209
11563
555
-10517
-20353
-27785
-31940
-32327
-28901
-22064
-12626
-1696
9431
19446
27169
31684
32462
29410
22887
13666
2832
-8337
-18522
-26523
-31394
-32563
-29889
-23691
-14695
-3968
7225
17570
25839
31061
32617
30325
24456
15702
5094
-6114
-16602
-25130
-30695
-32640
-30734
-25199
-16695
-6221
4988
15606
24385
30285
32613
31093
25905
17659
7332
-3862
-14599
-23615
-29847
-32556
-31423
-26585
-18612
-8439
2723
13569
22811
29363
32450
31709
27227
19533
9532
-1590
-12525
-21986
-28851
-32313
-31962
-27842
-20435
-10621
449
11464
21128
28298
32130
32171
28418
21310
11690
690
-10393
-20247
-27716
-31912
-32346
-28962
-22163
-12748
-1830
9304
19340
27094
31653
32476
29468
22983
13788
2964
-8207
-18413
-26445
-31357
-32571
-29942
-23780
-14814
-4098
7097
17457
25759
31020
32622
30374
24544
15817
5226
-5984
-16487
-25043
-30649
-32638
-30776
-25284
-16808
-6351
4855
15491
24296
30236
32608
31133
25985
17772
7459
-3729
-14479
-23523
-29792
-32546
-31461
-26663
-18720
-8570
2592
13447
22716
29305
32435
31740
27300
19637
9661
-1456
-12404
-21888
-28791
-32295
-31989
-27911
-20541
-10745
314
11340
21025
28230
32106
32193
28481
21412
11814
820
-10265
-20145
-27645
-31885
-32364
-29024
-22259
-12871
-1962
9176
19230
27020
31619
32488
29526
23080
13908
3097
-8080
-18302
-26367
-31320
-32579
-29994
-23872
-14931
-4232
6965
17345
25676
30979
32627
30424
24631
15935
5355
-5852
-16373
-24959
-30602
-32637
-30820
-25366
-16922
-6482
4725
15372
24210
30186
32604
31173
26066
17881
7591
-3598
-14361
-23430
-29737
-32535
-31494
-26740
-18831
-8696
2458
13327
22621
29245
32421
31771
27372
19745
9786
-1324
-12279
-21789
-28726
-32275
-32017
-27982
-20644
-10873
183
11214
20921
28163
32081
32214
28547
21509
11937
956
-10141
-20039
-27575
-31858
-32382
-29084
-22358
-12992
-2095
9049
19125
26944
31586
32500
29580
23172
14029
3229
-7950
-18193
-26288
-31283
-32587
-30048
-23962
-15050
-4362
6837
17231
25594
30935
32629
30471
24721
16051
5489
-5723
-16257
-24872
-30557
-32635
-30862
-25451
-17034
-6611
4591
15256
24118
30136
32599
31213
26146
17995
7718
-3465
-14240
-23338
-29681
-32523
-31529
-26813
-18937
-8826
2326
13205
22526
29187
32406
31802
27445
19850
9914
-1190
-12157
-21688
-28662
-32254
-32041
-28049
-20747
-10996
48
11091
20821
28095
32057
32235
28609
21610
12061
1086
-10012
-19934
-27503
-31829
-32398
-29146
-22454
-13116
-2227
8920
19015
26869
31551
32511
29636
23265
14147
3362
-7822
-18082
-26212
-31246
-32596
-30099
-24053
-15167
-4496
6705
17119
25509
30893
32631
30519
24805
16167
5618
-5591
-16143
-24787
-30510
-32633
-30906
-25532
-17148
-6742
4462
15136
24028
30084
32591
31252
26227
18105
7850
-3334
-14122
-23244
-29626
-32512
-31562
-26890
-19046
-8952
2193
13084
22429
29127
32392
31833
27517
19956
10039
-1058
-12032
-21590
-28597
-32233
-32066
-28116
-20848
-11123
-82
10965
20718
28030
32032
32256
28674
21708
12184
1221
-9887
-19827
-27431
-31797
-32413
-29204
-22551
-13237
-2361
8790
18908
26793
31518
32523
29691
23357
14268
3493
-7691
-17971
-26130
-31206
-32603
-30152
-24143
-15287
-4629
6577
17005
25428
30850
32632
30565
24892
16281
5751
-5461
-16026
-24701
-30463
-32632
-30949
-25617
-17263
-6871
4329
15020
23937
30032
32582
31289
26304
18216
7977
-3200
-14002
-23153
-29571
-32500
-31597
-26966
-19152
-9082
2061
12961
22332
29067
32374
31861
27589
20061
10168
-924
-11911
-21489
-28534
-32212
-32091
-28182
-20951
-11246
-217
10840
20616
27961
32008
32277
28738
21809
12308
1352
-9759
-19722
-27357
-31766
-32427
-29263
-22646
-13359
-2492
8664
18800
26719
31483
32534
29747
23451
14386
3626
-7563
-17858
-26048
-31166
-32608
-30201
-24232
-15403
-4759
6445
16892
25343
30807
32634
30611
24977
16397
5879
-5328
-15908
-24614
-30414
-32629
-30992
-25699
-17374
-7002
4198
14900
23847
29979
32574
31326
26383
18325
8108
-3066
-13882
-23058
-29516
-32489
-31629
-27040
-19261
-9208
1927
12839
22233
29005
32356
31888
27658
20166
10295
-792
-11785
-21391
-28469
-32191
-32115
-28250
-21052
-11372
-348
10712
20511
27891
31980
32296
28802
21910
12430
1487
-9634
-19616
-27286
-31736
-32442
-29321
-22742
-13479
-2626
8534
18691
26641
31449
32546
29802
23542
14507
3757
-7432
-17748
-25969
-31125
-32613
-30251
-24320
-15521
-4892
6317
16779
25261
30763
32636
30657
25063
16511
6012
-5198
-15793
-24524
-30365
-32624
-31032
-25781
-17489
-7131
4065
14784
23755
29927
32566
31364
26460
18436
8234
-2935
-13760
-22963
-29457
-32476
-31664
-27116
-19368
-9338
1796
12716
22137
28944
32338
31915
27729
20269
10420
-658
-11663
-21289
-28406
-32169
-32139
-28316
-21155
-11495
-483
10588
20408
27820
31952
32314
28862
22006
12554
1618
-9505
-19511
-27213
-31704
-32456
-29380
-22836
-13601
-2758
8407
18581
26564
31412
32555
29856
23637
14625
3891
-7304
-17635
-25887
-31086
-32617
-30300
-24409
-15636
-5022
6184
16664
25176
30720
32637
30704
25148
16626
6141
-5066
-15675
-24438
-30316
-32619
-31073
-25861
-17598
-7262
3934
14664
23666
29874
32557
31399
26538
18545
8365
-2801
-13641
-22868
-29399
-32461
-31694
-27189
-19476
-9463
1662
12594
22038
28882
32320
31943
27797
20374
10547
-526
-11536
-21188
-28338
-32147
-32162
-28384
-21256
-11622
-614
10460
20303
27752
31925
32332
28924
22105
12675
1753
-9380
-19403
-27141
-31674
-32471
-29438
-22933
-13720
-2891
8277
18472
26486
31375
32563
29910
23725
14745
4022
-7173
-17526
-25808
-31046
-32622
-30349
-24495
-15755
-5154
6055
16549
25091
30672
32636
30749
25234
16740
6274
-4935
-15559
-24349
-30267
-32614
-31112
-25943
-17712
-7390
3801
14546
23573
29820
32549
31437
26615
18655
8491
-2670
-13518
-22773
-29340
-32447
-31725
-27263
-19581
-9592
1530
12471
21940
28822
32302
31971
27868
20476
10671
-392
-11414
-21086
-28272
-32123
-32184
-28448
-21358
-11745
-749
10334
20200
27681
31897
32350
28985
22201
12799
1884
-9250
-19297
-27065
-31641
-32485
-29497
-23026
-13842
-3026
8150
18360
26409
31338
32571
29962
23817
14861
4154
-7045
-17412
-25727
-31006
-32627
-30398
-24585
-15872
-5285
5923
16435
25004
30626
32634
30793
25316
16855
6402
-4803
-15442
-24261
-30217
-32609
-31153
-26023
-17822
-7521
3670
14425
23481
29766
32538
31472
26694
18764
8622
-2536
-13399
-22677
-29283
-32432
-31757
-27334
-19687
-9717
1396
12349
21842
28759
32284
31998
27937
20582
10798
-260
-11287
-20985
-28204
-32098
-32205
-28513
-21456
-11870
-880
10209
20096
27612
31870
32368
29047
22300
12920
2018
-9124
-19188
-26989
-31608
-32497
-29552
-23122
-13962
-3157
8020
18252
26329
31302
32580
30015
23907
14981
4285
-6913
-17301
-25644
-30963
-32631
-30448
-24672
-15988
-5417
5794
16319
24920
30580
32633
30836
25400
16967
6534
-4672
-15325
-24173
-30168
-32605
-31193
-26103
-17934
-7649
3537
14307
23388
29709
32527
31507
26769
18873
8748
-2405
-13276
-22583
-29223
-32418
-31787
-27407
-19792
-9846
1265
12224
21741
28696
32263
32024
28008
20684
10923
-126
-11164
-20882
-28138
-32074
-32226
-28576
-21557
-11991
-1015
10081
19991
27540
31843
32386
29107
22396
13043
2149
-8994
-19082
-26915
-31574
-32508
-29608
-23213
-14082
-3291
7893
18141
26253
31264
32588
30067
23998
15097
4418
-6785
-17186
-25560
-30920
-32633
-30494
-24759
-16105
-5547
5661
16205
24833
30534
32631
30878
25483
17082
6662
-4539
-15206
-24083
-30116
-32599
-31234
-26185
-18045
-7780
3406
14187
23296
29654
32515
31540
26844
18980
8878
-2271
-13156
-22486
-29166
-32403
-31818
-27479
-19899
-9970
1130
12102
21643
28630
32242
32049
28073
20788
11049
4
-11038
-20781
-28070
-32049
-32247
-28641
-21656
-12117
-1146
9955
19885
27469
31812
32401
29168
22494
13165
2284
-8869
-18973
-26838
-31540
-32519
-29663
-23307
-14201
-3421
7761
18031
26173
31227
32596
30119
24088
15217
4549
-6653
-17072
-25478
-30876
-32634
-30541
-24844
-16219
-5679
5532
16088
24748
30487
32629
30921
25566
17193
6794
-4405
-15089
-23991
-30065
-32590
-31270
-26263
-18157
-7907
3272
14068
23202
29598
32504
31575
26919
19089
9006
-2139
-13032
-22390
-29104
-32387
-31849
-27552
-20004
-10099
1000
11978
21542
28567
32220
32073
28141
20891
11173
139
-10914
-20677
-28004
-32025
-32268
-28705
-21756
-12239
-1280
9828
19780
27396
31781
32416
29227
22589
13287
2414
-8739
-18867
-26765
-31506
-32531
-29719
-23399
-14321
-3555
7634
17918
26093
31186
32602
30170
24180
15333
4682
-6525
-16960
-25394
-30834
-32636
-30588
-24931
-16335
-5809
5399
15974
24661
30439
32628
30965
25649
17308
6922
-4276
-14970
-23902
-30012
-32582
-31308
-26342
-18266
-8038
3141
13948
23108
29544
32492
31608
26995
19195
9133
-2006
-12912
-22291
-29044
-32370
-31876
-27622
-20111
-10224
864
11852
21443
28503
32200
32098
28208
20991
11299
270
-10786
-20575
-27934
-31998
-32289
-28770
-21855
-12363
-1415
9702
19672
27324
31750
32430
29285
22686
13407
2549
-8612
-18757
-26688
-31472
-32542
-29774
-23493
-14440
-3685
7502
17809
26011
31146
32607
30220
24267
15452
4812
-6393
-16845
-25311
-30791
-32638
-30634
-25015
-16449
-5941
5269
15855
24573
30390
32624
31007
25733
17419
7054
-4142
-14853
-23810
-29960
-32574
-31345
-26419
-18376
-8164
3007
13828
23015
29487
32481
31642
27069
19304
9262
-1874
-12787
-22195
-28982
-32352
-31903
-27693
-20213
-10351
734
11730
21343
28439
32178
32122
28276
21095
11423
405
-10663
-20470
-27865
-31971
-32307
-28830
-21954
-12486
-1546
9574
19568
27251
31720
32445
29344
22779
13529
2679
-8482
-18648
-26611
-31436
-32553
-29830
-23585
-14560
-3820
7375
17695
25932
31106
32612
30269
24356
15567
4945
-6264
-16733
-25227
-30748
-32639
-30680
-25102
-16565
-6071
5136
15741
24484
30341
32619
31047
25812
17533
7182
-4012
-14734
-23720
-29906
-32565
-31381
-26498
-18485
-8295
2876
13706
22919
29429
32466
31674
27145
19410
9389
-1740
-12667
-22097
-28921
-32333
-31931
-27762
-20318
-10475
599
11604
21243
28373
32157
32146
28341
21195
11548
536
-10535
-20368
-27795
-31943
-32325
-28892
-22051
-12609
-1681
9448
19461
27179
31688
32460
29401
22876
13649
2813
-8355
-18537
-26532
-31399
-32561
-29882
-23678
-14681
-3950
7243
17586
25850
31066
32617
30319
24443
15685
5075
-6132
-16616
-25142
-30702
-32640
-30727
-25189
-16678
-6203
5007
15622
24398
30292
32614
31087
25894
17643
7314
-3878
-14616
-23629
-29854
-32557
-31419
-26574
-18597
-8421
2742
13586
22824
29370
32452
31705
27217
19518
9517
-1609
-12543
-22000
-28859
-32315
-31958
-27832
-20420
-10603
468
11480
21140
28306
32133
32168
28409
21298
11672
671
-10411
-20262
-27724
-31916
-32343
-28953
-22150
-12730
-1811
9320
19355
27105
31658
32474
29461
22970
13771
2945
-8225
-18426
-26456
-31362
-32570
-29935
-23767
-14797
-4083
7116
17473
25770
31026
32621
30367
24532
15801
5207
-6000
-16503
-25055
-30656
-32638
-30770
-25272
-16795
-6332
4873
15507
24308
30242
32609
31127
25974
17756
7444
-3748
-14496
-23537
-29800
-32548
-31456
-26653
-18705
-8552
2611
13464
22728
29313
32437
31736
27289
19626
9643
-1475
-12422
-21902
-28800
-32297
-31986
-27901
-20526
-10727
333
11355
21039
28239
32110
32190
28474
21397
11797
802
-10283
-20159
-27655
-31888
-32361
-29015
-22245
-12854
-1946
9193
19246
27030
31623
32487
29518
23066
13891
3078
-8098
-18318
-26377
-31325
-32578
-29987
-23859
-14917
-4213
6984
17361
25688
30985
32626
30417
24619
15919
5338
-5870
-16386
-24971
-30608
-32637
-30814
-25356
-16906
-6464
4744
15389
24222
30193
32604
31167
26055
17866
7573
-3614
-14378
-23443
-29745
-32536
-31490
-26729
-18816
-8678
2477
13344
22634
29254
32423
31767
27361
19730
9771
-1343
-12296
-21803
-28735
-32278
-32013
-27972
-20629
-10855
202
11231
20936
28173
32085
32211
28537
21498
11919
937
-10159
-20054
-27584
-31862
-32379
-29075
-22344
-12975
-2077
9064
19139
26954
31591
32498
29574
23159
14013
3210
-7968
-18206
-26299
-31288
-32586
-30040
-23949
-15034
-4346
6856
17247
25606
30942
32629
30465
24708
16034
5470
-5738
-16273
-24884
-30563
-32635
-30856
-25439
-17021
-6593
4610
15273
24131
30143
32600
31208
26135
17979
7703
-3484
-14257
-23351
-29689
-32525
-31524
-26805
-18922
-8808
2345
13223
22537
29196
32408
31797
27435
19837
9896
-1209
-12175
-21702
-28671
-32257
-32038
-28039
-20733
-10979
67
11105
20836
28105
32060
32232
28602
21596
12044
1068
-10030
-19949
-27513
-31832
-32396
-29137
-22440
-13098
-2211
8937
19031
26880
31556
32510
29628
23252
14130
3343
-7841
-18098
-26221
-31251
-32595
-30091
-24040
-15153
-4477
6724
17135
25521
30898
32630
30512
24792
16151
5600
-5609
-16156
-24799
-30516
-32633
-30900
-25522
-17132
-6724
4480
15153
24039
30091
32592
31246
26216
18089
7832
-3349
-14139
-23257
-29634
-32513
-31558
-26879
-19031
-8934
2212
13098
22441
29136
32394
31829
27507
19941
10024
-1077
-12050
-21604
-28606
-32235
-32062
-28106
-20834
-11105
-66
10982
20732
28039
32036
32253
28665
21696
12166
1203
-9905
-19842
-27440
-31802
-32411
-29196
-22538
-13223
-2342
8808
18924
26803
31523
32521
29684
23344
14251
3474
-7709
-17984
-26141
-31212
-32602
-30144
-24132
-15270
-4610
6596
17021
25440
30855
32632
30558
24879
16265
5732
-5476
-16043
-24713
-30470
-32632
-30944
-25605
-17247
-6853
4346
15037
23950
30038
32584
31284
26293
18201
7962
-3219
-14019
-23166
-29578
-32502
-31592
-26956
-19137
-9064
2080
12978
22343
29075
32377
31857
27579
20049
10150
-943
-11928
-21503
-28542
-32215
-32087
-28173
-20936
-11228
-198
10855
20631
27970
32011
32274
28730
21795
12290
1334
-9777
-19735
-27368
-31770
-32425
-29255
-22632
-13342
-2477
8681
18815
26730
31488
32533
29739
23438
14369
3607
-7579
-17874
-26060
-31172
-32607
-30194
-24221
-15389
-4741
6464
16908
25355
30812
32634
30604
24964
16380
5862
-5347
-15924
-24626
-30421
-32629
-30986
-25689
-17358
-6984
4217
14917
23858
29986
32575
31321
26372
18309
8089
-3085
-13899
-23071
-29524
-32490
-31625
-27030
-19246
-9190
1946
12854
22247
29014
32359
31884
27648
20151
10277
-811
-11803
-21405
-28478
-32193
-32111
-28241
-21038
-11355
-332
10730
20525
27901
31984
32293
28794
21896
12413
1469
-9652
-19631
-27294
-31740
-32440
-29313
-22728
-13465
-2607
8552
18707
26652
31455
32544
29796
23529
14490
3739
-7450
-17762
-25981
-31131
-32612
-30244
-24309
-15505
-4873
6336
16795
25273
30769
32635
30650
25050
16494
5994
-5213
-15810
-24537
-30372
-32624
-31028
-25770
-17473
-7113
4083
14800
23768
29933
32567
31358
26449
18420
8219
-2954
-13777
-22977
-29465
-32478
-31659
-27106
-19353
-9319
1815
12733
22149
28953
32341
31912
27719
20257
10402
-677
-11681
-21304
-28413
-32172
-32135
-28306
-21141
-11478
-464
10603
20422
27830
31956
32312
28855
21992
12537
1600
-9523
-19523
-27223
-31709
-32454
-29371
-22823
-13583
-2742
8424
18596
26575
31417
32554
29849
23623
14608
3872
-7320
-17651
-25899
-31092
-32617
-30293
-24396
-15622
-5004
6203
16681
25188
30725
32637
30698
25135
16610
6125
-5084
-15691
-24450
-30323
-32620
-31067
-25851
-17584
-7243
3953
14681
23677
29881
32559
31394
26527
18532
8346
-2819
-13658
-22881
-29407
-32463
-31691
-27179
-19461
-9445
1681
12609
22052
28891
32323
31939
27790
20360
10529
-545
-11554
-21203
-28347
-32150
-32159
-28374
-21241
-11604
-598
10478
20318
27762
31928
32330
28915
22091
12658
1734
-9398
-19418
-27150
-31678
-32469
-29429
-22919
-13706
-2873
8295
18487
26497
31379
32562
29902
23714
14728
4003
-7191
-17539
-25819
-31051
-32622
-30343
-24485
-15738
-5136
6074
16565
25101
30679
32636
30743
25222
16724
6255
-4951
-15576
-24361
-30274
-32615
-31108
-25931
-17696
-7372
3820
14560
23586
29828
32550
31432
26604
18639
8476
-2689
-13535
-22787
-29348
-32448
-31721
-27252
-19566
-9574
1546
12489
21953
28830
32304
31967
27858
20464
10654
-411
-11431
-21100
-28280
-32126
-32181
-28439
-21344
-11730
-730
10351
20215
27691
31901
32348
28978
22187
12781
1865
-9268
-19310
-27076
-31645
-32483
-29489
-23015
-13825
-3007
8167
18376
26420
31344
32570
29954
23805
14844
4136
-7060
-17428
-25738
-31011
-32626
-30391
-24572
-15855
-5266
5941
16451
25016
30632
32635
30787
25304
16839
6387
-4822
-15458
-24274
-30224
-32610
-31147
-26012
-17806
-7502
3689
14442
23492
29773
32540
31467
26684
18751
8603
-2554
-13416
-22691
-29291
-32434
-31752
-27323
-19672
-9699
1415
12363
21856
28768
32286
31995
27929
20567
10780
-279
-11305
-20999
-28214
-32102
-32202
-28504
-21442
-11852
-864
10227
20110
27622
31874
32366
29038
22286
12903
2000
-9142
-19203
-27000
-31613
-32495
-29544
-23109
-13948
-3138
8038
18268
26340
31306
32579
30007
23895
14964
4266
-6931
-17314
-25656
-30969
-32631
-30441
-24661
-15971
-5399
5812
16334
24930
30587
32633
30829
25389
16951
6516
-4688
-15342
-24185
-30175
-32605
-31188
-26092
-17919
-7631
3555
14321
23401
29717
32528
31502
26758
18859
8733
-2423
-13293
-22596
-29232
-32419
-31783
-27397
-19777
-9828
1280
12241
21755
28705
32266
32020
27998
20672
10905
-145
-11182
-20897
-28146
-32077
-32223
-28567
-21543
-11978
-996
10099
20006
27550
31847
32384
29099
22383
13026
2130
-9012
-19095
-26925
-31578
-32506
-29600
-23203
-14065
-3272
7910
18156
26264
31269
32587
30059
23986
15080
4399
-6800
-17202
-25571
-30926
-32632
-30489
-24747
-16088
-5529
5679
16221
24845
30540
32631
30872
25471
17066
6647
-4558
-15223
-24096
-30123
-32600
-31228
-26174
-18029
-7761
3424
14204
23307
29662
32517
31535
26834
18967
8860
-2290
-13174
-22500
-29172
-32405
-31814
-27469
-19885
-9952
1149
12117
21657
28640
32245
32045
28065
20773
11032
-13
-11055
-20793
-28079
-32052
-32244
-28632
-21642
-12099
-1130
9973
19899
27479
31816
32399
29160
22480
13147
2265
-8884
-18988
-26849
-31545
-32518
-29655
-23294
-14187
-3402
7780
18047
26184
31232
32595
30112
24075
15200
4533
-6671
-17087
-25490
-30882
-32634
-30535
-24834
-16203
-5661
5551
16105
24758
30493
32630
30915
25555
17180
6776
-4424
-15106
-24004
-30072
-32591
-31266
-26252
-18141
-7890
3291
14082
23215
29606
32505
31570
26910
19074
8988
-2158
-13049
-22404
-29113
-32389
-31845
-27541
-19989
-10081
1015
11994
21556
28576
32223
32070
28132
20877
11155
120
-10932
-20692
-28012
-32028
-32265
-28696
-21742
-12224
-1262
9846
19795
27406
31785
32414
29219
22576
13270
2395
-8757
-18878
-26775
-31510
-32529
-29711
-23388
-14304
-3537
7651
17934
26102
31192
32601
30163
24168
15317
4663
-6540
-16976
-25405
-30841
-32636
-30582
-24919
-16319
-5791
5417
15990
24673
30446
32628
30959
25637
17292
6907
-4294
-14987
-23915
-30019
-32583
-31303
-26331
-18250
-8020
3160
13965
23121
29552
32494
31603
26985
19182
9115
-2024
-12929
-22305
-29051
-32372
-31873
-27612
-20096
-10206
883
11870
21458
28512
32203
32094
28200
20977
11281
252
-10804
-20587
-27944
-32002
-32286
-28761
-21841
-12346
-1396
9720
19687
27334
31754
32429
29277
22672
13390
2530
-8628
-18772
-26699
-31477
-32541
-29766
-23480
-14425
-3667
7521
17824
26022
31151
32606
30213
24254
15436
4797
-6411
-16861
-25323
-30797
-32637
-30627
-25005
-16432
-5922
5288
15872
24584
30397
32624
31001
25722
17406
7036
-4161
-14870
-23823
-29967
-32575
-31340
-26408
-18361
-8147
3026
13842
23028
29495
32482
31637
27060
19289
9244
-1893
-12805
-22208
-28991
-32354
-31899
-27683
-20198
-10334
749
11747
21357
28448
32181
32119
28266
21080
11405
386
-10680
-20484
-27873
-31975
-32304
-28822
-21940
-12471
-1528
9592
19583
27261
31723
32443
29335
22766
13513
2661
-8500
-18661
-26622
-31441
-32552
-29822
-23574
-14543
-3801
7393
17711
25942
31111
32611
30262
24344
15551
4926
-6280
-16749
-25239
-30754
-32639
-30674
-25090
-16549
-6052
5155
15754
24496
30347
32619
31042
25801
17517
7167
-4031
-14751
-23733
-29914
-32566
-31376
-26487
-18470
-8277
2891
13723
22932
29437
32469
31669
27135
19397
9371
-1759
-12684
-22110
-28929
-32336
-31927
-27752
-20304
-10460
617
11622
21257
28382
32160
32143
28333
21180
11530
517
-10553
-20380
-27804
-31947
-32322
-28884
-22039
-12592
-1662
9466
19476
27190
31693
32458
29393
22863
13632
2795
-8371
-18553
-26543
-31404
-32560
-29875
-23665
-14664
-3931
7262
17601
25862
31071
32616
30312
24431
15669
5059
-6150
-16632
-25155
-30708
-32640
-30720
-25177
-16662
-6184
5025
15639
24408
30299
32615
31082
25883
17630
7295
-3897
-14633
-23642
-29861
-32558
-31414
-26563
-18581
-8404
2761
13600
22838
29378
32454
31701
27208
19503
9499
-1628
-12560
-22012
-28868
-32318
-31954
-27822
-20406
-10585
483
11498
21155
28316
32136
32166
28400
21284
11654
652
-10426
-20277
-27734
-31920
-32341
-28944
-22136
-12716
-1793
9338
19370
27115
31661
32472
29452
22956
13755
2929
-8243
-18441
-26467
-31366
-32568
-29927
-23756
-14781
-4065
7134
17488
25780
31031
32621
30360
24519
15787
5189
-6018
-16519
-25068
-30662
-32639
-30765
-25260
-16779
-6314
4892
15521
24321
30249
32610
31121
25962
17740
7426
-3767
-14513
-23550
-29808
-32549
-31450
-26642
-18689
-8533
2626
13481
22741
29321
32439
31731
27280
19611
9625
-1494
-12439
-21916
-28807
-32300
-31982
-27891
-20511
-10712
351
11372
21054
28249
32113
32187
28465
21383
11779
783
-10301
-20171
-27665
-31892
-32358
-29007
-22234
-12836
-1927
9211
19261
27041
31628
32485
29510
23053
13874
3060
-8114
-18333
-26388
-31331
-32577
-29981
-23846
-14900
-4195
7002
17377
25700
30990
32625
30410
24607
15902
5322
-5888
-16402
-24984
-30615
-32637
-30808
-25344
-16890
-6445
4763
15406
24231
30200
32605
31161
26043
17852
7554
-3632
-14394
-23456
-29752
-32538
-31486
-26718
-18801
-8661
2496
13359
22648
29262
32425
31762
27353
19715
9753
-1362
-12314
-21815
-28744
-32281
-32009
-27962
-20614
-10837
217
11249
20950
28182
32088
32208
28528
21483
11902
918
-10174
-20069
-27594
-31866
-32377
-29067
-22330
-12961
-2058
9082
19154
26965
31595
32497
29566
23145
13996
3194
-7986
-18222
-26310
-31293
-32585
-30033
-23938
-15018
-4329
6874
17263
25616
30948
32628
30458
24696
16020
5451
-5757
-16289
-24897
-30570
-32635
-30852
-25427
-17005
-6574
4629
15287
24144
30150
32600
31202
26125
17963
7685
-3502
-14274
-23364
-29697
-32526
-31519
-26794
-18906
-8790
2361
13240
22551
29204
32410
31794
27425
19822
9878
-1228
-12192
-21716
-28679
-32260
-32034
-28030
-20719
-10965
85
11123
20850
28114
32063
32229
28593
21582
12026
1049
-10048
-19961
-27523
-31837
-32394
-29128
-22429
-13081
-2193
8955
19046
26889
31561
32508
29620
23239
14113
3324
-7856
-18112
-26232
-31256
-32593
-30086
-24027
-15136
-4458
6742
17148
25533
30904
32630
30505
24780
16134
5585
-5627
-16173
-24812
-30523
-32634
-30894
-25510
-17116
-6705
4496
15170
24052
30098
32593
31241
26205
18076
7813
-3368
-14156
-23270
-29640
-32515
-31554
-26869
-19016
-8920
2230
13116
22455
29144
32396
31824
27498
19926
10006
-1096
-12067
-21616
-28615
-32238
-32059
-28097
-20822
-11088
-48
10999
20747
28049
32039
32250
28656
21682
12149
1184
-9920
-19857
-27450
-31806
-32409
-29189
-22524
-13205
-2323
8826
18939
26814
31527
32520
29677
23331
14235
3459
-7728
-18000
-26153
-31217
-32602
-30137
-24119
-15254
-4591
6614
17037
25450
30861
32632
30552
24867
16251
5713
-5495
-16059
-24726
-30477
-32632
-30937
-25593
-17231
-6834
4365
15050
23963
30046
32585
31279
26283
18185
7944
-3238
-14034
-23179
-29585
-32503
-31587
-26945
-19123
-9046
2096
12995
22357
29084
32379
31854
27569
20034
10132
-962
-11946
-21517
-28551
-32218
-32084
-28163
-20922
-11214
-180
10873
20646
27980
32014
32271
28721
21781
12273
1315
-9795
-19750
-27378
-31775
-32423
-29247
-22621
-13325
-2458
8699
18831
26739
31493
32531
29732
23425
14352
3589
-7597
-17890
-26071
-31178
-32606
-30188
-24208
-15373
-4722
6482
16922
25367
30818
32633
30599
24952
16364
5846
-5364
-15941
-24639
-30428
-32630
-30980
-25677
-17342
-6965
4232
14934
23871
29994
32576
31316
26361
18297
8071
-3103
-13917
-23085
-29530
-32492
-31621
-27020
-19231
-9176
1965
12871
22261
29022
32361
31880
27640
20137
10259
-830
-11820
-21417
-28487
-32196
-32108
-28231
-21026
-11337
-314
10748
20540
27911
31987
32291
28785
21882
12395
1450
-9667
-19645
-27304
-31744
-32438
-29306
-22715
-13447
-2588
8570
18722
26663
31459
32543
29788
23516
14473
3723
-7469
-17777
-25992
-31137
-32611
-30237
-24297
-15488
-4855
6354
16811
25283
30775
32635
30644
25038
16481
5975
-5232
-15825
-24549
-30378
-32625
-31022
-25758
-17457
-7094
4101
14814
23781
29941
32568
31353
26440
18404
8201
-2973
-13794
-22988
-29473
-32480
-31654
-27095
-19338
-9301
1830
12750
22163
28962
32343
31908
27709
20242
10384
-696
-11695
-21318
-28422
-32175
-32132
-28298
-21127
-11464
-445
10621
20437
27840
31960
32309
28846
21979
12519
1584
-9541
-19538
-27234
-31713
-32452
-29363
-22811
-13566
-2723
8442
18612
26584
31422
32553
29841
23610
14594
3853
-7338
-17667
-25910
-31098
-32616
-30287
-24384
-15606
-4985
6221
16694
25200
30732
32637
30691
25125
16594
6108
-5102
-15708
-24463
-30330
-32620
-31062
-25840
-17568
-7225
3969
14698
23690
29889
32560
31390
26517
18516
8328
-2838
-13675
-22895
-29414
-32465
-31686
-27169
-19446
-9431
1700
12626
22066
28900
32325
31936
27780
20345
10511
-564
-11572
-21215
-28357
-32153
-32156
-28365
-21229
-11587
-580
10496
20333
27770
31932
32327
28907
22078
12641
1715
-9413
-19433
-27160
-31683
-32467
-29422
-22906
-13689
-2854
8313
18500
26508
31385
32561
29895
23701
14712
3987
-7210
-17555
-25830
-31057
-32621
-30336
-24473
-15721
-5117
6089
16580
25113
30686
32637
30737
25210
16711
6237
-4969
-15592
-24374
-30280
-32616
-31103
-25920
-17680
-7353
3837
14577
23599
29835
32552
31427
26595
18624
8458
-2708
-13552
-22798
-29356
-32451
-31717
-27242
-19551
-9556
1565
12505
21967
28839
32307
31963
27848
20449
10636
-430
-11446
-21115
-28290
-32130
-32178
-28430
-21330
-11713
-711
10369
20230
27701
31904
32345
28969
22174
12764
1849
-9286
-19325
-27086
-31650
-32481
-29480
-23002
-13808
-2988
8185
18391
26429
31349
32569
29947
23792
14830
4117
-7079
-17444
-25750
-31017
-32626
-30385
-24560
-15839
-5248
5960
16465
25028
30638
32635
30780
25294
16824
6370
-4840
-15475
-24286
-30231
-32611
-31141
-26002
-17791
-7484
3704
14459
23505
29781
32541
31463
26672
18735
8585
-2573
-13433
-22703
-29298
-32436
-31748
-27313
-19657
-9685
1434
12381
21870
28777
32289
31991
27919
20552
10763
-298
-11322
-21011
-28223
-32105
-32199
-28495
-21430
-11835
-845
10244
20125
27630
31877
32364
29030
22272
12885
1981
-9157
-19218
-27011
-31618
-32493
-29538
-23096
-13931
-3119
8056
18281
26351
31311
32577
30000
23882
14948
4251
-6950
-17330
-25668
-30975
-32631
-30434
-24649
-15955
-5380
5828
16351
24942
30593
32633
30823
25377
16938
6498
-4706
-15359
-24198
-30181
-32606
-31182
-26081
-17903
-7615
3573
14338
23414
29725
32530
31497
26749
18843
8715
-2442
-13310
-22608
-29240
-32421
-31778
-27387
-19765
-9810
1299
12258
21769
28714
32269
32018
27989
20657
10887
-164
-11197
-20910
-28155
-32081
-32220
-28560
-21529
-11960
-977
10117
20021
27561
31850
32381
29091
22369
13009
2114
-9031
-19110
-26936
-31583
-32505
-29592
-23190
-14049
-3254
7929
18172
26272
31274
32586
30052
23973
15067
4381
-6819
-17218
-25583
-30931
-32632
-30482
-24735
-16072
-5510
5698
16235
24857
30546
32632
30866
25461
17050
6630
-4577
-15240
-24106
-30131
-32601
-31222
-26162
-18013
-7743
3440
14220
23320
29670
32518
31531
26823
18952
8841
-2308
-13188
-22513
-29181
-32407
-31810
-27458
-19870
-9938
1168
12134
21672
28649
32247
32042
28056
20759
11014
-29
-11073
-20808
-28089
-32056
-32241
-28623
-21630
-12082
-1111
9991
19914
27488
31821
32397
29152
22467
13133
2246
-8902
-19003
-26860
-31550
-32516
-29648
-23281
-14170
-3384
7798
18060
26195
31237
32594
30104
24065
15184
4515
-6690
-17103
-25501
-30889
-32634
-30528
-24822
-16186
-5642
5566
16121
24770
30500
32630
30910
25543
17164
6758
-4443
-15123
-24016
-30078
-32593
-31261
-26241
-18126
-7874
3310
14099
23228
29614
32507
31565
26899
19059
8970
-2177
-13067
-22415
-29121
-32392
-31840
-27532
-19976
-10063
1033
12012
21570
28585
32226
32067
28122
20862
11138
101
-10947
-20706
-28022
-32032
-32262
-28688
-21728
-12207
-1243
9863
19810
27416
31789
32412
29211
22562
13254
2380
-8775
-18894
-26785
-31515
-32528
-29703
-23375
-14287
-3518
7670
17950
26114
31197
32601
30156
24155
15303
4644
-6559
-16992
-25417
-30846
-32635
-30575
-24907
-16303
-5772
5436
16004
24685
30453
32628
30953
25627
17276
6889
-4313
-15004
-23925
-30026
-32584
-31297
-26320
-18235
-8001
3176
13982
23134
29560
32495
31599
26974
19167
9097
-2042
-12943
-22319
-29060
-32375
-31869
-27602
-20081
-10192
902
11887
21472
28521
32205
32091
28190
20962
11263
236
-10822
-20602
-27954
-32006
-32283
-28752
-21829
-12328
-1377
9738
19702
27343
31759
32427
29269
22659
13376
2511
-8646
-18788
-26710
-31482
-32539
-29759
-23466
-14409
-3648
7539
17838
26034
31157
32606
30206
24244
15419
4778
-6430
-16877
-25335
-30803
-32637
-30621
-24993
-16416
-5904
5303
15888
24596
30404
32625
30996
25710
17390
7017
-4179
-14886
-23835
-29973
-32576
-31335
-26397
-18346
-8132
3045
13859
23042
29504
32484
31632
27049
19274
9226
-1912
-12822
-22220
-28999
-32356
-31895
-27673
-20186
-10316
767
11765
21372
28456
32184
32116
28257
21066
11387
367
-10695
-20499
-27883
-31979
-32302
-28815
-21927
-12454
-1509
9610
19596
27272
31728
32441
29327
22752
13496
2645
-8518
-18676
-26633
-31446
-32551
-29814
-23561
-14527
-3782
7407
17727
25953
31117
32610
30255
24331
15538
4907
-6298
-16765
-25250
-30759
-32639
-30668
-25078
-16533
-6037
5173
15771
24509
30354
32620
31036
25791
17502
7149
-4049
-14768
-23743
-29921
-32568
-31371
-26476
-18457
-8258
2910
13740
22946
29446
32471
31666
27124
19382
9353
-1778
-12699
-22124
-28937
-32338
-31923
-27744
-20289
-10444
636
11639
21272
28392
32163
32139
28324
21166
11513
502
-10570
-20394
-27814
-31951
-32320
-28875
-22025
-12574
-1643
9484
19491
27198
31697
32456
29385
22849
13618
2777
-8389
-18568
-26554
-31408
-32559
-29868
-23652
-14647
-3912
7280
17614
25873
31077
32615
30305
24420
15652
5041
-6169
-16648
-25165
-30715
-32640
-30714
-25165
-16646
-6166
5041
15655
24420
30306
32615
31077
25871
17614
7277
-3915
-14647
-23654
-29868
-32559
-31408
-26552
-18566
-8389
2780
13618
22851
29386
32456
31696
27198
19488
9481
-1646
-12577
-22025
-28877
-32320
-31950
-27812
-20394
-10567
502
11516
21168
28324
32140
32163
28390
21269
11637
633
-10444
-20291
-27744
-31924
-32338
-28937
-22122
-12699
-1775
9356
19382
27126
31666
32470
29444
22944
13737
2910
-8261
-18457
-26478
-31372
-32568
-29920
-23743
-14765
-4046
7149
17504
25791
31037
32620
30353
24507
15771
5170
-6037
-16535
-25080
-30668
-32639
-30759
-25248
-16762
-6298
4911
15538
24333
30256
32611
31116
25953
17724
7407
-3785
-14530
-23561
-29816
-32551
-31445
-26631
-18676
-8515
2645
13499
22755
29328
32441
31728
27270
19596
9607
-1512
-12454
-21930
-28815
-32302
-31978
-27883
-20497
-10695
370
11390
21068
28258
32116
32184
28456
21369
11762
767
-10319
-20186
-27674
-31896
-32356
-28998
-22220
-12819
-1909
9229
19276
27049
31633
32484
29502
23039
13859
3042
-8132
-18349
-26399
-31335
-32576
-29973
-23833
-14884
-4176
7021
17390
25712
30996
32625
30403
24596
15885
5303
-5907
-16419
-24993
-30622
-32637
-30802
-25333
-16874
-6427
4778
15422
24244
30207
32606
31157
26032
17838
7536
-3651
-14409
-23469
-29759
-32539
-31481
-26708
-18785
-8646
2514
13376
22661
29270
32427
31758
27343
19700
9735
-1377
-12331
-21829
-28753
-32284
-32005
-27952
-20602
-10819
236
11266
20965
28190
32092
32205
28519
21469
11887
899
-10192
-20084
-27604
-31870
-32374
-29060
-22317
-12943
-2040
9100
19167
26976
31599
32495
29558
23134
13979
3176
-8004
-18237
-26321
-31298
-32584
-30025
-23925
-15001
-4310
6889
17279
25627
30954
32628
30453
24683
16004
5433
-5775
-16306
-24909
-30575
-32636
-30846
-25415
-16989
-6559
4647
15303
24157
30157
32601
31196
26114
17947
7666
-3521
-14290
-23375
-29704
-32528
-31514
-26783
-18894
-8772
2380
13257
22564
29211
32412
31789
27414
19807
9860
-1246
-12207
-21730
-28688
-32263
-32031
-28022
-20704
-10947
104
11141
20862
28124
32067
32226
28583
21568
12009
1033
-10066
-19976
-27534
-31841
-32392
-29120
-22415
-13064
-2174
8970
19061
26899
31566
32507
29612
23226
14099
3307
-7874
-18128
-26243
-31261
-32592
-30078
-24014
-15120
-4443
6761
17164
25545
30910
32630
30499
24770
16118
5566
-5645
-16189
-24822
-30529
-32634
-30887
-25500
-17103
-6687
4515
15186
24065
30105
32594
31237
26194
18060
7795
-3387
-14170
-23283
-29648
-32516
-31549
-26858
-19000
-8902
2249
13133
22469
29153
32397
31820
27488
19911
9988
-1111
-12085
-21630
-28624
-32241
-32055
-28087
-20808
-11070
-29
11017
20761
28056
32042
32247
28647
21669
12134
1165
-9938
-19872
-27460
-31810
-32407
-29181
-22511
-13188
-2304
8844
18952
26825
31531
32518
29669
23320
14218
3440
-7746
-18016
-26164
-31223
-32601
-30129
-24106
-15237
-4574
6630
17053
25461
30867
32632
30546
24855
16235
5695
-5513
-16075
-24737
-30482
-32632
-30931
-25581
-17215
-6819
4384
15067
23975
30053
32586
31274
26272
18169
7925
-3257
-14051
-23190
-29593
-32505
-31582
-26934
-19110
-9028
2114
13012
22371
29091
32382
31850
27559
20019
10114
-981
-11960
-21531
-28560
-32221
-32080
-28155
-20909
-11197
-161
10890
20657
27990
32018
32268
28712
21767
12255
1299
-9813
-19765
-27388
-31779
-32421
-29239
-22608
-13307
-2439
8715
18846
26749
31498
32530
29724
23412
14338
3570
-7615
-17905
-26082
-31182
-32606
-30181
-24196
-15356
-4706
6501
16938
25379
30824
32633
30592
24942
16348
5828
-5383
-15957
-24649
-30435
-32631
-30974
-25666
-17330
-6947
4251
14950
23884
30001
32578
31311
26350
18281
8053
-3122
-13931
-23098
-29538
-32494
-31617
-27011
-19216
-9157
1984
12888
22274
29031
32364
31877
27630
20123
10241
-845
-11838
-21430
-28496
-32199
-32105
-28222
-21011
-11319
-295
10766
20555
27919
31991
32289
28776
21868
12381
1431
-9685
-19660
-27315
-31748
-32436
-29298
-22701
-13430
-2570
8588
18735
26674
31463
32541
29780
23505
14456
3704
-7487
-17793
-26002
-31142
-32611
-30230
-24284
-15472
-4837
6370
16827
25294
30781
32635
30638
25026
16465
5957
-5251
-15839
-24562
-30385
-32626
-31016
-25748
-17441
-7079
4120
14830
23794
29948
32569
31348
26429
18389
8182
-2988
-13811
-23002
-29482
-32482
-31649
-27084
-19325
-9283
1849
12767
22176
28969
32346
31904
27699
20227
10369
-715
-11713
-21332
-28431
-32178
-32129
-28290
-21112
-11446
-427
10639
20449
27850
31963
32306
28837
21967
12502
1565
-9559
-19553
-27244
-31717
-32451
-29355
-22798
-13549
-2704
8458
18627
26595
31427
32551
29835
23597
14577
3834
-7356
-17683
-25922
-31103
-32615
-30280
-24372
-15589
-4969
6240
16711
25212
30738
32637
30684
25113
16578
6089
-5120
-15724
-24473
-30337
-32621
-31056
-25829
-17555
-7207
3987
14714
23703
29895
32561
31385
26506
18500
8310
-2857
-13689
-22908
-29422
-32467
-31682
-27160
-19431
-9413
1719
12644
22080
28908
32327
31932
27770
20330
10493
-580
-11589
-21229
-28366
-32157
-32153
-28355
-21215
-11569
-561
10514
20347
27780
31936
32325
28898
22064
12626
1697
-9431
-19448
-27170
-31686
-32465
-29414
-22892
-13672
-2835
8331
18516
26519
31390
32560
29887
23690
14695
3969
-7228
-17570
-25840
-31063
-32620
-30329
-24461
-15705
-5100
6108
16597
25125
30692
32637
30732
25198
16694
6218
-4988
-15606
-24386
-30287
-32616
-31097
-25908
-17664
-7338
3856
14594
23612
29843
32553
31421
26584
18609
8439
-2723
-13569
-22811
-29364
-32453
-31712
-27232
-19538
-9538
1584
12522
21981
28846
32309
31960
27839
20435
10621
-449
-11464
-21129
-28299
-32132
-32175
-28422
-21316
-11695
-693
10387
20242
27711
31908
32343
28960
22163
12748
1830
-9304
-19340
-27097
-31655
-32480
-29472
-22988
-13791
-2970
8201
18407
26440
31354
32568
29941
23779
14814
4098
-7097
-17460
-25760
-31022
-32625
-30378
-24547
-15822
-5232
5978
16481
25040
30645
32635
30774
25283
16808
6351
-4858
-15491
-24297
-30238
-32611
-31136
-25990
-17777
-7466
3723
14476
23518
29788
32543
31459
26661
18720
8567
-2592
-13447
-22717
-29306
-32438
-31744
-27304
-19642
-9667
1453
12398
21882
28786
32291
31987
27909
20538
10745
-314
-11340
-21026
-28233
-32108
-32196
-28486
-21417
-11817
-827
10259
20140
27640
31881
32361
29021
22258
12871
1962
-9176
-19233
-27021
-31621
-32492
-29530
-23083
-13914
-3103
8074
18297
26363
31316
32576
29993
23871
14931
4232
-6968
-17345
-25677
-30981
-32630
-30427
-24637
-15941
-5361
5846
16367
24954
30600
32633
30818
25365
16922
6479
-4725
-15373
-24210
-30188
-32607
-31177
-26071
-17887
-7597
3592
14355
23427
29733
32531
31492
26739
18828
8696
-2458
-13327
-22621
-29248
-32423
-31775
-27376
-19750
-9792
1318
12276
21783
28721
32272
32014
27979
20643
10873
-183
-11214
-20924
-28165
-32084
-32217
-28551
-21515
-11943
-959
10135
20034
27571
31854
32379
29082
22357
12992
2096
-9049
-19125
-26945
-31588
-32503
-29584
-23177
-14032
-3235
7944
18188
26283
31280
32585
30046
23961
15050
4362
-6837
-17231
-25595
-30937
-32632
-30476
-24724
-16056
-5495
5717
16251
24869
30553
32632
30860
25450
17034
6611
-4591
-15256
-24119
-30138
-32602
-31216
-26151
-18000
-7725
3459
14237
23333
29677
32520
31527
26812
18936
8826
-2326
-13205
-22527
-29189
-32409
-31805
-27450
-19855
-9920
1187
12151
21682
28658
32250
32038
28047
20744
10996
-48
-11091
-20822
-28098
-32059
-32238
-28614
-21616
-12064
-1093
10006
19929
27498
31825
32395
29143
22453
13116
2227
-8920
-19018
-26870
-31554
-32515
-29640
-23268
-14153
-3368
7816
18076
26207
31242
32593
30097
24052
15167
4496
-6708
-17119
-25510
-30895
-32634
-30522
-24810
-16173
-5624
5585
16137
24782
30507
32630
30904
25531
17148
6739
-4461
-15136
-24029
-30086
-32594
-31255
-26232
-18110
-7856
3328
14116
23241
29622
32508
31560
26889
19043
8952
-2193
-13084
-22429
-29130
-32394
-31837
-27522
-19961
-10045
1052
12029
21585
28593
32229
32063
28113
20848
11123
82
-10965
-20721
-28031
-32034
-32259
-28679
-21714
-12189
-1224
9881
19822
27426
31794
32410
29203
22551
13237
2361
-8793
-18909
-26794
-31520
-32526
-29695
-23362
-14271
-3499
7685
17966
26125
31203
32600
30150
24142
15287
4626
-6577
-17005
-25429
-30852
-32635
-30569
-24895
-16287
-5757
5454
16020
24698
30459
32628
30947
25616
17260
6871
-4329
-15020
-23938
-30034
-32585
-31292
-26308
-18222
-7983
3194
13999
23148
29566
32497
31595
26963
19152
9082
-2061
-12961
-22333
-29069
-32377
-31865
-27594
-20066
-10174
921
11905
21483
28530
32208
32088
28181
20950
11246
217
-10840
-20617
-27964
-32010
-32281
-28743
-21815
-12311
-1359
9753
19717
27353
31763
32425
29262
22645
13359
2492
-8664
-18803
-26720
-31486
-32537
-29752
-23454
-14392
-3632
7557
17852
26045
31162
32605
30199
24231
15403
4759
-6448
-16893
-25344
-30809
-32637
-30614
-24982
-16402
-5885
5322
15905
24609
30410
32626
30990
25698
17374
6999
-4198
-14900
-23848
-29981
-32577
-31330
-26388
-18331
-8114
3063
13876
23053
29511
32485
31627
27039
19258
9208
-1927
-12839
-22234
-29008
-32359
-31892
-27663
-20171
-10298
786
11779
21386
28465
32187
32112
28247
21051
11372
348
-10712
-20514
-27893
-31982
-32299
-28807
-21913
-12436
-1494
9628
19611
27282
31732
32439
29320
22741
13479
2626
-8537
-18692
-26642
-31451
-32549
-29806
-23547
-14513
-3763
7426
17743
25964
31122
32610
30249
24319
15521
4889
-6317
-16779
-25262
-30765
-32639
-30661
-25068
-16516
-6018
5192
15787
24521
30361
32621
31030
25780
17486
7131
-4065
-14784
-23756
-29929
-32569
-31366
-26465
-18441
-8240
2929
13757
22958
29452
32473
31661
27113
19368
9338
-1796
-12716
-22138
-28946
-32341
-31919
-27734
-20274
-10426
655
11657
21284
28401
32166
32136
28314
21155
11495
483
-10588
-20408
-27823
-31955
-32318
-28866
-22012
-12557
-1624
9499
19506
27208
31701
32454
29378
22836
13600
2758
-8407
-18584
-26565
-31414
-32558
-29861
-23639
-14630
-3897
7298
17630
25884
31083
32615
30298
24408
15636
5022
-6187
-16665
-25177
-30722
-32640
-30707
-25153
-16632
-6147
5059
15672
24433
30312
32616
31071
25860
17598
7259
-3934
-14664
-23667
-29875
-32560
-31403
-26543
-18550
-8371
2799
13635
22863
29395
32458
31692
27188
19473
9463
-1662
-12595
-22039
-28885
-32323
-31947
-27802
-20380
-10550
520
11530
21183
28333
32143
32160
28381
21255
11622
614
-10460
-20306
-27754
-31927
-32335
-28929
-22108
-12681
-1759
9374
19397
27137
31670
32468
29436
22932
13720
2891
-8280
-18472
-26487
-31377
-32566
-29913
-23731
-14751
-4028
7167
17520
25803
31043
32619
30347
24494
15754
5151
-6055
-16549
-25092
-30674
-32639
-30753
-25239
-16746
-6280
4929
15554
24346
30263
32611
31110
25942
17709
7390
-3801
-14546
-23574
-29823
-32552
-31441
-26620
-18661
-8497
2664
13515
22768
29335
32443
31723
27260
19581
9592
-1530
-12471
-21943
-28823
-32304
-31974
-27873
-20482
-10677
389
11408
21080
28268
32119
32181
28447
21357
11745
749
-10337
-20201
-27683
-31900
-32354
-28989
-22206
-12802
-1890
9244
19291
27060
31638
32482
29495
23026
13842
3023
-8150
-18361
-26410
-31340
-32575
-29966
-23820
-14867
-4161
7039
17406
25724
31002
32624
30396
24584
15869
5285
-5922
-16435
-25005
-30628
-32637
-30796
-25321
-16861
-6408
4797
15439
24256
30213
32606
31151
26020
17822
7521
-3670
-14425
-23482
-29767
-32541
-31476
-26699
-18770
-8628
2533
13393
22672
29278
32429
31754
27332
19687
9717
-1396
-12349
-21843
-28762
-32286
-32002
-27942
-20587
-10801
255
11281
20979
28200
32095
32202
28512
21455
11870
880
-10209
-20099
-27613
-31873
-32372
-29051
-22303
-12926
-2024
9118
19182
26986
31604
32494
29551
23121
13962
3157
-8023
-18253
-26331
-31304
-32583
-30018
-23912
-14987
-4291
6907
17295
25639
30959
32628
30446
24671
15987
5414
-5794
-16319
-24921
-30582
-32636
-30840
-25405
-16973
-6540
4666
15319
24168
30164
32601
31191
26102
17931
7649
-3537
-14307
-23388
-29712
-32529
-31510
-26774
-18878
-8754
2399
13270
22578
29219
32414
31785
27404
19792
9846
-1265
-12224
-21744
-28697
-32265
-32028
-28012
-20689
-10929
123
11158
20877
28133
32070
32223
28574
21556
11991
1015
-10084
-19991
-27541
-31845
-32389
-29111
-22402
-13046
-2155
8988
19076
26910
31571
32505
29606
23212
14082
3288
-7893
-18141
-26254
-31266
-32591
-30071
-24001
-15103
-4424
6779
17180
25557
30916
32630
30492
24758
16102
5547
-5661
-16205
-24834
-30536
-32634
-30881
-25488
-17087
-6668
4533
15203
24078
30112
32595
31232
26182
18045
7780
-3405
-14187
-23296
-29656
-32518
-31544
-26849
-18985
-8884
2268
13150
22480
29161
32399
31815
27478
19899
9970
-1130
-12102
-21644
-28633
-32244
-32052
-28078
-20793
-11052
-10
11032
20776
28065
32046
32244
28640
21655
12117
1146
-9955
-19887
-27470
-31814
-32404
-29172
-22497
-13171
-2290
8863
18967
26835
31536
32517
29661
23307
14201
3421
-7764
-18032
-26174
-31229
-32600
-30122
-24093
-15223
-4555
6647
17069
25473
30872
32631
30540
24843
16219
5676
-5532
-16088
-24749
-30489
-32632
-30925
-25571
-17199
-6800
4402
15083
23986
30061
32587
31268
26262
18154
7907
-3272
-14068
-23203
-29601
-32506
-31578
-26924
-19095
-9009
2133
13026
22385
29099
32384
31846
27549
20004
10099
-999
-11978
-21545
-28568
-32223
-32077
-28146
-20894
-11179
-145
10908
20672
28000
32021
32265
28703
21755
12239
1280
-9831
-19780
-27397
-31784
-32419
-29230
-22594
-13293
-2420
8733
18861
26760
31503
32528
29717
23399
14321
3552
-7634
-17919
-26094
-31188
-32605
-30174
-24185
-15339
-4688
6519
16954
25391
30830
32633
30586
24930
16332
5809
-5399
-15974
-24661
-30442
-32631
-30969
-25654
-17314
-6928
4270
14967
23897
30007
32579
31306
26339
18265
8038
-3141
-13948
-23111
-29546
-32495
-31612
-27000
-19200
-9139
2003
12906
22286
29040
32366
31874
27620
20110
10224
-864
-11855
-21444
-28504
-32202
-32102
-28212
-20997
-11302
-276
10780
20570
27929
31995
32286
28768
21854
12363
1412
-9702
-19672
-27325
-31752
-32434
-29290
-22689
-13413
-2554
8606
18751
26685
31468
32540
29772
23492
14439
3686
-7502
-17809
-26012
-31148
-32610
-30223
-24272
-15458
-4818
6387
16842
25306
30787
32635
30632
25014
16448
5941
-5269
-15855
-24574
-30392
-32627
-31011
-25738
-17425
-7060
4139
14847
23805
29955
32570
31343
26418
18376
8164
-3007
-13828
-23015
-29490
-32484
-31645
-27074
-19310
-9265
1868
12781
22189
28978
32348
31901
27691
20212
10351
-733
-11730
-21346
-28440
-32181
-32126
-28280
-21098
-11428
-411
10657
20464
27860
31967
32304
28829
21953
12486
1546
-9577
-19568
-27252
-31722
-32448
-29347
-22784
-13535
-2686
8476
18642
26606
31433
32550
29828
23584
14560
3817
-7375
-17696
-25933
-31108
-32615
-30273
-24361
-15573
-4951
6258
16727
25224
30744
32636
30678
25101
16562
6071
-5136
-15741
-24485
-30344
-32622
-31051
-25817
-17539
-7188
4006
14731
23715
29902
32562
31379
26495
18485
8295
-2876
-13706
-22922
-29431
-32469
-31677
-27150
-19416
-9395
1737
12661
22091
28917
32330
31928
27760
20318
10475
-598
-11607
-21243
-28374
-32160
-32150
-28346
-21200
-11551
-542
10529
20362
27790
31940
32322
28891
22050
12609
1678
-9448
-19461
-27181
-31691
-32463
-29406
-22879
-13655
-2819
8349
18532
26529
31395
32559
29880
23677
14678
3950
-7243
-17586
-25851
-31068
-32620
-30322
-24448
-15691
-5081
6125
16613
25137
30698
32637
30725
25186
16678
6203
-5007
-15622
-24399
-30294
-32617
-31091
-25899
-17648
-7320
3875
14610
23623
29850
32554
31416
26573
18596
8421
-2742
-13586
-22825
-29373
-32455
-31709
-27222
-19523
-9520
1603
12537
21995
28855
32312
31956
27830
20420
10603
-467
-11480
-21143
-28308
-32135
-32172
-28413
-21301
-11678
-677
10405
20257
27721
31912
32341
28952
22149
12730
1812
-9323
-19355
-27106
-31660
-32478
-29464
-22975
-13777
-2951
8219
18423
26451
31358
32567
29933
23766
14797
4080
-7116
-17473
-25771
-31028
-32624
-30371
-24537
-15807
-5213
5997
16497
25050
30652
32635
30768
25271
16792
6333
-4873
-15508
-24309
-30245
-32612
-31131
-25979
-17762
-7447
3742
14490
23531
29796
32544
31454
26650
18704
8552
-2610
-13465
-22730
-29314
-32440
-31739
-27294
-19628
-9649
1469
12416
21896
28795
32294
31983
27900
20525
10727
-332
-11358
-21040
-28241
-32112
-32193
-28477
-21403
-11803
-808
10277
20154
27650
31885
32358
29014
22245
12854
1943
-9193
-19246
-27031
-31625
-32490
-29522
-23071
-13897
-3085
8092
18312
26374
31322
32575
29985
23858
14914
4214
-6984
-17361
-25689
-30987
-32629
-30421
-24624
-15924
-5344
5865
16383
24966
30604
32634
30812
25353
16906
6464
-4744
-15389
-24223
-30195
-32607
-31171
-26060
-17871
-7579
3611
14372
23438
29741
32533
31487
26728
18815
8678
-2477
-13345
-22635
-29255
-32425
-31770
-27366
-19735
-9774
1337
12290
21798
28730
32275
32011
27970
20628
10855
-201
-11231
-20936
-28174
-32087
-32214
-28542
-21501
-11925
-943
10153
20049
27581
31858
32377
29073
22343
12975
2077
-9067
-19139
-26956
-31593
-32502
-29577
-23164
-14019
-3216
7962
18203
26294
31284
32583
30038
23948
15034
4343
-6856
-17247
-25607
-30944
-32632
-30469
-24713
-16040
-5476
5735
16267
24879
30559
32632
30855
25438
17018
6593
-4610
-15273
-24132
-30146
-32602
-31212
-26140
-17984
-7706
3477
14251
23346
29684
32522
31522
26802
18921
8808
-2345
-13223
-22540
-29197
-32411
-31801
-27440
-19840
-9902
1203
12169
21696
28667
32253
32035
28038
20732
10979
-66
-11108
-20836
-28106
-32063
-32235
-28605
-21602
-12050
-1074
10024
19944
27508
31829
32393
29136
22440
13098
2208
-8937
-19031
-26881
-31558
-32513
-29632
-23257
-14136
-3349
7835
18092
26218
31247
32592
30090
24039
15150
4477
-6724
-17135
-25522
-30901
-32633
-30516
-24797
-16156
-5606
5603
16153
24794
30512
32630
30898
25519
17132
6724
-4480
-15153
-24042
-30092
-32595
-31250
-26221
-18095
-7838
3346
14133
23252
29629
32510
31555
26878
19031
8934
-2211
-13101
-22442
-29137
-32396
-31832
-27511
-19946
-10027
1071
12044
21599
28602
32232
32060
28105
20833
11105
63
-10982
-20733
-28041
-32038
-32256
-28670
-21699
-12172
-1209
9899
19837
27437
31798
32408
29194
22537
13220
2342
-8808
-18924
-26805
-31525
-32525
-29687
-23349
-14257
-3480
7703
17981
26137
31208
32599
30143
24129
15270
4610
-6596
-17021
-25441
-30857
-32635
-30562
-24884
-16270
-5738
5473
16037
24708
30466
32629
30941
25604
17247
6853
-4346
-15037
-23951
-30041
-32586
-31288
-26297
-18206
-7965
3213
14013
23161
29574
32499
31590
26954
19136
9064
-2080
-12978
-22346
-29076
-32379
-31861
-27584
-20051
-10156
937
11922
21498
28539
32211
32085
28171
20936
11228
199
-10858
-20631
-27972
-32014
-32278
-28733
-21801
-12296
-1340
9771
19732
27363
31767
32422
29254
22632
13342
2474
-8681
-18816
-26731
-31490
-32536
-29744
-23443
-14375
-3614
7576
17868
26055
31168
32604
30192
24220
15386
4741
-6464
-16909
-25356
-30815
-32637
-30608
-24969
-16386
-5867
5341
15919
24621
30417
32626
30984
25686
17358
6984
-4217
-14917
-23861
-29988
-32578
-31325
-26377
-18315
-8095
3078
13894
23066
29519
32487
31622
27029
19246
9190
-1946
-12857
-22248
-29015
-32361
-31888
-27653
-20157
-10283
805
11797
21400
28474
32190
32109
28239
21037
11355
329
-10730
-20526
-27903
-31986
-32297
-28798
-21899
-12419
-1475
9646
19626
27291
31736
32437
29311
22728
13462
2607
-8552
-18707
-26653
-31457
-32547
-29799
-23534
-14496
-3745
7444
17759
25976
31127
32609
30242
24306
15505
4873
-6336
-16795
-25274
-30771
-32638
-30655
-25055
-16500
-6000
5210
15804
24532
30368
32621
31025
25768
17473
7113
-4083
-14800
-23769
-29936
-32570
-31362
-26454
-18426
-8222
2948
13771
22972
29461
32475
31657
27105
19352
9320
-1815
-12733
-22152
-28955
-32343
-31915
-27724
-20260
-10408
671
11675
21298
28410
32169
32133
28305
21140
11477
464
-10606
-20423
-27832
-31959
-32315
-28858
-21998
-12543
-1606
9517
19521
27219
31705
32452
29370
22822
13583
2739
-8424
-18597
-26576
-31419
-32557
-29853
-23629
-14613
-3878
7317
17645
25894
31088
32614
30291
24396
15619
5004
-6203
-16681
-25189
-30728
-32640
-30702
-25140
-16616
-6128
5078
15685
24445
30319
32617
31065
25848
17583
7243
-3953
-14681
-23680
-29883
-32561
-31398
-26532
-18535
-8352
2813
13652
22876
29403
32460
31688
27178
19461
9445
-1681
-12612
-22053
-28892
-32325
-31943
-27793
-20365
-10535
539
11548
21197
28343
32147
32157
28373
21241
11604
595
-10478
-20318
-27763
-31931
-32333
-28920
-22097
-12664
-1740
9392
19413
27147
31674
32466
29428
22919
13703
2873
-8295
-18488
-26498
-31382
-32565
-29906
-23718
-14734
-4009
7185
17536
25814
31047
32619
30341
24482
15738
5136
-6074
-16565
-25104
-30681
-32639
-30747
-25227
-16730
-6261
4948
15570
24356
30270
32612
31105
25930
17695
7372
-3820
-14563
-23587
-29830
-32553
-31436
-26609
-18645
-8479
2683
13529
22782
29344
32445
31719
27251
19566
9574
-1549
-12489
-21954
-28832
-32307
-31970
-27863
-20467
-10660
405
11425
21095
28277
32123
32178
28437
21343
11728
730
-10351
-20215
-27693
-31904
-32351
-28981
-22192
-12787
-1871
9262
19307
27071
31642
32481
29487
23012
13825
3007
-8167
-18376
-26421
-31346
-32573
-29958
-23810
-14850
-4142
7057
17422
25733
31008
32624
30389
24571
15855
5266
-5941
-16451
-25017
-30635
-32638
-30791
-25309
-16845
-6390
4815
15452
24269
30220
32607
31145
26011
17806
7502
-3689
-14442
-23495
-29775
-32542
-31471
-26688
-18754
-8609
2549
13410
22686
29287
32431
31750
27322
19672
9699
-1415
-12366
-21857
-28770
-32289
-31998
-27932
-20573
-10786
273
11299
20994
28209
32098
32199
28503
21441
11852
861
-10227
-20111
-27623
-31876
-32369
-29043
-22291
-12909
-2006
9136
19197
26997
31609
32492
29543
23108
13945
3138
-8038
-18268
-26342
-31309
-32582
-30012
-23900
-14970
-4273
6925
17311
25651
30965
32628
30439
24658
15971
5399
-5812
-16335
-24933
-30589
-32636
-30833
-25394
-16957
-6522
4685
15336
24180
30171
32602
31185
26091
17918
7631
-3555
-14324
-23402
-29719
-32531
-31506
-26763
-18864
-8736
2417
13287
22591
29227
32416
31781
27396
19777
9828
-1283
-12241
-21756
-28706
-32268
-32024
-28003
-20675
-10911
139
11176
20891
28143
32074
32220
28565
21542
11975
996
-10099
-20006
-27552
-31849
-32386
-29102
-22388
-13032
-2136
9006
19092
26921
31575
32503
29598
23200
14065
3272
-7910
-18157
-26265
-31271
-32590
-30064
-23991
-15086
-4405
6797
17196
25566
30922
32629
30486
24746
16088
5529
-5679
-16222
-24846
-30543
-32634
-30876
-25476
-17072
-6650
4552
15217
24090
30119
32597
31226
26173
18029
7761
-3424
-14204
-23310
-29664
-32519
-31539
-26838
-18970
-8866
2284
13168
22494
29169
32401
31812
27467
19885
9952
-1149
-12119
-21658
-28641
-32247
-32049
-28068
-20779
-11038
7
11049
20790
28075
32049
32241
28630
21641
12099
1127
-9973
-19899
-27481
-31818
-32402
-29164
-22486
-13153
-2271
8881
18982
26844
31541
32515
29653
23293
14184
3402
-7780
-18048
-26185
-31234
-32598
-30116
-24081
-15206
-4536
6665
17082
25485
30878
32631
30533
24831
16202
5661
-5550
-16105
-24761
-30495
-32633
-30919
-25560
-17183
-6782
4418
15100
23998
30068
32588
31263
26251
18141
7890
-3291
-14085
-23215
-29608
-32508
-31574
-26913
-19079
-8994
2152
13043
22399
29108
32386
31842
27540
19989
10081
-1018
-11994
-21557
-28577
-32226
-32073
-28136
-20882
-11161
-126
10926
20686
28009
32025
32263
28694
21741
12221
1262
-9846
-19795
-27407
-31788
-32417
-29223
-22581
-13276
-2401
8751
18875
26771
31507
32526
29709
23385
14304
3537
-7651
-17934
-26105
-31194
-32605
-30167
-24173
-15322
-4669
6537
16970
25400
30837
32633
30579
24918
16319
5791
-5417
-15990
-24674
-30448
-32631
-30963
-25642
-17298
-6910
4288
14981
23910
30015
32580
31301
26329
18250
8020
-3160
-13965
-23122
-29554
-32497
-31607
-26989
-19185
-9121
2018
12923
22300
29048
32369
31870
27610
20096
10206
-883
-11870
-21458
-28513
-32205
-32098
-28203
-20982
-11287
-257
10798
20584
27939
31998
32284
28759
21840
12346
1396
-9720
-19687
-27335
-31757
-32432
-29281
-22677
-13396
-2536
8625
18767
26694
31473
32538
29764
23479
14422
3667
-7521
-17825
-26023
-31154
-32609
-30217
-24259
-15442
-4800
6405
16855
25318
30793
32634
30625
25002
16432
5923
-5288
-15872
-24587
-30399
-32627
-31005
-25727
-17409
-7042
4154
14864
23817
29963
32572
31337
26407
18360
8147
-3026
-13845
-23029
-29497
-32485
-31641
-27063
-19294
-9250
1887
12799
22203
28986
32351
31897
27681
20198
10334
-752
-11747
-21358
-28450
-32184
-32122
-28271
-21086
-11411
-392
10674
20479
27870
31971
32302
28820
21940
12468
1528
-9592
-19583
-27263
-31726
-32446
-29340
-22771
-13518
-2667
8494
18658
26617
31437
32549
29820
23571
14543
3801
-7393
-17712
-25945
-31113
-32614
-30266
-24349
-15556
-4932
6277
16743
25234
30750
32636
30671
25089
16549
6052
-5154
-15757
-24497
-30349
-32622
-31046
-25806
-17523
-7170
4025
14745
23728
29910
32563
31374
26486
18469
8277
-2894
-13723
-22933
-29439
-32471
-31673
-27139
-19400
-9377
1753
12678
22105
28926
32332
31925
27751
20303
10457
-617
-11622
-21258
-28384
-32163
-32146
-28336
-21186
-11536
-523
10547
20377
27799
31943
32320
28882
22036
12592
1662
-9466
-19476
-27191
-31695
-32461
-29398
-22868
-13638
-2801
8368
18547
26538
31400
32557
29872
23664
14664
3931
-7262
-17601
-25863
-31074
-32619
-30316
-24436
-15675
-5062
6144
16626
25150
30704
32637
30719
25176
16662
6184
-5025
-15639
-24411
-30301
-32617
-31086
-25887
-17633
-7301
3891
14627
23637
29858
32555
31412
26562
18581
8404
-2761
-13603
-22838
-29380
-32457
-31704
-27211
-19508
-9505
1621
12554
22009
28863
32314
31952
27820
20405
10585
-486
-11498
-21155
-28317
-32139
-32169
-28404
-21289
-11660
-658
10423
20271
27729
31916
32338
28943
22135
12713
1793
-9338
-19371
-27116
-31664
-32476
-29457
-22961
-13760
-2932
8237
18436
26462
31364
32566
29926
23753
14781
4065
-7134
-17489
-25783
-31033
-32624
-30364
-24524
-15790
-5195
6012
16513
25063
30658
32636
30762
25259
16779
6314
-4892
-15524
-24322
-30251
-32613
-31125
-25967
-17746
-7432
3760
14507
23544
29803
32546
31448
26641
18689
8534
-2629
-13482
-22742
-29323
-32442
-31735
-27285
-19616
-9631
1487
12433
21910
28804
32296
31980
27890
20511
10710
-351
-11372
-21054
-28250
-32115
-32190
-28469
-21389
-11785
-789
10295
20168
27660
31888
32356
29005
22231
12836
1927
-9211
-19261
-27042
-31630
-32488
-29514
-23058
-13879
-3066
8111
18328
26383
31327
32574
29978
23845
14900
4195
-7002
-17377
-25701
-30993
-32629
-30414
-24612
-15908
-5325
5882
16397
24979
30611
32634
30806
25343
16890
6445
-4762
-15406
-24234
-30202
-32608
-31165
-26048
-17855
-7560
3626
14389
23451
29749
32534
31483
26717
18800
8661
-2495
-13362
-22648
-29263
-32427
-31766
-27356
-19720
-9759
1356
12308
21812
28740
32277
32007
27961
20614
10837
-220
-11249
-20951
-28184
-32091
-32211
-28533
-21489
-11908
-924
10171
20064
27589
31862
32374
29066
22330
12958
2058
-9082
-19155
-26966
-31598
-32500
-29571
-23151
-14002
-3197
7980
18216
26305
31289
32582
30031
23935
15017
4329
-6874
-17263
-25619
-30950
-32632
-30462
-24701
-16023
-5457
5751
16284
24892
30566
32632
30849
25426
17005
6574
-4629
-15290
-24145
-30152
-32603
-31206
-26128
-17969
-7691
3496
14268
23359
29692
32523
31517
26793
18906
8790
-2364
-13240
-22551
-29206
-32413
-31797
-27429
-19827
-9884
1221
12186
21711
28676
32256
32032
28028
20718
10962
-85
-11123
-20851
-28116
-32066
-32232
-28597
-21588
-12032
-1055
10042
19959
27519
31833
32391
29127
22426
13081
2193
-8955
-19046
-26892
-31563
-32512
-29625
-23244
-14119
-3331
7853
18107
26227
31253
32591
30083
24026
15136
4458
-6742
-17151
-25534
-30906
-32633
-30510
-24785
-16140
-5588
5621
16167
24807
30519
32631
30892
25509
17116
6705
-4499
-15170
-24053
-30100
-32596
-31245
-26210
-18079
-7819
3362
14150
23265
29637
32512
31551
26867
19015
8917
-2230
-13116
-22456
-29146
-32398
-31828
-27501
-19931
-10012
1090
12061
21613
28611
32235
32056
28095
20819
11088
48
-10999
-20747
-28050
-32041
-32253
-28661
-21688
-12154
-1190
9917
19852
27445
31802
32406
29186
22524
13205
2323
-8826
-18939
-26815
-31530
-32523
-29681
-23336
-14240
-3462
7722
17995
26148
31213
32599
30135
24118
15253
4591
-6614
-17037
-25453
-30863
-32635
-30556
-24872
-16254
-5720
5489
16053
24721
30473
32629
30935
25592
17231
6834
-4365
-15053
-23964
-30048
-32588
-31283
-26286
-18191
-7950
3232
14029
23174
29581
32500
31585
26944
19122
9046
-2099
-12995
-22358
-29085
-32382
-31857
-27574
-20039
-10138
956
11940
21512
28547
32214
32081
28162
20921
11211
180
-10873
-20646
-27982
-32017
-32275
-28726
-21786
-12279
-1321
9789
19745
27373
31771
32420
29245
22618
13324
2458
-8699
-18831
-26742
-31495
-32535
-29736
-23430
-14358
-3595
7594
17884
26066
31174
32604
30185
24207
15372
4722
-6482
-16925
-25368
-30820
-32636
-30602
-24957
-16370
-5849
5358
15935
24634
30424
32627
30978
25676
17342
6965
-4235
-14934
-23872
-29996
-32579
-31319
-26366
-18299
-8077
3097
13911
23080
29527
32489
31619
27018
19230
9173
-1965
-12871
-22261
-29024
-32364
-31884
-27643
-20143
-10265
824
11814
21414
28483
32193
32105
28230
21023
11337
314
-10748
-20541
-27912
-31990
-32294
-28789
-21888
-12401
-1456
9664
19640
27300
31741
32435
29303
22714
13447
2589
-8570
-18723
-26664
-31462
-32546
-29792
-23521
-14479
-3726
7463
17772
25987
31133
32608
30235
24296
15488
4855
-6354
-16811
-25286
-30777
-32638
-30648
-25043
-16484
-5981
5226
15819
24544
30375
32622
31020
25757
17457
7094
-4101
-14817
-23782
-29942
-32571
-31357
-26443
-18410
-8207
2967
13788
22985
29469
32476
31652
27094
19337
9301
-1833
-12750
-22163
-28963
-32346
-31911
-27714
-20247
-10390
690
11692
21313
28418
32172
32130
28296
21126
11461
446
-10621
-20438
-27842
-31963
-32312
-28851
-21984
-12525
-1587
9535
19533
27229
31709
32450
29361
22809
13566
2723
-8442
-18612
-26587
-31424
-32556
-29846
-23615
-14597
-3859
7332
17661
25905
31094
32613
30284
24383
15606
4985
-6221
-16697
-25201
-30734
-32640
-30695
-25128
-16600
-6114
5097
15702
24458
30326
32617
31060
25839
17567
7225
-3972
-14698
-23691
-29890
-32563
-31393
-26521
-18522
-8334
2832
13669
22890
29411
32462
31684
27167
19446
9428
-1700
-12626
-22067
-28901
-32328
-31939
-27785
-20350
-10517
558
11566
21212
28352
32150
32154
28363
21226
11586
580
-10496
-20333
-27773
-31935
-32331
-28911
-22083
-12647
-1722
9410
19428
27155
31679
32464
29419
22905
13689
2854
-8313
-18503
-26509
-31387
-32564
-29899
-23706
-14717
-3990
7204
17549
25826
31053
32618
30334
24472
15721
5117
-6092
-16581
-25114
-30687
-32640
-30741
-25215
-16714
-6243
4963
15586
24369
30277
32612
31101
25919
17680
7353
-3837
-14577
-23600
-29837
-32554
-31430
-26598
-18629
-8464
2701
13546
22795
29352
32447
31714
27241
19551
9556
-1565
-12505
-21968
-28840
-32309
-31966
-27853
-20455
-10642
424
11443
21109
28285
32126
32175
28428
21329
11713
712
-10369
-20230
-27702
-31907
-32349
-28973
-22179
-12770
-1852
9280
19319
27081
31646
32479
29479
23001
13808
2989
-8185
-18392
-26432
-31351
-32572
-29951
-23797
-14833
-4123
7073
17438
25745
31013
32623
30382
24559
15839
5248
-5960
-16468
-25029
-30640
-32638
-30784
-25297
-16830
-6375
4834
15469
24281
30227
32608
31139
26001
17790
7484
-3707
-14459
-23506
-29783
-32544
-31466
-26677
-18741
-8591
2567
13427
22698
29295
32433
31746
27312
19657
9682
-1434
-12381
-21871
-28779
-32292
-31994
-27924
-20558
-10769
292
11316
21008
28219
32101
32196
28494
21427
11835
846
-10244
-20126
-27633
-31880
-32367
-29034
-22277
-12891
-1987
9154
19213
27006
31614
32491
29535
23095
13931
3119
-8056
-18284
-26353
-31313
-32581
-30004
-23887
-14953
-4254
6944
17324
25663
30971
32628
30432
24648
15954
5380
-5831
-16351
-24943
-30595
-32636
-30827
-25382
-16941
-6504
4700
15353
24193
30178
32603
31180
26079
17902
7612
-3573
-14338
-23415
-29727
-32533
-31501
-26752
-18849
-8721
2436
13304
22605
29236
32418
31776
27385
19762
9810
-1299
-12258
-21770
-28715
-32271
-32021
-27993
-20662
-10893
158
11194
20906
28151
32077
32218
28557
21528
11960
978
-10117
-20021
-27562
-31853
-32385
-29095
-22374
-13015
-2117
9025
19104
26931
31579
32502
29590
23189
14048
3254
-7928
-18172
-26275
-31276
-32589
-30056
-23978
-15070
-4387
6813
17212
25578
30928
32629
30480
24735
16072
5510
-5698
-16238
-24858
-30548
-32635
-30870
-25464
-17056
-6635
4571
15234
24103
30126
32598
31220
26161
18013
7743
-3443
-14221
-23321
-29672
-32521
-31534
-26828
-18957
-8847
2301
13185
22508
29176
32404
31807
27457
19870
9935
-1168
-12134
-21672
-28650
-32250
-32045
-28060
-20764
-11020
26
11067
20802
28084
32052
32238
28621
21627
12082
1112
-9991
-19914
-27491
-31823
-32401
-29156
-22472
-13136
-2252
8896
18997
26855
31546
32513
29645
23280
14170
3384
-7798
-18063
-26197
-31239
-32597
-30108
-24068
-15189
-4521
6684
17097
25497
30884
32631
30526
24821
16186
5642
-5569
-16121
-24771
-30502
-32633
-30913
-25548
-17170
-6764
4437
15117
24011
30075
32589
31259
26240
18125
7871
-3310
-14099
-23229
-29615
-32510
-31569
-26904
-19064
-8976
2171
13061
22412
29117
32388
31838
27531
19974
10063
-1033
-12012
-21571
-28586
-32229
-32070
-28127
-20868
-11144
-107
10944
20701
28017
32028
32260
28685
21727
12207
1243
-9863
-19810
-27417
-31792
-32415
-29215
-22567
-13260
-2383
8769
18888
26780
31511
32525
29701
23375
14287
3518
-7669
-17950
-26115
-31199
-32604
-30160
-24160
-15306
-4650
6553
16986
25412
30843
32633
30574
24906
16303
5772
-5436
-16007
-24686
-30455
-32631
-30957
-25630
-17282
-6895
4307
14998
23922
30022
32581
31295
26318
18234
8001
-3179
-13982
-23135
-29561
-32498
-31602
-26979
-19172
-9103
2037
12940
22314
29056
32371
31867
27601
20081
10189
-902
-11887
-21472
-28522
-32208
-32095
-28195
-20968
-11269
-239
10816
20597
27949
32002
32281
28750
21826
12328
1378
-9738
-19702
-27346
-31761
-32430
-29273
-22664
-13379
-2517
8640
18782
26705
31478
32536
29756
23466
14408
3648
-7539
-17841
-26035
-31159
-32609
-30210
-24247
-15425
-4784
6424
16871
25330
30799
32634
30619
24992
16416
5904
-5306
-15888
-24597
-30406
-32628
-30999
-25715
-17396
-7024
4173
14881
23830
29970
32573
31333
26396
18346
8129
-3045
-13859
-23042
-29505
-32487
-31636
-27054
-19279
-9232
1906
12816
22217
28995
32353
31893
27671
20183
10316
-767
-11765
-21372
-28459
-32187
-32119
-28261
-21071
-11393
-373
10692
20494
27878
31975
32299
28812
21927
12454
1509
-9610
-19598
-27273
-31730
-32444
-29331
-22757
-13502
-2648
8512
18671
26628
31442
32548
29813
23560
14527
3782
-7410
-17727
-25954
-31119
-32614
-30259
-24336
-15541
-4914
6292
16759
25245
30756
32636
30666
25077
16532
6034
-5173
-15771
-24510
-30356
-32623
-31040
-25794
-17507
-7155
4043
14762
23740
29917
32564
31369
26475
18454
8258
-2910
-13740
-22946
-29447
-32473
-31669
-27129
-19388
-9359
1772
12696
22119
28933
32335
31921
27741
20288
10444
-636
-11640
-21272
-28393
-32166
-32143
-28328
-21171
-11519
-505
10564
20389
27809
31947
32317
28874
22025
12574
1643
-9484
-19491
-27201
-31699
-32459
-29389
-22854
-13621
-2783
8383
18563
26549
31406
32556
29866
23651
14647
3912
-7280
-17617
-25874
-31079
-32618
-30309
-24423
-15658
-5047
6163
16643
25162
30711
32637
30712
25164
16645
6166
-5044
-15655
-24421
-30308
-32618
-31080
-25876
-17619
-7283
3909
14644
23649
29864
32556
31406
26551
18565
8386
-2780
-13618
-22852
-29388
-32459
-31700
-27203
-19493
-9487
12571
28872
31948
20392
-502
-21169
-32142
-28395
-11642
10438
27739
32335
22121
1775
-19385
-31668
-29449
-13743
8255
26473
32565
23743
4046
-17505
-31039
-30357
-15774
6031
25075
32636
25247
6295
-15538
-30258
-31120
-17730
3779
23558
32547
26630
8515
-13499
-29330
-31731
-19601
1506
21924
32299
27880
10695
-11390
-28260
-32187
-21375
-770
20181
31892
28996
12819
-9229
-27052
-32487
-23044
-3048
18343
31332
29971
14883
-7020
-25713
-32628
-24599
-5310
16413
30618
30800
16874
-4781
-24245
-32609
-26037
-7542
14406
29755
31479
18785
-2514
-22662
-32430
-27347
-9741
12325
28749
32003
20599
-236
-20965
-32094
-28524
-11890
10186
27599
32372
22316
2040
-19170
-31602
-29563
-13985
7998
26317
32581
23924
4310
-17279
-30956
-30456
-16010
5769
24904
32633
25414
6556
-15303
-30159
-31200
-17953
3515
23372
32525
26782
8772
-13257
-29214
-31793
-19812
1240
21725
32259
28019
10947
-11141
-28125
-32229
-21573
-1036
19971
31837
29118
13064
-8973
-26901
-32510
-23231
-3313
18123
31258
30077
15120
-6760
-25546
-32633
-24773
-5572
16183
30525
30886
17100
-4514
-24066
-32597
-26198
-7801
14167
29644
31547
19000
-2249
-22470
-32400
-27493
-9994
12079
28620
32053
20807
29
-20762
-32045
-28652
-12137
9932
27455
32404
22510
2305
-18955
-31534
-29673
-14223
7740
26159
32598
24105
4574
-17053
-30869
-30549
-16241
5507
24733
32629
25580
6816
-15067
-30055
-31277
-18175
3251
23187
32502
26933
9028
-13012
-29094
-31854
-20024
974
21526
32217
28152
11197
-10890
-27992
-32272
-21772
-1302
19760
31775
29237
13307
-8718
-26750
-32533
-23417
-3576
17900
31179
30179
15356
-6501
-25380
-32636
-24945
-5834
15952
30431
30972
17327
-4251
-23885
-32580
-26354
-8059
13928
29534
31615
19215
-1984
-22275
-32367
-27635
-10247
11832
28492
32102
21011
295
-20555
-31994
-28780
-12384
9679
27310
32433
22701
2570
-18738
-31466
-29784
-14462
7481
25999
32608
24283
4837
-16827
-30783
-30641
-16470
5245
24557
32623
25747
7076
-14831
-29950
-31352
-18394
2985
22997
32478
27083
9283
-12767
-28972
-31908
-20233
708
21327
32175
28287
11446
-10639
-27851
-32310
-21970
-1571
19548
31714
29353
13549
-8461
-26596
-32555
-23602
-3840
17677
31100
30278
15589
-6240
-25213
-32640
-25118
-6096
15718
30333
31054
17552
-3987
-23704
-32564
-26511
-8316
13686
29418
31680
19430
-1718
-22081
-32330
-27775
-10499
11584
28362
32150
21214
561
-20348
-31939
-28903
-12629
9425
27166
32462
22892
2835
-18516
-31392
-29892
-14701
7222
25837
32617
24460
5100
-16597
-30694
-30735
-16700
4982
24381
32613
25907
7335
-14594
-29844
-31425
-18615
2720
22806
32449
27231
9538
-12522
-28849
-31963
-20440
442
21124
32130
28419
11695
-10387
-27712
-32346
-22166
-1836
19335
31651
29470
13791
-8204
-26441
-32571
-23784
-4104
17454
31019
30376
15822
-5978
-25041
-32638
-25287
-6357
15485
30234
31134
17774
-3723
-23519
-32546
-26666
-8573
13444
29302
31741
19642
-1453
-21885
-32294
-27914
-10751
11334
28228
32193
21416
827
-20140
-31883
-29025
-12874
9170
27017
32489
23082
3100
-18297
-31318
-29997
-14937
6962
25674
32627
24636
5361
-16367
-30601
-30821
-16927
4719
24205
32603
26068
7597
-14355
-29735
-31496
-18834
2455
22616
32420
27375
9792
-12276
-28724
-32018
-20649
177
20919
32081
28550
11943
-10135
-27572
-32382
-22360
-2102
19120
31584
29582
14031
-7947
-26285
-32588
-23966
-4368
17228
30933
30474
16056
-5716
-24870
-32635
-25454
-6617
15251
30134
31214
17997
-3459
-23334
-32523
-26817
-8829
13199
29185
31803
19855
-1187
-21685
-32253
-28051
-11002
11085
28094
32235
21615
1093
-19929
-31827
-29147
-13122
8914
26866
32512
23267
3365
-18077
-31244
-30101
-15173
6702
25507
32631
24809
5624
-16137
-30508
-30907
-17154
4455
24024
32590
26229
7856
-14116
-29623
-31564
-19049
2190
22424
32391
27520
10045
-12029
-28596
-32067
-20853
-88
20716
32031
28677
12189
-9881
-27428
-32413
-22554
-2367
18903
31516
29694
14271
-7688
-26126
-32603
-24147
-4632
17002
30848
30567
16286
-5454
-24699
-32631
-25621
-6877
15015
30030
31290
18219
-3194
-23148
-32500
-26968
-9085
12955
29064
31863
20066
-921
-21486
-32211
-28185
-11252
10834
27959
32278
21814
1359
-19717
-31765
-29265
-13365
8658
26715
32535
23453
3629
-17853
-31164
-30203
-15409
6442
25341
32634
24981
5885
-15905
-30413
-30994
-17380
4192
23843
32574
26385
8114
-13877
-29513
-31631
-19264
1924
22228
32355
27662
10298
-11782
-28466
-32116
-21057
-354
20508
31979
28805
12436
-9628
-27283
-32442
-22744
-2632
18686
31448
29805
14510
-7426
-25965
-32613
-24324
-4895
16776
30761
30659
16516
-5192
-24522
-32624
-25785
-7137
14778
29924
31365
18441
-2929
-22959
-32475
-27118
-9341
12710
28941
31917
20274
-655
-21287
-32168
-28319
-11501
10582
27819
32315
22011
1625
-19506
-31704
-29381
-13606
8401
26560
32555
23639
3894
-17630
-31085
-30302
-15642
6181
25172
32637
25152
6147
-15672
-30315
-31075
-17604
3928
23662
32557
26540
8371
-13635
-29396
-31696
-19478
1659
22034
32319
27801
10550
-11533
-28335
-32163
-21260
-620
20301
31924
28927
12681
-9374
-27138
-32471
-22935
-2898
18467
31373
29911
14748
-7167
-25804
-32622
-24499
-5158
16546
30670
30751
16746
-4929
-24347
-32614
-25946
-7395
14540
29819
31438
18660
-2664
-22769
-32446
-27264
-9595
12465
28819
31972
20481
-389
-21083
-32122
-28451
-11750
10331
27680
32351
22205
1890
-19292
-31640
-29498
-13848
8144
26405
32572
23820
4158
-17406
-31004
-30400
-15875
5919
25000
32634
25320
6408
-15439
-30216
-31155
-17827
3664
23477
32538
26696
8628
-13393
-29280
-31757
-19690
1390
21838
32283
27941
10801
-11284
-28201
-32206
-21461
-886
20093
31870
29050
12926
-9118
-26988
-32497
-23127
-3163
18247
31300
30016
14984
-6907
-25640
-32631
-24676
-5420
16316
30578
30838
16973
-4666
-24171
-32604
-26107
-7654
14301
29708
31507
18878
-2398
-22578
-32417
-27409
-9849
12218
28693
32025
20689
-123
-20877
-32073
-28579
-11997
10078
27539
32386
22401
2155
-19077
-31573
-29609
-14088
7887
26249
32588
24001
4424
-17180
-30918
-30496
-16108
5658
24829
32631
25487
6668
-15203
-30115
-31235
-18050
3399
23291
32515
26846
8884
-13150
-29163
-31819
-19901
1124
21639
32241
28076
11052
-11035
-28067
-32248
-21660
-1152
19882
31811
29171
13171
-8863
-26837
-32520
-23312
-3427
18026
31225
30120
15220
-6647
-25474
-32634
-24848
-5682
16086
30485
30923
17199
-4402
-23989
-32590
-26266
-7913
14062
29597
31575
19094
-2133
-22386
-32386
-27553
-10102
11972
28564
32074
20894
142
-20672
-32023
-28708
-12244
9825
27394
32417
22594
2420
-18862
-31505
-29720
-14327
7628
26089
32602
24183
4688
-16954
-30832
-30590
-16337
5396
24656
32628
25653
6928
-14967
-30010
-31310
-18271
3135
23106
32492
26999
9139
-12906
-29041
-31876
-20113
858
21439
32199
28211
11302
-10783
-27931
-32289
-21859
-1418
19670
31749
29288
13413
-8606
-26686
-32543
-23497
-3692
17803
31144
30221
15455
-6387
-25307
-32638
-25019
-5944
15850
30388
31008
17425
-4139
-23808
-32573
-26423
-8170
13822
29486
31642
19309
-1868
-22190
-32351
-27694
-10357
11725
28436
32123
21097
408
-20465
-31970
-28833
-12491
9571
27249
32446
22784
2686
-18642
-31435
-29833
-14566
7369
25928
32612
24358
4951
-16727
-30746
-30682
-16568
5133
24480
32619
25816
7188
-14731
-29904
-31383
-18490
2870
22917
32466
27148
9395
-12661
-28918
-31931
-20321
592
21238
32157
28344
11551
-10532
-27791
-32326
-22055
-1684
19458
31687
29404
13655
-8349
-26530
-32562
-23682
-3956
17581
31064
30320
15688
-6125
-25138
-32640
-25191
-6206
15617
30290
31089
17648
-3875
-23626
-32557
-26578
-8427
13580
29368
31706
19523
-1602
-21995
-32315
-27833
-10609
11475
28304
32169
21301
674
-20257
-31915
-28956
-12736
9316
27103
32475
22974
2951
-18423
-31361
-29937
-14803
7110
25767
32621
24534
5214
-16497
-30653
-30772
-16798
4870
24304
32609
25978
7447
-14493
-29797
-31457
-18710
2604
22725
32437
27293
9649
-12416
-28797
-31987
-20528
326
21035
32108
28475
11800
-10277
-27651
-32362
-22250
-1949
19243
31622
29521
13896
-8092
-26375
-32578
-23863
-4220
17355
30983
30418
15924
-5865
-24967
-32637
-25358
-6467
15384
30191
31169
17871
-3610
-23441
-32536
-26733
-8684
13339
29252
31768
19735
-1337
-21798
-32277
-27973
-10861
11225
28170
32212
21500
940
-20049
-31860
-29078
-12981
9061
26951
32499
23163
3216
-18204
-31287
-30043
-15040
6850
25602
32629
24710
5476
-16268
-30561
-30858
-17024
4604
24127
32599
26138
7706
-14254
-29686
-31526
-18927
2339
22535
32408
27438
9902
-12169
-28668
-32039
-20735
60
20831
32059
28603
12047
-10024
-27510
-32397
-22444
-2215
19028
31555
29631
14136
-7835
-26219
-32595
-24044
-4483
17129
30897
30513
16156
-5603
-24795
-32633
-25524
-6727
15147
30089
31248
18095
-3346
-23255
-32513
-26883
-8940
13095
29134
31830
19946
-1071
-21599
-32235
-28108
-11111
10976
28036
32254
21699
1206
-19837
-31800
-29199
-13226
8805
26800
32522
23348
3481
-17982
-31211
-30147
-15276
6590
25436
32632
24881
5738
-16037
-30468
-30945
-17250
4340
23946
32583
26296
7965
-14016
-29576
-31594
-19142
2074
22341
32376
27582
10156
-11922
-28540
-32088
-20941
-205
20626
32010
28732
12293
-9771
-27364
-32426
-22637
-2480
18813
31487
29742
14375
-7576
-26058
-32607
-24225
-4747
16903
30811
30605
16386
-5341
-24622
-32629
-25691
-6987
14911
29984
31323
18315
-3081
-23067
-32490
-27033
-9196
12851
29012
31886
20156
-805
-21400
-32193
-28242
-11361
10724
27898
32294
21899
1475
-19626
-31739
-29316
-13467
8549
26649
32545
23534
3745
-17759
-31130
-30246
-15510
6329
25269
32635
25054
6000
-15804
-30370
-31029
-17476
4078
23764
32567
26453
8222
-13774
-29462
-31661
-19358
1808
22147
32340
27723
10408
-11675
-28412
-32136
-21146
-471
20417
31955
28856
12540
-9517
-27220
-32455
-22827
-2745
18594
31415
29851
14613
-7317
-25897
-32617
-24401
-5010
16675
30724
30699
16616
-5078
-24446
-32620
-25853
-7246
14675
29879
31396
18534
-2816
-22877
-32463
-27182
-9451
12606
28889
31941
20365
-539
-21198
-32149
-28376
-11610
10472
27759
32330
22094
1740
-19413
-31677
-29432
-13709
8292
26493
32562
23717
4009
-17536
-31050
-30345
-15744
6068
25099
32636
25226
6261
-15570
-30272
-31109
-17698
3813
23582
32550
26608
8479
-13532
-29345
-31723
-19571
1543
21951
32304
27862
10660
-11426
-28279
-32181
-21349
-737
20210
31900
28979
12784
-9262
-27072
-32484
-23017
-3010
18371
31342
29957
14850
-7057
-25736
-32627
-24576
-5272
16446
30631
30788
16844
-4815
-24270
-32610
-26014
-7508
14437
29771
31469
18754
-2551
-22686
-32433
-27327
-9705
12360
28767
31996
20572
-273
-20994
-32101
-28507
-11858
10221
27619
32367
22288
2006
-19198
-31611
-29547
-13951
8035
26337
32579
23899
4273
-17311
-30967
-30443
-15977
5806
24928
32633
25393
6522
-15336
-30173
-31189
-17921
3549
23396
32528
26762
8736
-13287
-29229
-31784
-19782
1277
21753
32265
28001
10911
-11176
-28144
-32223
-21548
-1002
20001
31846
29101
13029
-9006
-26922
-32507
-23205
-3275
18151
31267
30062
15086
-6797
-25569
-32632
-24751
-5535
16216
30538
30873
17071
-4552
-24091
-32599
-26176
-7767
14198
29660
31537
18970
-2287
-22495
-32404
-27472
-9958
12114
28638
32047
20778
-7
-20791
-32052
-28635
-12105
9967
27476
32400
22483
2271
-18983
-31543
-29657
-14190
7777
26180
32596
24080
4536
-17085
-30880
-30537
-16208
5544
24756
32630
25559
6782
-15100
-30070
-31267
-18144
3285
23210
32505
26912
8991
-13043
-29110
-31846
-19994
1012
21554
32222
28135
11161
-10926
-28011
-32266
-21746
-1268
19790
31784
29220
13276
-8751
-26772
-32530
-23391
-3540
17929
31190
30165
15322
-6537
-25403
-32636
-24923
-5797
15985
30445
30961
17298
-4288
-23910
-32583
-26332
-8026
13959
29549
31605
19185
-2021
-22300
-32371
-27615
-10212
11867
28509
32096
20982
257
-20585
-32001
-28764
-12352
9714
27331
32429
22675
2536
-18767
-31475
-29769
-14428
7515
26019
32606
24258
4800
-16858
-30795
-30629
-16438
5282
24582
32624
25726
7042
-14864
-29965
-31341
-18366
3020
23024
32482
27062
9247
-12799
-28988
-31900
-20203
746
21355
32180
28269
11411
-10674
-27871
-32305
-21945
-1533
19578
31722
29337
13518
-8494
-26618
-32552
-23576
-3804
17706
31110
30264
15556
-6277
-25237
-32639
-25094
-6058
15752
30346
31044
17523
-4025
-23728
-32566
-26489
-8283
13717
29435
31671
19400
-1756
-22106
-32335
-27755
-10463
11619
28379
32144
21185
523
-20377
-31946
-28887
-12597
9460
27186
32458
22865
2802
-18547
-31402
-29877
-14667
7256
25858
32616
24435
5063
-16629
-30706
-30723
-16667
5019
24406
32614
25886
7301
-14628
-29859
-31415
-18586
2755
22833
32453
27210
9502
-12554
-28865
-31955
-20411
480
21152
32135
28403
11660
-10423
-27732
-32341
-22140
-1799
19365
31661
29454
13760
-8237
-26463
-32569
-23758
-4068
17483
31029
30362
15790
-6015
-25064
-32639
-25264
-6320
15518
30248
31123
17745
-3760
-23545
-32549
-26644
-8540
13476
29318
31733
19613
-1487
-21911
-32299
-27894
-10715
11370
28246
32188
21388
789
-20169
-31891
-29010
-12842
9205
27037
32486
23057
3066
-18328
-31329
-29982
-14903
6996
25696
32626
24611
5325
-16400
-30613
-30810
-16895
4756
24229
32605
26047
7560
-14389
-29750
-31486
-18806
2489
22643
32424
27355
9756
-12308
-28741
-32011
-20619
214
20948
32087
28531
11908
-10171
-27592
-32378
-22335
-2064
19149
31594
29568
14001
-7980
-26307
-32585
-23940
-4332
17257
30946
30460
16023
-5754
-24893
-32635
-25431
-6580
15284
30149
31204
17968
-3496
-23360
-32526
-26796
-8796
13234
29201
31794
19825
-1221
-21711
-32259
-28033
-10967
11120
28111
32230
21587
1055
-19959
-31836
-29131
-13087
8949
26887
32509
23243
3331
-18107
-31255
-30087
-15139
6736
25529
32630
24784
5588
-16170
-30521
-30896
-17121
4493
24050
32593
26209
7819
-14150
-29639
-31554
-19021
2224
22451
32395
27500
10009
-12061
-28612
-32060
-20824
-51
20742
32038
28659
12154
-9917
-27448
-32409
-22529
-2329
18934
31526
29678
14240
-7721
-26149
-32602
-24121
-4597
17031
30859
30554
16254
-5492
-24722
-32632
-25597
-6840
15047
30045
31281
18190
-3232
-23175
-32503
-26949
-9052
12989
29081
31855
20036
-955
-21512
-32217
-28166
-11217
10870
27977
32272
21786
1321
-19747
-31773
-29250
-13330
8693
26737
32532
23429
3595
-17884
-31176
-30189
-15375
6476
25363
32634
24956
5849
-15935
-30426
-30982
-17348
4229
23869
32576
26364
8077
-13911
-29529
-31621
-19236
1959
22256
32361
27642
10265
-11815
-28484
-32109
-21028
-317
20535
31986
28788
12401
-9664
-27303
-32438
-22719
-2595
18717
31458
29789
14479
-7462
-25988
-32611
-24299
-4861
16805
30773
30646
16484
-5229
-24545
-32625
-25762
-7100
14811
29939
31355
18410
-2967
-22986
-32479
-27099
-9307
12745
28959
31909
20244
-689
-21313
-32174
-28301
-11467
10618
27837
32310
21983
1587
-19536
-31712
-29366
-13572
8436
26582
32553
23615
3859
-17662
-31096
-30288
-15609
6215
25196
32637
25127
6111
-15702
-30328
-31064
-17573
3965
23688
32559
26520
8334
-13669
-29413
-31687
-19451
1693
22061
32324
27782
10517
-11566
-28354
-32157
-21231
-583
20328
31931
28910
12646
-9410
-27158
-32468
-22910
-2860
18498
31384
29897
14717
-7203
-25827
-32621
-24475
-5123
16575
30683
30739
16713
-4966
-24369
-32615
-25924
-7359
14574
29834
31428
18629
-2701
-22796
-32450
-27246
-9562
12499
28836
31964
20452
-423
-21110
-32129
-28433
-11716
10363
27698
32346
22179
1852
-19322
-31649
-29483
-13814
8179
26427
32569
23796
4123
-17438
-31015
-30386
-15844
5953
25024
32635
25296
6373
-15469
-30229
-31143
-17796
3701
23503
32541
26676
8591
-13427
-29297
-31749
-19662
1428
21866
32288
27921
10769
-11317
-28220
-32200
-21432
-849
20120
31876
29033
12891
-9154
-27009
-32494
-23100
-3125
18278
31310
30002
14953
-6944
-25664
-32631
-24651
-5386
16345
30591
30825
16940
-4703
-24194
-32606
-26084
-7618
14335
29722
31499
18848
-2436
-22605
-32421
-27390
-9816
12252
28711
32018
20659
-158
-20906
-32080
-28561
-11963
10111
27557
32382
22373
2118
-19107
-31582
-29594
-14054
7922
26271
32586
23977
4387
-17212
-30930
-30483
-16077
5692
24853
32632
25463
6632
-15234
-30128
-31224
-18019
3437
23318
32518
26826
8847
-13185
-29179
-31811
-19875
1162
21667
32247
28057
11020
-11067
-28086
-32242
-21632
-1115
19909
31819
29154
13136
-8899
-26856
-32517
-23285
-3390
18058
31236
30107
15189
-6684
-25498
-32634
-24824
-5648
16115
30498
30911
17167
-4437
-24012
-32592
-26245
-7877
14096
29611
31567
19064
-2171
-22413
-32391
-27535
-10069
12006
28582
32067
20867
107
-20702
-32030
-28689
-12210
9857
27413
32412
22567
2383
-18891
-31514
-29706
-14293
7663
26112
32601
24159
4651
-16986
-30845
-30577
-16308
5430
24681
32628
25629
6892
-14998
-30024
-31299
-18240
3172
23130
32495
26978
9103
-12940
-29059
-31870
-20086
896
21467
32205
28192
11269
-10816
-27950
-32284
-21831
-1381
19697
31757
29271
13379
-8643
-26706
-32540
-23471
-3654
17835
31156
30208
15425
-6424
-25331
-32637
-24995
-5910
15883
30402
30997
17393
-4173
-23831
-32576
-26400
-8135
13856
29501
31634
19279
-1905
-22218
-32356
-27676
-10322
11759
28454
32116
21071
373
-20494
-31977
-28816
-12457
9604
27268
32442
22757
2648
-18674
-31444
-29817
-14533
7404
25951
32611
24335
4914
-16760
-30758
-30669
-16538
5167
24505
32620
25793
7152
-14762
-29919
-31373
-18459
2907
22941
32470
27128
9359
-12696
-28936
-31924
-20294
630
21267
32162
28325
11519
-10564
-27810
-32321
-22028
-1649
19486
31696
29388
13620
-8386
-26550
-32560
-23657
-3918
17611
31076
30307
15658
-6162
-25163
-32640
-25169
-6172
15650
30304
31078
17616
-3909
-23650
-32559
-26556
-8392
13615
29384
31698
19493
-1640
-22023
-32319
-27815
-10573
11510
28322
32163
21274
639
-20287
-31922
-28939
-12702
9350
27122
32471
22948
2913
-18452
-31370
-29922
-14770
7145
25789
32620
24511
5176
-16530
-30667
-30760
-16768
4904
24329
32610
25955
7414
-14524
-29813
-31447
-18679
2642
22750
32441
27273
9613
-12451
-28814
-31979
-20501
364
21063
32115
28459
11768
-10313
-27671
-32357
-22222
-1915
19271
31631
29505
13862
-8129
-26395
-32576
-23838
-4182
17387
30995
30405
15891
-5901
-24991
-32637
-25337
-6433
15417
30205
31157
17840
-3645
-23464
-32539
-26711
-8649
13373
29267
31759
19705
-1374
-21826
-32283
-27955
-10825
11261
28189
32206
21474
905
-20079
-31868
-29062
-12946
9094
26972
32496
23137
3179
-18232
-31297
-30028
-15006
6885
25625
32628
24688
5439
-16300
-30574
-30847
-16994
4641
24153
32601
26116
7673
-14284
-29702
-31516
-18896
2377
22560
32411
27418
9866
-12204
-28686
-32032
-20709
98
20860
32066
28586
12015
-10060
-27530
-32392
-22418
-2180
19056
31564
29615
14102
-7871
-26240
-32593
-24019
-4446
17161
30908
30501
16124
-5639
-24820
-32634
-25503
-6693
15181
30103
31238
18063
-3381
-23279
-32516
-26861
-8905
13127
29150
31821
19916
-1108
-21628
-32240
-28090
-11076
11011
28054
32248
21674
1171
-19867
-31809
-29182
-13194
8838
26821
32519
23322
3443
-18011
-31221
-30132
-15242
6626
25459
32632
24859
5701
-16069
-30481
-30933
-17220
4378
23971
32586
26274
7932
-14046
-29591
-31584
-19112
2111
22366
32381
27562
10120
-11957
-28557
-32081
-20912
-167
20655
32017
28715
12261
-9807
-27385
-32422
-22610
-2445
18841
31496
29726
14341
-7612
-26079
-32606
-24200
-4710
16935
30822
30594
16353
-5377
-24647
-32630
-25670
-6953
14945
29999
31312
18284
-3116
-23094
-32493
-27013
-9160
12883
29028
31878
20128
-842
-21428
-32198
-28225
-11325
10760
27918
32289
21873
1437
-19655
-31747
-29299
-13436
8582
26671
32541
23507
3707
-17788
-31141
-30232
-15477
6367
25292
32635
25030
5963
-15836
-30384
-31018
-17446
4114
23790
32569
26431
8189
-13805
-29479
-31651
-19328
1846
22172
32345
27703
10372
-11710
-28428
-32130
-21117
-433
20447
31963
28840
12508
-9553
-27240
-32451
-22800
-2711
18621
31426
29837
14579
-7350
-25918
-32616
-24376
-4972
16708
30736
30687
16583
-5114
-24471
-32621
-25832
-7213
14709
29893
31385
18506
-2851
-22904
-32467
-27162
-9416
12638
28905
31933
20335
-576
-21227
-32155
-28358
-11575
10508
27779
32326
22068
1703
-19443
-31685
-29415
-13678
8325
26515
32560
23692
3972
-17565
-31061
-30331
-15710
6105
25121
32637
25202
6224
-15603
-30286
-31099
-17669
3850
23608
32552
26586
8446
-13563
-29362
-31714
-19541
1578
21976
32309
27842
10624
-11461
-28296
-32176
-21320
-699
20239
31908
28963
12752
-9298
-27093
-32480
-22990
-2976
18402
31352
29942
14817
-7091
-25756
-32625
-24551
-5235
16478
30643
30776
16813
-4852
-24295
-32611
-25994
-7472
14470
29786
31459
18725
-2585
-22712
-32437
-27306
-9670
12392
28784
31988
20543
-310
-21023
-32107
-28489
-11823
10256
27638
32362
22263
1968
-19228
-31620
-29531
-13919
8068
26359
32577
23873
4235
-17340
-30979
-30429
-15944
5843
24950
32633
25369
6485
-15370
-30187
-31178
-17892
3586
23423
32531
26740
8703
-13322
-29246
-31776
-19752
1312
21779
32271
27982
10876
-11212
-28162
-32218
-21519
-965
20031
31854
29085
12998
-9043
-26943
-32504
-23181
-3241
18182
31278
30047
15053
-6831
-25591
-32632
-24728
-5498
16248
30550
30862
17039
-4589
-24117
-32601
-26155
-7731
14232
29675
31527
18942
-2320
-22522
-32408
-27452
-9923
12146
28655
32040
20749
-44
-20817
-32058
-28617
-12070
10003
27497
32396
22457
2233
-19013
-31553
-29642
-14159
7810
26203
32593
24054
4502
-17113
-30893
-30524
-16175
5582
24778
32630
25535
6745
-15134
-30085
-31257
-18115
3321
23236
32508
26892
8958
-13078
-29127
-31837
-19964
1046
21580
32228
28116
11126
-10962
-28028
-32260
-21718
-1231
19820
31792
29205
13243
-8787
-26792
-32526
-23367
-3505
17960
31201
30151
15290
-6571
-25425
-32635
-24899
-5760
16018
30457
30949
17265
-4326
-23936
-32585
-26312
-7989
13993
29565
31595
19157
-2055
-22328
-32376
-27595
-10177
11899
28527
32089
20953
220
-20612
-32009
-28746
-12317
9750
27351
32425
22650
2499
-18798
-31485
-29753
-14397
7551
26041
32605
24233
4766
-16887
-30807
-30616
-16405
5319
24604
32625
25702
7005
-14898
-29979
-31332
-18336
3058
23051
32485
27042
9214
-12833
-29005
-31893
-20174
780
21381
32186
28250
11375
-10710
-27889
-32300
-21918
-1497
19608
31730
29322
13484
-8530
-26641
-32549
-23552
-3770
17738
31120
30250
15524
-6311
-25258
-32639
-25070
-6021
15782
30359
31032
17491
-4062
-23754
-32568
-26469
-8246
13752
29451
31662
19373
-1789
-22133
-32340
-27735
-10432
11651
28398
32137
21157
486
-20403
-31953
-28869
-12563
9496
27207
32454
22840
2764
-18579
-31413
-29863
-14636
7292
25881
32615
24410
5028
-16659
-30719
-30709
-16635
5056
24429
32616
25864
7265
-14661
-29873
-31405
-18555
2792
22860
32458
27191
9469
-12589
-28882
-31948
-20382
514
21178
32142
28384
11625
-10455
-27750
-32336
-22113
-1762
19395
31669
29439
13726
-8273
-26485
-32567
-23735
-4034
17515
31041
30348
15757
-6049
-25088
-32639
-25241
-6283
15549
30261
31112
17714
-3798
-23572
-32552
-26624
-8503
13510
29334
31724
19586
-1525
-21938
-32304
-27875
-10683
11402
28265
32182
21360
752
-20196
-31898
-28992
-12807
9241
27058
32483
23030
3029
-18359
-31339
-29968
-14873
7033
25720
32624
24586
5291
-16430
-30626
-30798
-16863
4794
24252
32606
26024
7524
-14423
-29765
-31478
-18775
2527
22670
32428
27336
9723
-12343
-28759
-32003
-20590
249
20974
32094
28513
11873
-10203
-27610
-32373
-22307
-2028
19180
31603
29553
13968
-8016
-26329
-32583
-23917
-4297
17290
30958
30447
15993
-5788
-24917
-32636
-25407
-6544
15314
30162
31193
17937
-3533
-23386
-32529
-26776
-8760
13267
29218
31786
19797
-1259
-21739
-32265
-28014
-10935
11153
28130
32224
21559
1018
-19986
-31844
-29114
-13052
8985
26906
32506
23217
3294
-18139
-31265
-30074
-15109
6773
25553
32630
24760
5554
-16200
-30534
-30883
-17089
4527
24073
32595
26186
7783
-14184
-29653
-31546
-18990
2262
22478
32399
27481
9976
-12096
-28630
-32053
-20798
-16
20771
32045
28641
12119
-9949
-27467
-32405
-22502
-2293
18964
31535
29663
14206
-7758
-26172
-32600
-24098
-4561
17063
30871
30541
16224
-5526
-24745
-32632
-25573
-6803
15078
30058
31270
18159
-3269
-23201
-32506
-26927
-9016
13023
29098
31848
20009
-993
-21541
-32223
-28147
-11185
10902
27997
32266
21758
1283
-19775
-31782
-29233
-13296
8730
26756
32529
23403
3559
-17916
-31187
-30176
-15345
6513
25387
32633
24932
5815
-15968
-30440
-30970
-17317
4263
23892
32578
26342
8041
-13945
-29543
-31614
-19205
1996
22284
32366
27624
10230
-11849
-28503
-32102
-21001
-282
20565
31994
28770
12366
-9696
-27322
-32434
-22693
-2557
18748
31467
29775
14445
-7499
-26010
-32610
-24276
-4825
16836
30786
30633
16454
-5263
-24570
-32626
-25740
-7063
14842
29953
31344
18379
-3004
-23011
-32483
-27077
-9271
12778
28976
31902
20217
-727
-21342
-32180
-28282
-11434
10651
27857
32305
21956
1552
-19563
-31720
-29349
-13538
8473
26603
32551
23588
3823
-17693
-31107
-30275
-15578
6252
25220
32636
25105
6077
-15735
-30342
-31052
-17541
4000
23711
32562
26499
8298
-13703
-29428
-31679
-19421
1731
22089
32329
27764
10481
-11601
-28373
-32150
-21205
-548
20357
31939
28892
12612
-9442
-27177
-32464
-22883
-2822
18526
31393
29882
14684
-7240
-25849
-32620
-24453
-5087
16607
30697
30726
16683
-5000
-24394
-32617
-25901
-7323
14605
29848
31418
18599
-2739
-22820
-32454
-27225
-9526
12534
28853
31957
20425
-461
-21139
-32135
-28415
-11684
10399
27718
32341
22151
1818
-19350
-31658
-29467
-13779
8216
26447
32567
23770
4086
-17470
-31027
-30373
-15811
5991
25048
32635
25275
6339
-15502
-30243
-31132
-17764
3735
23527
32544
26654
8555
-13462
-29312
-31741
-19633
1465
21894
32293
27903
10733
-11352
-28239
-32194
-21408
-814
20149
31884
29015
12857
-9187
-27029
-32491
-23074
-3088
18307
31320
29988
14920
-6981
-25687
-32629
-24628
-5350
16378
30603
30813
16911
-4738
-24219
-32607
-26062
-7585
14366
29738
31489
18818
-2474
-22630
-32425
-27369
-9780
12287
28729
32012
20633
-195
-20934
-32086
-28545
-11931
10147
27577
32377
22346
2083
-19134
-31591
-29580
-14021
7959
26291
32584
23952
4350
-17244
-30942
-30471
-16045
5729
24877
32632
25442
6599
-15268
-30143
-31213
-17987
3471
23342
32521
26805
8811
-13217
-29194
-31802
-19845
1200
21694
32252
28041
10985
-11103
-28105
-32236
-21606
-1080
19939
31828
29137
13104
-8931
-26877
-32513
-23259
-3352
18087
31246
30092
15156
-6721
-25520
-32633
-24802
-5611
16148
30511
30899
17137
-4474
-24038
-32594
-26223
-7844
14127
29627
31557
19033
-2208
-22438
-32396
-27515
-10033
12041
28600
32061
20838
70
-20731
-32037
-28673
-12178
9893
27433
32408
22540
2348
-18919
-31523
-29690
-14260
7700
26133
32600
24133
4613
-17018
-30855
-30564
-16276
5467
24706
32629
25608
6859
-15031
-30039
-31289
-18209
3207
23156
32498
26956
9067
-12972
-29074
-31862
-20056
934
21495
32210
28174
11234
-10852
-27970
-32278
-21805
-1346
19727
31766
29255
13347
-8675
-26727
-32536
-23445
-3617
17863
31166
30194
15392
-6461
-25354
-32637
-24973
-5873
15916
30416
30986
17363
-4210
-23857
-32578
-26378
-8101
13888
29517
31624
19248
-1943
-22243
-32361
-27656
-10286
11794
28471
32110
21042
336
-20524
-31985
-28801
-12424
9640
27288
32438
22730
2614
-18702
-31455
-29801
-14499
7438
25972
32609
24310
4876
-16792
-30769
-30657
-16506
5204
24530
32621
25772
7119
-14794
-29934
-31363
-18431
2942
22967
32474
27106
9323
-12728
-28952
-31917
-20264
668
21296
32168
28308
11483
-10600
-27830
-32316
-22002
-1612
19516
31704
29371
13589
-8418
-26572
-32557
-23631
-3881
17640
31086
30293
15625
-6200
-25185
-32640
-25144
-6135
15683
30318
31067
17589
-3947
-23676
-32561
-26534
-8358
13646
29400
31689
19463
-1678
-22048
-32324
-27795
-10538
11545
28340
32158
21245
602
-20316
-31930
-28923
-12670
9386
27143
32467
22921
2879
-18483
-31380
-29908
-14737
7179
25810
32619
24486
5139
-16563
-30679
-30749
-16735
4942
24354
32612
25934
7378
-14557
-29829
-31436
-18650
2676
22777
32445
27253
9577
-12483
-28829
-31972
-20472
402
21092
32122
28440
11733
-10348
-27691
-32352
-22197
-1877
19302
31641
29488
13831
-8161
-26417
-32574
-23812
-4145
17417
31006
30391
15858
-5938
-25013
-32638
-25313
-6396
15450
30219
31147
17811
-3682
-23490
-32542
-26690
-8615
13404
29284
31751
19675
-1409
-21852
-32288
-27936
-10789
11296
28206
32200
21446
868
-20108
-31875
-29046
-12914
9130
26994
32492
23113
3144
-18263
-31307
-30013
-14973
6919
25647
32628
24663
5402
-16332
-30586
-30835
-16962
4679
24178
32602
26095
7637
-14318
-29717
-31506
-18869
2411
22587
32416
27397
9831
-12236
-28703
-32025
-20680
136
20886
32073
28568
11981
-10096
-27550
-32387
-22392
-2142
19086
31574
29599
14071
-7905
-26262
-32590
-23993
-4412
17191
30920
30488
16091
-5676
-24842
-32634
-25480
-6656
15214
30118
31228
18034
-3418
-23305
-32519
-26840
-8872
13162
29167
31813
19887
-1143
-21653
-32246
-28071
-11041
11047
28072
32242
21646
1134
-19896
-31818
-29167
-13159
8875
26842
32515
23298
3409
-18042
-31233
-30117
-15209
6659
25481
32631
24835
5664
-16102
-30493
-30921
-17188
4415
23996
32588
26255
7896
-14080
-29606
-31574
-19084
2146
22394
32385
27542
10084
-11988
-28574
-32074
-20885
-129
20681
32023
28697
12227
-9843
-27405
-32418
-22585
-2408
18870
31506
29711
14310
-7646
-26101
-32605
-24175
-4675
16965
30835
30581
16321
-5414
-24670
-32631
-25646
-6916
14978
30014
31302
18255
-3154
-23120
-32496
-26993
-9127
12917
29046
31871
20098
-877
-21454
-32204
-28206
-11290
10795
27936
32284
21845
1400
-19685
-31755
-29284
-13402
8619
26692
32538
23483
3673
-17820
-31152
-30218
-15444
6399
25314
32634
25006
5926
-15866
-30397
-31007
-17414
4151
23815
32571
26410
8153
-13839
-29495
-31641
-19300
1880
22198
32350
27683
10340
-11742
-28446
-32123
-21088
-395
20474
31970
28823
12474
-9589
-27261
-32447
-22775
-2673
18652
31436
29823
14548
-7387
-25941
-32614
-24351
-4938
16738
30748
30674
16551
-5151
-24493
-32622
-25809
-7176
14742
29908
31376
18474
-2888
-22931
-32471
-27143
-9383
12673
28923
31925
20306
-611
-21253
-32162
-28339
-11539
10544
27796
32321
22041
1665
-19473
-31693
-29400
-13643
8362
26536
32558
23669
3937
-17596
-31072
-30317
-15677
6138
25146
32637
25178
6187
-15633
-30299
-31087
-17638
3887
23634
32555
26566
8410
-13598
-29378
-31705
-19513
1615
22004
32314
27822
10591
-11492
-28314
-32170
-21292
-661
20266
31915
28946
12719
-9335
-27115
-32476
-22966
-2938
18433
31363
29928
14787
-7128
-25779
-32624
-24526
-5201
16508
30656
30764
16781
-4889
-24317
-32612
-25971
-7435
14504
29801
31450
18694
-2623
-22739
-32442
-27287
-9637
12427
28801
31980
20513
-345
-21050
-32114
-28471
-11788
10289
27657
32357
22235
1931
-19259
-31629
-29517
-13885
8105
26381
32574
23850
4201
-17372
-30991
-30415
-15913
5876
24975
32634
25345
6448
-15400
-30200
-31167
-17861
3623
23449
32534
26721
8667
-13356
-29262
-31768
-19725
1349
21807
32277
27962
10843
-11243
-28181
-32212
-21491
-927
20059
31861
29069
12963
-9079
-26963
-32501
-23155
-3204
18214
31288
30033
15023
-6868
-25615
-32632
-24703
-5464
16278
30564
30851
17007
-4622
-24141
-32603
-26132
-7694
14266
29690
31519
18911
-2358
-22549
-32412
-27433
-9890
12181
28673
32033
20720
-79
-20846
-32065
-28599
-12035
10036
27515
32392
22431
2196
-19044
-31562
-29627
-14125
7847
26226
32591
24031
4465
-17146
-30905
-30511
-16146
5615
24803
32631
25511
6708
-15164
-30097
-31247
-18084
3359
23263
32511
26871
8923
-13113
-29144
-31829
-19936
1083
21608
32234
28097
11094
-10994
-28047
-32254
-21690
-1193
19847
31801
29189
13208
-8823
-26812
-32523
-23340
-3468
17992
31213
30138
15259
-6608
-25449
-32635
-24874
-5726
16048
30470
30936
17233
-4359
-23960
-32587
-26290
-7953
14026
29579
31587
19126
-2092
-22356
-32381
-27577
-10144
11934
28545
32082
20926
186
-20641
-32016
-28727
-12282
9783
27370
32421
22623
2461
-18829
-31494
-29738
-14363
7588
26064
32604
24212
4728
-16919
-30819
-30603
-16375
5353
24629
32627
25678
6968
-14928
-29993
-31321
-18305
3094
23075
32488
27022
9179
-12868
-29023
-31885
-20147
817
21409
32192
28231
11343
-10742
-27909
-32295
-21890
-1462
19635
31739
29306
13450
-8567
-26661
-32546
-23526
-3732
17769
31132
30237
15494
-6348
-25282
-32638
-25047
-5987
15814
30373
31021
17460
-4095
-23778
-32571
-26446
-8210
13785
29466
31654
19342
-1827
-22161
-32345
-27717
-10396
11687
28416
32130
21131
452
-20433
-31961
-28852
-12528
9529
27225
32450
22813
2726
-18610
-31422
-29848
-14602
7329
25904
32613
24387
4991
-16692
-30732
-30696
-16605
5090
24454
32617
25841
7228
-14692
-29888
-31394
-18524
2829
22885
32461
27171
9434
-12623
-28900
-31941
-20355
551
21207
32149
28365
11592
-10490
-27770
-32331
-22085
-1728
19423
31677
29422
13692
-8310
-26505
-32564
-23710
-3996
17546
31052
30336
15727
-6086
-25112
-32639
-25219
-6249
15581
30275
31102
17682
-3831
-23596
-32554
-26602
-8467
13543
29349
31716
19556
-1562
-21966
-32309
-27856
-10648
11437
28284
32176
21334
718
-20225
-31906
-28975
-12773
9274
27078
32480
23003
2992
-18387
-31349
-29953
-14839
7070
25743
32623
24563
5254
-16462
-30639
-30786
-16834
4828
24277
32607
26002
7490
-14454
-29780
-31468
-18744
2564
22695
32432
27315
9688
-12378
-28777
-31996
-20563
285
21003
32101
28497
11841
-10238
-27630
-32367
-22280
-1993
19208
31612
29538
13934
-8053
-26349
-32581
-23891
-4260
17322
30969
30434
15960
-5825
-24941
-32636
-25386
-6510
15347
30176
31181
17905
-3568
-23410
-32532
-26756
-8724
13302
29233
31778
19767
-1296
-21768
-32270
-27996
-10899
11188
28149
32218
21533
984
-20016
-31852
-29097
-13017
9019
26928
32502
23191
3257
-18167
-31275
-30059
-15075
6810
25576
32629
24738
5516
-16232
-30547
-30871
-17061
4564
24099
32597
26163
7749
-14215
-29669
-31536
-18960
2298
22504
32403
27461
9941
-12131
-28649
-32047
-20769
19
20800
32052
28624
12087
-9985
-27488
-32401
-22474
-2258
18992
31544
29648
14172
-7795
-26193
-32598
-24072
-4524
17094
30882
30529
16191
-5563
-24769
-32633
-25552
-6770
15111
30073
31260
18128
-3303
-23224
-32509
-26906
-8979
13055
29114
31839
19979
-1030
-21569
-32228
-28130
-11150
10938
28016
32260
21732
1250
-19805
-31791
-29217
-13265
8763
26777
32525
23377
3521
-17945
-31197
-30162
-15311
6550
25410
32633
24910
5778
-16001
-30454
-30959
-17287
4301
23918
32581
26320
8007
-13976
-29559
-31604
-19175
2034
22309
32370
27604
10195
-11884
-28519
-32096
-20973
-245
20594
32002
28753
12334
-9732
-27342
-32430
-22666
-2524
18777
31476
29759
14411
-7533
-26031
-32609
-24251
-4787
16868
30797
30621
16421
-5300
-24595
-32628
-25719
-7030
14875
29968
31334
18351
-3039
-23038
-32486
-27056
-9235
12810
28992
31894
20188
-765
-21370
-32186
-28264
-11399
10686
27876
32300
21930
1516
-19593
-31729
-29333
-13507
8506
26625
32548
23562
3785
-17722
-31117
-30261
-15546
6289
25244
32636
25081
6040
-15768
-30355
-31042
-17513
4037
23736
32564
26477
8264
-13735
-29444
-31670
-19390
1769
22114
32334
27744
10447
-11637
-28390
-32144
-21176
-510
20387
31947
28876
12580
-9478
-27198
-32459
-22856
-2789
18557
31404
29867
14650
-7274
-25870
-32618
-24428
-5050
16640
30709
30714
16651
-5038
-24419
-32618
-25880
-7289
14639
29863
31407
18570
-2773
-22847
-32458
-27205
-9490
12566
28869
31949
20396
-499
-21166
-32141
-28398
-11648
10435
27737
32336
22126
1781
-19380
-31667
-29450
-13749
8249
26469
32565
23745
4050
-17499
-31037
-30359
-15779
6028
25071
32636
25251
6302
-15535
-30257
-31122
-17735
3773
23553
32547
26632
8521
-13493
-29327
-31732
-19603
1500
21920
32298
27883
10698
-11387
-28257
-32188
-21379
-776
20178
31891
28999
12825
-9223
-27049
-32487
-23049
-3054
18338
31330
29973
14886
-7014
-25709
-32628
-24603
-5313
16410
30615
30802
16879
-4775
-24243
-32608
-26041
-7548
14400
29754
31479
18790
-2508
-22657
-32429
-27349
-9744
12319
28746
32004
20604
-233
-20963
-32093
-28527
-11896
10183
27597
32372
22320
2045
-19165
-31601
-29564
-13990
7992
26313
32582
23927
4313
-17274
-30954
-30458
-16012
5766
24900
32632
25418
6562
-15300
-30158
-31202
-17958
3509
23368
32524
26784
8778
-13251
-29211
-31794
-19815
1234
21720
32258
28022
10950
-11138
-28122
-32230
-21578
-1042
19969
31837
29121
13069
-8967
-26899
-32510
-23235
-3318
18117
31256
30078
15122
-6754
-25542
-32633
-24777
-5575
16181
30523
30888
17105
-4511
-24063
-32597
-26202
-7807
14161
29643
31547
19005
-2243
-22465
-32400
-27494
-9997
12073
28617
32054
20809
32
-20757
-32044
-28655
-12143
9929
27454
32405
22515
2311
-18950
-31533
-29674
-14229
7734
26156
32598
24108
4580
-17048
-30867
-30551
-16243
5504
24729
32629
25584
6822
-15064
-30054
-31279
-18180
3244
23183
32501
26937
9034
-13006
-29091
-31855
-20026
968
21521
32216
28155
11200
-10888
-27988
-32273
-21777
-1308
19757
31774
29240
13313
-8712
-26749
-32533
-23421
-3582
17895
31177
30180
15358
-6494
-25376
-32636
-24949
-5837
15946
30429
30974
17332
-4248
-23883
-32580
-26358
-8065
13922
29532
31615
19220
-1977
-22271
-32366
-27636
-10250
11826
28489
32103
21013
298
-20550
-31992
-28783
-12390
9676
27308
32434
22705
2576
-18733
-31465
-29786
-14468
7475
25995
32608
24285
4843
-16822
-30781
-30644
-16473
5241
24552
32623
25750
7082
-14828
-29948
-31353
-18400
2979
22994
32478
27087
9289
-12761
-28969
-31909
-20235
702
21322
32174
28290
11449
-10636
-27848
-32311
-21975
-1574
19546
31712
29356
13555
-8455
-26595
-32555
-23607
-3847
17672
31098
30279
15592
-6234
-25209
-32640
-25120
-6099
15713
30331
31056
17557
-3984
-23702
-32563
-26515
-8322
13680
29417
31680
19435
-1712
-22076
-32330
-27777
-10505
11578
28359
32151
21216
564
-20343
-31937
-28905
-12635
9422
27164
32463
22896
2841
-18514
-31391
-29894
-14706
7216
25833
32618
24462
5105
-16591
-30692
-30737
-16703
4979
24377
32613
25911
7341
-14591
-29842
-31427
-18619
2714
22804
32449
27234
9544
-12517
-28846
-31964
-20443
436
21119
32129
28422
11698
-10381
-27709
-32347
-22170
-1840
19332
31650
29473
13796
-8198
-26439
-32571
-23788
-4111
17449
31017
30377
15828
-5972
-25037
-32638
-25289
-6360
15480
30232
31136
17780
-3720
-23517
-32545
-26670
-8579
13439
29300
31743
19647
-1446
-21881
-32293
-27916
-10757
11328
28225
32194
21419
830
-20135
-31882
-29028
-12880
9167
27015
32489
23086
3107
-18294
-31318
-29999
-14942
6956
25671
32627
24638
5368
-16362
-30600
-30823
-16930
4716
24201
32603
26072
7600
-14352
-29732
-31498
-18839
2449
22614
32420
27378
9798
-12270
-28721
-32018
-20651
170
20914
32079
28551
11946
-10129
-27569
-32383
-22365
-2105
19117
31583
29585
14037
-7941
-26283
-32588
-23970
-4374
17223
30932
30475
16062
-5710
-24866
-32635
-25456
-6620
15245
30131
31216
18002
-3455
-23332
-32522
-26821
-8835
13197
29183
31805
19860
-1181
-21681
-32252
-28052
-11008
11079
28091
32236
21618
1096
-19924
-31826
-29150
-13124
8911
26862
32512
23272
3371
-18074
-31243
-30103
-15178
6696
25504
32631
24811
5630
-16132
-30506
-30909
-17156
4449
24020
32590
26233
7859
-14113
-29621
-31566
-19054
2183
22422
32390
27524
10051
-12023
-28592
-32067
-20858
-95
20711
32030
28679
12192
-9875
-27424
-32414
-22558
-2370
18901
31515
29696
14277
-7682
-26124
-32603
-24151
-4638
16997
30847
30568
16292
-5448
-24695
-32631
-25622
-6880
15009
30027
31292
18224
-3191
-23144
-32499
-26972
-9091
12952
29063
31864
20071
-915
-21482
-32210
-28187
-11258
10828
27956
32279
21816
1362
-19712
-31764
-29268
-13367
8655
26712
32535
23458
3636
-17850
-31163
-30206
-15414
6436
25338
32634
24983
5892
-15899
-30411
-30995
-17382
4186
23839
32574
26388
8117
-13874
-29510
-31633
-19269
1918
22226
32355
27665
10304
-11777
-28465
-32117
-21062
-361
20503
31978
28807
12439
-9622
-27280
-32443
-22748
-2635
18684
31446
29807
14516
-7423
-25964
-32613
-24328
-4901
16770
30760
30660
16522
-5185
-24518
-32623
-25787
-7140
14773
29922
31365
18443
-2926
-22954
-32475
-27122
-9347
12707
28940
31918
20279
-649
-21282
-32168
-28320
-11507
10576
27815
32315
22013
1631
-19501
-31702
-29384
-13609
8398
26557
32556
23643
3900
-17627
-31084
-30304
-15647
6175
25170
32637
25156
6153
-15666
-30313
-31076
-17606
3922
23658
32557
26544
8374
-13632
-29393
-31697
-19483
1653
22032
32318
27804
10556
-11528
-28333
-32164
-21265
-627
20296
31923
28928
12684
-9368
-27134
-32472
-22940
-2901
18462
31371
29913
14753
-7164
-25802
-32623
-24504
-5164
16541
30669
30752
16751
-4923
-24342
-32614
-25948
-7401
14535
29817
31440
18663
-2661
-22764
-32445
-27268
-9601
12462
28817
31973
20486
-383
-21078
-32121
-28453
-11756
10325
27676
32352
22208
1896
-19287
-31638
-29501
-13851
8141
26401
32572
23824
4164
-17404
-31003
-30402
-15880
5913
24998
32634
25324
6415
-15433
-30214
-31156
-17830
3657
23472
32537
26699
8631
-13390
-29277
-31759
-19695
1387
21835
32282
27944
10807
-11278
-28200
-32206
-21465
-893
20088
31868
29051
12929
-9112
-26984
-32497
-23129
-3166
18242
31298
30019
14989
-6904
-25638
-32631
-24680
-5426
16311
30577
30839
16978
-4660
-24166
-32604
-26109
-7660
14296
29705
31509
18881
-2395
-22574
-32416
-27412
-9855
12216
28691
32026
20694
-117
-20875
-32072
-28582
-12003
10072
27536
32387
22403
2161
-19072
-31571
-29611
-14091
7884
26246
32589
24005
4427
-17178
-30916
-30499
-16113
5652
24827
32631
25491
6675
-15198
-30112
-31236
-18053
3393
23287
32514
26850
8887
-13145
-29160
-31821
-19906
1121
21636
32240
28080
11058
-11029
-28065
-32248
-21665
-1159
19877
31810
29172
13176
-8856
-26833
-32520
-23314
-3430
18021
31223
30123
15226
-6644
-25472
-32634
-24852
-5689
16080
30484
30925
17204
-4396
-23984
-32590
-26268
-7919
14057
29594
31577
19097
-2130
-22381
-32385
-27557
-10108
11969
28561
32075
20898
148
-20670
-32023
-28711
-12250
9819
27390
32417
22596
2427
-18857
-31503
-29723
-14330
7625
26085
32602
24187
4691
-16951
-30830
-30592
-16343
5389
24654
32628
25657
6935
-14962
-30008
-31311
-18274
3129
23102
32491
27001
9142
-12900
-29038
-31878
-20118
855
21436
32198
28214
11308
-10778
-27929
-32290
-21864
-1424
19665
31748
29289
13419
-8600
-26683
-32543
-23499
-3695
17798
31142
30224
15461
-6384
-25305
-32638
-25023
-5950
15847
30387
31010
17430
-4132
-23803
-32573
-26424
-8176
13816
29483
31644
19312
-1865
-22185
-32350
-27697
-10360
11722
28433
32125
21102
414
-20462
-31969
-28836
-12496
9565
27246
32446
22786
2692
-18637
-31433
-29834
-14568
7363
25924
32612
24362
4954
-16724
-30744
-30684
-16573
5127
24479
32618
25820
7194
-14726
-29903
-31384
-18496
2863
22912
32465
27150
9398
-12655
-28916
-31933
-20326
589
21236
32155
28347
11557
-10526
-27790
-32327
-22060
-1690
19453
31686
29406
13660
-8343
-26526
-32562
-23684
-3959
17575
31063
30322
15694
-6122
-25134
-32640
-25195
-6212
15614
30289
31091
17653
-3869
-23622
-32556
-26580
-8433
13575
29366
31707
19526
-1596
-21991
-32314
-27837
-10612
11473
28301
32170
21305
680
-20255
-31914
-28959
-12742
9310
27099
32475
22976
2957
-18418
-31360
-29939
-14806
7103
25763
32622
24538
5217
-16495
-30651
-30774
-16803
4864
24302
32609
25982
7453
-14488
-29796
-31458
-18715
2598
22721
32436
27295
9652
-12410
-28794
-31988
-20533
323
21032
32107
28478
11806
-10274
-27650
-32363
-22254
-1956
19238
31621
29522
13902
-8086
-26371
-32579
-23865
-4223
17350
30981
30420
15927
-5862
-24963
-32637
-25362
-6473
15381
30190
31171
17876
-3604
-23437
-32535
-26734
-8690
13333
29249
31769
19737
-1330
-21794
-32276
-27977
-10864
11222
28167
32213
21505
946
-20046
-31860
-29081
-12987
9055
26949
32499
23167
3222
-18198
-31285
-30044
-15043
6843
25598
32629
24715
5479
-16265
-30559
-30860
-17029
4601
24125
32599
26142
7712
-14249
-29685
-31526
-18932
2333
22531
32407
27440
9905
-12163
-28665
-32040
-20740
57
20826
32058
28606
12052
-10021
-27508
-32397
-22449
-2221
19023
31554
29632
14141
-7829
-26216
-32595
-24046
-4490
17124
30895
30515
16159
-5600
-24791
-32633
-25528
-6733
15145
30088
31250
18100
-3340
-23250
-32512
-26886
-8946
13090
29131
31831
19949
-1064
-21595
-32234
-28111
-11114
10973
28033
32255
21704
1212
-19835
-31799
-29201
-13231
8799
26798
32522
23353
3487
-17977
-31209
-30148
-15279
6583
25432
32632
24886
5741
-16034
-30466
-30947
-17255
4337
23944
32583
26300
7971
-14010
-29575
-31594
-19147
2067
22337
32375
27584
10159
-11917
-28537
-32089
-20944
-208
20621
32009
28735
12299
-9768
-27363
-32426
-22641
-2486
18808
31486
29743
14380
-7570
-26054
-32608
-24226
-4753
16898
30809
30608
16389
-5337
-24618
-32629
-25695
-6993
14909
29983
31324
18320
-3075
-23065
-32490
-27036
-9202
12845
29009
31886
20158
-798
-21396
-32192
-28245
-11364
10721
27895
32295
21903
1478
-19623
-31737
-29319
-13473
8543
26647
32545
23538
3751
-17754
-31128
-30247
-15513
6323
25265
32635
25057
6003
-15799
-30368
-31030
-17481
4074
23762
32566
26456
8228
-13769
-29461
-31661
-19363
1802
22142
32339
27724
10414
-11669
-28409
-32137
-21148
-474
20413
31954
28859
12545
-9514
-27218
-32456
-22832
-2751
18589
31414
29854
14619
-7311
-25893
-32617
-24403
-5016
16670
30722
30701
16618
-5075
-24442
-32619
-25857
-7252
14673
29876
31398
18539
-2810
-22874
-32462
-27186
-9457
12600
28887
31941
20367
-532
-21193
-32148
-28379
-11613
10466
27755
32331
22098
1744
-19410
-31675
-29435
-13715
8286
26491
32563
23721
4015
-17531
-31049
-30345
-15746
6062
25095
32636
25229
6265
-15565
-30270
-31110
-17704
3810
23580
32550
26612
8485
-13526
-29344
-31723
-19576
1537
21946
32303
27863
10666
-11420
-28276
-32182
-21351
-740
20205
31899
28982
12790
-9259
-27070
-32484
-23022
-3017
18368
31341
29959
14856
-7051
-25732
-32627
-24578
-5279
16440
30629
30790
16847
-4812
-24266
-32610
-26018
-7511
14434
29768
31471
18759
-2546
-22684
-32433
-27330
-9711
12354
28764
31997
20574
-266
-20989
-32100
-28509
-11861
10215
27615
32367
22293
2009
-19195
-31610
-29550
-13956
8029
26335
32579
23903
4279
-17306
-30966
-30444
-15982
5800
24924
32633
25395
6525
-15331
-30171
-31191
-17927
3546
23394
32527
26765
8742
-13285
-29228
-31786
-19787
1272
21748
32264
28003
10917
-11170
-28141
-32224
-21550
-1006
19996
31845
29104
13035
-9003
-26918
-32507
-23209
-3282
18149
31267
30064
15092
-6791
-25565
-32633
-24753
-5541
16210
30536
30875
17074
-4546
-24087
-32599
-26179
-7770
14195
29657
31539
18975
-2280
-22493
-32404
-27476
-9964
12108
28635
32047
20783
0
-20786
-32051
-28636
-12108
9961
27473
32400
22487
2274
-18980
-31542
-29660
-14195
7770
26178
32596
24084
4543
-17080
-30879
-30538
-16213
5538
24752
32630
25561
6785
-15095
-30067
-31269
-18149
3282
23208
32504
26915
8997
-13041
-29108
-31847
-19999
1006
21549
32222
28136
11167
-10920
-28008
-32267
-21749
-1272
19785
31783
29223
13279
-8748
-26768
-32530
-23395
-3546
17926
31189
30168
15328
-6531
-25399
-32636
-24925
-5803
15979
30443
30962
17300
-4282
-23906
-32582
-26336
-8029
13956
29547
31607
19190
-2015
-22298
-32371
-27618
-10218
11861
28507
32096
20986
263
-20580
-32000
-28765
-12355
9708
27327
32430
22679
2539
-18764
-31474
-29771
-14434
7511
26017
32607
24263
4806
-16853
-30794
-30630
-16443
5276
24577
32624
25728
7045
-14859
-29962
-31343
-18369
3017
23019
32481
27065
9253
-12796
-28986
-31902
-20208
740
21350
32180
28271
11417
-10669
-27868
-32306
-21947
-1540
19573
31721
29339
13520
-8491
-26615
-32553
-23580
-3810
17703
31109
30267
15562
-6271
-25233
-32639
-25098
-6065
15746
30345
31045
17525
-4018
-23724
-32566
-26492
-8286
13715
29432
31672
19405
-1750
-22104
-32334
-27758
-10469
11613
28378
32144
21190
529
-20372
-31945
-28888
-12600
9454
27183
32459
22869
2805
-18542
-31401
-29879
-14673
7252
25856
32616
24439
5069
-16624
-30705
-30724
-16673
5013
24402
32614
25888
7304
-14622
-29857
-31416
-18589
2752
22829
32453
27213
9508
-12551
-28864
-31957
-20416
474
21148
32135
28404
11666
-10417
-27729
-32342
-22143
-1805
19360
31659
29457
13763
-8234
-26459
-32569
-23763
-4074
17481
31028
30365
15796
-6009
-25062
-32639
-25268
-6326
15513
30246
31124
17748
-3754
-23541
-32548
-26648
-8543
13473
29316
31734
19618
-1484
-21909
-32298
-27898
-10721
11364
28244
32188
21393
795
-20164
-31890
-29011
-12845
9199
27033
32486
23060
3069
-18323
-31327
-29984
-14909
6993
25694
32626
24615
5331
-16394
-30612
-30811
-16901
4750
24225
32605
26049
7567
-14383
-29748
-31488
-18808
2486
22639
32423
27358
9762
-12305
-28740
-32012
-20624
208
20943
32086
28534
11914
-10165
-27589
-32378
-22337
-2070
19144
31592
29570
14004
-7977
-26303
-32586
-23945
-4337
17255
30944
30463
16029
-5747
-24891
-32635
-25435
-6586
15279
30146
31205
17971
-3490
-23356
-32525
-26799
-8799
13228
29198
31796
19830
-1218
-21709
-32258
-28036
-10973
11114
28110
32230
21592
1061
-19954
-31834
-29133
-13093
8943
26883
32509
23245
3334
-18103
-31253
-30090
-15145
6733
25527
32630
24788
5594
-16165
-30519
-30897
-17127
4487
24046
32592
26211
7826
-14144
-29636
-31556
-19023
2221
22446
32394
27503
10015
-12058
-28611
-32061
-20829
-57
20740
32037
28662
12160
-9911
-27445
-32410
-22531
-2336
18929
31524
29680
14243
-7718
-26145
-32602
-24126
-4601
17029
30857
30556
16259
-5485
-24720
-32632
-25601
-6846
15042
30042
31281
18193
-3225
-23170
-32502
-26950
-9055
12984
29078
31856
20041
-952
-21510
-32216
-28170
-11222
10864
27975
32273
21791
1327
-19742
-31773
-29251
-13336
8687
26733
32532
23432
3598
-17879
-31174
-30192
-15381
6473
25361
32634
24960
5856
-15933
-30425
-30984
-17353
4223
23865
32576
26366
8083
-13905
-29526
-31623
-19239
1956
22251
32360
27645
10268
-11812
-28481
-32110
-21033
-323
20533
31986
28791
12407
-9658
-27299
-32439
-22721
-2601
18712
31456
29792
14482
-7456
-25985
-32612
-24303
-4864
16803
30771
30648
16489
-5223
-24543
-32625
-25766
-7106
14805
29937
31356
18415
-2960
-22981
-32479
-27100
-9310
12739
28956
31910
20249
-686
-21311
-32173
-28304
-11473
10612
27835
32311
21988
1593
-19531
-31711
-29367
-13578
8430
26579
32553
23617
3862
-17656
-31094
-30291
-15614
6212
25194
32637
25131
6117
-15699
-30327
-31066
-17578
3959
23684
32559
26522
8340
-13663
-29410
-31688
-19453
1690
22057
32324
27785
10520
-11563
-28350
-32158
-21236
-589
20325
31930
28913
12652
-9404
-27155
-32468
-22913
-2866
18493
31382
29898
14720
-7197
-25823
-32621
-24480
-5127
16573
30681
30741
16719
-4960
-24367
-32615
-25927
-7366
14568
29832
31429
18634
-2695
-22791
-32449
-27247
-9565
12494
28833
31965
20457
-420
-21107
-32128
-28436
-11722
10360
27696
32347
22183
1859
-19317
-31648
-29484
-13819
8173
26423
32570
23798
4126
-17433
-31013
-30388
-15847
5950
25020
32635
25300
6378
-15466
-30228
-31145
-17801
3695
23498
32540
26678
8597
-13422
-29294
-31750
-19665
1421
21861
32287
27924
10772
-11314
-28217
-32201
-21437
-855
20118
31875
29035
12897
-9148
-27005
-32494
-23105
-3132
18273
31309
30004
14956
-6938
-25660
-32631
-24655
-5389
16342
30589
30827
16946
-4697
-24192
-32605
-26088
-7625
14329
29721
31499
18854
-2430
-22601
-32420
-27392
-9819
12247
28708
32019
20664
-154
-20901
-32078
-28564
-11969
10108
27555
32383
22378
2124
-19102
-31581
-29596
-14060
7916
26267
32586
23979
4393
-17207
-30928
-30485
-16080
5689
24849
32631
25467
6638
-15231
-30127
-31226
-18024
3431
23313
32518
26828
8853
-13179
-29177
-31812
-19877
1156
21662
32246
28061
11023
-11064
-28083
-32243
-21637
-1121
19906
31818
29157
13142
-8893
-26854
-32517
-23290
-3396
18053
31234
30108
15192
-6678
-25494
-32634
-24828
-5652
16113
30496
30913
17172
-4433
-24010
-32592
-26249
-7884
14091
29610
31567
19069
-2164
-22409
-32390
-27537
-10072
12000
28579
32068
20870
111
-20697
-32029
-28693
-12216
9855
27411
32413
22571
2389
-18886
-31513
-29707
-14299
7657
26108
32601
24161
4657
-16981
-30843
-30579
-16311
5427
24677
32628
25633
6898
-14995
-30023
-31301
-18245
3166
23128
32495
26981
9109
-12935
-29056
-31871
-20089
890
21462
32204
28195
11272
-10813
-27947
-32285
-21836
-1387
19695
31756
29274
13384
-8637
-26704
-32540
-23475
-3660
17830
31154
30210
15428
-6418
-25327
-32637
-24999
-5913
15877
30399
30999
17398
-4170
-23829
-32575
-26404
-8141
13851
29499
31634
19284
-1899
-22213
-32355
-27678
-10328
11753
28451
32118
21073
377
-20489
-31976
-28819
-12462
9601
27267
32442
22761
2654
-18668
-31443
-29820
-14537
7398
25947
32611
24337
4920
-16754
-30756
-30671
-16541
5164
24501
32620
25797
7158
-14759
-29918
-31374
-18464
2901
22939
32470
27131
9365
-12690
-28933
-31925
-20296
624
21262
32161
28328
11522
-10562
-27807
-32321
-22032
-1653
19483
31694
29390
13626
-8380
-26549
-32560
-23661
-3925
17606
31074
30308
15661
-6156
-25159
-32640
-25171
-6175
15644
30302
31080
17622
-3906
-23648
-32559
-26560
-8398
13609
29382
31698
19498
-1634
-22018
-32319
-27817
-10579
11504
28319
32164
21277
642
-20282
-31921
-28942
-12707
9347
27121
32472
22952
2920
-18449
-31369
-29925
-14776
7140
25786
32620
24513
5183
-16525
-30664
-30762
-16771
4901
24325
32610
25959
7417
-14521
-29810
-31449
-18684
2636
22748
32440
27277
9619
-12445
-28811
-31980
-20504
358
21059
32114
28460
11771
-10307
-27668
-32358
-22227
-1918
19269
31630
29507
13868
-8123
-26393
-32576
-23842
-4189
17382
30993
30406
15896
-5895
-24988
-32637
-25339
-6436
15411
30203
31159
17846
-3642
-23462
-32538
-26715
-8655
13367
29266
31761
19710
-1368
-21822
-32282
-27957
-10831
11255
28186
32207
21476
908
-20074
-31867
-29064
-12952
9091
26969
32496
23141
3185
-18229
-31296
-30030
-15012
6880
25621
32628
24690
5445
-16295
-30572
-30849
-16997
4638
24148
32600
26119
7676
-14282
-29699
-31518
-18901
2370
22558
32411
27421
9872
-12198
-28683
-32033
-20711
92
20855
32065
28588
12017
-10054
-27527
-32393
-22422
-2183
19053
31563
29618
14108
-7865
-26238
-32593
-24023
-4452
17156
30907
30502
16129
-5633
-24816
-32634
-25505
-6696
15175
30100
31239
18068
-3377
-23277
-32515
-26865
-8911
13124
29149
31823
19921
-1102
-21623
-32240
-28092
-11082
11005
28051
32249
21675
1174
-19862
-31808
-29185
-13197
8835
26818
32519
23326
3449
-18008
-31220
-30134
-15248
6620
25455
32632
24861
5707
-16065
-30479
-30934
-17223
4371
23967
32585
26278
7935
-14043
-29588
-31586
-19117
2105
22364
32381
27566
10126
-11951
-28556
-32082
-20917
-173
20651
32016
28717
12264
-9801
-27381
-32422
-22614
-2448
18838
31495
29729
14346
-7606
-26077
-32606
-24204
-4716
16930
30821
30595
16359
-5371
-24643
-32630
-25672
-6956
14939
29996
31314
18289
-3113
-23089
-32492
-27016
-9166
12880
29027
31879
20132
-836
-21423
-32198
-28226
-11331
10754
27914
32290
21875
1443
-19650
-31746
-29302
-13439
8579
26667
32542
23512
3714
-17785
-31140
-30235
-15483
6360
25288
32635
25034
5969
-15831
-30381
-31019
-17449
4108
23785
32569
26434
8192
-13802
-29476
-31653
-19333
1840
22170
32344
27706
10378
-11704
-28427
-32130
-21122
-439
20442
31962
28842
12511
-9547
-27237
-32452
-22805
-2714
18619
31424
29839
14585
-7347
-25916
-32616
-24380
-4979
16702
30735
30688
16588
-5108
-24467
-32621
-25834
-7216
14703
29891
31387
18508
-2847
-22899
-32466
-27165
-9422
12635
28904
31934
20340
-570
-21222
-32155
-28360
-11581
10502
27775
32326
22071
1709
-19438
-31684
-29418
-13681
8322
26512
32560
23696
3978
-17563
-31060
-30334
-15716
6099
25119
32637
25206
6231
-15598
-30284
-31100
-17672
3844
23604
32552
26590
8449
-13561
-29359
-31715
-19546
1574
21974
32308
27845
10630
-11455
-28295
-32176
-21325
-705
20235
31906
28965
12755
-9292
-27090
-32481
-22995
-2979
18397
31351
29944
14822
-7088
-25755
-32626
-24555
-5241
16473
30642
30777
16819
-4845
-24290
-32611
-25996
-7478
14465
29784
31461
18728
-2582
-22708
-32437
-27310
-9676
12389
28782
31989
20548
-304
-21018
-32107
-28492
-11829
10250
27635
32362
22265
1974
-19223
-31619
-29534
-13922
8065
26355
32577
23877
4242
-17338
-30977
-30432
-15949
5837
24948
32633
25373
6491
-15364
-30185
-31179
-17895
3579
23418
32530
26744
8706
-13319
-29243
-31777
-19757
1308
21776
32270
27985
10882
-11206
-28160
-32219
-21524
-971
20026
31852
29086
13001
-9037
-26940
-32504
-23183
-3244
18177
31276
30049
15058
-6828
-25589
-32632
-24732
-5504
16243
30549
30863
17045
-4583
-24113
-32601
-26157
-7737
14226
29673
31529
18944
-2317
-22518
-32408
-27455
-9929
12143
28653
32041
20754
-38
-20815
-32058
-28620
-12076
9997
27493
32396
22460
2240
-19008
-31551
-29644
-14161
7807
26199
32594
24058
4505
-17111
-30891
-30526
-16181
5575
24776
32630
25539
6751
-15128
-30082
-31258
-18118
3315
23232
32508
26894
8961
-13072
-29124
-31839
-19969
1042
21578
32227
28119
11132
-10956
-28027
-32261
-21723
-1237
19815
31791
29207
13248
-8781
-26789
-32527
-23369
-3508
17955
31199
30154
15295
-6568
-25423
-32635
-24903
-5766
16012
30456
30951
17271
-4319
-23932
-32585
-26314
-7995
13987
29562
31597
19159
-2052
-22323
-32375
-27599
-10183
11896
28524
32090
20958
227
-20609
-32008
-28749
-12322
9744
27348
32426
22652
2505
-18793
-31483
-29755
-14400
7545
26038
32605
24238
4769
-16885
-30805
-30618
-16411
5313
24602
32625
25706
7011
-14892
-29977
-31332
-18338
3051
23046
32485
27044
9217
-12828
-29002
-31894
-20179
777
21379
32185
28254
11381
-10704
-27888
-32301
-21923
-1503
19603
31730
29324
13490
-8524
-26637
-32550
-23554
-3773
17732
31119
30253
15529
-6308
-25256
-32639
-25074
-6028
15779
30358
31034
17496
-4056
-23750
-32568
-26470
-8252
13746
29448
31664
19375
-1786
-22129
-32339
-27739
-10435
11648
28395
32138
21162
493
-20401
-31953
-28872
-12569
9490
27203
32455
22842
2770
-18573
-31411
-29864
-14639
7286
25877
32615
24414
5032
-16657
-30717
-30712
-16640
5050
24427
32616
25867
7271
-14656
-29872
-31406
-18560
2786
22856
32457
27193
9473
-12583
-28879
-31949
-20387
511
21176
32141
28387
11631
-10453
-27749
-32337
-22117
-1769
19390
31668
29440
13732
-8267
-26481
-32567
-23737
-4037
17510
31039
30351
15763
-6046
-25084
-32639
-25245
-6289
15546
30260
31114
17719
-3792
-23567
-32551
-26626
-8509
13504
29331
31725
19588
-1519
-21933
-32303
-27878
-10686
11399
28261
32183
21365
759
-20193
-31898
-28995
-12813
9235
27055
32483
23035
3036
-18354
-31338
-29970
-14875
7027
25716
32625
24590
5294
-16427
-30624
-30800
-16869
4788
24250
32606
26028
7530
-14417
-29763
-31478
-18780
2521
22666
32428
27337
9726
-12337
-28756
-32004
-20595
246
20972
32093
28516
11879
-10200
-27608
-32373
-22312
-2034
19174
31602
29555
13973
-8010
-26325
-32584
-23919
-4301
17284
30956
30450
15996
-5784
-24913
-32636
-25411
-6550
15311
30161
31194
17942
-3527
-23382
-32529
-26778
-8766
13262
29215
31787
19800
-1253
-21735
-32264
-28017
-10938
11150
28127
32225
21563
1024
-19984
-31843
-29117
-13058
8979
26905
32506
23221
3300
-18133
-31263
-30075
-15111
6767
25549
32630
24764
5557
-16197
-30532
-30885
-17095
4524
24071
32595
26190
7789
-14178
-29652
-31546
-18995
2255
22474
32398
27483
9979
-12090
-28627
-32054
-20800
-19
20766
32044
28644
12125
-9946
-27465
-32406
-22506
-2298
18959
31534
29665
14212
-7752
-26168
-32600
-24100
-4567
17058
30869
30543
16227
-5523
-24741
-32632
-25577
-6810
15075
30057
31272
18164
-3263
-23197
-32506
-26931
-9022
13017
29095
31848
20011
-987
-21536
-32222
-28151
-11188
10899
27994
32267
21762
1290
-19772
-31781
-29236
-13302
8724
26755
32529
23407
3565
-17911
-31185
-30178
-15347
6507
25383
32633
24936
5819
-15963
-30437
-30972
-17322
4260
23890
32578
26346
8047
-13939
-29542
-31614
-19211
1990
22279
32365
27625
10233
-11844
-28500
-32103
-21004
-285
20560
31993
28773
12372
-9693
-27320
-32435
-22697
-2563
18743
31466
29776
14451
-7493
-26007
-32610
-24278
-4831
16831
30784
30635
16456
-5260
-24566
-32626
-25744
-7070
14839
29952
31346
18384
-2998
-23008
-32483
-27081
-9277
12773
28973
31903
20220
-721
-21337
-32179
-28285
-11437
10648
27853
32306
21960
1556
-19561
-31719
-29352
-13543
8467
26601
32551
23593
3828
-17688
-31105
-30277
-15581
6246
25216
32636
25107
6080
-15730
-30339
-31054
-17547
3997
23709
32561
26502
8304
-13698
-29427
-31680
-19426
1725
22084
32329
27765
10487
-11595
-28369
-32151
-21207
-551
20352
31938
28895
12618
-9439
-27175
-32464
-22888
-2829
18524
31392
29885
14689
-7234
-25846
-32620
-24455
-5093
16602
30694
30728
16686
-4997
-24390
-32616
-25905
-7329
14602
29845
31420
18604
-2733
-22818
-32454
-27228
-9532
12528
28850
31958
20427
-455
-21134
-32133
-28418
-11687
10393
27714
32342
22156
1821
-19348
-31657
-29469
-13785
8210
26445
32567
23775
4092
-17465
-31025
-30375
-15817
5984
25044
32635
25277
6342
-15497
-30240
-31134
-17770
3732
23525
32543
26658
8561
-13456
-29310
-31742
-19637
1459
21889
32292
27904
10739
-11346
-28236
-32195
-21410
-817
20145
31882
29018
12862
-9184
-27027
-32491
-23078
-3094
18304
31319
29990
14925
-6974
-25683
-32630
-24630
-5355
16372
30601
30815
16914
-4734
-24215
-32607
-26065
-7588
14363
29735
31491
18823
-2467
-22628
-32424
-27373
-9786
12282
28726
32012
20636
-189
-20929
-32085
-28547
-11934
10141
27574
32378
22350
2086
-19132
-31590
-29581
-14026
7953
26289
32584
23957
4356
-17239
-30941
-30472
-16051
5723
24873
32632
25444
6602
-15262
-30141
-31215
-17992
3468
23339
32520
26809
8817
-13214
-29193
-31804
-19850
1193
21689
32252
28043
10991
-11097
-28101
-32237
-21609
-1083
19934
31826
29140
13107
-8928
-26874
-32514
-23264
-3359
18084
31245
30094
15161
-6714
-25516
-32634
-24804
-5618
16143
30509
30901
17140
-4468
-24034
-32594
-26227
-7847
14125
29624
31559
19038
-2202
-22436
-32395
-27518
-10039
12035
28597
32062
20843
76
-20726
-32036
-28674
-12181
9887
27430
32409
22544
2352
-18917
-31522
-29693
-14266
7694
26131
32600
24138
4619
-17013
-30855
-30566
-16281
5461
24702
32629
25610
6862
-15026
-30036
-31290
-18214
3204
23152
32498
26960
9073
-12969
-29072
-31864
-20061
927
21491
32210
28176
11240
-10846
-27967
-32279
-21808
-1349
19722
31765
29258
13350
-8672
-26724
-32537
-23450
-3623
17860
31165
30197
15397
-6454
-25350
-32637
-24976
-5879
15910
30413
30987
17366
-4204
-23853
-32577
-26382
-8105
13885
29514
31626
19253
-1937
-22241
-32360
-27660
-10292
11788
28469
32111
21047
342
-20519
-31984
-28802
-12427
9634
27285
32438
22734
2617
-18700
-31453
-29804
-14504
7435
25970
32609
24315
4883
-16787
-30768
-30658
-16511
5198
24525
32621
25774
7122
-14790
-29931
-31365
-18433
2938
22963
32473
27110
9329
-12725
-28950
-31918
-20269
661
21291
32167
28309
11489
-10594
-27827
-32316
-22005
-1618
19511
31703
29374
13592
-8415
-26569
-32558
-23635
-3887
17638
31085
30296
15630
-6193
-25183
-32640
-25149
-6141
15677
30315
31068
17591
-3940
-23672
-32561
-26537
-8361
13643
29397
31690
19468
-1671
-22046
-32324
-27799
-10544
11539
28338
32158
21250
608
-20311
-31929
-28924
-12673
9380
27140
32467
22926
2882
-18477
-31379
-29910
-14742
7176
25808
32619
24490
5145
-16557
-30678
-30750
-16741
4935
24350
32611
25936
7384
-14551
-29826
-31438
-18653
2673
22773
32444
27256
9583
-12480
-28827
-31973
-20477
395
21088
32121
28442
11739
-10343
-27688
-32352
-22199
-1883
19297
31639
29491
13834
-8159
-26413
-32574
-23816
-4151
17414
31005
30394
15863
-5932
-25011
-32638
-25317
-6402
15444
30217
31148
17814
-3676
-23486
-32542
-26694
-8618
13402
29281
31752
19680
-1406
-21850
-32287
-27939
-10795
11290
28204
32201
21451
874
-20104
-31875
-29047
-12917
9124
26990
32493
23115
3147
-18258
-31305
-30015
-14979
6916
25645
32628
24667
5408
-16326
-30585
-30836
-16968
4672
24174
32602
26097
7643
-14313
-29715
-31508
-18871
2408
22582
32415
27401
9837
-12233
-28702
-32026
-20684
129
20884
32072
28571
11985
-10090
-27546
-32388
-22395
-2149
19081
31572
29602
14074
-7902
-26258
-32591
-23997
-4415
17188
30918
30490
16096
-5670
-24840
-32634
-25484
-6662
15209
30115
31229
18037
-3412
-23301
-32519
-26844
-8875
13156
29164
31814
19891
-1140
-21651
-32245
-28075
-11047
11041
28070
32243
21650
1140
-19891
-31816
-29168
-13165
8869
26839
32516
23300
3412
-18037
-31231
-30120
-15215
6656
25479
32631
24839
5670
-16097
-30492
-30923
-17194
4409
23992
32588
26257
7902
-14074
-29604
-31576
-19087
2143
22389
32385
27545
10090
-11985
-28571
-32076
-20889
-136
20679
32023
28700
12233
-9837
-27402
-32418
-22587
-2414
18866
31504
29713
14313
-7643
-26098
-32605
-24179
-4678
16962
30832
30583
16326
-5408
-24668
-32631
-25650
-6922
14973
30011
31303
18258
-3147
-23116
-32496
-26995
-9130
12911
29043
31872
20103
-874
-21451
-32203
-28209
-11296
10789
27934
32285
21849
1406
-19680
-31754
-29285
-13407
8612
26689
32539
23485
3676
-17814
-31150
-30221
-15450
6396
25312
32635
25010
5932
-15864
-30395
-31009
-17420
4145
23811
32571
26412
8159
-13834
-29493
-31643
-19302
1877
22194
32349
27686
10343
-11739
-28443
-32125
-21093
-401
20471
31969
28826
12480
-9583
-27258
-32447
-22778
-2679
18647
31434
29824
14551
-7381
-25937
-32615
-24355
-4941
16735
30746
30676
16557
-5145
-24491
-32622
-25813
-7182
14737
29906
31377
18480
-2882
-22926
-32470
-27145
-9386
12667
28920
31927
20311
-608
-21251
-32161
-28343
-11545
10538
27795
32321
22045
1672
-19468
-31693
-29402
-13649
8355
26533
32558
23671
3940
-17592
-31070
-30320
-15683
6135
25141
32637
25182
6193
-15631
-30298
-31089
-17643
3881
23630
32554
26568
8415
-13592
-29376
-31707
-19516
1609
21999
32313
27825
10594
-11489
-28311
-32171
-21296
-667
20264
31914
28949
12725
-9329
-27111
-32477
-22968
-2945
18428
31361
29929
14790
-7122
-25775
-32624
-24531
-5204
16505
30654
30766
16787
-4883
-24315
-32612
-25975
-7441
14499
29800
31451
18699
-2617
-22735
-32441
-27289
-9640
12421
28798
31982
20518
-342
-21047
-32113
-28474
-11794
10286
27655
32358
22240
1937
-19254
-31628
-29518
-13891
8098
26377
32575
23852
4204
-17366
-30989
-30418
-15916
5873
24971
32634
25349
6455
-15398
-30199
-31169
-17866
3617
23445
32534
26723
8672
-13350
-29259
-31768
-19727
1343
21802
32276
27965
10846
-11240
-28177
-32213
-21496
-933
20056
31860
29071
12969
-9073
-26961
-32501
-23159
-3210
18208
31287
30035
15026
-6862
-25611
-32632
-24707
-5467
16276
30561
30853
17013
-4619
-24138
-32603
-26136
-7700
14260
29688
31519
18916
-2351
-22545
-32412
-27434
-9893
12175
28670
32034
20725
-76
-20841
-32064
-28602
-12041
10033
27514
32393
22435
2202
-19039
-31561
-29629
-14130
7841
26222
32591
24033
4471
-17140
-30903
-30513
-16148
5611
24799
32630
25515
6715
-15162
-30096
-31248
-18090
3353
23258
32511
26874
8928
-13107
-29141
-31830
-19939
1077
21603
32233
28100
11097
-10991
-28044
-32255
-21695
-1199
19845
31800
29191
13214
-8817
-26810
-32524
-23345
-3474
17987
31211
30139
15262
-6602
-25445
-32635
-24878
-5729
16045
30468
30939
17239
-4356
-23957
-32587
-26294
-7959
14021
29578
31587
19131
-2086
-22351
-32381
-27579
-10147
11928
28542
32083
20929
189
-20636
-32015
-28730
-12288
9780
27368
32422
22627
2467
-18823
-31493
-29740
-14369
7582
26060
32604
24214
4735
-16914
-30817
-30605
-16378
5350
24625
32626
25682
6974
-14926
-29992
-31323
-18310
3088
23073
32488
27026
9184
-12862
-29020
-31886
-20149
811
21405
32191
28235
11346
-10739
-27906
-32296
-21895
-1465
19633
31738
29309
13456
-8561
-26659
-32547
-23530
-3738
17764
31130
30239
15496
-6342
-25278
-32638
-25049
-5990
15809
30370
31023
17465
-4092
-23775
-32570
-26450
-8216
13779
29465
31654
19347
-1821
-22156
-32344
-27719
-10402
11681
28413
32131
21133
455
-20428
-31960
-28855
-12534
9526
27224
32451
22818
2733
-18605
-31422
-29851
-14608
7323
25900
32614
24389
4997
-16686
-30730
-30698
-16608
5087
24450
32617
25845
7234
-14689
-29885
-31396
-18529
2823
22883
32461
27174
9439
-12618
-28897
-31941
-20358
545
21202
32148
28368
11595
-10484
-27767
-32332
-22090
-1731
19420
31676
29425
13698
-8304
-26504
-32565
-23714
-4003
17541
31050
30338
15729
-6080
-25108
-32639
-25221
-6252
15575
30272
31103
17688
-3828
-23593
-32554
-26606
-8473
13538
29348
31717
19561
-1555
-21961
-32308
-27858
-10654
11431
28280
32177
21336
721
-20220
-31905
-28978
-12779
9271
27076
32480
23008
2998
-18384
-31348
-29956
-14845
7064
25739
32623
24565
5260
-16457
-30637
-30788
-16837
4825
24273
32607
26006
7493
-14451
-29778
-31470
-18749
2557
22693
32432
27319
9693
-12372
-28774
-31996
-20565
279
20998
32100
28498
11844
-10233
-27627
-32368
-22284
-1996
19205
31611
29540
13939
-8047
-26347
-32581
-23895
-4266
17316
30968
30436
15965
-5818
-24937
-32636
-25388
-6513
15342
30173
31183
17910
-3565
-23408
-32532
-26759
-8730
13296
29231
31779
19772
-1289
-21763
-32270
-27998
-10905
11182
28146
32219
21535
987
-20011
-31851
-29100
-13023
9016
26924
32503
23196
3263
-18165
-31274
-30061
-15081
6804
25572
32629
24740
5523
-16227
-30545
-30873
-17064
4558
24095
32597
26167
7752
-14212
-29666
-31538
-18965
2293
22501
32403
27464
9946
-12125
-28646
-32047
-20774
13
20795
32051
28626
12090
-9979
-27484
-32402
-22479
-2262
18990
31543
29650
14178
-7789
-26191
-32598
-24076
-4530
17089
30881
30530
16197
-5557
-24765
-32633
-25554
-6773
15106
30071
31261
18133
-3300
-23222
-32509
-26909
-8985
13052
29112
31841
19984
-1023
-21564
-32227
-28132
-11156
10932
28012
32261
21734
1253
-19800
-31789
-29219
-13267
8760
26774
32526
23381
3527
-17942
-31197
-30165
-15317
6544
25406
32633
24912
5785
-15996
-30451
-30960
-17290
4294
23914
32580
26324
8010
-13973
-29556
-31606
-19180
2028
22307
32370
27607
10200
-11879
-28518
-32096
-20977
-252
20589
32000
28755
12337
-9726
-27339
-32431
-22671
-2527
18774
31475
29762
14417
-7530
-26029
-32609
-24255
-4794
16863
30796
30622
16427
-5294
-24591
-32627
-25721
-7033
14870
29965
31336
18354
-3035
-23033
-32486
-27060
-9241
12807
28991
31895
20193
-759
-21365
-32185
-28266
-11405
10680
27873
32301
21933
1522
-19588
-31728
-29336
-13510
8503
26621
32549
23566
3792
-17720
-31116
-30264
-15552
6283
25240
32636
25085
6046
-15763
-30352
-31043
-17515
4031
23732
32564
26480
8267
-13732
-29442
-31672
-19395
1762
22112
32333
27747
10453
-11631
-28388
-32144
-21181
-517
20382
31945
28878
12583
-9472
-27194
-32460
-22861
-2792
18555
31402
29870
14656
-7271
-25868
-32619
-24432
-5056
16635
30708
30715
16656
-5031
-24415
-32618
-25882
-7292
14633
29860
31409
18573
-2770
-22843
-32457
-27208
-9496
12563
28868
31950
20400
-493
-21163
-32140
-28399
-11654
10429
27734
32337
22128
1786
-19376
-31666
-29453
-13752
8246
26466
32565
23749
4056
-17497
-31036
-30362
-15785
6021
25069
32636
25255
6308
-15530
-30254
-31122
-17738
3767
23549
32547
26636
8524
-13490
-29325
-31733
-19608
1497
21918
32297
27886
10704
-11381
-28255
-32189
-21384
-783
20173
31890
29001
12828
-9217
-27045
-32488
-23051
-3057
18333
31329
29975
14892
-7011
-25707
-32628
-24607
-5319
16405
30614
30803
16884
-4769
-24239
-32608
-26042
-7554
14394
29751
31481
18793
-2505
-22653
-32428
-27352
-9750
12317
28744
32006
20609
-227
-20958
-32092
-28530
-11902
10177
27594
32373
22323
2052
-19160
-31599
-29567
-13993
7989
26309
32582
23931
4319
-17271
-30952
-30460
-16018
5760
24898
32632
25422
6568
-15295
-30155
-31203
-17961
3502
23364
32524
26787
8781
-13246
-29208
-31795
-19820
1231
21718
32257
28025
10956
-11132
-28120
-32231
-21583
-1049
19964
31835
29123
13075
-8961
-26895
-32511
-23237
-3321
18112
31254
30080
15128
-6751
-25540
-32633
-24781
-5581
16175
30522
30889
17110
-4505
-24059
-32596
-26204
-7813
14156
29640
31549
19008
-2240
-22460
-32399
-27498
-10003
12070
28615
32055
20814
38
-20755
-32043
-28658
-12149
9923
27450
32405
22517
2317
-18945
-31531
-29677
-14232
7731
26152
32599
24112
4583
-17045
-30865
-30553
-16249
5498
24727
32629
25588
6828
-15058
-30051
-31280
-18183
3238
23178
32501
26938
9037
-13001
-29088
-31856
-20031
965
21519
32215
28159
11206
-10882
-27987
-32273
-21782
-1315
19752
31773
29241
13319
-8705
-26745
-32534
-23424
-3586
17889
31175
30183
15364
-6491
-25374
-32636
-24953
-5843
15943
30427
30976
17338
-4241
-23878
-32580
-26360
-8071
13916
29530
31617
19223
-1974
-22266
-32365
-27640
-10256
11823
28486
32104
21018
304
-20548
-31992
-28786
-12395
9670
27305
32434
22707
2582
-18728
-31463
-29788
-14471
7469
25991
32608
24290
4845
-16819
-30779
-30646
-16478
5235
24550
32622
25754
7088
-14822
-29946
-31354
-18405
2973
22990
32477
27089
9292
-12755
-28966
-31910
-20240
699
21320
32173
28293
11455
-10630
-27846
-32312
-21979
-1581
19541
31712
29357
13560
-8449
-26591
-32555
-23609
-3850
17666
31096
30282
15597
-6230
-25207
-32640
-25124
-6105
15710
30329
31058
17562
-3978
-23697
-32563
-26516
-8328
13675
29414
31682
19438
-1709
-22071
-32329
-27780
-10508
11575
28355
32152
21221
570
-20341
-31937
-28908
-12641
9416
27160
32463
22899
2848
-18509
-31389
-29895
-14709
7210
25829
32618
24466
5108
-16589
-30690
-30739
-16708
4973
24375
32613
25915
7347
-14585
-29841
-31428
-18624
2708
22800
32448
27236
9547
-12511
-28843
-31965
-20447
433
21116
32127
28425
11704
-10378
-27707
-32348
-22175
-1846
19327
31649
29475
13802
-8192
-26435
-32572
-23790
-4114
17443
31015
30380
15830
-5969
-25033
-32638
-25293
-6366
15477
30230
31138
17785
-3713
-23512
-32545
-26672
-8585
13433
29298
31744
19650
-1440
-21876
-32292
-27919
-10760
11325
28222
32195
21422
836
-20133
-31882
-29031
-12886
9160
27011
32490
23091
3113
-18289
-31316
-30000
-14945
6950
25667
32627
24642
5371
-16359
-30597
-30825
-16935
4710
24199
32603
26076
7606
-14347
-29731
-31498
-18844
2442
22609
32419
27380
9801
-12264
-28718
-32019
-20655
167
20910
32078
28554
11951
-10126
-27567
-32384
-22369
-2111
19112
31582
29586
14043
-7935
-26279
-32588
-23971
-4377
17217
30930
30477
16064
-5707
-24862
-32635
-25460
-6626
15242
30130
31218
18008
-3449
-23327
-32522
-26822
-8841
13191
29180
31805
19862
-1174
-21676
-32251
-28056
-11011
11076
28087
32237
21622
1102
-19921
-31825
-29153
-13130
8905
26860
32513
23276
3378
-18069
-31241
-30105
-15181
6690
25500
32631
24815
5633
-16129
-30504
-30911
-17162
4446
24018
32590
26237
7865
-14108
-29619
-31566
-19059
2177
22417
32389
27526
10054
-12018
-28589
-32069
-20860
-98
20706
32029
28682
12198
-9872
-27423
-32414
-22563
-2376
18896
31514
29697
14281
-7676
-26120
-32604
-24153
-4644
16991
30845
30570
16295
-5445
-24691
-32631
-25626
-6885
15006
30026
31294
18229
-3185
-23142
-32499
-26975
-9097
12946
29060
31865
20074
-908
-21477
-32209
-28190
-11261
10825
27952
32280
21821
1368
-19710
-31762
-29270
-13373
8649
26710
32536
23461
3642
-17846
-31161
-30207
-15417
6430
25334
32634
24987
5895
-15894
-30408
-30997
-17388
4182
23837
32573
26392
8123
-13868
-29509
-31633
-19274
1912
22222
32354
27666
10310
-11771
-28462
-32118
-21064
-364
20498
31976
28810
12445
-9619
-27278
-32444
-22753
-2642
18678
31445
29810
14521
-7417
-25960
-32613
-24330
-4907
16765
30758
30663
16524
-5182
-24514
-32623
-25790
-7145
14770
29921
31367
18449
-2920
-22952
-32474
-27125
-9353
12701
28937
31919
20281
-642
-21277
-32167
-28324
-11510
10573
27812
32316
22018
1634
-19498
-31701
-29387
-13615
8392
26555
32556
23647
3906
-17622
-31082
-30306
-15650
6169
25166
32637
25158
6156
-15661
-30310
-31078
-17612
3919
23656
32557
26547
8380
-13626
-29392
-31698
-19488
1646
22027
32318
27806
10561
-11522
-28330
-32165
-21268
-630
20291
31921
28931
12690
-9365
-27132
-32473
-22944
-2907
18459
31371
29916
14759
-7158
-25798
-32623
-24506
-5170
16535
30667
30754
16754
-4920
-24338
-32614
-25952
-7404
14532
29814
31441
18668
-2654
-22762
-32445
-27271
-9607
12456
28815
31974
20489
-376
-21074
-32120
-28456
-11759
10319
27673
32352
22212
1899
-19284
-31637
-29504
-13857
8135
26399
32572
23828
4170
-17398
-31001
-30404
-15886
5907
24994
32634
25326
6418
-15428
-30211
-31158
-17835
3654
23470
32537
26703
8637
-13385
-29276
-31760
-19700
1381
21830
32282
27946
10813
-11272
-28196
-32207
-21468
-896
20083
31867
29054
12935
-9109
-26981
-32498
-23133
-3172
18239
31297
30021
14995
-6898
-25634
-32631
-24682
-5433
16305
30575
30841
16981
-4657
-24162
-32604
-26113
-7663
14293
29703
31511
18886
-2389
-22572
-32416
-27416
-9860
12210
28688
32027
20696
-110
-20870
-32071
-28583
-12006
10066
27532
32388
22408
2165
-19069
-31570
-29614
-14097
7878
26244
32589
24009
4434
-17172
-30915
-30500
-16118
5645
24823
32631
25493
6678
-15192
-30110
-31238
-18058
3390
23285
32514
26853
8893
-13142
-29159
-31822
-19911
1115
21632
32239
28081
11064
-11023
-28062
-32249
-21668
-1162
19872
31808
29175
13179
-8853
-26829
-32521
-23318
-3437
18018
31222
30125
15231
-6638
-25468
-32634
-24854
-5695
16074
30481
30926
17207
-4390
-23980
-32589
-26272
-7922
14054
29591
31579
19102
-2124
-22379
-32385
-27560
-10114
11963
28560
32076
20903
155
-20665
-32022
-28712
-12253
9813
27387
32418
22600
2430
-18854
-31502
-29725
-14335
7619
26083
32603
24191
4697
-16946
-30829
-30593
-16348
5383
24650
32628
25659
6938
-14956
-30005
-31312
-18279
3125
23097
32491
27004
9148
-12897
-29037
-31879
-20123
849
21432
32197
28216
11314
-10772
-27926
-32291
-21866
-1431
19660
31746
29292
13422
-8597
-26679
-32544
-23504
-3701
17796
31141
30226
15466
-6378
-25301
-32638
-25027
-5956
15841
30384
31011
17433
-4126
-23799
-32573
-26428
-8179
13814
29480
31646
19317
-1858
-22184
-32350
-27701
-10366
11716
28431
32125
21107
420
-20457
-31968
-28838
-12499
9559
27243
32447
22791
2695
-18635
-31431
-29836
-14574
7360
25923
32612
24366
4960
-16719
-30743
-30685
-16578
5120
24475
32618
25822
7197
-14720
-29900
-31386
-18498
2860
22908
32465
27154
9404
-12652
-28914
-31934
-20331
583
21231
32155
28349
11563
-10520
-27786
-32327
-22062
-1696
19448
31685
29408
13663
-8340
-26523
-32562
-23689
-3965
17573
31062
30325
15699
-6117
-25132
-32640
-25199
-6218
15608
30286
31092
17656
-3862
-23618
-32556
-26583
-8436
13572
29363
31709
19531
-1593
-21989
-32313
-27840
-10618
11467
28299
32171
21310
686
-20250
-31913
-28960
-12745
9304
27096
32476
22981
2960
-18413
-31358
-29941
-14811
7100
25761
32622
24542
5223
-16489
-30650
-30775
-16808
4858
24298
32609
