0
0
3748
7447
11052
14507
17772
20800
23553
25993
28089
29814
31140
32056
32549
32607
32233
31434
30217
28599
26603
24254
21582
18627
15422
12015
8446
4769
1024
-2729
-6451
-10084
-13586
-16906
-20004
-22834
-25364
-27557
-29384
-30822
-31854
-32459
-32636
-32383
-31696
-30592
-29081
-27187
-24929
-22344
-19461
-16321
-12964
-9436
-5781
-2052
1706
5439
9103
12644
16020
19180
22089
24704
26992
28920
30468
31610
32333
32629
32491
31921
30930
29531
27736
25576
23080
20271
17199
13896
10411
6785
3072
-683
-4427
-8117
-11695
-15120
-18344
-21328
-24023
-26404
-28434
-30088
-31341
-32181
-32595
-32574
-32123
-31247
-29955
-28266
-26206
-23793
-21069
-18063
-14820
-11378
-7789
-4092
-345
3409
7116
10730
14201
17486
20535
23315
25786
27914
29671
31038
31991
32520
32619
32286
31523
30343
28764
26798
24480
21838
18906
15721
12331
8775
5105
1365
-2389
-6117
-9759
-13276
-16613
-19732
-22590
-25149
-27371
-29234
-30709
-31776
-32421
-32640
-32422
-31776
-30711
-29236
-27373
-25151
-22592
-19735
-16616
-13279
-9762
-6120
-2392
1362
5102
8772
12328
15718
18903
21835
24479
26796
28762
30342
31523
32286
32619
32520
31992
31039
29673
27916
25787
23318
20538
17488
14204
10733
7119
3412
-342
-4089
-7786
-11375
-14817
-18061
-21066
-23790
-26204
-28264
-29953
-31246
-32123
-32573
-32595
-32182
-31342
-30090
-28436
-26406
-24025
-21330
-18346
-15123
-11698
-8120
-4430
-686
3069
6782
10408
13894
17196
20269
23075
25574
27734
29530
30929
31921
32490
32629
32333
31611
30469
28921
26994
24706
22091
19182
16023
12646
9106
5442
1709
-2048
-5778
-9434
-12961
-16319
-19458
-22342
-24927
-27186
-29079
-30591
-31696
-32382
-32636
-32459
-31855
-30823
-29385
-27558
-25366
-22836
-20006
-16909
-13589
-10087
-6454
-2733
1020
4766
8442
12012
15419
18624
21580
24252
26601
28597
30215
31434
32232
32607
32549
32057
31141
29815
28091
25995
23555
20802
17774
14510
11055
7450
3751
1
-3751
-7450
-11055
-14510
-17775
-20803
-23556
-25996
-28092
-29817
-31143
-32059
-32552
-32610
-32236
-31437
-30220
-28602
-26606
-24257
-21585
-18629
-15425
-12018
-8449
-4772
-1027
2726
6448
10081
13583
16903
20001
22831
25361
27554
29381
30819
31851
32456
32633
32380
31693
30589
29078
27184
24926
22341
19458
16319
12961
9434
5778
2049
-1709
-5442
-9106
-12647
-16023
-19183
-22092
-24707
-26995
-28923
-30471
-31613
-32336
-32632
-32494
-31924
-30933
-29534
-27739
-25579
-23083
-20274
-17202
-13899
-10414
-6788
-3075
680
4424
8114
11692
15117
18341
21325
24020
26401
28431
30085
31338
32178
32592
32571
32121
31244
29952
28263
26203
23790
21066
18060
14817
11375
7786
4089
342
-3412
-7119
-10733
-14204
-17489
-20538
-23318
-25789
-27917
-29674
-31041
-31994
-32523
-32622
-32289
-31526
-30345
-28767
-26801
-24483
-21841
-18909
-15724
-12334
-8778
-5108
-1368
2386
6114
9756
13273
16610
19730
22587
25146
27368
29231
30706
31773
32418
32637
32419
31773
30708
29233
27370
25148
22589
19732
16613
13276
9759
6117
2389
-1365
-5105
-8775
-12331
-15721
-18906
-21838
-24481
-26799
-28765
-30345
-31526
-32289
-32622
-32523
-31995
-31042
-29676
-27919
-25790
-23321
-20541
-17491
-14207
-10736
-7122
-3415
339
4086
7783
11372
14814
18058
21063
23787
26201
28261
29950
31243
32120
32570
32592
32179
31339
30087
28433
26403
24022
21327
18343
15120
11695
8117
4427
683
-3072
-6785
-10411
-13897
-17199
-20272
-23078
-25577
-27737
-29533
-30932
-31924
-32493
-32632
-32336
-31614
-30472
-28924
-26997
-24709
-22094
-19185
-16026
-12649
-9109
-5445
-1712
2045
5775
9431
12958
16316
19456
22339
24924
27183
29076
30588
31693
32379
32633
32456
31852
30820
29382
27555
25363
22833
20004
16906
13586
10084
6451
2730
-1023
-4769
-8445
-12015
-15422
-18627
-21583
-24255
-26604
-28600
-30218
-31436
-32235
-32610
-32552
-32060
-31144
-29818
-28094
-25998
-23558
-20805
-17777
-14513
-11058
-7453
-3754
-4
3748
7447
11052
14507
17772
20800
23553
25993
28089
29814
31140
32056
32549
32607
32233
31434
30217
28599
26603
24254
21582
18627
15422
12015
8446
4769
1024
-2729
-6451
-10084
-13586
-16906
-20004
-22834
-25364
-27557
-29384
-30822
-31854
-32459
-32636
-32383
-31696
-30592
-29081
-27187
-24929
-22344
-19461
-16321
-12964
-9436
-5781
-2052
1706
5439
9103
12644
16020
19180
22089
24704
26992
28920
30468
31610
32333
32629
32491
31921
30930
29531
27736
25576
23080
20271
17199
13896
10411
6785
3072
-683
-4427
-8117
-11695
-15120
-18344
-21328
-24023
-26404
-28434
-30088
-31341
-32181
-32595
-32574
-32123
-31247
-29955
-28266
-26206
-23793
-21069
-18063
-14820
-11378
-7789
-4092
-345
3409
7116
10730
14201
17486
20535
23315
25786
27914
29671
31038
31991
32520
32619
32286
31523
30343
28764
26798
24480
21838
18906
15721
12331
8775
5105
1365
-2389
-6117
-9759
-13276
-16613
-19732
-22590
-25149
-27371
-29234
-30709
-31776
-32421
-32640
-32422
-31776
-30711
-29236
-27373
-25151
-22592
-19735
-16616
-13279
-9762
-6120
-2392
1362
5102
8772
12328
15718
18903
21835
24479
26796
28762
30342
31523
32286
32619
32520
31992
31039
29673
27916
25787
23318
20538
17488
14204
10733
7119
3412
-342
-4089
-7786
-11375
-14817
-18061
-21066
-23790
-26204
-28264
-29953
-31246
-32123
-32573
-32595
-32182
-31342
-30090
-28436
-26406
-24025
-21330
-18346
-15123
-11698
-8120
-4430
-686
3069
6782
10408
13894
17196
20269
23075
25574
27734
29530
30929
31921
32490
32629
32333
31611
30469
28921
26994
24706
22091
19182
16023
12646
9106
5442
1709
-2048
-5778
-9434
-12961
-16319
-19458
-22342
-24927
-27186
-29079
-30591
-31696
-32382
-32636
-32459
-31855
-30823
-29385
-27558
-25366
-22836
-20006
-16909
-13589
-10087
-6454
-2733
1020
4766
8442
12012
15419
18624
21580
24252
26601
28597
30215
31434
32232
32607
32549
32057
31141
29815
28091
25995
23555
20802
17774
14510
11055
7450
3751
1
-3751
-7450
-11055
-14510
-17775
-20803
-23556
-25996
-28092
-29817
-31143
-32059
-32552
-32610
-32236
-31437
-30220
-28602
-26606
-24257
-21585
-18629
-15425
-12018
-8449
-4772
-1027
2726
6448
10081
13583
16903
20001
22831
25361
27554
29381
30819
31851
32456
32633
32380
31693
30589
29078
27184
24926
22341
19458
16319
12961
9434
5778
2049
-1709
-5442
-9106
-12647
-16023
-19183
-22092
-24707
-26995
-28923
-30471
-31613
-32336
-32632
-32494
-31924
-30933
-29534
-27739
-25579
-23083
-20274
-17202
-13899
-10414
-6788
-3075
680
4424
8114
11692
15117
18341
21325
24020
26401
28431
30085
31338
32178
32592
32571
32121
31244
29952
28263
26203
23790
21066
18060
14817
11375
7786
4089
342
-3412
-7119
-10733
-14204
-17489
-20538
-23318
-25789
-27917
-29674
-31041
-31994
-32523
-32622
-32289
-31526
-30345
-28767
-26801
-24483
-21841
-18909
-15724
-12334
-8778
-5108
-1368
2386
6114
9756
13273
16610
19730
22587
25146
27368
29231
30706
31773
32418
32637
32419
31773
30708
29233
27370
25148
22589
19732
16613
13276
9759
6117
2389
-1365
-5105
-8775
-12331
-15721
-18906
-21838
-24481
-26799
-28765
-30345
-31526
-32289
-32622
-32523
-31995
-31042
-29676
-27919
-25790
-23321
-20541
-17491
-14207
-10736
-7122
-3415
339
4086
7783
11372
14814
18058
21063
23787
26201
28261
29950
31243
32120
32570
32592
32179
31339
30087
28433
26403
24022
21327
18343
15120
11695
8117
4427
683
-3072
-6785
-10411
-13897
-17199
-20272
-23078
-25577
-27737
-29533
-30932
-31924
-32493
-32632
-32336
-31614
-30472
-28924
-26997
-24709
-22094
-19185
-16026
-12649
-9109
-5445
-1712
2045
5775
9431
12958
16316
19456
22339
24924
27183
29076
30588
31693
32379
32633
32456
31852
30820
29382
27555
25363
22833
20004
16906
13586
10084
6451
2730
-1023
-4769
-8445
-12015
-15422
-18627
-21583
-24255
-26604
-28600
-30218
-31436
-32235
-32610
-32552
-32060
-31144
-29818
-28094
-25998
-23558
-20805
-17777
-14513
-11058
-7453
-3754
-4
3748
7447
11052
14507
17772
20800
23553
25993
28089
29814
31140
32056
32549
32607
32233
31434
30217
28599
26603
24254
21582
18627
15422
12015
8446
4769
1024
-2729
-6451
-10084
-13586
-16906
-20004
-22834
-25364
-27557
-29384
-30822
-31854
-32459
-32636
-32383
-31696
-30592
-29081
-27187
-24929
-22344
-19461
-16321
-12964
-9436
-5781
-2052
1706
5439
9103
12644
16020
19180
22089
24704
26992
28920
30468
31610
32333
32629
32491
31921
30930
29531
27736
25576
23080
20271
17199
13896
10411
6785
3072
-683
-4427
-8117
-11695
-15120
-18344
-21328
-24023
-26404
-28434
-30088
-31341
-32181
-32595
-32574
-32123
-31247
-29955
-28266
-26206
-23793
-21069
-18063
-14820
-11378
-7789
-4092
-345
3409
7116
10730
14201
17486
20535
23315
25786
27914
29671
31038
31991
32520
32619
32286
31523
30343
28764
26798
24480
21838
18906
15721
12331
8775
5105
1365
-2389
-6117
-9759
-13276
-16613
-19732
-22590
-25149
-27371
-29234
-30709
-31776
-32421
-32640
-32422
-31776
-30711
-29236
-27373
-25151
-22592
-19735
-16616
-13279
-9762
-6120
-2392
1362
5102
8772
12328
15718
18903
21835
24479
26796
28762
30342
31523
32286
32619
32520
31992
31039
29673
27916
25787
23318
20538
17488
14204
10733
7119
3412
-342
-4089
-7786
-11375
-14817
-18061
-21066
-23790
-26204
-28264
-29953
-31246
-32123
-32573
-32595
-32182
-31342
-30090
-28436
-26406
-24025
-21330
-18346
-15123
-11698
-8120
-4430
-686
3069
6782
10408
13894
17196
20269
23075
25574
27734
29530
30929
31921
32490
32629
32333
31611
30469
28921
26994
24706
22091
19182
16023
12646
9106
5442
1709
-2048
-5778
-9434
-12961
-16319
-19458
-22342
-24927
-27186
-29079
-30591
-31696
-32382
-32636
-32459
-31855
-30823
-29385
-27558
-25366
-22836
-20006
-16909
-13589
-10087
-6454
-2733
1020
4766
8442
12012
15419
18624
21580
24252
26601
28597
30215
31434
32232
32607
32549
32057
31141
29815
28091
25995
23555
20802
17774
14510
11055
7450
3751
1
-3751
-7450
-11055
-14510
-17775
-20803
-23556
-25996
-28092
-29817
-31143
-32059
-32552
-32610
-32236
-31437
-30220
-28602
-26606
-24257
-21585
-18629
-15425
-12018
-8449
-4772
-1027
2726
6448
10081
13583
16903
20001
22831
25361
27554
29381
30819
31851
32456
32633
32380
31693
30589
29078
27184
24926
22341
19458
16319
12961
9434
5778
2049
-1709
-5442
-9106
-12647
-16023
-19183
-22092
-24707
-26995
-28923
-30471
-31613
-32336
-32632
-32494
-31924
-30933
-29534
-27739
-25579
-23083
-20274
-17202
-13899
-10414
-6788
-3075
680
4424
8114
11692
15117
18341
21325
24020
26401
28431
30085
31338
32178
32592
32571
32121
31244
29952
28263
26203
23790
21066
18060
14817
11375
7786
4089
342
-3412
-7119
-10733
-14204
-17489
-20538
-23318
-25789
-27917
-29674
-31041
-31994
-32523
-32622
-32289
-31526
-30345
-28767
-26801
-24483
-21841
-18909
-15724
-12334
-8778
-5108
-1368
2386
6114
9756
13273
16610
19730
22587
25146
27368
29231
30706
31773
32418
32637
32419
31773
30708
29233
27370
25148
22589
19732
16613
13276
9759
6117
2389
-1365
-5105
-8775
-12331
-15721
-18906
-21838
-24481
-26799
-28765
-30345
-31526
-32289
-32622
-32523
-31995
-31042
-29676
-27919
-25790
-23321
-20541
-17491
-14207
-10736
-7122
-3415
339
4086
7783
11372
14814
18058
21063
23787
26201
28261
29950
31243
32120
32570
32592
32179
31339
30087
28433
26403
24022
21327
18343
15120
11695
8117
4427
683
-3072
-6785
-10411
-13897
-17199
-20272
-23078
-25577
-27737
-29533
-30932
-31924
-32493
-32632
-32336
-31614
-30472
-28924
-26997
-24709
-22094
-19185
-16026
-12649
-9109
-5445
-1712
2045
5775
9431
12958
16316
19456
22339
24924
27183
29076
30588
31693
32379
32633
32456
31852
30820
29382
27555
25363
22833
20004
16906
13586
10084
6451
2730
-1023
-4769
-8445
-12015
-15422
-18627
-21583
-24255
-26604
-28600
-30218
-31436
-32235
-32610
-32552
-32060
-31144
-29818
-28094
-25998
-23558
-20805
-17777
-14513
-11058
-7453
-3754
-4
3748
7447
11052
14507
17772
20800
23553
25993
28089
29814
31140
32056
32549
32607
32233
31434
30217
28599
26603
24254
21582
18627
15422
12015
8446
4769
1024
-2729
-6451
-10084
-13586
-16906
-20004
-22834
-25364
-27557
-29384
-30822
-31854
-32459
-32636
-32383
-31696
-30592
-29081
-27187
-24929
-22344
-19461
-16321
-12964
-9436
-5781
-2052
1706
5439
9103
12644
16020
19180
22089
24704
26992
28920
30468
31610
32333
32629
32491
31921
30930
29531
27736
25576
23080
20271
17199
13896
10411
6785
3072
-683
-4427
-8117
-11695
-15120
-18344
-21328
-24023
-26404
-28434
-30088
-31341
-32181
-32595
-32574
-32123
-31247
-29955
-28266
-26206
-23793
-21069
-18063
-14820
-11378
-7789
-4092
-345
3409
7116
10730
14201
17486
20535
23315
25786
27914
29671
31038
31991
32520
32619
32286
31523
30343
28764
26798
24480
21838
18906
15721
12331
8775
5105
1365
-2389
-6117
-9759
-13276
-16613
-19732
-22590
-25149
-27371
-29234
-30709
-31776
-32421
-32640
-32422
-31776
-30711
-29236
-27373
-25151
-22592
-19735
-16616
-13279
-9762
-6120
-2392
1362
5102
8772
12328
15718
18903
21835
24479
26796
28762
30342
31523
32286
32619
32520
31992
31039
29673
27916
25787
23318
20538
17488
14204
10733
7119
3412
-342
-4089
-7786
-11375
-14817
-18061
-21066
-23790
-26204
-28264
-29953
-31246
-32123
-32573
-32595
-32182
-31342
-30090
-28436
-26406
-24025
-21330
-18346
-15123
-11698
-8120
-4430
-686
3069
6782
10408
13894
17196
20269
23075
25574
27734
29530
30929
31921
32490
32629
32333
31611
30469
28921
26994
24706
22091
19182
16023
12646
9106
5442
1709
-2048
-5778
-9434
-12961
-16319
-19458
-22342
-24927
-27186
-29079
-30591
-31696
-32382
-32636
-32459
-31855
-30823
-29385
-27558
-25366
-22836
-20006
-16909
-13589
-10087
-6454
-2733
1020
4766
8442
12012
15419
18624
21580
24252
26601
28597
30215
31434
32232
32607
32549
32057
31141
29815
28091
25995
23555
20802
17774
14510
11055
7450
3751
1
-3751
-7450
-11055
-14510
-17775
-20803
-23556
-25996
-28092
-29817
-31143
-32059
-32552
-32610
-32236
-31437
-30220
-28602
-26606
-24257
-21585
-18629
-15425
-12018
-8449
-4772
-1027
2726
6448
10081
13583
16903
20001
22831
25361
27554
29381
30819
31851
32456
32633
32380
31693
30589
29078
27184
24926
22341
19458
16319
12961
9434
5778
2049
-1709
-5442
-9106
-12647
-16023
-19183
-22092
-24707
-26995
-28923
-30471
-31613
-32336
-32632
-32494
-31924
-30933
-29534
-27739
-25579
-23083
-20274
-17202
-13899
-10414
-6788
-3075
680
4424
8114
11692
15117
18341
21325
24020
26401
28431
30085
31338
32178
32592
32571
32121
31244
29952
28263
26203
23790
21066
18060
14817
11375
7786
4089
342
-3412
-7119
-10733
-14204
-17489
-20538
-23318
-25789
-27917
-29674
-31041
-31994
-32523
-32622
-32289
-31526
-30345
-28767
-26801
-24483
-21841
-18909
-15724
-12334
-8778
-5108
-1368
2386
6114
9756
13273
16610
19730
22587
25146
27368
29231
30706
31773
32418
32637
32419
31773
30708
29233
27370
25148
22589
19732
16613
13276
9759
6117
2389
-1365
-5105
-8775
-12331
-15721
-18906
-21838
-24481
-26799
-28765
-30345
-31526
-32289
-32622
-32523
-31995
-31042
-29676
-27919
-25790
-23321
-20541
-17491
-14207
-10736
-7122
-3415
339
4086
7783
11372
14814
18058
21063
23787
26201
28261
29950
31243
32120
32570
32592
32179
31339
30087
28433
26403
24022
21327
18343
15120
11695
8117
4427
683
-3072
-6785
-10411
-13897
-17199
-20272
-23078
-25577
-27737
-29533
-30932
-31924
-32493
-32632
-32336
-31614
-30472
-28924
-26997
-24709
-22094
-19185
-16026
-12649
-9109
-5445
-1712
2045
5775
9431
12958
16316
19456
22339
24924
27183
29076
30588
31693
32379
32633
32456
31852
30820
29382
27555
25363
22833
20004
16906
13586
10084
6451
2730
-1023
-4769
-8445
-12015
-15422
-18627
-21583
-24255
-26604
-28600
-30218
-31436
-32235
-32610
-32552
-32060
-31144
-29818
-28094
-25998
-23558
-20805
-17777
-14513
-11058
-7453
-3754
-4
3748
7447
11052
14507
17772
20800
23553
25993
28089
29814
31140
32056
32549
32607
32233
31434
30217
28599
26603
24254
21582
18627
15422
12015
8446
4769
1024
-2729
-6451
-10084
-13586
-16906
-20004
-22834
-25364
-27557
-29384
-30822
-31854
-32459
-32636
-32383
-31696
-30592
-29081
-27187
-24929
-22344
-19461
-16321
-12964
-9436
-5781
-2052
1706
5439
9103
12644
16020
19180
22089
24704
26992
28920
30468
31610
32333
32629
32491
31921
30930
29531
27736
25576
23080
20271
17199
13896
10411
6785
3072
-683
-4427
-8117
-11695
-15120
-18344
-21328
-24023
-26404
-28434
-30088
-31341
-32181
-32595
-32574
-32123
-31247
-29955
-28266
-26206
-23793
-21069
-18063
-14820
-11378
-7789
-4092
-345
3409
7116
10730
14201
17486
20535
23315
25786
27914
29671
31038
31991
32520
32619
32286
31523
30343
28764
26798
24480
21838
18906
15721
12331
8775
5105
1365
-2389
-6117
-9759
-13276
-16613
-19732
-22590
-25149
-27371
-29234
-30709
-31776
-32421
-32640
-32422
-31776
-30711
-29236
-27373
-25151
-22592
-19735
-16616
-13279
-9762
-6120
-2392
1362
5102
8772
12328
15718
18903
21835
24479
26796
28762
30342
31523
32286
32619
32520
31992
31039
29673
27916
25787
23318
20538
17488
14204
10733
7119
3412
-342
-4089
-7786
-11375
-14817
-18061
-21066
-23790
-26204
-28264
-29953
-31246
-32123
-32573
-32595
-32182
-31342
-30090
-28436
-26406
-24025
-21330
-18346
-15123
-11698
-8120
-4430
-686
3069
6782
10408
13894
17196
20269
23075
25574
27734
29530
30929
31921
32490
32629
32333
31611
30469
28921
26994
24706
22091
19182
16023
12646
9106
5442
1709
-2048
-5778
-9434
-12961
-16319
-19458
-22342
-24927
-27186
-29079
-30591
-31696
-32382
-32636
-32459
-31855
-30823
-29385
-27558
-25366
-22836
-20006
-16909
-13589
-10087
-6454
-2733
1020
4766
8442
12012
15419
18624
21580
24252
26601
28597
30215
31434
32232
32607
32549
32057
31141
29815
28091
25995
23555
20802
17774
14510
11055
7450
3751
1
-3751
-7450
-11055
-14510
-17775
-20803
-23556
-25996
-28092
-29817
-31143
-32059
-32552
-32610
-32236
-31437
-30220
-28602
-26606
-24257
-21585
-18629
-15425
-12018
-8449
-4772
-1027
2726
6448
10081
13583
16903
20001
22831
25361
27554
29381
30819
31851
32456
32633
32380
31693
30589
29078
27184
24926
22341
19458
16319
12961
9434
5778
2049
-1709
-5442
-9106
-12647
-16023
-19183
-22092
-24707
-26995
-28923
-30471
-31613
-32336
-32632
-32494
-31924
-30933
-29534
-27739
-25579
-23083
-20274
-17202
-13899
-10414
-6788
-3075
680
4424
8114
11692
15117
18341
21325
24020
26401
28431
30085
31338
32178
32592
32571
32121
31244
29952
28263
26203
23790
21066
18060
14817
11375
7786
4089
342
-3412
-7119
-10733
-14204
-17489
-20538
-23318
-25789
-27917
-29674
-31041
-31994
-32523
-32622
-32289
-31526
-30345
-28767
-26801
-24483
-21841
-18909
-15724
-12334
-8778
-5108
-1368
2386
6114
9756
13273
16610
19730
22587
25146
27368
29231
30706
31773
32418
32637
32419
31773
30708
29233
27370
25148
22589
19732
16613
13276
9759
6117
2389
-1365
-5105
-8775
-12331
-15721
-18906
-21838
-24481
-26799
-28765
-30345
-31526
-32289
-32622
-32523
-31995
-31042
-29676
-27919
-25790
-23321
-20541
-17491
-14207
-10736
-7122
-3415
339
4086
7783
11372
14814
18058
21063
23787
26201
28261
29950
31243
32120
32570
32592
32179
31339
30087
28433
26403
24022
21327
18343
15120
11695
8117
4427
683
-3072
-6785
-10411
-13897
-17199
-20272
-23078
-25577
-27737
-29533
-30932
-31924
-32493
-32632
-32336
-31614
-30472
-28924
-26997
-24709
-22094
-19185
-16026
-12649
-9109
-5445
-1712
2045
5775
9431
12958
16316
19456
22339
24924
27183
29076
30588
31693
32379
32633
32456
31852
30820
29382
27555
25363
22833
20004
16906
13586
10084
6451
2730
-1023
-4769
-8445
-12015
-15422
-18627
-21583
-24255
-26604
-28600
-30218
-31436
-32235
-32610
-32552
-32060
-31144
-29818
-28094
-25998
-23558
-20805
-17777
-14513
-11058
-7453
-3754
-4
3748
7447
11052
14507
17772
20800
23553
25993
28089
29814
31140
32056
32549
32607
32233
31434
30217
28599
26603
24254
21582
18627
15422
12015
8446
4769
1024
-2729
-6451
-10084
-13586
-16906
-20004
-22834
-25364
-27557
-29384
-30822
-31854
-32459
-32636
-32383
-31696
-30592
-29081
-27187
-24929
-22344
-19461
-16321
-12964
-9436
-5781
-2052
1706
5439
9103
12644
16020
19180
22089
24704
26992
28920
30468
31610
32333
32629
32491
31921
30930
29531
27736
25576
23080
20271
17199
13896
10411
6785
3072
-683
-4427
-8117
-11695
-15120
-18344
-21328
-24023
-26404
-28434
-30088
-31341
-32181
-32595
-32574
-32123
-31247
-29955
-28266
-26206
-23793
-21069
-18063
-14820
-11378
-7789
-4092
-345
3409
7116
10730
14201
17486
20535
23315
25786
27914
29671
31038
31991
32520
32619
32286
31523
30343
28764
26798
24480
21838
18906
15721
12331
8775
5105
1365
-2389
-6117
-9759
-13276
-16613
-19732
-22590
-25149
-27371
-29234
-30709
-31776
-32421
-32640
-32422
-31776
-30711
-29236
-27373
-25151
-22592
-19735
-16616
-13279
-9762
-6120
-2392
1362
5102
8772
12328
15718
18903
21835
24479
26796
28762
30342
31523
32286
32619
32520
31992
31039
29673
27916
25787
23318
20538
17488
14204
10733
7119
3412
-342
-4089
-7786
-11375
-14817
-18061
-21066
-23790
-26204
-28264
-29953
-31246
-32123
-32573
-32595
-32182
-31342
-30090
-28436
-26406
-24025
-21330
-18346
-15123
-11698
-8120
-4430
-686
3069
6782
10408
13894
17196
20269
23075
25574
27734
29530
30929
31921
32490
32629
32333
31611
30469
28921
26994
24706
22091
19182
16023
12646
9106
5442
1709
-2048
-5778
-9434
-12961
-16319
-19458
-22342
-24927
-27186
-29079
-30591
-31696
-32382
-32636
-32459
-31855
-30823
-29385
-27558
-25366
-22836
-20006
-16909
-13589
-10087
-6454
-2733
1020
4766
8442
12012
15419
18624
21580
24252
26601
28597
30215
31434
32232
32607
32549
32057
31141
29815
28091
25995
23555
20802
17774
14510
11055
7450
3751
1
-3751
-7450
-11055
-14510
-17775
-20803
-23556
-25996
-28092
-29817
-31143
-32059
-32552
-32610
-32236
-31437
-30220
-28602
-26606
-24257
-21585
-18629
-15425
-12018
-8449
-4772
-1027
2726
6448
10081
13583
16903
20001
22831
25361
27554
29381
30819
31851
32456
32633
32380
31693
30589
29078
27184
24926
22341
19458
16319
12961
9434
5778
2049
-1709
-5442
-9106
-12647
-16023
-19183
-22092
-24707
-26995
-28923
-30471
-31613
-32336
-32632
-32494
-31924
-30933
-29534
-27739
-25579
-23083
-20274
-17202
-13899
-10414
-6788
-3075
680
4424
8114
11692
15117
18341
21325
24020
26401
28431
30085
31338
32178
32592
32571
32121
31244
29952
28263
26203
23790
21066
18060
14817
11375
7786
4089
342
-3412
-7119
-10733
-14204
-17489
-20538
-23318
-25789
-27917
-29674
-31041
-31994
-32523
-32622
-32289
-31526
-30345
-28767
-26801
-24483
-21841
-18909
-15724
-12334
-8778
-5108
-1368
2386
6114
9756
13273
16610
19730
22587
25146
27368
29231
30706
31773
32418
32637
32419
31773
30708
29233
27370
25148
22589
19732
16613
13276
9759
6117
2389
-1365
-5105
-8775
-12331
-15721
-18906
-21838
-24481
-26799
-28765
-30345
-31526
-32289
-32622
-32523
-31995
-31042
-29676
-27919
-25790
-23321
-20541
-17491
-14207
-10736
-7122
-3415
339
4086
7783
11372
14814
18058
21063
23787
26201
28261
29950
31243
32120
32570
32592
32179
31339
30087
28433
26403
24022
21327
18343
15120
11695
8117
4427
683
-3072
-6785
-10411
-13897
-17199
-20272
-23078
-25577
-27737
-29533
-30932
-31924
-32493
-32632
-32336
-31614
-30472
-28924
-26997
-24709
-22094
-19185
-16026
-12649
-9109
-5445
-1712
2045
5775
9431
12958
16316
19456
22339
24924
27183
29076
30588
31693
32379
32633
32456
31852
30820
29382
27555
25363
22833
20004
16906
13586
10084
6451
2730
-1023
-4769
-8445
-12015
-15422
-18627
-21583
-24255
-26604
-28600
-30218
-31436
-32235
-32610
-32552
-32060
-31144
-29818
-28094
-25998
-23558
-20805
-17777
-14513
-11058
-7453
-3754
-4
3748
7447
11052
14507
17772
20800
23553
25993
28089
29814
31140
32056
32549
32607
32233
31434
30217
28599
26603
24254
21582
18627
15422
12015
8446
4769
1024
-2729
-6451
-10084
-13586
-16906
-20004
-22834
-25364
-27557
-29384
-30822
-31854
-32459
-32636
-32383
-31696
-30592
-29081
-27187
-24929
-22344
-19461
-16321
-12964
-9436
-5781
-2052
1706
5439
9103
12644
16020
19180
22089
24704
26992
28920
30468
31610
32333
32629
32491
31921
30930
29531
27736
25576
23080
20271
17199
13896
10411
6785
3072
-683
-4427
-8117
-11695
-15120
-18344
-21328
-24023
-26404
-28434
-30088
-31341
-32181
-32595
-32574
-32123
-31247
-29955
-28266
-26206
-23793
-21069
-18063
-14820
-11378
-7789
-4092
-345
3409
7116
10730
14201
17486
20535
23315
25786
27914
29671
31038
31991
32520
32619
32286
31523
30343
28764
26798
24480
21838
18906
15721
12331
8775
5105
1365
-2389
-6117
-9759
-13276
-16613
-19732
-22590
-25149
-27371
-29234
-30709
-31776
-32421
-32640
-32422
-31776
-30711
-29236
-27373
-25151
-22592
-19735
-16616
-13279
-9762
-6120
-2392
1362
5102
8772
12328
15718
18903
21835
24479
26796
28762
30342
31523
32286
32619
32520
31992
31039
29673
27916
25787
23318
20538
17488
14204
10733
7119
3412
-342
-4089
-7786
-11375
-14817
-18061
-21066
-23790
-26204
-28264
-29953
-31246
-32123
-32573
-32595
-32182
-31342
-30090
-28436
-26406
-24025
-21330
-18346
-15123
-11698
-8120
-4430
-686
3069
6782
10408
13894
17196
20269
23075
25574
27734
29530
30929
31921
32490
32629
32333
31611
30469
28921
26994
24706
22091
19182
16023
12646
9106
5442
1709
-2048
-5778
-9434
-12961
-16319
-19458
-22342
-24927
-27186
-29079
-30591
-31696
-32382
-32636
-32459
-31855
-30823
-29385
-27558
-25366
-22836
-20006
-16909
-13589
-10087
-6454
-2733
1020
4766
8442
12012
15419
18624
21580
24252
26601
28597
30215
31434
32232
32607
32549
32057
31141
29815
28091
25995
23555
20802
17774
14510
11055
7450
3751
1
-3751
-7450
-11055
-14510
-17775
-20803
-23556
-25996
-28092
-29817
-31143
-32059
-32552
-32610
-32236
-31437
-30220
-28602
-26606
-24257
-21585
-18629
-15425
-12018
-8449
-4772
-1027
2726
6448
10081
13583
16903
20001
22831
25361
27554
29381
30819
31851
32456
32633
32380
31693
30589
29078
27184
24926
22341
19458
16319
12961
9434
5778
2049
-1709
-5442
-9106
-12647
-16023
-19183
-22092
-24707
-26995
-28923
-30471
-31613
-32336
-32632
-32494
-31924
-30933
-29534
-27739
-25579
-23083
-20274
-17202
-13899
-10414
-6788
-3075
680
4424
8114
11692
15117
18341
21325
24020
26401
28431
30085
31338
32178
32592
32571
32121
31244
29952
28263
26203
23790
21066
18060
14817
11375
7786
4089
342
-3412
-7119
-10733
-14204
-17489
-20538
-23318
-25789
-27917
-29674
-31041
-31994
-32523
-32622
-32289
-31526
-30345
-28767
-26801
-24483
-21841
-18909
-15724
-12334
-8778
-5108
-1368
2386
6114
9756
13273
16610
19730
22587
25146
27368
29231
30706
31773
32418
32637
32419
31773
30708
29233
27370
25148
22589
19732
16613
13276
9759
6117
2389
-1365
-5105
-8775
-12331
-15721
-18906
-21838
-24481
-26799
-28765
-30345
-31526
-32289
-32622
-32523
-31995
-31042
-29676
-27919
-25790
-23321
-20541
-17491
-14207
-10736
-7122
-3415
339
4086
7783
11372
14814
18058
21063
23787
26201
28261
29950
31243
32120
32570
32592
32179
31339
30087
28433
26403
24022
21327
18343
15120
11695
8117
4427
683
-3072
-6785
-10411
-13897
-17199
-20272
-23078
-25577
-27737
-29533
-30932
-31924
-32493
-32632
-32336
-31614
-30472
-28924
-26997
-24709
-22094
-19185
-16026
-12649
-9109
-5445
-1712
2045
5775
9431
12958
16316
19456
22339
24924
27183
29076
30588
31693
32379
32633
32456
31852
30820
29382
27555
25363
22833
20004
16906
13586
10084
6451
2730
-1023
-4769
-8445
-12015
-15422
-18627
-21583
-24255
-26604
-28600
-30218
-31436
-32235
-32610
-32552
-32060
-31144
-29818
-28094
-25998
-23558
-20805
-17777
-14513
-11058
-7453
-3754
-4
3748
7447
11052
14507
17772
20800
23553
25993
28089
29814
31140
32056
32549
32607
32233
31434
30217
28599
26603
24254
21582
18627
15422
12015
8446
4769
1024
-2729
-6451
-10084
-13586
-16906
-20004
-22834
-25364
-27557
-29384
-30822
-31854
-32459
-32636
-32383
-31696
-30592
-29081
-27187
-24929
-22344
-19461
-16321
-12964
-9436
-5781
-2052
1706
5439
9103
12644
16020
19180
22089
24704
26992
28920
30468
31610
32333
32629
32491
31921
30930
29531
27736
25576
23080
20271
17199
13896
10411
6785
3072
-683
-4427
-8117
-11695
-15120
-18344
-21328
-24023
-26404
-28434
-30088
-31341
-32181
-32595
-32574
-32123
-31247
-29955
-28266
-26206
-23793
-21069
-18063
-14820
-11378
-7789
-4092
-345
3409
7116
10730
14201
17486
20535
23315
25786
27914
29671
31038
31991
32520
32619
32286
31523
30343
28764
26798
24480
21838
18906
15721
12331
8775
5105
1365
-2389
-6117
-9759
-13276
-16613
-19732
-22590
-25149
-27371
-29234
-30709
-31776
-32421
-32640
-32422
-31776
-30711
-29236
-27373
-25151
-22592
-19735
-16616
-13279
-9762
-6120
-2392
1362
5102
8772
12328
15718
18903
21835
24479
26796
28762
30342
31523
32286
32619
32520
31992
31039
29673
27916
25787
23318
20538
17488
14204
10733
7119
3412
-342
-4089
-7786
-11375
-14817
-18061
-21066
-23790
-26204
-28264
-29953
-31246
-32123
-32573
-32595
-32182
-31342
-30090
-28436
-26406
-24025
-21330
-18346
-15123
-11698
-8120
-4430
-686
3069
6782
10408
13894
17196
20269
23075
25574
27734
29530
30929
31921
32490
32629
32333
31611
30469
28921
26994
24706
22091
19182
16023
12646
9106
5442
1709
-2048
-5778
-9434
-12961
-16319
-19458
-22342
-24927
-27186
-29079
-30591
-31696
-32382
-32636
-32459
-31855
-30823
-29385
-27558
-25366
-22836
-20006
-16909
-13589
-10087
-6454
-2733
1020
4766
8442
12012
15419
18624
21580
24252
26601
28597
30215
31434
32232
32607
32549
32057
31141
29815
28091
25995
23555
20802
17774
14510
11055
7450
3751
1
-3751
-7450
-11055
-14510
-17775
-20803
-23556
-25996
-28092
-29817
-31143
-32059
-32552
-32610
-32236
-31437
-30220
-28602
-26606
-24257
-21585
-18629
-15425
-12018
-8449
-4772
-1027
2726
6448
10081
13583
16903
20001
22831
25361
27554
29381
30819
31851
32456
32633
32380
31693
30589
29078
27184
24926
22341
19458
16319
12961
9434
5778
2049
-1709
-5442
-9106
-12647
-16023
-19183
-22092
-24707
-26995
-28923
-30471
-31613
-32336
-32632
-32494
-31924
-30933
-29534
-27739
-25579
-23083
-20274
-17202
-13899
-10414
-6788
-3075
680
4424
8114
11692
15117
18341
21325
24020
26401
28431
30085
31338
32178
32592
32571
32121
31244
29952
28263
26203
23790
21066
18060
14817
11375
7786
4089
342
-3412
-7119
-10733
-14204
-17489
-20538
-23318
-25789
-27917
-29674
-31041
-31994
-32523
-32622
-32289
-31526
-30345
-28767
-26801
-24483
-21841
-18909
-15724
-12334
-8778
-5108
-1368
2386
6114
9756
13273
16610
19730
22587
25146
27368
29231
30706
31773
32418
32637
32419
31773
30708
29233
27370
25148
22589
19732
16613
13276
9759
6117
2389
-1365
-5105
-8775
-12331
-15721
-18906
-21838
-24481
-26799
-28765
-30345
-31526
-32289
-32622
-32523
-31995
-31042
-29676
-27919
-25790
-23321
-20541
-17491
-14207
-10736
-7122
-3415
339
4086
7783
11372
14814
18058
21063
23787
26201
28261
29950
31243
32120
32570
32592
32179
31339
30087
28433
26403
24022
21327
18343
15120
11695
8117
4427
683
-3072
-6785
-10411
-13897
-17199
-20272
-23078
-25577
-27737
-29533
-30932
-31924
-32493
-32632
-32336
-31614
-30472
-28924
-26997
-24709
-22094
-19185
-16026
-12649
-9109
-5445
-1712
2045
5775
9431
12958
16316
19456
22339
24924
27183
29076
30588
31693
32379
32633
32456
31852
30820
29382
27555
25363
22833
20004
16906
13586
10084
6451
2730
-1023
-4769
-8445
-12015
-15422
-18627
-21583
-24255
-26604
-28600
-30218
-31436
-32235
-32610
-32552
-32060
-31144
-29818
-28094
-25998
-23558
-20805
-17777
-14513
-11058
-7453
-3754
-4
3748
7447
11052
14507
17772
20800
23553
25993
28089
29814
31140
32056
32549
32607
32233
31434
30217
28599
26603
24254
21582
18627
15422
12015
8446
4769
1024
-2729
-6451
-10084
-13586
-16906
-20004
-22834
-25364
-27557
-29384
-30822
-31854
-32459
-32636
-32383
-31696
-30592
-29081
-27187
-24929
-22344
-19461
-16321
-12964
-9436
-5781
-2052
1706
5439
9103
12644
16020
19180
22089
24704
26992
28920
30468
31610
32333
32629
32491
31921
30930
29531
27736
25576
23080
20271
17199
13896
10411
6785
3072
-683
-4427
-8117
-11695
-15120
-18344
-21328
-24023
-26404
-28434
-30088
-31341
-32181
-32595
-32574
-32123
-31247
-29955
-28266
-26206
-23793
-21069
-18063
-14820
-11378
-7789
-4092
-345
3409
7116
10730
14201
17486
20535
23315
25786
27914
29671
31038
31991
32520
32619
32286
31523
30343
28764
26798
24480
21838
18906
15721
12331
8775
5105
1365
-2389
-6117
-9759
-13276
-16613
-19732
-22590
-25149
-27371
-29234
-30709
-31776
-32421
-32640
-32422
-31776
-30711
-29236
-27373
-25151
-22592
-19735
-16616
-13279
-9762
-6120
-2392
1362
5102
8772
12328
15718
18903
21835
24479
26796
28762
30342
31523
32286
32619
32520
31992
31039
29673
27916
25787
23318
20538
17488
14204
10733
7119
3412
-342
-4089
-7786
-11375
-14817
-18061
-21066
-23790
-26204
-28264
-29953
-31246
-32123
-32573
-32595
-32182
-31342
-30090
-28436
-26406
-24025
-21330
-18346
-15123
-11698
-8120
-4430
-686
3069
6782
10408
13894
17196
20269
23075
25574
27734
29530
30929
31921
32490
32629
32333
31611
30469
28921
26994
24706
22091
19182
16023
12646
9106
5442
1709
-2048
-5778
-9434
-12961
-16319
-19458
-22342
-24927
-27186
-29079
-30591
-31696
-32382
-32636
-32459
-31855
-30823
-29385
-27558
-25366
-22836
-20006
-16909
-13589
-10087
-6454
-2733
1020
4766
8442
12012
15419
18624
21580
24252
26601
28597
30215
31434
32232
32607
32549
32057
31141
29815
28091
25995
23555
20802
17774
14510
11055
7450
3751
1
-3751
-7450
-11055
-14510
-17775
-20803
-23556
-25996
-28092
-29817
-31143
-32059
-32552
-32610
-32236
-31437
-30220
-28602
-26606
-24257
-21585
-18629
-15425
-12018
-8449
-4772
-1027
2726
6448
10081
13583
16903
20001
22831
25361
27554
29381
30819
31851
32456
32633
32380
31693
30589
29078
27184
24926
22341
19458
16319
12961
9434
5778
2049
-1709
-5442
-9106
-12647
-16023
-19183
-22092
-24707
-26995
-28923
-30471
-31613
-32336
-32632
-32494
-31924
-30933
-29534
-27739
-25579
-23083
-20274
-17202
-13899
-10414
-6788
-3075
680
4424
8114
11692
15117
18341
21325
24020
26401
28431
30085
31338
32178
32592
32571
32121
31244
29952
28263
26203
23790
21066
18060
14817
11375
7786
4089
342
-3412
-7119
-10733
-14204
-17489
-20538
-23318
-25789
-27917
-29674
-31041
-31994
-32523
-32622
-32289
-31526
-30345
-28767
-26801
-24483
-21841
-18909
-15724
-12334
-8778
-5108
-1368
2386
6114
9756
13273
16610
19730
22587
25146
27368
29231
30706
31773
32418
32637
32419
31773
30708
29233
27370
25148
22589
19732
16613
13276
9759
6117
2389
-1365
-5105
-8775
-12331
-15721
-18906
-21838
-24481
-26799
-28765
-30345
-31526
-32289
-32622
-32523
-31995
-31042
-29676
-27919
-25790
-23321
-20541
-17491
-14207
-10736
-7122
-3415
339
4086
7783
11372
14814
18058
21063
23787
26201
28261
29950
31243
32120
32570
32592
32179
31339
30087
28433
26403
24022
21327
18343
15120
11695
8117
4427
683
-3072
-6785
-10411
-13897
-17199
-20272
-23078
-25577
-27737
-29533
-30932
-31924
-32493
-32632
-32336
-31614
-30472
-28924
-26997
-24709
-22094
-19185
-16026
-12649
-9109
-5445
-1712
2045
5775
9431
12958
16316
19456
22339
24924
27183
29076
30588
31693
32379
32633
32456
31852
30820
29382
27555
25363
22833
20004
16906
13586
10084
6451
2730
-1023
-4769
-8445
-12015
-15422
-18627
-21583
-24255
-26604
-28600
-30218
-31436
-32235
-32610
-32552
-32060
-31144
-29818
-28094
-25998
-23558
-20805
-17777
-14513
-11058
-7453
-3754
-4
3748
7447
11052
14507
17772
20800
23553
25993
28089
29814
31140
32056
32549
32607
32233
31434
30217
28599
26603
24254
21582
18627
15422
12015
8446
4769
1024
-2729
-6451
-10084
-13586
-16906
-20004
-22834
-25364
-27557
-29384
-30822
-31854
-32459
-32636
-32383
-31696
-30592
-29081
-27187
-24929
-22344
-19461
-16321
-12964
-9436
-5781
-2052
1706
5439
9103
12644
16020
19180
22089
24704
26992
28920
30468
31610
32333
32629
32491
31921
30930
29531
27736
25576
23080
20271
17199
13896
10411
6785
3072
-683
-4427
-8117
-11695
-15120
-18344
-21328
-24023
-26404
-28434
-30088
-31341
-32181
-32595
-32574
-32123
-31247
-29955
-28266
-26206
-23793
-21069
-18063
-14820
-11378
-7789
-4092
-345
3409
7116
10730
14201
17486
20535
23315
25786
27914
29671
31038
31991
32520
32619
32286
31523
30343
28764
26798
24480
21838
18906
15721
12331
8775
5105
1365
-2389
-6117
-9759
-13276
-16613
-19732
-22590
-25149
-27371
-29234
-30709
-31776
-32421
-32640
-32422
-31776
-30711
-29236
-27373
-25151
-22592
-19735
-16616
-13279
-9762
-6120
-2392
1362
5102
8772
12328
15718
18903
21835
24479
26796
28762
30342
31523
32286
32619
32520
31992
31039
29673
27916
25787
23318
20538
17488
14204
10733
7119
3412
-342
-4089
-7786
-11375
-14817
-18061
-21066
-23790
-26204
-28264
-29953
-31246
-32123
-32573
-32595
-32182
-31342
-30090
-28436
-26406
-24025
-21330
-18346
-15123
-11698
-8120
-4430
-686
3069
6782
10408
13894
17196
20269
23075
25574
27734
29530
30929
31921
32490
32629
32333
31611
30469
28921
26994
24706
22091
19182
16023
12646
9106
5442
1709
-2048
-5778
-9434
-12961
-16319
-19458
-22342
-24927
-27186
-29079
-30591
-31696
-32382
-32636
-32459
-31855
-30823
-29385
-27558
-25366
-22836
-20006
-16909
-13589
-10087
-6454
-2733
1020
4766
8442
12012
15419
18624
21580
24252
26601
28597
30215
31434
32232
32607
32549
32057
31141
29815
28091
25995
23555
20802
17774
14510
11055
7450
3751
1
-3751
-7450
-11055
-14510
-17775
-20803
-23556
-25996
-28092
-29817
-31143
-32059
-32552
-32610
-32236
-31437
-30220
-28602
-26606
-24257
-21585
-18629
-15425
-12018
-8449
-4772
-1027
2726
6448
10081
13583
16903
20001
22831
25361
27554
29381
30819
31851
32456
32633
32380
31693
30589
29078
27184
24926
22341
19458
16319
12961
9434
5778
2049
-1709
-5442
-9106
-12647
-16023
-19183
-22092
-24707
-26995
-28923
-30471
-31613
-32336
-32632
-32494
-31924
-30933
-29534
-27739
-25579
-23083
-20274
-17202
-13899
-10414
-6788
-3075
680
4424
8114
11692
15117
18341
21325
24020
26401
28431
30085
31338
32178
32592
32571
32121
31244
29952
28263
26203
23790
21066
18060
14817
11375
7786
4089
342
-3412
-7119
-10733
-14204
-17489
-20538
-23318
-25789
-27917
-29674
-31041
-31994
-32523
-32622
-32289
-31526
-30345
-28767
-26801
-24483
-21841
-18909
-15724
-12334
-8778
-5108
-1368
2386
6114
9756
13273
16610
19730
22587
25146
27368
29231
30706
31773
32418
32637
32419
31773
30708
29233
27370
25148
22589
19732
16613
13276
9759
6117
2389
-1365
-5105
-8775
-12331
-15721
-18906
-21838
-24481
-26799
-28765
-30345
-31526
-32289
-32622
-32523
-31995
-31042
-29676
-27919
-25790
-23321
-20541
-17491
-14207
-10736
-7122
-3415
339
4086
7783
11372
14814
18058
21063
23787
26201
28261
29950
31243
32120
32570
32592
32179
31339
30087
28433
26403
24022
21327
18343
15120
11695
8117
4427
683
-3072
-6785
-10411
-13897
-17199
-20272
-23078
-25577
-27737
-29533
-30932
-31924
-32493
-32632
-32336
-31614
-30472
-28924
-26997
-24709
-22094
-19185
-16026
-12649
-9109
-5445
-1712
2045
5775
9431
12958
16316
19456
22339
24924
27183
29076
30588
31693
32379
32633
32456
31852
30820
29382
27555
25363
22833
20004
16906
13586
10084
6451
2730
-1023
-4769
-8445
-12015
-15422
-18627
-21583
-24255
-26604
-28600
-30218
-31436
-32235
-32610
-32552
-32060
-31144
-29818
-28094
-25998
-23558
-20805
-17777
-14513
-11058
-7453
-3754
-4
3748
7447
11052
14507
17772
20800
23553
25993
28089
29814
31140
32056
32549
32607
32233
31434
30217
28599
26603
24254
21582
18627
15422
12015
8446
4769
1024
-2729
-6451
-10084
-13586
-16906
-20004
-22834
-25364
-27557
-29384
-30822
-31854
-32459
-32636
-32383
-31696
-30592
-29081
-27187
-24929
-22344
-19461
-16321
-12964
-9436
-5781
-2052
1706
5439
9103
12644
16020
19180
22089
24704
26992
28920
30468
31610
32333
32629
32491
31921
30930
29531
27736
25576
23080
20271
17199
13896
10411
6785
3072
-683
-4427
-8117
-11695
-15120
-18344
-21328
-24023
-26404
-28434
-30088
-31341
-32181
-32595
-32574
-32123
-31247
-29955
-28266
-26206
-23793
-21069
-18063
-14820
-11378
-7789
-4092
-345
3409
7116
10730
14201
17486
20535
23315
25786
27914
29671
31038
31991
32520
32619
32286
31523
30343
28764
26798
24480
21838
18906
15721
12331
8775
5105
1365
-2389
-6117
-9759
-13276
-16613
-19732
-22590
-25149
-27371
-29234
-30709
-31776
-32421
-32640
-32422
-31776
-30711
-29236
-27373
-25151
-22592
-19735
-16616
-13279
-9762
-6120
-2392
1362
5102
8772
12328
15718
18903
21835
24479
26796
28762
30342
31523
32286
32619
32520
31992
31039
29673
27916
25787
23318
20538
17488
14204
10733
7119
3412
-342
-4089
-7786
-11375
-14817
-18061
-21066
-23790
-26204
-28264
-29953
-31246
-32123
-32573
-32595
-32182
-31342
-30090
-28436
-26406
-24025
-21330
-18346
-15123
-11698
-8120
-4430
-686
3069
6782
10408
13894
17196
20269
23075
25574
27734
29530
30929
31921
32490
32629
32333
31611
30469
28921
26994
24706
22091
19182
16023
12646
9106
5442
1709
-2048
-5778
-9434
-12961
-16319
-19458
-22342
-24927
-27186
-29079
-30591
-31696
-32382
-32636
-32459
-31855
-30823
-29385
-27558
-25366
-22836
-20006
-16909
-13589
-10087
-6454
-2733
1020
4766
8442
12012
15419
18624
21580
24252
26601
28597
30215
31434
32232
32607
32549
32057
31141
29815
28091
25995
23555
20802
17774
14510
11055
7450
3751
1
-3751
-7450
-11055
-14510
-17775
-20803
-23556
-25996
-28092
-29817
-31143
-32059
-32552
-32610
-32236
-31437
-30220
-28602
-26606
-24257
-21585
-18629
-15425
-12018
-8449
-4772
-1027
2726
6448
10081
13583
16903
20001
22831
25361
27554
29381
30819
31851
32456
32633
32380
31693
30589
29078
27184
24926
22341
19458
16319
12961
9434
5778
2049
-1709
-5442
-9106
-12647
-16023
-19183
-22092
-24707
-26995
-28923
-30471
-31613
-32336
-32632
-32494
-31924
-30933
-29534
-27739
-25579
-23083
-20274
-17202
-13899
-10414
-6788
-3075
680
4424
8114
11692
15117
18341
21325
24020
26401
28431
30085
31338
32178
32592
32571
32121
31244
29952
28263
26203
23790
21066
18060
14817
11375
7786
4089
342
-3412
-7119
-10733
-14204
-17489
-20538
-23318
-25789
-27917
-29674
-31041
-31994
-32523
-32622
-32289
-31526
-30345
-28767
-26801
-24483
-21841
-18909
-15724
-12334
-8778
-5108
-1368
2386
6114
9756
13273
16610
19730
22587
25146
27368
29231
30706
31773
32418
32637
32419
31773
30708
29233
27370
25148
22589
19732
16613
13276
9759
6117
2389
-1365
-5105
-8775
-12331
-15721
-18906
-21838
-24481
-26799
-28765
-30345
-31526
-32289
-32622
-32523
-31995
-31042
-29676
-27919
-25790
-23321
-20541
-17491
-14207
-10736
-7122
-3415
339
4086
7783
11372
14814
18058
21063
23787
26201
28261
29950
31243
32120
32570
32592
32179
31339
30087
28433
26403
24022
21327
18343
15120
11695
8117
4427
683
-3072
-6785
-10411
-13897
-17199
-20272
-23078
-25577
-27737
-29533
-30932
-31924
-32493
-32632
-32336
-31614
-30472
-28924
-26997
-24709
-22094
-19185
-16026
-12649
-9109
-5445
-1712
2045
5775
9431
12958
16316
19456
22339
24924
27183
29076
30588
31693
32379
32633
32456
31852
30820
29382
27555
25363
22833
20004
16906
13586
10084
6451
2730
-1023
-4769
-8445
-12015
-15422
-18627
-21583
-24255
-26604
-28600
-30218
-31436
-32235
-32610
-32552
-32060
-31144
-29818
-28094
-25998
-23558
-20805
-17777
-14513
-11058
-7453
-3754
-4
3748
7447
11052
14507
17772
20800
23553
25993
28089
29814
31140
32056
32549
32607
32233
31434
30217
28599
26603
24254
21582
18627
15422
12015
8446
4769
1024
-2729
-6451
-10084
-13586
-16906
-20004
-22834
-25364
-27557
-29384
-30822
-31854
-32459
-32636
-32383
-31696
-30592
-29081
-27187
-24929
-22344
-19461
-16321
-12964
-9436
-5781
-2052
1706
5439
9103
12644
16020
19180
22089
24704
26992
28920
30468
31610
32333
32629
32491
31921
30930
29531
27736
25576
23080
20271
17199
13896
10411
6785
3072
-683
-4427
-8117
-11695
-15120
-18344
-21328
-24023
-26404
-28434
-30088
-31341
-32181
-32595
-32574
-32123
-31247
-29955
-28266
-26206
-23793
-21069
-18063
-14820
-11378
-7789
-4092
-345
3409
7116
10730
14201
17486
20535
23315
25786
27914
29671
31038
31991
32520
32619
32286
31523
30343
28764
26798
24480
21838
18906
15721
12331
8775
5105
1365
-2389
-6117
-9759
-13276
-16613
-19732
-22590
-25149
-27371
-29234
-30709
-31776
-32421
-32640
-32422
-31776
-30711
-29236
-27373
-25151
-22592
-19735
-16616
-13279
-9762
-6120
-2392
1362
5102
8772
12328
15718
18903
21835
24479
26796
28762
30342
31523
32286
32619
32520
31992
31039
29673
27916
25787
23318
20538
17488
14204
10733
7119
3412
-342
-4089
-7786
-11375
-14817
-18061
-21066
-23790
-26204
-28264
-29953
-31246
-32123
-32573
-32595
-32182
-31342
-30090
-28436
-26406
-24025
-21330
-18346
-15123
-11698
-8120
-4430
-686
3069
6782
10408
13894
17196
20269
23075
25574
27734
29530
30929
31921
32490
32629
32333
31611
30469
28921
26994
24706
22091
19182
16023
12646
9106
5442
1709
-2048
-5778
-9434
-12961
-16319
-19458
-22342
-24927
-27186
-29079
-30591
-31696
-32382
-32636
-32459
-31855
-30823
-29385
-27558
-25366
-22836
-20006
-16909
-13589
-10087
-6454
-2733
1020
4766
8442
12012
15419
18624
21580
24252
26601
28597
30215
31434
32232
32607
32549
32057
31141
29815
28091
25995
23555
20802
17774
14510
11055
7450
3751
1
-3751
-7450
-11055
-14510
-17775
-20803
-23556
-25996
-28092
-29817
-31143
-32059
-32552
-32610
-32236
-31437
-30220
-28602
-26606
-24257
-21585
-18629
-15425
-12018
-8449
-4772
-1027
2726
6448
10081
13583
16903
20001
22831
25361
27554
29381
30819
31851
32456
32633
32380
31693
30589
29078
27184
24926
22341
19458
16319
12961
9434
5778
2049
-1709
-5442
-9106
-12647
-16023
-19183
-22092
-24707
-26995
-28923
-30471
-31613
-32336
-32632
-32494
-31924
-30933
-29534
-27739
-25579
-23083
-20274
-17202
-13899
-10414
-6788
-3075
680
4424
8114
11692
15117
18341
21325
24020
26401
28431
30085
31338
32178
32592
32571
32121
31244
29952
28263
26203
23790
21066
18060
14817
11375
7786
4089
342
-3412
-7119
-10733
-14204
-17489
-20538
-23318
-25789
-27917
-29674
-31041
-31994
-32523
-32622
-32289
-31526
-30345
-28767
-26801
-24483
-21841
-18909
-15724
-12334
-8778
-5108
-1368
2386
6114
9756
13273
16610
19730
22587
25146
27368
29231
30706
31773
32418
32637
32419
31773
30708
29233
27370
25148
22589
19732
16613
13276
9759
6117
2389
-1365
-5105
-8775
-12331
-15721
-18906
-21838
-24481
-26799
-28765
-30345
-31526
-32289
-32622
-32523
-31995
-31042
-29676
-27919
-25790
-23321
-20541
-17491
-14207
-10736
-7122
-3415
339
4086
7783
11372
14814
18058
21063
23787
26201
28261
29950
31243
32120
32570
32592
32179
31339
30087
28433
26403
24022
21327
18343
15120
11695
8117
4427
683
-3072
-6785
-10411
-13897
-17199
-20272
-23078
-25577
-27737
-29533
-30932
-31924
-32493
-32632
-32336
-31614
-30472
-28924
-26997
-24709
-22094
-19185
-16026
-12649
-9109
-5445
-1712
2045
5775
9431
12958
16316
19456
22339
24924
27183
29076
30588
31693
32379
32633
32456
31852
30820
29382
27555
25363
22833
20004
16906
13586
10084
6451
2730
-1023
-4769
-8445
-12015
-15422
-18627
-21583
-24255
-26604
-28600
-30218
-31436
-32235
-32610
-32552
-32060
-31144
-29818
-28094
-25998
-23558
-20805
-17777
-14513
-11058
-7453
-3754
-4
3748
7447
11052
14507
17772
20800
23553
25993
28089
29814
31140
32056
32549
32607
32233
31434
30217
28599
26603
24254
21582
18627
15422
12015
8446
4769
1024
-2729
-6451
-10084
-13586
-16906
-20004
-22834
-25364
-27557
-29384
-30822
-31854
-32459
-32636
-32383
-31696
-30592
-29081
-27187
-24929
-22344
-19461
-16321
-12964
-9436
-5781
-2052
1706
5439
9103
12644
16020
19180
22089
24704
26992
28920
30468
31610
32333
32629
32491
31921
30930
29531
27736
25576
23080
20271
17199
13896
10411
6785
3072
-683
-4427
-8117
-11695
-15120
-18344
-21328
-24023
-26404
-28434
-30088
-31341
-32181
-32595
-32574
-32123
-31247
-29955
-28266
-26206
-23793
-21069
-18063
-14820
-11378
-7789
-4092
-345
3409
7116
10730
14201
17486
20535
23315
25786
27914
29671
31038
31991
32520
32619
32286
31523
30343
28764
26798
24480
21838
18906
15721
12331
8775
5105
1365
-2389
-6117
-9759
-13276
-16613
-19732
-22590
-25149
-27371
-29234
-30709
-31776
-32421
-32640
-32422
-31776
-30711
-29236
-27373
-25151
-22592
-19735
-16616
-13279
-9762
-6120
-2392
1362
5102
8772
12328
15718
18903
21835
24479
26796
28762
30342
31523
32286
32619
32520
31992
31039
29673
27916
25787
23318
20538
17488
14204
10733
7119
3412
-342
-4089
-7786
-11375
-14817
-18061
-21066
-23790
-26204
-28264
-29953
-31246
-32123
-32573
-32595
-32182
-31342
-30090
-28436
-26406
-24025
-21330
-18346
-15123
-11698
-8120
-4430
-686
3069
6782
10408
13894
17196
20269
23075
25574
27734
29530
30929
31921
32490
32629
32333
31611
30469
28921
26994
24706
22091
19182
16023
12646
9106
5442
1709
-2048
-5778
-9434
-12961
-16319
-19458
-22342
-24927
-27186
-29079
-30591
-31696
-32382
-32636
-32459
-31855
-30823
-29385
-27558
-25366
-22836
-20006
-16909
-13589
-10087
-6454
-2733
1020
4766
8442
12012
15419
18624
21580
24252
26601
28597
30215
31434
32232
32607
32549
32057
31141
29815
28091
25995
23555
20802
17774
14510
11055
7450
3751
1
-3751
-7450
-11055
-14510
-17775
-20803
-23556
-25996
-28092
-29817
-31143
-32059
-32552
-32610
-32236
-31437
-30220
-28602
-26606
-24257
-21585
-18629
-15425
-12018
-8449
-4772
-1027
2726
6448
10081
13583
16903
20001
22831
25361
27554
29381
30819
31851
32456
32633
32380
31693
30589
29078
27184
24926
22341
19458
16319
12961
9434
5778
2049
-1709
-5442
-9106
-12647
-16023
-19183
-22092
-24707
-26995
-28923
-30471
-31613
-32336
-32632
-32494
-31924
-30933
-29534
-27739
-25579
-23083
-20274
-17202
-13899
-10414
-6788
-3075
680
4424
8114
11692
15117
18341
21325
24020
26401
28431
30085
31338
32178
32592
32571
32121
31244
29952
28263
26203
23790
21066
18060
14817
11375
7786
4089
342
-3412
-7119
-10733
-14204
-17489
-20538
-23318
-25789
-27917
-29674
-31041
-31994
-32523
-32622
-32289
-31526
-30345
-28767
-26801
-24483
-21841
-18909
-15724
-12334
-8778
-5108
-1368
2386
6114
9756
13273
16610
19730
22587
25146
27368
29231
30706
31773
32418
32637
32419
31773
30708
29233
27370
25148
22589
19732
16613
13276
9759
6117
2389
-1365
-5105
-8775
-12331
-15721
-18906
-21838
-24481
-26799
-28765
-30345
-31526
-32289
-32622
-32523
-31995
-31042
-29676
-27919
-25790
-23321
-20541
-17491
-14207
-10736
-7122
-3415
339
4086
7783
11372
14814
18058
21063
23787
26201
28261
29950
31243
32120
32570
32592
32179
31339
30087
28433
26403
24022
21327
18343
15120
11695
8117
4427
683
-3072
-6785
-10411
-13897
-17199
-20272
-23078
-25577
-27737
-29533
-30932
-31924
-32493
-32632
-32336
-31614
-30472
-28924
-26997
-24709
-22094
-19185
-16026
-12649
-9109
-5445
-1712
2045
5775
9431
12958
16316
19456
22339
24924
27183
29076
30588
31693
32379
32633
32456
31852
30820
29382
27555
25363
22833
20004
16906
13586
10084
6451
2730
-1023
-4769
-8445
-12015
-15422
-18627
-21583
-24255
-26604
-28600
-30218
-31436
-32235
-32610
-32552
-32060
-31144
-29818
-28094
-25998
-23558
-20805
-17777
-14513
-11058
-7453
-3754
-4
3748
7447
11052
14507
17772
20800
23553
25993
28089
29814
31140
32056
32549
32607
32233
31434
30217
28599
26603
24254
21582
18627
15422
12015
8446
4769
1024
-2729
-6451
-10084
-13586
-16906
-20004
-22834
-25364
-27557
-29384
-30822
-31854
-32459
-32636
-32383
-31696
-30592
-29081
-27187
-24929
-22344
-19461
-16321
-12964
-9436
-5781
-2052
1706
5439
9103
12644
16020
19180
22089
24704
26992
28920
30468
31610
32333
32629
32491
31921
30930
29531
27736
25576
23080
20271
17199
13896
10411
6785
3072
-683
-4427
-8117
-11695
-15120
-18344
-21328
-24023
-26404
-28434
-30088
-31341
-32181
-32595
-32574
-32123
-31247
-29955
-28266
-26206
-23793
-21069
-18063
-14820
-11378
-7789
-4092
-345
3409
7116
10730
14201
17486
20535
23315
25786
27914
29671
31038
31991
32520
32619
32286
31523
30343
28764
26798
24480
21838
18906
15721
12331
8775
5105
1365
-2389
-6117
-9759
-13276
-16613
-19732
-22590
-25149
-27371
-29234
-30709
-31776
-32421
-32640
-32422
-31776
-30711
-29236
-27373
-25151
-22592
-19735
-16616
-13279
-9762
-6120
-2392
1362
5102
8772
12328
15718
18903
21835
24479
26796
28762
30342
31523
32286
32619
32520
31992
31039
29673
27916
25787
23318
20538
17488
14204
10733
7119
3412
-342
-4089
-7786
-11375
-14817
-18061
-21066
-23790
-26204
-28264
-29953
-31246
-32123
-32573
-32595
-32182
-31342
-30090
-28436
-26406
-24025
-21330
-18346
-15123
-11698
-8120
-4430
-686
3069
6782
10408
13894
17196
20269
23075
25574
27734
29530
30929
31921
32490
32629
32333
31611
30469
28921
26994
24706
22091
19182
16023
12646
9106
5442
1709
-2048
-5778
-9434
-12961
-16319
-19458
-22342
-24927
-27186
-29079
-30591
-31696
-32382
-32636
-32459
-31855
-30823
-29385
-27558
-25366
-22836
-20006
-16909
-13589
-10087
-6454
-2733
1020
4766
8442
12012
15419
18624
21580
24252
26601
28597
30215
31434
32232
32607
32549
32057
31141
29815
28091
25995
23555
20802
17774
14510
11055
7450
3751
1
-3751
-7450
-11055
-14510
-17775
-20803
-23556
-25996
-28092
-29817
-31143
-32059
-32552
-32610
-32236
-31437
-30220
-28602
-26606
-24257
-21585
-18629
-15425
-12018
-8449
-4772
-1027
2726
6448
10081
13583
16903
20001
22831
25361
27554
29381
30819
31851
32456
32633
32380
31693
30589
29078
27184
24926
22341
19458
16319
12961
9434
5778
2049
-1709
-5442
-9106
-12647
-16023
-19183
-22092
-24707
-26995
-28923
-30471
-31613
-32336
-32632
-32494
-31924
-30933
-29534
-27739
-25579
-23083
-20274
-17202
-13899
-10414
-6788
-3075
680
4424
8114
11692
15117
18341
21325
24020
26401
28431
30085
31338
32178
32592
32571
32121
31244
29952
28263
26203
23790
21066
18060
14817
11375
7786
4089
342
-3412
-7119
-10733
-14204
-17489
-20538
-23318
-25789
-27917
-29674
-31041
-31994
-32523
-32622
-32289
-31526
-30345
-28767
-26801
-24483
-21841
-18909
-15724
-12334
-8778
-5108
-1368
2386
6114
9756
13273
16610
19730
22587
25146
27368
29231
30706
31773
32418
32637
32419
31773
30708
29233
27370
25148
22589
19732
16613
13276
9759
6117
2389
-1365
-5105
-8775
-12331
-15721
-18906
-21838
-24481
-26799
-28765
-30345
-31526
-32289
-32622
-32523
-31995
-31042
-29676
-27919
-25790
-23321
-20541
-17491
-14207
-10736
-7122
-3415
339
4086
7783
11372
14814
18058
21063
23787
26201
28261
29950
31243
32120
32570
32592
32179
31339
30087
28433
26403
24022
21327
18343
15120
11695
8117
4427
683
-3072
-6785
-10411
-13897
-17199
-20272
-23078
-25577
-27737
-29533
-30932
-31924
-32493
-32632
-32336
-31614
-30472
-28924
-26997
-24709
-22094
-19185
-16026
-12649
-9109
-5445
-1712
2045
5775
9431
12958
16316
19456
22339
24924
27183
29076
30588
31693
32379
32633
32456
31852
30820
29382
27555
25363
22833
20004
16906
13586
10084
6451
2730
-1023
-4769
-8445
-12015
-15422
-18627
-21583
-24255
-26604
-28600
-30218
-31436
-32235
-32610
-32552
-32060
-31144
-29818
-28094
-25998
-23558
-20805
-17777
-14513
-11058
-7453
-3754
-4
3748
7447
11052
14507
17772
20800
23553
25993
28089
29814
31140
32056
32549
32607
32233
31434
30217
28599
26603
24254
21582
18627
15422
12015
8446
4769
1024
-2729
-6451
-10084
-13586
-16906
-20004
-22834
-25364
-27557
-29384
-30822
-31854
-32459
-32636
-32383
-31696
-30592
-29081
-27187
-24929
-22344
-19461
-16321
-12964
-9436
-5781
-2052
1706
5439
9103
12644
16020
19180
22089
24704
26992
28920
30468
31610
32333
32629
32491
31921
30930
29531
27736
25576
23080
20271
17199
13896
10411
6785
3072
-683
-4427
-8117
-11695
-15120
-18344
-21328
-24023
-26404
-28434
-30088
-31341
-32181
-32595
-32574
-32123
-31247
-29955
-28266
-26206
-23793
-21069
-18063
-14820
-11378
-7789
-4092
-345
3409
7116
10730
14201
17486
20535
23315
25786
27914
29671
31038
31991
32520
32619
32286
31523
30343
28764
26798
24480
21838
18906
15721
12331
8775
5105
1365
-2389
-6117
-9759
-13276
-16613
-19732
-22590
-25149
-27371
-29234
-30709
-31776
-32421
-32640
-32422
-31776
-30711
-29236
-27373
-25151
-22592
-19735
-16616
-13279
-9762
-6120
-2392
1362
5102
8772
12328
15718
18903
21835
24479
26796
28762
30342
31523
32286
32619
32520
31992
31039
29673
27916
25787
23318
20538
17488
14204
10733
7119
3412
-342
-4089
-7786
-11375
-14817
-18061
-21066
-23790
-26204
-28264
-29953
-31246
-32123
-32573
-32595
-32182
-31342
-30090
-28436
-26406
-24025
-21330
-18346
-15123
-11698
-8120
-4430
-686
3069
6782
10408
13894
17196
20269
23075
25574
27734
29530
30929
31921
32490
32629
32333
31611
30469
28921
26994
24706
22091
19182
16023
12646
9106
5442
1709
-2048
-5778
-9434
-12961
-16319
-19458
-22342
-24927
-27186
-29079
-30591
-31696
-32382
-32636
-32459
-31855
-30823
-29385
-27558
-25366
-22836
-20006
-16909
-13589
-10087
-6454
-2733
1020
4766
8442
12012
15419
18624
21580
24252
26601
28597
30215
31434
32232
32607
32549
32057
31141
29815
28091
25995
23555
20802
17774
14510
11055
7450
3751
1
-3751
-7450
-11055
-14510
-17775
-20803
-23556
-25996
-28092
-29817
-31143
-32059
-32552
-32610
-32236
-31437
-30220
-28602
-26606
-24257
-21585
-18629
-15425
-12018
-8449
-4772
-1027
2726
6448
10081
13583
16903
20001
22831
25361
27554
29381
30819
31851
32456
32633
32380
31693
30589
29078
27184
24926
22341
19458
16319
12961
9434
5778
2049
-1709
-5442
-9106
-12647
-16023
-19183
-22092
-24707
-26995
-28923
-30471
-31613
-32336
-32632
-32494
-31924
-30933
-29534
-27739
-25579
-23083
-20274
-17202
-13899
-10414
-6788
-3075
680
4424
8114
11692
15117
18341
21325
24020
26401
28431
30085
31338
32178
32592
32571
32121
31244
29952
28263
26203
23790
21066
18060
14817
11375
7786
4089
342
-3412
-7119
-10733
-14204
-17489
-20538
-23318
-25789
-27917
-29674
-31041
-31994
-32523
-32622
-32289
-31526
-30345
-28767
-26801
-24483
-21841
-18909
-15724
-12334
-8778
-5108
-1368
2386
6114
9756
13273
16610
19730
22587
25146
27368
29231
30706
31773
32418
32637
32419
31773
30708
29233
27370
25148
22589
19732
16613
13276
9759
6117
2389
-1365
-5105
-8775
-12331
-15721
-18906
-21838
-24481
-26799
-28765
-30345
-31526
-32289
-32622
-32523
-31995
-31042
-29676
-27919
-25790
-23321
-20541
-17491
-14207
-10736
-7122
-3415
339
4086
7783
11372
14814
18058
21063
23787
26201
28261
29950
31243
32120
32570
32592
32179
31339
30087
28433
26403
24022
21327
18343
15120
11695
8117
4427
683
-3072
-6785
-10411
-13897
-17199
-20272
-23078
-25577
-27737
-29533
-30932
-31924
-32493
-32632
-32336
-31614
-30472
-28924
-26997
-24709
-22094
-19185
-16026
-12649
-9109
-5445
-1712
2045
5775
9431
12958
16316
19456
22339
24924
27183
29076
30588
31693
32379
32633
32456
31852
30820
29382
27555
25363
22833
20004
16906
13586
10084
6451
2730
-1023
-4769
-8445
-12015
-15422
-18627
-21583
-24255
-26604
-28600
-30218
-31436
-32235
-32610
-32552
-32060
-31144
-29818
-28094
-25998
-23558
-20805
-17777
-14513
-11058
-7453
-3754
-4
3748
7447
11052
14507
17772
20800
23553
25993
28089
29814
31140
32056
32549
32607
32233
31434
30217
28599
26603
24254
21582
18627
15422
12015
8446
4769
1024
-2729
-6451
-10084
-13586
-16906
-20004
-22834
-25364
-27557
-29384
-30822
-31854
-32459
-32636
-32383
-31696
-30592
-29081
-27187
-24929
-22344
-19461
-16321
-12964
-9436
-5781
-2052
1706
5439
9103
12644
16020
19180
22089
24704
26992
28920
30468
31610
32333
32629
32491
31921
30930
29531
27736
25576
23080
20271
17199
13896
10411
6785
3072
-683
-4427
-8117
-11695
-15120
-18344
-21328
-24023
-26404
-28434
-30088
-31341
-32181
-32595
-32574
-32123
-31247
-29955
-28266
-26206
-23793
-21069
-18063
-14820
-11378
-7789
-4092
-345
3409
7116
10730
14201
17486
20535
23315
25786
27914
29671
31038
31991
32520
32619
32286
31523
30343
28764
26798
24480
21838
18906
15721
12331
8775
5105
1365
-2389
-6117
-9759
-13276
-16613
-19732
-22590
-25149
-27371
-29234
-30709
-31776
-32421
-32640
-32422
-31776
-30711
-29236
-27373
-25151
-22592
-19735
-16616
-13279
-9762
-6120
-2392
1362
5102
8772
12328
15718
18903
21835
24479
26796
28762
30342
31523
32286
32619
32520
31992
31039
29673
27916
25787
23318
20538
17488
14204
10733
7119
3412
-342
-4089
-7786
-11375
-14817
-18061
-21066
-23790
-26204
-28264
-29953
-31246
-32123
-32573
-32595
-32182
-31342
-30090
-28436
-26406
-24025
-21330
-18346
-15123
-11698
-8120
-4430
-686
3069
6782
10408
13894
17196
20269
23075
25574
27734
29530
30929
31921
32490
32629
32333
31611
30469
28921
26994
24706
22091
19182
16023
12646
9106
5442
1709
-2048
-5778
-9434
-12961
-16319
-19458
-22342
-24927
-27186
-29079
-30591
-31696
-32382
-32636
-32459
-31855
-30823
-29385
-27558
-25366
-22836
-20006
-16909
-13589
-10087
-6454
-2733
1020
4766
8442
12012
15419
18624
21580
24252
26601
28597
30215
31434
32232
32607
32549
32057
31141
29815
28091
25995
23555
20802
17774
14510
11055
7450
3751
1
-3751
-7450
-11055
-14510
-17775
-20803
-23556
-25996
-28092
-29817
-31143
-32059
-32552
-32610
-32236
-31437
-30220
-28602
-26606
-24257
-21585
-18629
-15425
-12018
-8449
-4772
-1027
2726
6448
10081
13583
16903
20001
22831
25361
27554
29381
30819
31851
32456
32633
32380
31693
30589
29078
27184
24926
22341
19458
16319
12961
9434
5778
2049
-1709
-5442
-9106
-12647
-16023
-19183
-22092
-24707
-26995
-28923
-30471
-31613
-32336
-32632
-32494
-31924
-30933
-29534
-27740
-25579
-23083
-20274
-17202
-13899
-10414
-6788
-3075
680
4424
8114
11692
15117
18341
21325
24020
26401
28431
30085
31338
32178
32592
32571
32121
31244
29952
28263
26203
23790
21066
18060
14817
11375
7786
4089
342
-3412
-7119
-10733
-14204
-17489
-20538
-23318
-25789
-27917
-29674
-31041
-31994
-32523
-32622
-32289
-31526
-30345
-28767
-26801
-24483
-21841
-18909
-15724
-12334
-8778
-5108
-1368
2386
6114
9756
13273
16610
19730
22587
25146
27368
29231
30706
31772
32418
32637
32419
31773
30708
29233
27370
25148
22589
19732
16613
13276
9759
6117
2389
-1365
-5105
-8775
-12331
-15721
-18906
-21838
-24481
-26799
-28765
-30345
-31526
-32289
-32622
-32523
-31995
-31042
-29676
-27919
-25790
-23321
-20541
-17491
-14207
-10736
-7122
-3415
339
4086
7783
11372
14814
18058
21063
23787
26201
28261
29950
31243
32120
32570
32592
32179
31339
30087
28433
26403
24022
21327
18343
15120
11695
8117
4427
683
-3072
-6785
-10411
-13897
-17196
-20272
-23078
-25577
-27737
-29533
-30932
-31924
-32493
-32632
-32336
-31614
-30472
-28924
-26997
-24709
-22094
-19185
-16026
-12649
-9109
-5445
-1712
2045
5775
9431
12958
16316
19456
22339
24924
27183
29076
30588
31693
32379
32633
32456
31852
30820
29382
27555
25363
22833
20004
16906
13586
10084
6451
2730
-1023
-4769
-8445
-12015
-15422
-18627
-21583
-24255
-26604
-28600
-30218
-31436
-32235
-32610
-32552
-32060
-31144
-29818
-28094
-25998
-23558
-20805
-17777
-14513
-11058
-7456
-3754
-4
3748
7447
11052
14507
17772
20800
23553
25993
28089
29814
31140
32056
32549
32607
32233
31434
30217
28599
26603
24254
21582
18627
15422
12015
8446
4769
1024
-2729
-6451
-10084
-13586
-16906
-20004
-22834
-25364
-27557
-29384
-30822
-31854
-32459
-32636
-32383
-31696
-30592
-29081
-27187
-24929
-22344
-19461
-16321
-12964
-9436
-5781
-2052
1706
5439
9103
12644
16020
19180
22089
24704
26992
28920
30468
31610
32333
32629
32491
31921
30930
29531
27737
25576
23080
20271
17199
13896
10411
6785
3072
-683
-4427
-8117
-11695
-15120
-18344
-21328
-24023
-26404
-28434
-30088
-31341
-32181
-32595
-32574
-32123
-31247
-29955
-28266
-26206
-23793
-21069
-18063
-14820
-11378
-7789
-4092
-345
3409
7116
10730
14201
17486
20535
23315
25786
27914
29671
31038
31991
32520
32619
32286
31523
30343
28764
26798
24480
21838
18906
15721
12331
8775
5105
1365
-2389
-6117
-9759
-13276
-16613
-19732
-22590
-25149
-27371
-29234
-30709
-31775
-32421
-32640
-32422
-31776
-30711
-29236
-27373
-25151
-22592
-19735
-16616
-13279
-9762
-6120
-2392
1362
5102
8772
12328
15718
18903
21835
24479
26796
28762
30342
31523
32286
32619
32520
31992
31039
29673
27916
25787
23318
20538
17488
14204
10733
7119
3412
-342
-4089
-7786
-11375
-14817
-18061
-21066
-23790
-26204
-28264
-29953
-31246
-32123
-32573
-32595
-32182
-31342
-30090
-28436
-26406
-24025
-21330
-18346
-15123
-11698
-8120
-4430
-686
3069
6782
10408
13894
17193
20269
23075
25574
27734
29530
30929
31921
32490
32629
32333
31611
30469
28921
26994
24706
22091
19182
16023
12646
9106
5442
1709
-2048
-5778
-9434
-12961
-16319
-19458
-22342
-24927
-27186
-29079
-30591
-31696
-32382
-32636
-32459
-31855
-30823
-29385
-27558
-25366
-22836
-20006
-16909
-13589
-10087
-6454
-2733
1020
4766
8442
12012
15419
18624
21580
24252
26601
28597
30215
31434
32232
32607
32549
32057
31141
29815
28091
25995
23555
20802
17774
14510
11055
7453
3751
1
-3751
-7450
-11055
-14510
-17775
-20803
-23556
-25996
-28092
-29817
-31143
-32059
-32552
-32610
-32236
-31437
-30220
-28602
-26606
-24257
-21585
-18629
-15425
-12018
-8449
-4772
-1027
2726
6448
10081
13583
16903
20001
22831
25361
27554
29381
30819
31851
32456
32633
32380
31693
30589
29078
27184
24926
22341
19458
16319
12961
9434
5778
2049
-1709
-5442
-9106
-12647
-16023
-19183
-22092
-24707
-26995
-28923
-30471
-31613
-32336
-32632
-32494
-31924
-30933
-29534
-27740
-25579
-23083
-20274
-17202
-13899
-10414
-6788
-3075
680
4424
8114
11692
15117
18341
21325
24020
26401
28431
30085
31338
32178
32592
32571
32121
31244
29952
28263
26203
23790
21066
18060
14817
11375
7786
4089
342
-3412
-7119
-10733
-14204
-17489
-20538
-23318
-25789
-27917
-29674
-31041
-31994
-32523
-32622
-32289
-31526
-30345
-28767
-26801
-24483
-21841
-18909
-15724
-12334
-8778
-5108
-1368
2386
6114
9756
13273
16610
19730
22587
25146
27368
29231
30706
31772
32418
32637
32419
31773
30708
29233
27370
25148
22589
19732
16613
13276
9759
6117
2389
-1365
-5105
-8775
-12331
-15721
-18906
-21838
-24481
-26799
-28765
-30345
-31526
-32289
-32622
-32523
-31995
-31042
-29676
-27919
-25790
-23321
-20541
-17491
-14207
-10736
-7122
-3415
339
4086
7783
11372
14814
18058
21063
23787
26201
28261
29950
31243
32120
32570
32592
32179
31339
30087
28433
26403
24022
21327
18343
15120
11695
8117
4427
683
-3072
-6785
-10411
-13897
-17196
-20272
-23078
-25577
-27737
-29533
-30932
-31924
-32493
-32632
-32336
-31614
-30472
-28924
-26997
-24709
-22094
-19185
-16026
-12649
-9109
-5445
-1712
2045
5775
9431
12958
16316
19456
22339
24924
27183
29076
30588
31693
32379
32633
32456
31852
30820
29382
27555
25363
22833
20004
16906
13586
10084
6451
2730
-1023
-4769
-8445
-12015
-15422
-18627
-21583
-24255
-26604
-28600
-30218
-31436
-32235
-32610
-32552
-32060
-31144
-29818
-28094
-25998
-23558
-20805
-17777
-14513
-11058
-7456
-3754
-4
3748
7447
11052
14507
17772
20800
23553
25993
28089
29814
31140
32056
32549
32607
32233
31434
30217
28599
26603
24254
21582
18627
15422
12015
8446
4769
1024
-2729
-6451
-10084
-13586
-16906
-20004
-22834
-25364
-27557
-29384
-30822
-31854
-32459
-32636
-32383
-31696
-30592
-29081
-27187
-24929
-22344
-19461
-16321
-12964
-9436
-5781
-2052
1706
5439
9103
12644
16020
19180
22089
24704
26992
28920
30468
31610
32333
32629
32491
31921
30930
29531
27737
25576
23080
20271
17199
13896
10411
6785
3072
-683
-4427
-8117
-11695
-15120
-18344
-21328
-24023
-26404
-28434
-30088
-31341
-32181
-32595
-32574
-32123
-31247
-29955
-28266
-26206
-23793
-21069
-18063
-14820
-11378
-7789
-4092
-345
3409
7116
10730
14201
17486
20535
23315
25786
27914
29671
31038
31991
32520
32619
32286
31523
30343
28764
26798
24480
21838
18906
15721
12331
8775
5105
1365
-2389
-6117
-9759
-13276
-16613
-19732
-22590
-25149
-27371
-29234
-30709
-31775
-32421
-32640
-32422
-31776
-30711
-29236
-27373
-25151
-22592
-19735
-16616
-13279
-9762
-6120
-2392
1362
5102
8772
12328
15718
18903
21835
24479
26796
28762
30342
31523
32286
32619
32520
31992
31039
29673
27916
25787
23318
20538
17488
14204
10733
7119
3412
-342
-4089
-7786
-11375
-14817
-18061
-21066
-23790
-26204
-28264
-29953
-31246
-32123
-32573
-32595
-32182
-31342
-30090
-28436
-26406
-24025
-21330
-18346
-15123
-11698
-8120
-4430
-686
3069
6782
10408
13894
17193
20269
23075
25574
27734
29530
30929
31921
32490
32629
32333
31611
30469
28921
26994
24706
22091
19182
16023
12646
9106
5442
1709
-2048
-5778
-9434
-12961
-16319
-19458
-22342
-24927
-27186
-29079
-30591
-31696
-32382
-32636
-32459
-31855
-30823
-29385
-27558
-25366
-22836
-20006
-16909
-13589
-10087
-6454
-2733
1020
4766
8442
12012
15419
18624
21580
24252
26601
28597
30215
31434
32232
32607
32549
32057
31141
29815
28091
25995
23555
20802
17774
14510
11055
7453
3751
1
-3751
-7450
-11055
-14510
-17775
-20803
-23556
-25996
-28092
-29817
-31143
-32059
-32552
-32610
-32236
-31437
-30220
-28602
-26606
-24257
-21585
-18629
-15425
-12018
-8449
-4772
-1027
2726
6448
10081
13583
16903
20001
22831
25361
27554
29381
30819
31851
32456
32633
32380
31693
30589
29078
27184
24926
22341
19458
16319
12961
9434
5778
2049
-1709
-5442
-9106
-12647
-16023
-19183
-22092
-24707
-26995
-28923
-30471
-31613
-32336
-32632
-32494
-31924
-30933
-29534
-27740
-25579
-23083
-20274
-17202
-13899
-10414
-6788
-3075
680
4424
8114
11692
15117
18341
21325
24020
26401
28431
30085
31338
32178
32592
32571
32121
31244
29952
28263
26203
23790
21066
18060
14817
11375
7786
4089
342
-3412
-7119
-10733
-14204
-17489
-20538
-23318
-25789
-27917
-29674
-31041
-31994
-32523
-32622
-32289
-31526
-30345
-28767
-26801
-24483
-21841
-18909
-15724
-12334
-8778
-5108
-1368
2386
6114
9756
13273
16610
19730
22587
25146
27368
29231
30706
31772
32418
32637
32419
31773
30708
29233
27370
25148
22589
19732
16613
13276
9759
6117
2389
-1365
-5105
-8775
-12331
-15721
-18906
-21838
-24481
-26799
-28765
-30345
-31526
-32289
-32622
-32523
-31995
-31042
-29676
-27919
-25790
-23321
-20541
-17491
-14207
-10736
-7122
-3415
339
4086
7783
11372
14814
18058
21063
23787
26201
28261
29950
31243
32120
32570
32592
32179
31339
30087
28433
26403
24022
21327
18343
15120
11695
8117
4427
683
-3072
-6785
-10411
-13897
-17196
-20272
-23078
-25577
-27737
-29533
-30932
-31924
-32493
-32632
-32336
-31614
-30472
-28924
-26997
-24709
-22094
-19185
-16026
-12649
-9109
-5445
-1712
2045
5775
9431
12958
16316
19456
22339
24924
27183
29076
30588
31693
32379
32633
32456
31852
30820
29382
27555
25363
22833
20004
16906
13586
10084
6451
2730
-1023
-4769
-8445
-12015
-15422
-18627
-21583
-24255
-26604
-28600
-30218
-31436
-32235
-32610
-32552
-32060
-31144
-29818
-28094
-25998
-23558
-20805
-17777
-14513
-11058
-7456
-3754
-4
3748
7447
11052
14507
17772
20800
23553
25993
28089
29814
31140
32056
32549
32607
32233
31434
30217
28599
26603
24254
21582
18627
15422
12015
8446
4769
1024
-2729
-6451
-10084
-13586
-16906
-20004
-22834
-25364
-27557
-29384
-30822
-31854
-32459
-32636
-32383
-31696
-30592
-29081
-27187
-24929
-22344
-19461
-16321
-12964
-9436
-5781
-2052
1706
5439
9103
12644
16020
19180
22089
24704
26992
28920
30468
31610
32333
32629
32491
31921
30930
29531
27737
25576
23080
20271
17199
13896
10411
6785
3072
-683
-4427
-8117
-11695
-15120
-18344
-21328
-24023
-26404
-28434
-30088
-31341
-32181
-32595
-32574
-32123
-31247
-29955
-28266
-26206
-23793
-21069
-18063
-14820
-11378
-7789
-4092
-345
3409
7116
10730
14201
17486
20535
23315
25786
27914
29671
31038
31991
32520
32619
32286
31523
30343
28764
26798
24480
21838
18906
15721
12331
8775
5105
1365
-2389
-6117
-9759
-13276
-16613
-19732
-22590
-25149
-27371
-29234
-30709
-31775
-32421
-32640
-32422
-31776
-30711
-29236
-27373
-25151
-22592
-19735
-16616
-13279
-9762
-6120
-2392
1362
5102
8772
12328
15718
18903
21835
24479
26796
28762
30342
31523
32286
32619
32520
31992
31039
29673
27916
25787
23318
20538
17488
14204
10733
7119
3412
-342
-4089
-7786
-11375
-14817
-18061
-21066
-23790
-26204
-28264
-29953
-31246
-32123
-32573
-32595
-32182
-31342
-30090
-28436
-26406
-24025
-21330
-18346
-15123
-11698
-8120
-4430
-686
3069
6782
10408
13894
17193
20269
23075
25574
27734
29530
30929
31921
32490
32629
32333
31611
30469
28921
26994
24706
22091
19182
16023
12646
9106
5442
1709
-2048
-5778
-9434
-12961
-16319
-19458
-22342
-24927
-27186
-29079
-30591
-31696
-32382
-32636
-32459
-31855
-30823
-29385
-27558
-25366
-22836
-20006
-16909
-13589
-10087
-6454
-2733
1020
4766
8442
12012
15419
18624
21580
24252
26601
28597
30215
31434
32232
32607
32549
32057
31141
29815
28091
25995
23555
20802
17774
14510
11055
7453
3751
1
-3751
-7450
-11055
-14510
-17775
-20803
-23556
-25996
-28092
-29817
-31143
-32059
-32552
-32610
-32236
-31437
-30220
-28602
-26606
-24257
-21585
-18629
-15425
-12018
-8449
-4772
-1027
2726
6448
10081
13583
16903
20001
22831
25361
27554
29381
30819
31851
32456
32633
32380
31693
30589
29078
27184
24926
22341
19458
16319
12961
9434
5778
2049
-1709
-5442
-9106
-12647
-16023
-19183
-22092
-24707
-26995
-28923
-30471
-31613
-32336
-32632
-32494
-31924
-30933
-29534
-27740
-25579
-23083
-20274
-17202
-13899
-10414
-6788
-3075
680
4424
8114
11692
15117
18341
21325
24020
26401
28431
30085
31338
32178
32592
32571
32121
31244
29952
28263
26203
23790
21066
18060
14817
11375
7786
4089
342
-3412
-7119
-10733
-14204
-17489
-20538
-23318
-25789
-27917
-29674
-31041
-31994
-32523
-32622
-32289
-31526
-30345
-28767
-26801
-24483
-21841
-18909
-15724
-12334
-8778
-5108
-1368
2386
6114
9756
13273
16610
19730
22587
25146
27368
29231
30706
31772
32418
32637
32419
31773
30708
29233
27370
25148
22589
19732
16613
13276
9759
6117
2389
-1365
-5105
-8775
-12331
-15721
-18906
-21838
-24481
-26799
-28765
-30345
-31526
-32289
-32622
-32523
-31995
-31042
-29676
-27919
-25790
-23321
-20541
-17491
-14207
-10736
-7122
-3415
339
4086
7783
11372
14814
18058
21063
23787
26201
28261
29950
31243
32120
32570
32592
32179
31339
30087
28433
26403
24022
21327
18343
15120
11695
8117
4427
683
-3072
-6785
-10411
-13897
-17196
-20272
-23078
-25577
-27737
-29533
-30932
-31924
-32493
-32632
-32336
-31614
-30472
-28924
-26997
-24709
-22094
-19185
-16026
-12649
-9109
-5445
-1712
2045
5775
9431
12958
16316
19456
22339
24924
27183
29076
30588
31693
32379
32633
32456
31852
30820
29382
27555
25363
22833
20004
16906
13586
10084
6451
2730
-1023
-4769
-8445
-12015
-15422
-18627
-21583
-24255
-26604
-28600
-30218
-31436
-32235
-32610
-32552
-32060
-31144
-29818
-28094
-25998
-23558
-20805
-17777
-14513
-11058
-7456
-3754
-4
3748
7447
11052
14507
17772
20800
23553
25993
28089
29814
31140
32056
32549
32607
32233
31434
30217
28599
26603
24254
21582
18627
15422
12015
8446
4769
1024
-2729
-6451
-10084
-13586
-16906
-20004
-22834
-25364
-27557
-29384
-30822
-31854
-32459
-32636
-32383
-31696
-30592
-29081
-27187
-24929
-22344
-19461
-16321
-12964
-9436
-5781
-2052
1706
5439
9103
12644
16020
19180
22089
24704
26992
28920
30468
31610
32333
32629
32491
31921
30930
29531
27737
25576
23080
20271
17199
13896
10411
6785
3072
-683
-4427
-8117
-11695
-15120
-18344
-21328
-24023
-26404
-28434
-30088
-31341
-32181
-32595
-32574
-32123
-31247
-29955
-28266
-26206
-23793
-21069
-18063
-14820
-11378
-7789
-4092
-345
3409
7116
10730
14201
17486
20535
23315
25786
27914
29671
31038
31991
32520
32619
32286
31523
30343
28764
26798
24480
21838
18906
15721
12331
8775
5105
1365
-2389
-6117
-9759
-13276
-16613
-19732
-22590
-25149
-27371
-29234
-30709
-31775
-32421
-32640
-32422
-31776
-30711
-29236
-27373
-25151
-22592
-19735
-16616
-13279
-9762
-6120
-2392
1362
5102
8772
12328
15718
18903
21835
24479
26796
28762
30342
31523
32286
32619
32520
31992
31039
29673
27916
25787
23318
20538
17488
14204
10733
7119
3412
-342
-4089
-7786
-11375
-14817
-18061
-21066
-23790
-26204
-28264
-29953
-31246
-32123
-32573
-32595
-32182
-31342
-30090
-28436
-26406
-24025
-21330
-18346
-15123
-11698
-8120
-4430
-686
3069
6782
10408
13894
17193
20269
23075
25574
27734
29530
30929
31921
32490
32629
32333
31611
30469
28921
26994
24706
22091
19182
16023
12646
9106
5442
1709
-2048
-5778
-9434
-12961
-16319
-19458
-22342
-24927
-27186
-29079
-30591
-31696
-32382
-32636
-32459
-31855
-30823
-29385
-27558
-25366
-22836
-20006
-16909
-13589
-10087
-6454
-2733
1020
4766
8442
12012
15419
18624
21580
24252
26601
28597
30215
31434
32232
32607
32549
32057
31141
29815
28091
25995
23555
20802
17774
14510
11055
7453
3751
1
-3751
-7450
-11055
-14510
-17775
-20803
-23556
-25996
-28092
-29817
-31143
-32059
-32552
-32610
-32236
-31437
-30220
-28602
-26606
-24257
-21585
-18629
-15425
-12018
-8449
-4772
-1027
2726
6448
10081
13583
16903
20001
22831
25361
27554
29381
30819
31851
32456
32633
32380
31693
30589
29078
27184
24926
22341
19458
16319
12961
9434
5778
2049
-1709
-5442
-9106
-12647
-16023
-19183
-22092
-24707
-26995
-28923
-30471
-31613
-32336
-32632
-32494
-31924
-30933
-29534
-27740
-25579
-23083
-20274
-17202
-13899
-10414
-6788
-3075
680
4424
8114
11692
15117
18341
21325
24020
26401
28431
30085
31338
32178
32592
32571
32121
31244
29952
28263
26203
23790
21066
18060
14817
11375
7786
4089
342
-3412
-7119
-10733
-14204
-17489
-20538
-23318
-25789
-27917
-29674
-31041
-31994
-32523
-32622
-32289
-31526
-30345
-28767
-26801
-24483
-21841
-18909
-15724
-12334
-8778
-5108
-1368
2386
6114
9756
13273
16610
19730
22587
25146
27368
29231
30706
31772
32418
32637
32419
31773
30708
29233
27370
25148
22589
19732
16613
13276
9759
6117
2389
-1365
-5105
-8775
-12331
-15721
-18906
-21838
-24481
-26799
-28765
-30345
-31526
-32289
-32622
-32523
-31995
-31042
-29676
-27919
-25790
-23321
-20541
-17491
-14207
-10736
-7122
-3415
339
4086
7783
11372
14814
18058
21063
23787
26201
28261
29950
31243
32120
32570
32592
32179
31339
30087
28433
26403
24022
21327
18343
15120
11695
8117
4427
683
-3072
-6785
-10411
-13897
-17196
-20272
-23078
-25577
-27737
-29533
-30932
-31924
-32493
-32632
-32336
-31614
-30472
-28924
-26997
-24709
-22094
-19185
-16026
-12649
-9109
-5445
-1712
2045
5775
9431
12958
16316
19456
22339
24924
27183
29076
30588
31693
32379
32633
32456
31852
30820
29382
27555
25363
22833
20004
16906
13586
10084
6451
2730
-1023
-4769
-8445
-12015
-15422
-18627
-21583
-24255
-26604
-28600
-30218
-31436
-32235
-32610
-32552
-32060
-31144
-29818
-28094
-25998
-23558
-20805
-17777
-14513
-11058
-7456
-3754
-4
3748
7447
11052
14507
17772
20800
23553
25993
28089
29814
31140
32056
32549
32607
32233
31434
30217
28599
26603
24254
21582
18627
15422
12015
8446
4769
1024
-2729
-6451
-10084
-13586
-16906
-20004
-22834
-25364
-27557
-29384
-30822
-31854
-32459
-32636
-32383
-31696
-30592
-29081
-27187
-24929
-22344
-19461
-16321
-12964
-9436
-5781
-2052
1706
5439
9103
12644
16020
19180
22089
24704
26992
28920
30468
31610
32333
32629
32491
31921
30930
29531
27737
25576
23080
20271
17199
13896
10411
6785
3072
-683
-4427
-8117
-11695
-15120
-18344
-21328
-24023
-26404
-28434
-30088
-31341
-32181
-32595
-32574
-32123
-31247
-29955
-28266
-26206
-23793
-21069
-18063
-14820
-11378
-7789
-4092
-345
3409
7116
10730
14201
17486
20535
23315
25786
27914
29671
31038
31991
32520
32619
32286
31523
30343
28764
26798
24480
21838
18906
15721
12331
8775
5105
1365
-2389
-6117
-9759
-13276
-16613
-19732
-22590
-25149
-27371
-29234
-30709
-31775
-32421
-32640
-32422
-31776
-30711
-29236
-27373
-25151
-22592
-19735
-16616
-13279
-9762
-6120
-2392
1362
5102
8772
12328
15718
18903
21835
24479
26796
28762
30342
31523
32286
32619
32520
31992
31039
29673
27916
25787
23318
20538
17488
14204
10733
7119
3412
-342
-4089
-7786
-11375
-14817
-18061
-21066
-23790
-26204
-28264
-29953
-31246
-32123
-32573
-32595
-32182
-31342
-30090
-28436
-26406
-24025
-21330
-18346
-15123
-11698
-8120
-4430
-686
3069
6782
10408
13894
17193
20269
23075
25574
27734
29530
30929
31921
32490
32629
32333
31611
30469
28921
26994
24706
22091
19182
16023
12646
9106
5442
1709
-2048
-5778
-9434
-12961
-16319
-19458
-22342
-24927
-27186
-29079
-30591
-31696
-32382
-32636
-32459
-31855
-30823
-29385
-27558
-25366
-22836
-20006
-16909
-13589
-10087
-6454
-2733
1020
4766
8442
12012
15419
18624
21580
24252
26601
28597
30215
31434
32232
32607
32549
32057
31141
29815
28091
25995
23555
20802
17774
14510
11055
7453
3751
1
-3751
-7450
-11055
-14510
-17775
-20803
-23556
-25996
-28092
-29817
-31143
-32059
-32552
-32610
-32236
-31437
-30220
-28602
-26606
-24257
-21585
-18629
-15425
-12018
-8449
-4772
-1027
2726
6448
10081
13583
16903
20001
22831
25361
27554
29381
30819
31851
32456
32633
32380
31693
30589
29078
27184
24926
22341
19458
16319
12961
9434
5778
2049
-1709
-5442
-9106
-12647
-16023
-19183
-22092
-24707
-26995
-28923
-30471
-31613
-32336
-32632
-32494
-31924
-30933
-29534
-27740
-25579
-23083
-20274
-17202
-13899
-10414
-6788
-3075
680
4424
8114
11692
15117
18341
21325
24020
26401
28431
30085
31338
32178
32592
32571
32121
31244
29952
28263
26203
23790
21066
18060
14817
11375
7786
4089
342
-3412
-7119
-10733
-14204
-17489
-20538
-23318
-25789
-27917
-29674
-31041
-31994
-32523
-32622
-32289
-31526
-30345
-28767
-26801
-24483
-21841
-18909
-15724
-12334
-8778
-5108
-1368
2386
6114
9756
13273
16610
19730
22587
25146
27368
29231
30706
31772
32418
32637
32419
31773
30708
29233
27370
25148
22589
19732
16613
13276
9759
6117
2389
-1365
-5105
-8775
-12331
-15721
-18906
-21838
-24481
-26799
-28765
-30345
-31526
-32289
-32622
-32523
-31995
-31042
-29676
-27919
-25790
-23321
-20541
-17491
-14207
-10736
-7122
-3415
339
4086
7783
11372
14814
18058
21063
23787
26201
28261
29950
31243
32120
32570
32592
32179
31339
30087
28433
26403
24022
21327
18343
15120
11695
8117
4427
683
-3072
-6785
-10411
-13897
-17196
-20272
-23078
-25577
-27737
-29533
-30932
-31924
-32493
-32632
-32336
-31614
-30472
-28924
-26997
-24709
-22094
-19185
-16026
-12649
-9109
-5445
-1712
2045
5775
9431
12958
16316
19456
22339
24924
27183
29076
30588
31693
32379
32633
32456
31852
30820
29382
27555
25363
22833
20004
16906
13586
10084
6451
2730
-1023
-4769
-8445
-12015
-15422
-18627
-21583
-24255
-26604
-28600
-30218
-31436
-32235
-32610
-32552
-32060
-31144
-29818
-28094
-25998
-23558
-20805
-17777
-14513
-11058
-7456
-3754
-4
3748
7447
11052
14507
17772
20800
23553
25993
28089
29814
31140
32056
32549
32607
32233
31434
30217
28599
26603
24254
21582
18627
15422
12015
8446
4769
1024
-2729
-6451
-10084
-13586
-16906
-20004
-22834
-25364
-27557
-29384
-30822
-31854
-32459
-32636
-32383
-31696
-30592
-29081
-27187
-24929
-22344
-19461
-16321
-12964
-9436
-5781
-2052
1706
5439
9103
12644
16020
19180
22089
24704
26992
28920
30468
31610
32333
32629
32491
31921
30930
29531
27737
25576
23080
20271
17199
13896
10411
6785
3072
-683
-4427
-8117
-11695
-15120
-18344
-21328
-24023
-26404
-28434
-30088
-31341
-32181
-32595
-32574
-32123
-31247
-29955
-28266
-26206
-23793
-21069
-18063
-14820
-11378
-7789
-4092
-345
3409
7116
10730
14201
17486
20535
23315
25786
27914
29671
31038
31991
32520
32619
32286
31523
30343
28764
26798
24480
21838
18906
15721
12331
8775
5105
1365
-2389
-6117
-9759
-13276
-16613
-19732
-22590
-25149
-27371
-29234
-30709
-31775
-32421
-32640
-32422
-31776
-30711
-29236
-27373
-25151
-22592
-19735
-16616
-13279
-9762
-6120
-2392
1362
5102
8772
12328
15718
18903
21835
24479
26796
28762
30342
31523
32286
32619
32520
31992
31039
29673
27916
25787
23318
20538
17488
14204
10733
7119
3412
-342
-4089
-7786
-11375
-14817
-18061
-21066
-23790
-26204
-28264
-29953
-31246
-32123
-32573
-32595
-32182
-31342
-30090
-28436
-26406
-24025
-21330
-18346
-15123
-11698
-8120
-4430
-686
3069
6782
10408
13894
17193
20269
23075
25574
27734
29530
30929
31921
32490
32629
32333
31611
30469
28921
26994
24706
22091
19182
16023
12646
9106
5442
1709
-2048
-5778
-9434
-12961
-16319
-19458
-22342
-24927
-27186
-29079
-30591
-31696
-32382
-32636
-32459
-31855
-30823
-29385
-27558
-25366
-22836
-20006
-16909
-13589
-10087
-6454
-2733
1020
4766
8442
12012
15419
18624
21580
24252
26601
28597
30215
31434
32232
32607
32549
32057
31141
29815
28091
25995
23555
20802
17774
14510
11055
7453
3751
1
-3751
-7450
-11055
-14510
-17775
-20803
-23556
-25996
-28092
-29817
-31143
-32059
-32552
-32610
-32236
-31437
-30220
-28602
-26606
-24257
-21585
-18629
-15425
-12018
-8449
-4772
-1027
2726
6448
10081
13583
16903
20001
22831
25361
27554
29381
30819
31851
32456
32633
32380
31693
30589
29078
27184
24926
22341
19458
16319
12961
9434
5778
2049
-1709
-5442
-9106
-12647
-16023
-19183
-22092
-24707
-26995
-28923
-30471
-31613
-32336
-32632
-32494
-31924
-30933
-29534
-27740
-25579
-23083
-20274
-17202
-13899
-10414
-6788
-3075
680
4424
8114
11692
15117
18341
21325
24020
26401
28431
30085
31338
32178
32592
32571
32121
31244
29952
28263
26203
23790
21066
18060
14817
11375
7786
4089
342
-3412
-7119
-10733
-14204
-17489
-20538
-23318
-25789
-27917
-29674
-31041
-31994
-32523
-32622
-32289
-31526
-30345
-28767
-26801
-24483
-21841
-18909
-15724
-12334
-8778
-5108
-1368
2386
6114
9756
13273
16610
19730
22587
25146
27368
29231
30706
31772
32418
32637
32419
31773
30708
29233
27370
25148
22589
19732
16613
13276
9759
6117
2389
-1365
-5105
-8775
-12331
-15721
-18906
-21838
-24481
-26799
-28765
-30345
-31526
-32289
-32622
-32523
-31995
-31042
-29676
-27919
-25790
-23321
-20541
-17491
-14207
-10736
-7122
-3415
339
4086
7783
11372
14814
18058
21063
23787
26201
28261
29950
31243
32120
32570
32592
32179
31339
30087
28433
26403
24022
21327
18343
15120
11695
8117
4427
683
-3072
-6785
-10411
-13897
-17196
-20272
-23078
-25577
-27737
-29533
-30932
-31924
-32493
-32632
-32336
-31614
-30472
-28924
-26997
-24709
-22094
-19185
-16026
-12649
-9109
-5445
-1712
2045
5775
9431
12958
16316
19456
22339
24924
27183
29076
30588
31693
32379
32633
32456
31852
30820
29382
27555
25363
22833
20004
16906
13586
10084
6451
2730
-1023
-4769
-8445
-12015
-15422
-18627
-21583
-24255
-26604
-28600
-30218
-31436
-32235
-32610
-32552
-32060
-31144
-29818
-28094
-25998
-23558
-20805
-17777
-14513
-11058
-7456
-3754
-4
3748
7447
11052
14507
17772
20800
23553
25993
28089
29814
31140
32056
32549
32607
32233
31434
30217
28599
26603
24254
21582
18627
15422
12015
8446
4769
1024
-2729
-6451
-10084
-13586
-16906
-20004
-22834
-25364
-27557
-29384
-30822
-31854
-32459
-32636
-32383
-31696
-30592
-29081
-27187
-24929
-22344
-19461
-16321
-12964
-9436
-5781
-2052
1706
5439
9103
12644
16020
19180
22089
24704
26992
28920
30468
31610
32333
32629
32491
31921
30930
29531
27737
25576
23080
20271
17199
13896
10411
6785
3072
-683
-4427
-8117
-11695
-15120
-18344
-21328
-24023
-26404
-28434
-30088
-31341
-32181
-32595
-32574
-32123
-31247
-29955
-28266
-26206
-23793
-21069
-18063
-14820
-11378
-7789
-4092
-345
3409
7116
10730
14201
17486
20535
23315
25786
27914
29671
31038
31991
32520
32619
32286
31523
30343
28764
26798
24480
21838
18906
15721
12331
8775
5105
1365
-2389
-6117
-9759
-13276
-16613
-19732
-22590
-25149
-27371
-29234
-30709
-31775
-32421
-32640
-32422
-31776
-30711
-29236
-27373
-25151
-22592
-19735
-16616
-13279
-9762
-6120
-2392
1362
5102
8772
12328
15718
18903
21835
24479
26796
28762
30342
31523
32286
32619
32520
31992
31039
29673
27916
25787
23318
20538
17488
14204
10733
7119
3412
-342
-4089
-7786
-11375
-14817
-18061
-21066
-23790
-26204
-28264
-29953
-31246
-32123
-32573
-32595
-32182
-31342
-30090
-28436
-26406
-24025
-21330
-18346
-15123
-11698
-8120
-4430
-686
3069
6782
10408
13894
17193
20269
23075
25574
27734
29530
30929
31921
32490
32629
32333
31611
30469
28921
26994
24706
22091
19182
16023
12646
9106
5442
1709
-2048
-5778
-9434
-12961
-16319
-19458
-22342
-24927
-27186
-29079
-30591
-31696
-32382
-32636
-32459
-31855
-30823
-29385
-27558
-25366
-22836
-20006
-16909
-13589
-10087
-6454
-2733
1020
4766
8442
12012
15419
18624
21580
24252
26601
28597
30215
31434
32232
32607
32549
32057
31141
29815
28091
25995
23555
20802
17774
14510
11055
7453
3751
1
-3751
-7450
-11055
-14510
-17775
-20803
-23556
-25996
-28092
-29817
-31143
-32059
-32552
-32610
-32236
-31437
-30220
-28602
-26606
-24257
-21585
-18629
-15425
-12018
-8449
-4772
-1027
2726
6448
10081
13583
16903
20001
22831
25361
27554
29381
30819
31851
32456
32633
32380
31693
30589
29078
27184
24926
22341
19458
16319
12961
9434
5778
2049
-1709
-5442
-9106
-12647
-16023
-19183
-22092
-24707
-26995
-28923
-30471
-31613
-32336
-32632
-32494
-31924
-30933
-29534
-27740
-25579
-23083
-20274
-17202
-13899
-10414
-6788
-3075
680
4424
8114
11692
15117
18341
21325
24020
26401
28431
30085
31338
32178
32592
32571
32121
31244
29952
28263
26203
23790
21066
18060
14817
11375
7786
4089
342
-3412
-7119
-10733
-14204
-17489
-20538
-23318
-25789
-27917
-29674
-31041
-31994
-32523
-32622
-32289
-31526
-30345
-28767
-26801
-24483
-21841
-18909
-15724
-12334
-8778
-5108
-1368
2386
6114
9756
13273
16610
19730
22587
25146
27368
29231
30706
31772
32418
32637
32419
31773
30708
29233
27370
25148
22589
19732
16613
13276
9759
6117
2389
-1365
-5105
-8775
-12331
-15721
-18906
-21838
-24481
-26799
-28765
-30345
-31526
-32289
-32622
-32523
-31995
-31042
-29676
-27919
-25790
-23321
-20541
-17491
-14207
-10736
-7122
-3415
339
4086
7783
11372
14814
18058
21063
23787
26201
28261
29950
31243
32120
32570
32592
32179
31339
30087
28433
26403
24022
21327
18343
15120
11695
8117
4427
683
-3072
-6785
-10411
-13897
-17196
-20272
-23078
-25577
-27737
-29533
-30932
-31924
-32493
-32632
-32336
-31614
-30472
-28924
-26997
-24709
-22094
-19185
-16026
-12649
-9109
-5445
-1712
2045
5775
9431
12958
16316
19456
22339
24924
27183
29076
30588
31693
32379
32633
32456
31852
30820
29382
27555
25363
22833
20004
16906
13586
10084
6451
2730
-1023
-4769
-8445
-12015
-15422
-18627
-21583
-24255
-26604
-28600
-30218
-31436
-32235
-32610
-32552
-32060
-31144
-29818
-28094
-25998
-23558
-20805
-17777
-14513
-11058
-7456
-3754
-4
3748
7447
11052
14507
17772
20800
23553
25993
28089
29814
31140
32056
32549
32607
32233
31434
30217
28599
26603
24254
21582
18627
15422
12015
8446
4769
1024
-2729
-6451
-10084
-13586
-16906
-20004
-22834
-25364
-27557
-29384
-30822
-31854
-32459
-32636
-32383
-31696
-30592
-29081
-27187
-24929
-22344
-19461
-16321
-12964
-9436
-5781
-2052
1706
5439
9103
12644
16020
19180
22089
24704
26992
28920
30468
31610
32333
32629
32491
31921
30930
29531
27737
25576
23080
20271
17199
13896
10411
6785
3072
-683
-4427
-8117
-11695
-15120
-18344
-21328
-24023
-26404
-28434
-30088
-31341
-32181
-32595
-32574
-32123
-31247
-29955
-28266
-26206
-23793
-21069
-18063
-14820
-11378
-7789
-4092
-345
3409
7116
10730
14201
17486
20535
23315
25786
27914
29671
31038
31991
32520
32619
32286
31523
30343
28764
26798
24480
21838
18906
15721
12331
8775
5105
1365
-2389
-6117
-9759
-13276
-16613
-19732
-22590
-25149
-27371
-29234
-30709
-31775
-32421
-32640
-32422
-31776
-30711
-29236
-27373
-25151
-22592
-19735
-16616
-13279
-9762
-6120
-2392
1362
5102
8772
12328
15718
18903
21835
24479
26796
28762
30342
31523
32286
32619
32520
31992
31039
29673
27916
25787
23318
20538
17488
14204
10733
7119
3412
-342
-4089
-7786
-11375
-14817
-18061
-21066
-23790
-26204
-28264
-29953
-31246
-32123
-32573
-32595
-32182
-31342
-30090
-28436
-26406
-24025
-21330
-18346
-15123
-11698
-8120
-4430
-686
3069
6782
10408
13894
17193
20269
23075
25574
27734
29530
30929
31921
32490
32629
32333
31611
30469
28921
26994
24706
22091
19182
16023
12646
9106
5442
1709
-2048
-5778
-9434
-12961
-16319
-19458
-22342
-24927
-27186
-29079
-30591
-31696
-32382
-32636
-32459
-31855
-30823
-29385
-27558
-25366
-22836
-20006
-16909
-13589
-10087
-6454
-2733
1020
4766
8442
12012
15419
18624
21580
24252
26601
28597
30215
31434
32232
32607
32549
32057
31141
29815
28091
25995
23555
20802
17774
14510
11055
7453
3751
1
-3751
-7450
-11055
-14510
-17775
-20803
-23556
-25996
-28092
-29817
-31143
-32059
-32552
-32610
-32236
-31437
-30220
-28602
-26606
-24257
-21585
-18629
-15425
-12018
-8449
-4772
-1027
2726
6448
10081
13583
16903
20001
22831
25361
27554
29381
30819
31851
32456
32633
32380
31693
30589
29078
27184
24926
22341
19458
16319
12961
9434
5778
2049
-1709
-5442
-9106
-12647
-16023
-19183
-22092
-24707
-26995
-28923
-30471
-31613
-32336
-32632
-32494
-31924
-30933
-29534
-27740
-25579
-23083
-20274
-17202
-13899
-10414
-6788
-3075
680
4424
8114
11692
15117
18341
21325
24020
26401
28431
30085
31338
32178
32592
32571
32121
31244
29952
28263
26203
23790
21066
18060
14817
11375
7786
4089
342
-3412
-7119
-10733
-14204
-17489
-20538
-23318
-25789
-27917
-29674
-31041
-31994
-32523
-32622
-32289
-31526
-30345
-28767
-26801
-24483
-21841
-18909
-15724
-12334
-8778
-5108
-1368
2386
6114
9756
13273
16610
19730
22587
25146
27368
29231
30706
31772
32418
32637
32419
31773
30708
29233
27370
25148
22589
19732
16613
13276
9759
6117
2389
-1365
-5105
-8775
-12331
-15721
-18906
-21838
-24481
-26799
-28765
-30345
-31526
-32289
-32622
-32523
-31995
-31042
-29676
-27919
-25790
-23321
-20541
-17491
-14207
-10736
-7122
-3415
339
4086
7783
11372
14814
18058
21063
23787
26201
28261
29950
31243
32120
32570
32592
32179
31339
30087
28433
26403
24022
21327
18343
15120
11695
8117
4427
683
-3072
-6785
-10411
-13897
-17196
-20272
-23078
-25577
-27737
-29533
-30932
-31924
-32493
-32632
-32336
-31614
-30472
-28924
-26997
-24709
-22094
-19185
-16026
-12649
-9109
-5445
-1712
2045
5775
9431
12958
16316
19456
22339
24924
27183
29076
30588
31693
32379
32633
32456
31852
30820
29382
27555
25363
22833
20004
16906
13586
10084
6451
2730
-1023
-4769
-8445
-12015
-15422
-18627
-21583
-24255
-26604
-28600
-30218
-31436
-32235
-32610
-32552
-32060
-31144
-29818
-28094
-25998
-23558
-20805
-17777
-14513
-11058
-7456
-3754
-4
3748
7447
11052
14507
17772
20800
23553
25993
28089
29814
31140
32056
32549
32607
32233
31434
30217
28599
26603
24254
21582
18627
15422
12015
8446
4769
1024
-2729
-6451
-10084
-13586
-16906
-20004
-22834
-25364
-27557
-29384
-30822
-31854
-32459
-32636
-32383
-31696
-30592
-29081
-27187
-24929
-22344
-19461
-16321
-12964
-9436
-5781
-2052
1706
5439
9103
12644
16020
19180
22089
24704
26992
28920
30468
31610
32333
32629
32491
31921
30930
29531
27737
25576
23080
20271
17199
13896
10411
6785
3072
-683
-4427
-8117
-11695
-15120
-18344
-21328
-24023
-26404
-28434
-30088
-31341
-32181
-32595
-32574
-32123
-31247
-29955
-28266
-26206
-23793
-21069
-18063
-14820
-11378
-7789
-4092
-345
3409
7116
10730
14201
17486
20535
23315
25786
27914
29671
31038
31991
32520
32619
32286
31523
30343
28764
26798
24480
21838
18906
15721
12331
8775
5105
1365
-2389
-6117
-9759
-13276
-16613
-19732
-22590
-25149
-27371
-29234
-30709
-31775
-32421
-32640
-32422
-31776
-30711
-29236
-27373
-25151
-22592
-19735
-16616
-13279
-9762
-6120
-2392
1362
5102
8772
12328
15718
18903
21835
24479
26796
28762
30342
31523
32286
32619
32520
31992
31039
29673
27916
25787
23318
20538
17488
14204
10733
7119
3412
-342
-4089
-7786
-11375
-14817
-18061
-21066
-23790
-26204
-28264
-29953
-31246
-32123
-32573
-32595
-32182
-31342
-30090
-28436
-26406
-24025
-21330
-18346
-15123
-11698
-8120
-4430
-686
3069
6782
10408
13894
17193
20269
23075
25574
27734
29530
30929
31921
32490
32629
32333
31611
30469
28921
26994
24706
22091
19182
16023
12646
9106
5442
1709
-2048
-5778
-9434
-12961
-16319
-19458
-22342
-24927
-27186
-29079
-30591
-31696
-32382
-32636
-32459
-31855
-30823
-29385
-27558
-25366
-22836
-20006
-16909
-13589
-10087
-6454
-2733
1020
4766
8442
12012
15419
18624
21580
24252
26601
28597
30215
31434
32232
32607
32549
32057
31141
29815
28091
25995
23555
20802
17774
14510
11055
7453
3751
1
-3751
-7450
-11055
-14510
-17775
-20803
-23556
-25996
-28092
-29817
-31143
-32059
-32552
-32610
-32236
-31437
-30220
-28602
-26606
-24257
-21585
-18629
-15425
-12018
-8449
-4772
-1027
2726
6448
10081
13583
16903
20001
22831
25361
27554
29381
30819
31851
32456
32633
32380
31693
30589
29078
27184
24926
22341
19458
16319
12961
9434
5778
2049
-1709
-5442
-9106
-12647
-16023
-19183
-22092
-24707
-26995
-28923
-30471
-31613
-32336
-32632
-32494
-31924
-30933
-29534
-27740
-25579
-23083
-20274
-17202
-13899
-10414
-6788
-3075
680
4424
8114
11692
15117
18341
21325
24020
26401
28431
30085
31338
32178
32592
32571
32121
31244
29952
28263
26203
23790
21066
18060
14817
11375
7786
4089
342
-3412
-7119
-10733
-14204
-17489
-20538
-23318
-25789
-27917
-29674
-31041
-31994
-32523
-32622
-32289
-31526
-30345
-28767
-26801
-24483
-21841
-18909
-15724
-12334
-8778
-5108
-1368
2386
6114
9756
13273
16610
19730
22587
25146
27368
29231
30706
31772
32418
32637
32419
31773
30708
29233
27370
25148
22589
19732
16613
13276
9759
6117
2389
-1365
-5105
-8775
-12331
-15721
-18906
-21838
-24481
-26799
-28765
-30345
-31526
-32289
-32622
-32523
-31995
-31042
-29676
-27919
-25790
-23321
-20541
-17491
-14207
-10736
-7122
-3415
339
4086
7783
11372
14814
18058
21063
23787
26201
28261
29950
31243
32120
32570
32592
32179
31339
30087
28433
26403
24022
21327
18343
15120
11695
8117
4427
683
-3072
-6785
-10411
-13897
-17196
-20272
-23078
-25577
-27737
-29533
-30932
-31924
-32493
-32632
-32336
-31614
-30472
-28924
-26997
-24709
-22094
-19185
-16026
-12649
-9109
-5445
-1712
2045
5775
9431
12958
16316
19456
22339
24924
27183
29076
30588
31693
32379
32633
32456
31852
30820
29382
27555
25363
22833
20004
16906
13586
10084
6451
2730
-1023
-4769
-8445
-12015
-15422
-18627
-21583
-24255
-26604
-28600
-30218
-31436
-32235
-32610
-32552
-32060
-31144
-29818
-28094
-25998
-23558
-20805
-17777
-14513
-11058
-7456
-3754
-4
3748
7447
11052
14507
17772
20800
23553
25993
28089
29814
31140
32056
32549
32607
32233
31434
30217
28599
26603
24254
21582
18627
15422
12015
8446
4769
1024
-2729
-6451
-10084
-13586
-16906
-20004
-22834
-25364
-27557
-29384
-30822
-31854
-32459
-32636
-32383
-31696
-30592
-29081
-27187
-24929
-22344
-19461
-16321
-12964
-9436
-5781
-2052
1706
5439
9103
12644
16020
19180
22089
24704
26992
28920
30468
31610
32333
32629
32491
31921
30930
29531
27737
25576
23080
20271
17199
13896
10411
6785
3072
-683
-4427
-8117
-11695
-15120
-18344
-21328
-24023
-26404
-28434
-30088
-31341
-32181
-32595
-32574
-32123
-31247
-29955
-28266
-26206
-23793
-21069
-18063
-14820
-11378
-7789
-4092
-345
3409
7116
10730
14201
17486
20535
23315
25786
27914
29671
31038
31991
32520
32619
32286
31523
30343
28764
26798
24480
21838
18906
15721
12331
8775
5105
1365
-2389
-6117
-9759
-13276
-16613
-19732
-22590
-25149
-27371
-29234
-30709
-31775
-32421
-32640
-32422
-31776
-30711
-29236
-27373
-25151
-22592
-19735
-16616
-13279
-9762
-6120
-2392
1362
5102
8772
12328
15718
18903
21835
24479
26796
28762
30342
31523
32286
32619
32520
31992
31039
29673
27916
25787
23318
20538
17488
14204
10733
7119
3412
-342
-4089
-7786
-11375
-14817
-18061
-21066
-23790
-26204
-28264
-29953
-31246
-32123
-32573
-32595
-32182
-31342
-30090
-28436
-26406
-24025
-21330
-18346
-15123
-11698
-8120
-4430
-686
3069
6782
10408
13894
17193
20269
23075
25574
27734
29530
30929
31921
32490
32629
32333
31611
30469
28921
26994
24706
22091
19182
16023
12646
9106
5442
1709
-2048
-5778
-9434
-12961
-16319
-19458
-22342
-24927
-27186
-29079
-30591
-31696
-32382
-32636
-32459
-31855
-30823
-29385
-27558
-25366
-22836
-20006
-16909
-13589
-10087
-6454
-2733
1020
4766
8442
12012
15419
18624
21580
24252
26601
28597
30215
31434
32232
32607
32549
32057
31141
29815
28091
25995
23555
20802
17774
14510
11055
7453
3751
1
-3751
-7450
-11055
-14510
-17775
-20803
-23556
-25996
-28092
-29817
-31143
-32059
-32552
-32610
-32236
-31437
-30220
-28602
-26606
-24257
-21585
-18629
-15425
-12018
-8449
-4772
-1027
2726
6448
10081
13583
16903
20001
22831
25361
27554
29381
30819
31851
32456
32633
32380
31693
30589
29078
27184
24926
22341
19458
16319
12961
9434
5778
2049
-1709
-5442
-9106
-12647
-16023
-19183
-22092
-24707
-26995
-28923
-30471
-31613
-32336
-32632
-32494
-31924
-30933
-29534
-27740
-25579
-23083
-20274
-17202
-13899
-10414
-6788
-3075
680
4424
8114
11692
15117
18341
21325
24020
26401
28431
30085
31338
32178
32592
32571
32121
31244
29952
28263
26203
23790
21066
18060
14817
11375
7786
4089
342
-3412
-7119
-10733
-14204
-17489
-20538
-23318
-25789
-27917
-29674
-31041
-31994
-32523
-32622
-32289
-31526
-30345
-28767
-26801
-24483
-21841
-18909
-15724
-12334
-8778
-5108
-1368
2386
6114
9756
13273
16610
19730
22587
25146
27368
29231
30706
31772
32418
32637
32419
31773
30708
29233
27370
25148
22589
19732
16613
13276
9759
6117
2389
-1365
-5105
-8775
-12331
-15721
-18906
-21838
-24481
-26799
-28765
-30345
-31526
-32289
-32622
-32523
-31995
-31042
-29676
-27919
-25790
-23321
-20541
-17491
-14207
-10736
-7122
-3415
339
4086
7783
11372
14814
18058
21063
23787
26201
28261
29950
31243
32120
32570
32592
32179
31339
30087
28433
26403
24022
21327
18343
15120
11695
8117
4427
683
-3072
-6785
-10411
-13897
-17196
-20272
-23078
-25577
-27737
-29533
-30932
-31924
-32493
-32632
-32336
-31614
-30472
-28924
-26997
-24709
-22094
-19185
-16026
-12649
-9109
-5445
-1712
2045
5775
9431
12958
16316
19456
22339
24924
27183
29076
30588
31693
32379
32633
32456
31852
30820
29382
27555
25363
22833
20004
16906
13586
10084
6451
2730
-1023
-4769
-8445
-12015
-15422
-18627
-21583
-24255
-26604
-28600
-30218
-31436
-32235
-32610
-32552
-32060
-31144
-29818
-28094
-25998
-23558
-20805
-17777
-14513
-11058
-7456
-3754
-4
3748
7447
11052
14507
17772
20800
23553
25993
28089
29814
31140
32056
32549
32607
32233
31434
30217
28599
26603
24254
21582
18627
15422
12015
8446
4769
1024
-2729
-6451
-10084
-13586
-16906
-20004
-22834
-25364
-27557
-29384
-30822
-31854
-32459
-32636
-32383
-31696
-30592
-29081
-27187
-24929
-22344
-19461
-16321
-12964
-9436
-5781
-2052
1706
5439
9103
12644
16020
19180
22089
24704
26992
28920
30468
31610
32333
32629
32491
31921
30930
29531
27737
25576
23080
20271
17199
13896
10411
6785
3072
-683
-4427
-8117
-11695
-15120
-18344
-21328
-24023
-26404
-28434
-30088
-31341
-32181
-32595
-32574
-32123
-31247
-29955
-28266
-26206
-23793
-21069
-18063
-14820
-11378
-7789
-4092
-345
3409
7116
10730
14201
17486
20535
23315
25786
27914
29671
31038
31991
32520
32619
32286
31523
30343
28764
26798
24480
21838
18906
15721
12331
8775
5105
1365
-2389
-6117
-9759
-13276
-16613
-19732
-22590
-25149
-27371
-29234
-30709
-31775
-32421
-32640
-32422
-31776
-30711
-29236
-27373
-25151
-22592
-19735
-16616
-13279
-9762
-6120
-2392
1362
5102
8772
12328
15718
18903
21835
24479
26796
28762
30342
31523
32286
32619
32520
31992
31039
29673
27916
25787
23318
20538
17488
14204
10733
7119
3412
-342
-4089
-7786
-11375
-14817
-18061
-21066
-23790
-26204
-28264
-29953
-31246
-32123
-32573
-32595
-32182
-31342
-30090
-28436
-26406
-24025
-21330
-18346
-15123
-11698
-8120
-4430
-686
3069
6782
10408
13894
17193
20269
23075
25574
27734
29530
30929
31921
32490
32629
32333
31611
30469
28921
26994
24706
22091
19182
16023
12646
9106
5442
1709
-2048
-5778
-9434
-12961
-16319
-19458
-22342
-24927
-27186
-29079
-30591
-31696
-32382
-32636
-32459
-31855
-30823
-29385
-27558
-25366
-22836
-20006
-16909
-13589
-10087
-6454
-2733
1020
4766
8442
12012
15419
18624
21580
24252
26601
28597
30215
31434
32232
32607
32549
32057
31141
29815
28091
25995
23555
20802
17774
14510
11055
7453
3751
1
-3751
-7450
-11055
-14510
-17775
-20803
-23556
-25996
-28092
-29817
-31143
-32059
-32552
-32610
-32236
-31437
-30220
-28602
-26606
-24257
-21585
-18629
-15425
-12018
-8449
-4772
-1027
2726
6448
10081
13583
16903
20001
22831
25361
27554
29381
30819
31851
32456
32633
32380
31693
30589
29078
27184
24926
22341
19458
16319
12961
9434
5778
2049
-1709
-5442
-9106
-12647
-16023
-19183
-22092
-24707
-26995
-28923
-30471
-31613
-32336
-32632
-32494
-31924
-30933
-29534
-27740
-25579
-23083
-20274
-17202
-13899
-10414
-6788
-3075
680
4424
8114
11692
15117
18341
21325
24020
26401
28431
30085
31338
32178
32592
32571
32121
31244
29952
28263
26203
23790
21066
18060
14817
11375
7786
4089
342
-3412
-7119
-10733
-14204
-17489
-20538
-23318
-25789
-27917
-29674
-31041
-31994
-32523
-32622
-32289
-31526
-30345
-28767
-26801
-24483
-21841
-18909
-15724
-12334
-8778
-5108
-1368
2386
6114
9756
13273
16610
19730
22587
25146
27368
29231
30706
31772
32418
32637
32419
31773
30708
29233
27370
25148
22589
19732
16613
13276
9759
6117
2389
-1365
-5105
-8775
-12331
-15721
-18906
-21838
-24481
-26799
-28765
-30345
-31526
-32289
-32622
-32523
-31995
-31042
-29676
-27919
-25790
-23321
-20541
-17491
-14207
-10736
-7122
-3415
339
4086
7783
11372
14814
18058
21063
23787
26201
28261
29950
31243
32120
32570
32592
32179
31339
30087
28433
26403
24022
21327
18343
15120
11695
8117
4427
683
-3072
-6785
-10411
-13897
-17196
-20272
-23078
-25577
-27737
-29533
-30932
-31924
-32493
-32632
-32336
-31614
-30472
-28924
-26997
-24709
-22094
-19185
-16026
-12649
-9109
-5445
-1712
2045
5775
9431
12958
16316
19456
22339
24924
27183
29076
30588
31693
32379
32633
32456
31852
30820
29382
27555
25363
22833
20004
16906
13586
10084
6451
2730
-1023
-4769
-8445
-12015
-15422
-18627
-21583
-24255
-26604
-28600
-30218
-31436
-32235
-32610
-32552
-32060
-31144
-29818
-28094
-25998
-23558
-20805
-17777
-14513
-11058
-7456
-3754
-4
3748
7447
11052
14507
17772
20800
23553
25993
28089
29814
31140
32056
32549
32607
32233
31434
30217
28599
26603
24254
21582
18627
15422
12015
8446
4769
1024
-2729
-6451
-10084
-13586
-16906
-20004
-22834
-25364
-27557
-29384
-30822
-31854
-32459
-32636
-32383
-31696
-30592
-29081
-27187
-24929
-22344
-19461
-16321
-12964
-9436
-5781
-2052
1706
5439
9103
12644
16020
19180
22089
24704
26992
28920
30468
31610
32333
32629
32491
31921
30930
29531
27737
25576
23080
20271
17199
13896
10411
6785
3072
-683
-4427
-8117
-11695
-15120
-18344
-21328
-24023
-26404
-28434
-30088
-31341
-32181
-32595
-32574
-32123
-31247
-29955
-28266
-26206
-23793
-21069
-18063
-14820
-11378
-7789
-4092
-345
3409
7116
10730
14201
17486
20535
23315
25786
27914
29671
31038
31991
32520
32619
32286
31523
30343
28764
26798
24480
21838
18906
15721
12331
8775
5105
1365
-2389
-6117
-9759
-13276
-16613
-19732
-22590
-25149
-27371
-29234
-30709
-31775
-32421
-32640
-32422
-31776
-30711
-29236
-27373
-25151
-22592
-19735
-16616
-13279
-9762
-6120
-2392
1362
5102
8772
12328
15718
18903
21835
24479
26796
28762
30342
31523
32286
32619
32520
31992
31039
29673
27916
25787
23318
20538
17488
14204
10733
7119
3412
-342
-4089
-7786
-11375
-14817
-18061
-21066
-23790
-26204
-28264
-29953
-31246
-32123
-32573
-32595
-32182
-31342
-30090
-28436
-26406
-24025
-21330
-18346
-15123
-11698
-8120
-4430
-686
3069
6782
10408
13894
17193
20269
23075
25574
27734
29530
30929
31921
32490
32629
32333
31611
30469
28921
26994
24706
22091
19182
16023
12646
9106
5442
1709
-2048
-5778
-9434
-12961
-16319
-19458
-22342
-24927
-27186
-29079
-30591
-31696
-32382
-32636
-32459
-31855
-30823
-29385
-27558
-25366
-22836
-20006
-16909
-13589
-10087
-6454
-2733
1020
4766
8442
12012
15419
18624
21580
24252
26601
28597
30215
31434
32232
32607
32549
32057
31141
29815
28091
25995
23555
20802
17774
14510
11055
7453
3751
1
-3751
-7450
-11055
-14510
-17775
-20803
-23556
-25996
-28092
-29817
-31143
-32059
-32552
-32610
-32236
-31437
-30220
-28602
-26606
-24257
-21585
-18629
-15425
-12018
-8449
-4772
-1027
2726
6448
10081
13583
16903
20001
22831
25361
27554
29381
30819
31851
32456
32633
32380
31693
30589
29078
27184
24926
22341
19458
16319
12961
9434
5778
2049
-1709
-5442
-9106
-12647
-16023
-19183
-22092
-24707
-26995
-28923
-30471
-31613
-32336
-32632
-32494
-31924
-30933
-29534
-27740
-25579
-23083
-20274
-17202
-13899
-10414
-6788
-3075
680
4424
8114
11692
15117
18341
21325
24020
26401
28431
30085
31338
32178
32592
32571
32121
31244
29952
28263
26203
23790
21066
18060
14817
11375
7786
4089
342
-3412
-7119
-10733
-14204
-17489
-20538
-23318
-25789
-27917
-29674
-31041
-31994
-32523
-32622
-32289
-31526
-30345
-28767
-26801
-24483
-21841
-18909
-15724
-12334
-8778
-5108
-1368
2386
6114
9756
13273
16610
19730
22587
25146
27368
29231
30706
31772
32418
32637
32419
31773
30708
29233
27370
25148
22589
19732
16613
13276
9759
6117
2389
-1365
-5105
-8775
-12331
-15721
-18906
-21838
-24481
-26799
-28765
-30345
-31526
-32289
-32622
-32523
-31995
-31042
-29676
-27919
-25790
-23321
-20541
-17491
-14207
-10736
-7122
-3415
339
4086
7783
11372
14814
18058
21063
23787
26201
28261
29950
31243
32120
32570
32592
32179
31339
30087
28433
26403
24022
21327
18343
15120
11695
8117
4427
683
-3072
-6785
-10411
-13897
-17196
-20272
-23078
-25577
-27737
-29533
-30932
-31924
-32493
-32632
-32336
-31614
-30472
-28924
-26997
-24709
-22094
-19185
-16026
-12649
-9109
-5445
-1712
2045
5775
9431
12958
16316
19456
22339
24924
27183
29076
30588
31693
32379
32633
32456
31852
30820
29382
27555
25363
22833
20004
16906
13586
10084
6451
2730
-1023
-4769
-8445
-12015
-15422
-18627
-21583
-24255
-26604
-28600
-30218
-31436
-32235
-32610
-32552
-32060
-31144
-29818
-28094
-25998
-23558
-20805
-17777
-14513
-11058
-7456
-3754
-4
3748
7447
11052
14507
17772
20800
23553
25993
28089
29814
31140
32056
32549
32607
32233
31434
30217
28599
26603
24254
21582
18627
15422
12015
8446
4769
1024
-2729
-6451
-10084
-13586
-16906
-20004
-22834
-25364
-27557
-29384
-30822
-31854
-32459
-32636
-32383
-31696
-30592
-29081
-27187
-24929
-22344
-19461
-16321
-12964
-9436
-5781
-2052
1706
5439
9103
12644
16020
19180
22089
24704
26992
28920
30468
31610
32333
32629
32491
31921
30930
29531
27737
25576
23080
20271
17199
13896
10411
6785
3072
-683
-4427
-8117
-11695
-15120
-18344
-21328
-24023
-26404
-28434
-30088
-31341
-32181
-32595
-32574
-32123
-31247
-29955
-28266
-26206
-23793
-21069
-18063
-14820
-11378
-7789
-4092
-345
3409
7116
10730
14201
17486
20535
23315
25786
27914
29671
31038
31991
32520
32619
32286
31523
30343
28764
26798
24480
21838
18906
15721
12331
8775
5105
1365
-2389
-6117
-9759
-13276
-16613
-19732
-22590
-25149
-27371
-29234
-30709
-31775
-32421
-32640
-32422
-31776
-30711
-29236
-27373
-25151
-22592
-19735
-16616
-13279
-9762
-6120
-2392
1362
5102
8772
12328
15718
18903
21835
24479
26796
28762
30342
31523
32286
32619
32520
31992
31039
29673
27916
25787
23318
20538
17488
14204
10733
7119
3412
-342
-4089
-7786
-11375
-14817
-18061
-21066
-23790
-26204
-28264
-29953
-31246
-32123
-32573
-32595
-32182
-31342
-30090
-28436
-26406
-24025
-21330
-18346
-15123
-11698
-8120
-4430
-686
3069
6782
10408
13894
17193
20269
23075
25574
27734
29530
30929
31921
32490
32629
32333
31611
30469
28921
26994
24706
22091
19182
16023
12646
9106
5442
1709
-2048
-5778
-9434
-12961
-16319
-19458
-22342
-24927
-27186
-29079
-30591
-31696
-32382
-32636
-32459
-31855
-30823
-29385
-27558
-25366
-22836
-20006
-16909
-13589
-10087
-6454
-2733
1020
4766
8442
12012
15419
18624
21580
24252
26601
28597
30215
31434
32232
32607
32549
32057
31141
29815
28091
25995
23555
20802
17774
14510
11055
7453
3751
1
-3751
-7450
-11055
-14510
-17775
-20803
-23556
-25996
-28092
-29817
-31143
-32059
-32552
-32610
-32236
-31437
-30220
-28602
-26606
-24257
-21585
-18629
-15425
-12018
-8449
-4772
-1027
2726
6448
10081
13583
16903
20001
22831
25361
27554
29381
30819
31851
32456
32633
32380
31693
30589
29078
27184
24926
22341
19458
16319
12961
9434
5778
2049
-1709
-5442
-9106
-12647
-16023
-19183
-22092
-24707
-26995
-28923
-30471
-31613
-32336
-32632
-32494
-31924
-30933
-29534
-27740
-25579
-23083
-20274
-17202
-13899
-10414
-6788
-3075
680
4424
8114
11692
15117
18341
21325
24020
26401
28431
30085
31338
32178
32592
32571
32121
31244
29952
28263
26203
23790
21066
18060
14817
11375
7786
4089
342
-3412
-7119
-10733
-14204
-17489
-20538
-23318
-25789
-27917
-29674
-31041
-31994
-32523
-32622
-32289
-31526
-30345
-28767
-26801
-24483
-21841
-18909
-15724
-12334
-8778
-5108
-1368
2386
6114
9756
13273
16610
19730
22587
25146
27368
29231
30706
31772
32418
32637
32419
31773
30708
29233
27370
25148
22589
19732
16613
13276
9759
6117
2389
-1365
-5105
-8775
-12331
-15721
-18906
-21838
-24481
-26799
-28765
-30345
-31526
-32289
-32622
-32523
-31995
-31042
-29676
-27919
-25790
-23321
-20541
-17491
-14207
-10736
-7122
-3415
339
4086
7783
11372
14814
18058
21063
23787
26201
28261
29950
31243
32120
32570
32592
32179
31339
30087
28433
26403
24022
21327
18343
15120
11695
8117
4427
683
-3072
-6785
-10411
-13897
-17196
-20272
-23078
-25577
-27737
-29533
-30932
-31924
-32493
-32632
-32336
-31614
-30472
-28924
-26997
-24709
-22094
-19185
-16026
-12649
-9109
-5445
-1712
2045
5775
9431
12958
16316
19456
22339
24924
27183
29076
30588
31693
32379
32633
32456
31852
30820
29382
27555
25363
22833
20004
16906
13586
10084
6451
2730
-1023
-4769
-8445
-12015
-15422
-18627
-21583
-24255
-26604
-28600
-30218
-31436
-32235
-32610
-32552
-32060
-31144
-29818
-28094
-25998
-23558
-20805
-17777
-14513
-11058
-7456
-3754
-4
3748
7447
11052
14507
17772
20800
23553
25993
28089
29814
31140
32056
32549
32607
32233
31434
30217
28599
26603
24254
21582
18627
15422
12015
8446
4769
1024
-2729
-6451
-10084
-13586
-16906
-20004
-22834
-25364
-27557
-29384
-30822
-31854
-32459
-32636
-32383
-31696
-30592
-29081
-27187
-24929
-22344
-19461
-16321
-12964
-9436
-5781
-2052
1706
5439
9103
12644
16020
19180
22089
24704
26992
28920
30468
31610
32333
32629
32491
31921
30930
29531
27737
25576
23080
20271
17199
13896
10411
6785
3072
-683
-4427
-8117
-11695
-15120
-18344
-21328
-24023
-26404
-28434
-30088
-31341
-32181
-32595
-32574
-32123
-31247
-29955
-28266
-26206
-23793
-21069
-18063
-14820
-11378
-7789
-4092
-345
3409
7116
10730
14201
17486
20535
23315
25786
27914
29671
31038
31991
32520
32619
32286
31523
30343
28764
26798
24480
21838
18906
15721
12331
8775
5105
1365
-2389
-6117
-9759
-13276
-16613
-19732
-22590
-25149
-27371
-29234
-30709
-31775
-32421
-32640
-32422
-31776
-30711
-29236
-27373
-25151
-22592
-19735
-16616
-13279
-9762
-6120
-2392
1362
5102
8772
12328
15718
18903
21835
24479
26796
28762
30342
31523
32286
32619
32520
31992
31039
29673
27916
25787
23318
20538
17488
14204
10733
7119
3412
-342
-4089
-7786
-11375
-14817
-18061
-21066
-23790
-26204
-28264
-29953
-31246
-32123
-32573
-32595
-32182
-31342
-30090
-28436
-26406
-24025
-21330
-18346
-15123
-11698
-8120
-4430
-686
3069
6782
10408
13894
17193
20269
23075
25574
27734
29530
30929
31921
32490
32629
32333
31611
30469
28921
26994
24706
22091
19182
16023
12646
9106
5442
1709
-2048
-5778
-9434
-12961
-16319
-19458
-22342
-24927
-27186
-29079
-30591
-31696
-32382
-32636
-32459
-31855
-30823
-29385
-27558
-25366
-22836
-20006
-16909
-13589
-10087
-6454
-2733
1020
4766
8442
12012
15419
18624
21580
24252
26601
28597
30215
31434
32232
32607
32549
32057
31141
29815
28091
25995
23555
20802
17774
14510
11055
7453
3751
1
-3751
-7450
-11055
-14510
-17775
-20803
-23556
-25996
-28092
-29817
-31143
-32059
-32552
-32610
-32236
-31437
-30220
-28602
-26606
-24257
-21585
-18629
-15425
-12018
-8449
-4772
-1027
2726
6448
10081
13583
16903
20001
22831
25361
27554
29381
30819
31851
32456
32633
32380
31693
30589
29078
27184
24926
22341
19458
16319
12961
9434
5778
2049
-1709
-5442
-9106
-12647
-16023
-19183
-22092
-24707
-26995
-28923
-30471
-31613
-32336
-32632
-32494
-31924
-30933
-29534
-27740
-25579
-23083
-20274
-17202
-13899
-10414
-6788
-3075
680
4424
8114
11692
15117
18341
21325
24020
26401
28431
30085
31338
32178
32592
32571
32121
31244
29952
28263
26203
23790
21066
18060
14817
11375
7786
4089
342
-3412
-7119
-10733
-14204
-17489
-20538
-23318
-25789
-27917
-29674
-31041
-31994
-32523
-32622
-32289
-31526
-30345
-28767
-26801
-24483
-21841
-18909
-15724
-12334
-8778
-5108
-1368
2386
6114
9756
13273
16610
19730
22587
25146
27368
29231
30706
31772
32418
32637
32419
31773
30708
29233
27370
25148
22589
19732
16613
13276
9759
6117
2389
-1365
-5105
-8775
-12331
-15721
-18906
-21838
-24481
-26799
-28765
-30345
-31526
-32289
-32622
-32523
-31995
-31042
-29676
-27919
-25790
-23321
-20541
-17491
-14207
-10736
-7122
-3415
339
4086
7783
11372
14814
18058
21063
23787
26201
28261
29950
31243
32120
32570
32592
32179
31339
30087
28433
26403
24022
21327
18343
15120
11695
8117
4427
683
-3072
-6785
-10411
-13897
-17196
-20272
-23078
-25577
-27737
-29533
-30932
-31924
-32493
-32632
-32336
-31614
-30472
-28924
-26997
-24709
-22094
-19185
-16026
-12649
-9109
-5445
-1712
2045
5775
9431
12958
16316
19456
22339
24924
27183
29076
30588
31693
32379
32633
32456
31852
30820
29382
27555
25363
22833
20004
16906
13586
10084
6451
2730
-1023
-4769
-8445
-12015
-15422
-18627
-21583
-24255
-26604
-28600
-30218
-31436
-32235
-32610
-32552
-32060
-31144
-29818
-28094
-25998
-23558
-20805
-17777
-14513
-11058
-7456
-3754
-4
3748
7447
11052
14507
17772
20800
23553
25993
28089
29814
31140
32056
32549
32607
32233
31434
30217
28599
26603
24254
21582
18627
15422
12015
8446
4769
1024
-2729
-6451
-10084
-13586
-16906
-20004
-22834
-25364
-27557
-29384
-30822
-31854
-32459
-32636
-32383
-31696
-30592
-29081
-27187
-24929
-22344
-19461
-16321
-12964
-9436
-5781
-2052
1706
5439
9103
12644
16020
19180
22089
24704
26992
28920
30468
31610
32333
32629
32491
31921
30930
29531
27737
25576
23080
20271
17199
13896
10411
6785
3072
-683
-4427
-8117
-11695
-15120
-18344
-21328
-24023
-26404
-28434
-30088
-31341
-32181
-32595
-32574
-32123
-31247
-29955
-28266
-26206
-23793
-21069
-18063
-14820
-11378
-7789
-4092
-345
3409
7116
10730
14201
17486
20535
23315
25786
27914
29671
31038
31991
32520
32619
32286
31523
30343
28764
26798
24480
21838
18906
15721
12331
8775
5105
1365
-2389
-6117
-9759
-13276
-16613
-19732
-22590
-25149
-27371
-29234
-30709
-31775
-32421
-32640
-32422
-31776
-30711
-29236
-27373
-25151
-22592
-19735
-16616
-13279
-9762
-6120
-2392
1362
5102
8772
12328
15718
18903
21835
24479
26796
28762
30342
31523
32286
32619
32520
31992
31039
29673
27916
25787
23318
20538
17488
14204
10733
7119
3412
-342
-4089
-7786
-11375
-14817
-18061
-21066
-23790
-26204
-28264
-29953
-31246
-32123
-32573
-32595
-32182
-31342
-30090
-28436
-26406
-24025
-21330
-18346
-15123
-11698
-8120
-4430
-686
3069
6782
10408
13894
17193
20269
23075
25574
27734
29530
30929
31921
32490
32629
32333
31611
30469
28921
26994
24706
22091
19182
16023
12646
9106
5442
1709
-2048
-5778
-9434
-12961
-16319
-19458
-22342
-24927
-27186
-29079
-30591
-31696
-32382
-32636
-32459
-31855
-30823
-29385
-27558
-25366
-22836
-20006
-16909
-13589
-10087
-6454
-2733
1020
4766
8442
12012
15419
18624
21580
24252
26601
28597
30215
31434
32232
32607
32549
32057
31141
29815
28091
25995
23555
20802
17774
14510
11055
7453
3751
1
-3751
-7450
-11055
-14510
-17775
-20803
-23556
-25996
-28092
-29817
-31143
-32059
-32552
-32610
-32236
-31437
-30220
-28602
-26606
-24257
-21585
-18629
-15425
-12018
-8449
-4772
-1027
2726
6448
10081
13583
16903
20001
22831
25361
27554
29381
30819
31851
32456
32633
32380
31693
30589
29078
27184
24926
22341
19458
16319
12961
9434
5778
2049
-1709
-5442
-9106
-12647
-16023
-19183
-22092
-24707
-26995
-28923
-30471
-31613
-32336
-32632
-32494
-31924
-30933
-29534
-27740
-25579
-23083
-20274
-17202
-13899
-10414
-6788
-3075
680
4424
8114
11692
15117
18341
21325
24020
26401
28431
30085
31338
32178
32592
32571
32121
31244
29952
28263
26203
23790
21066
18060
14817
11375
7786
4089
342
-3412
-7119
-10733
-14204
-17489
-20538
-23318
-25789
-27917
-29674
-31041
-31994
-32523
-32622
-32289
-31526
-30345
-28767
-26801
-24483
-21841
-18909
-15724
-12334
-8778
-5108
-1368
2386
6114
9756
13273
16610
19730
22587
25146
27368
29231
30706
31772
32418
32637
32419
31773
30708
29233
27370
25148
22589
19732
16613
13276
9759
6117
2389
-1365
-5105
-8775
-12331
-15721
-18906
-21838
-24481
-26799
-28765
-30345
-31526
-32289
-32622
-32523
-31995
-31042
-29676
-27919
-25790
-23321
-20541
-17491
-14207
-10736
-7122
-3415
339
4086
7783
11372
14814
18058
21063
23787
26201
28261
29950
31243
32120
32570
32592
32179
31339
30087
28433
26403
24022
21327
18343
15120
11695
8117
4427
683
-3072
-6785
-10411
-13897
-17196
-20272
-23078
-25577
-27737
-29533
-30932
-31924
-32493
-32632
-32336
-31614
-30472
-28924
-26997
-24709
-22094
-19185
-16026
-12649
-9109
-5445
-1712
2045
5775
9431
12958
16316
19456
22339
24924
27183
29076
30588
31693
32379
32633
32456
31852
30820
29382
27555
25363
22833
20004
16906
13586
10084
6451
2730
-1023
-4769
-8445
-12015
-15422
-18627
-21583
-24255
-26604
-28600
-30218
-31436
-32235
-32610
-32552
-32060
-31144
-29818
-28094
-25998
-23558
-20805
-17777
-14513
-11058
-7456
-3754
-4
3748
7447
11052
14507
17772
20800
23553
25993
28089
29814
31140
32056
32549
32607
32233
31434
30217
28599
26603
24254
21582
18627
15422
12015
8446
4769
1024
-2729
-6451
-10084
-13586
-16906
-20004
-22834
-25364
-27557
-29384
-30822
-31854
-32459
-32636
-32383
-31696
-30592
-29081
-27187
-24929
-22344
-19461
-16321
-12964
-9436
-5781
-2052
1706
5439
9103
12644
16020
19180
22089
24704
26992
28920
30468
31610
32333
32629
32491
31921
30930
29531
27737
25576
23080
20271
17199
13896
10411
6785
3072
-683
-4427
-8117
-11695
-15120
-18344
-21328
-24023
-26404
-28434
-30088
-31341
-32181
-32595
-32574
-32123
-31247
-29955
-28266
-26206
-23793
-21069
-18063
-14820
-11378
-7789
-4092
-345
3409
7116
10730
14201
17486
20535
23315
25786
27914
29671
31038
31991
32520
32619
32286
31523
30343
28764
26798
24480
21838
18906
15721
12331
8775
5105
1365
-2389
-6117
-9759
-13276
-16613
-19732
-22590
-25149
-27371
-29233
-30709
-31775
-32421
-32640
-32422
-31776
-30711
-29236
-27373
-25151
-22592
-19735
-16616
-13279
-9762
-6120
-2392
1362
5102
8772
12328
15718
18903
21835
24479
26796
28762
30342
31523
32286
32619
32520
31992
31039
29673
27916
25787
23318
20538
17488
14204
10733
7119
3412
-342
-4089
-7786
-11375
-14817
-18061
-21066
-23790
-26204
-28264
-29953
-31246
-32123
-32573
-32595
-32182
-31342
-30090
-28436
-26406
-24025
-21330
-18346
-15123
-11698
-8120
-4430
-686
3069
6782
10405
13894
17193
20269
23075
25574
27734
29530
30929
31921
32490
32629
32333
31611
30469
28921
26994
24706
22091
19182
16023
12646
9106
5442
1709
-2048
-5778
-9434
-12961
-16319
-19458
-22342
-24927
-27186
-29079
-30591
-31696
-32382
-32636
-32459
-31855
-30823
-29385
-27558
-25366
-22836
-20006
-16909
-13589
-10087
-6454
-2733
1020
4766
8442
12012
15419
18624
21580
24252
26601
28597
30215
31434
32232
32607
32549
32057
31141
29815
28091
25995
23555
20802
17774
14513
11055
7453
3751
1
-3751
-7450
-11055
-14510
-17775
-20803
-23556
-25996
-28092
-29817
-31143
-32059
-32552
-32610
-32236
-31437
-30220
-28602
-26606
-24257
-21585
-18629
-15425
-12018
-8449
-4772
-1027
2726
6448
10081
13583
16903
20001
22831
25361
27554
29381
30819
31851
32456
32633
32380
31693
30589
29078
27184
24926
22341
19458
16319
12961
9434
5778
2049
-1709
-5442
-9106
-12647
-16023
-19183
-22092
-24707
-26995
-28923
-30471
-31613
-32336
-32632
-32494
-31924
-30934
-29534
-27740
-25579
-23083
-20274
-17202
-13899
-10414
-6788
-3075
680
4424
8114
11692
15117
18341
21325
24020
26401
28431
30085
31338
32178
32592
32571
32121
31244
29952
28263
26203
23790
21066
18060
14817
11375
7786
4089
342
-3412
-7119
-10733
-14204
-17489
-20538
-23318
-25789
-27917
-29674
-31041
-31994
-32523
-32622
-32289
-31526
-30345
-28767
-26801
-24483
-21841
-18909
-15724
-12334
-8778
-5108
-1368
2386
6114
9756
13273
16610
19730
22587
25146
27368
29230
30706
31772
32418
32637
32419
31773
30708
29233
27370
25148
22589
19732
16613
13276
9759
6117
2389
-1365
-5105
-8775
-12331
-15721
-18906
-21838
-24481
-26799
-28765
-30345
-31526
-32289
-32622
-32523
-31995
-31042
-29676
-27919
-25790
-23321
-20541
-17491
-14207
-10736
-7122
-3415
339
4086
7783
11372
14814
18058
21063
23787
26201
28261
29950
31243
32120
32570
32592
32179
31339
30087
28433
26403
24022
21327
18343
15120
11695
8117
4427
683
-3072
-6785
-10408
-13897
-17196
-20272
-23078
-25577
-27737
-29533
-30932
-31924
-32493
-32632
-32336
-31614
-30472
-28924
-26997
-24709
-22094
-19185
-16026
-12649
-9109
-5445
-1712
2045
5775
9431
12958
16316
19456
22339
24924
27183
29076
30588
31693
32379
32633
32456
31852
30820
29382
27555
25363
22833
20004
16906
13586
10084
6451
2730
-1023
-4769
-8445
-12015
-15422
-18627
-21583
-24255
-26604
-28600
-30218
-31436
-32235
-32610
-32552
-32060
-31144
-29818
-28094
-25998
-23558
-20805
-17777
-14516
-11058
-7456
-3754
-4
3748
7447
11052
14507
17772
20800
23553
25993
28089
29814
31140
32056
32549
32607
32233
31434
30217
28599
26603
24254
21582
18627
15422
12015
8446
4769
1024
-2729
-6451
-10084
-13586
-16906
-20004
-22834
-25364
-27557
-29384
-30822
-31854
-32459
-32636
-32383
-31696
-30592
-29081
-27187
-24929
-22344
-19461
-16321
-12964
-9436
-5781
-2052
1706
5439
9103
12644
16020
19180
22089
24704
26992
28920
30468
31610
32333
32629
32491
31921
30931
29531
27737
25576
23080
20271
17199
13896
10411
6785
3072
-683
-4427
-8117
-11695
-15120
-18344
-21328
-24023
-26404
-28434
-30088
-31341
-32181
-32595
-32574
-32123
-31247
-29955
-28266
-26206
-23793
-21069
-18063
-14820
-11378
-7789
-4092
-345
3409
7116
10730
14201
17486
20535
23315
25786
27914
29671
31038
31991
32520
32619
32286
31523
30343
28764
26798
24480
21838
18906
15721
12331
8775
5105
1365
-2389
-6117
-9759
-13276
-16613
-19732
-22590
-25149
-27371
-29233
-30709
-31775
-32421
-32640
-32422
-31776
-30711
-29236
-27373
-25151
-22592
-19735
-16616
-13279
-9762
-6120
-2392
1362
5102
8772
12328
15718
18903
21835
24479
26796
28762
30342
31523
32286
32619
32520
31992
31039
29673
27916
25787
23318
20538
17488
14204
10733
7119
3412
-342
-4089
-7786
-11375
-14817
-18061
-21066
-23790
-26204
-28264
-29953
-31246
-32123
-32573
-32595
-32182
-31342
-30090
-28436
-26406
-24025
-21330
-18346
-15123
-11698
-8120
-4430
-686
3069
6782
10405
13894
17193
20269
23075
25574
27734
29530
30929
31921
32490
32629
32333
31611
30469
28921
26994
24706
22091
19182
16023
12646
9106
5442
1709
-2048
-5778
-9434
-12961
-16319
-19458
-22342
-24927
-27186
-29079
-30591
-31696
-32382
-32636
-32459
-31855
-30823
-29385
-27558
-25366
-22836
-20006
-16909
-13589
-10087
-6454
-2733
1020
4766
8442
12012
15419
18624
21580
24252
26601
28597
30215
31434
32232
32607
32549
32057
31141
29815
28091
25995
23555
20802
17774
14513
11055
7453
3751
1
-3751
-7450
-11055
-14510
-17775
-20803
-23556
-25996
-28092
-29817
-31143
-32059
-32552
-32610
-32236
-31437
-30220
-28602
-26606
-24257
-21585
-18629
-15425
-12018
-8449
-4772
-1027
2726
6448
10081
13583
16903
20001
22831
25361
27554
29381
30819
31851
32456
32633
32380
31693
30589
29078
27184
24926
22341
19458
16319
12961
9434
5778
2049
-1709
-5442
-9106
-12647
-16023
-19183
-22092
-24707
-26995
-28923
-30471
-31613
-32336
-32632
-32494
-31924
-30934
-29534
-27740
-25579
-23083
-20274
-17202
-13899
-10414
-6788
-3075
680
4424
8114
11692
15117
18341
21325
24020
26401
28431
30085
31338
32178
32592
32571
32121
31244
29952
28263
26203
23790
21066
18060
14817
11375
7786
4089
342
-3412
-7119
-10733
-14204
-17489
-20538
-23318
-25789
-27917
-29674
-31041
-31994
-32523
-32622
-32289
-31526
-30345
-28767
-26801
-24483
-21841
-18909
-15724
-12334
-8778
-5108
-1368
2386
6114
9756
13273
16610
19730
22587
25146
27368
29230
30706
31772
32418
32637
32419
31773
30708
29233
27370
25148
22589
19732
16613
13276
9759
6117
2389
-1365
-5105
-8775
-12331
-15721
-18906
-21838
-24481
-26799
-28765
-30345
-31526
-32289
-32622
-32523
-31995
-31042
-29676
-27919
-25790
-23321
-20541
-17491
-14207
-10736
-7122
-3415
339
4086
7783
11372
14814
18058
21063
23787
26201
28261
29950
31243
32120
32570
32592
32179
31339
30087
28433
26403
24022
21327
18343
15120
11695
8117
4427
683
-3072
-6785
-10408
-13897
-17196
-20272
-23078
-25577
-27737
-29533
-30932
-31924
-32493
-32632
-32336
-31614
-30472
-28924
-26997
-24709
-22094
-19185
-16026
-12649
-9109
-5445
-1712
2045
5775
9431
12958
16316
19456
22339
24924
27183
29076
30588
31693
32379
32633
32456
31852
30820
29382
27555
25363
22833
20004
16906
13586
10084
6451
2730
-1023
-4769
-8445
-12015
-15422
-18627
-21583
-24255
-26604
-28600
-30218
-31436
-32235
-32610
-32552
-32060
-31144
-29818
-28094
-25998
-23558
-20805
-17777
-14516
-11058
-7456
-3754
-4
3748
7447
11052
14507
17772
20800
23553
25993
28089
29814
31140
32056
32549
32607
32233
31434
30217
28599
26603
24254
21582
18627
15422
12015
8446
4769
1024
-2729
-6451
-10084
-13586
-16906
-20004
-22834
-25364
-27557
-29384
-30822
-31854
-32459
-32636
-32383
-31696
-30592
-29081
-27187
-24929
-22344
-19461
-16321
-12964
-9436
-5781
-2052
1706
5439
9103
12644
16020
19180
22089
24704
26992
28920
30468
31610
32333
32629
32491
31921
30931
29531
27737
25576
23080
20271
17199
13896
10411
6785
3072
-683
-4427
-8117
-11695
-15120
-18344
-21328
-24023
-26404
-28434
-30088
-31341
-32181
-32595
-32574
-32123
-31247
-29955
-28266
-26206
-23793
-21069
-18063
-14820
-11378
-7789
-4092
-345
3409
7116
10730
14201
17486
20535
23315
25786
27914
29671
31038
31991
32520
32619
32286
31523
30343
28764
26798
24480
21838
18906
15721
12331
8775
5105
1365
-2389
-6117
-9759
-13276
-16613
-19732
-22590
-25149
-27371
-29233
-30709
-31775
-32421
-32640
-32422
-31776
-30711
-29236
-27373
-25151
-22592
-19735
-16616
-13279
-9762
-6120
-2392
1362
5102
8772
12328
15718
18903
21835
24479
26796
28762
30342
31523
32286
32619
32520
31992
31039
29673
27916
25787
23318
20538
17488
14204
10733
7119
3412
-342
-4089
-7786
-11375
-14817
-18061
-21066
-23790
-26204
-28264
-29953
-31246
-32123
-32573
-32595
-32182
-31342
-30090
-28436
-26406
-24025
-21330
-18346
-15123
-11698
-8120
-4430
-686
3069
6782
10405
13894
17193
20269
23075
25574
27734
29530
30929
31921
32490
32629
32333
31611
30469
28921
26994
24706
22091
19182
16023
12646
9106
5442
1709
-2048
-5778
-9434
-12961
-16319
-19458
-22342
-24927
-27186
-29079
-30591
-31696
-32382
-32636
-32459
-31855
-30823
-29385
-27558
-25366
-22836
-20006
-16909
-13589
-10087
-6454
-2733
1020
4766
8442
12012
15419
18624
21580
24252
26601
28597
30215
31434
32232
32607
32549
32057
31141
29815
28091
25995
23555
20802
17774
14513
11055
7453
3751
1
-3751
-7450
-11055
-14510
-17775
-20803
-23556
-25996
-28092
-29817
-31143
-32059
-32552
-32610
-32236
-31437
-30220
-28602
-26606
-24257
-21585
-18629
-15425
-12018
-8449
-4772
-1027
2726
6448
10081
13583
16903
20001
22831
25361
27554
29381
30819
31851
32456
32633
32380
31693
30589
29078
27184
24926
22341
19458
16319
12961
9434
5778
2049
-1709
-5442
-9106
-12647
-16023
-19183
-22092
-24707
-26995
-28923
-30471
-31613
-32336
-32632
-32494
-31924
-30934
-29534
-27740
-25579
-23083
-20274
-17202
-13899
-10414
-6788
-3075
680
4424
8114
11692
15117
18341
21325
24020
26401
28431
30085
31338
32178
32592
32571
32121
31244
29952
28263
26203
23790
21066
18060
14817
11375
7786
4089
342
-3412
-7119
-10733
-14204
-17489
-20538
-23318
-25789
-27917
-29674
-31041
-31994
-32523
-32622
-32289
-31526
-30345
-28767
-26801
-24483
-21841
-18909
-15724
-12334
-8778
-5108
-1368
2386
6114
9756
13273
16610
19730
22587
25146
27368
29230
30706
31772
32418
32637
32419
31773
30708
29233
27370
25148
22589
19732
16613
13276
9759
6117
2389
-1365
-5105
-8775
-12331
-15721
-18906
-21838
-24481
-26799
-28765
-30345
-31526
-32289
-32622
-32523
-31995
-31042
-29676
-27919
-25790
-23321
-20541
-17491
-14207
-10736
-7122
-3415
339
4086
7783
11372
14814
18058
21063
23787
26201
28261
29950
31243
32120
32570
32592
32179
31339
30087
28433
26403
24022
21327
18343
15120
11695
8117
4427
683
-3072
-6785
-10408
-13897
-17196
-20272
-23078
-25577
-27737
-29533
-30932
-31924
-32493
-32632
-32336
-31614
-30472
-28924
-26997
-24709
-22094
-19185
-16026
-12649
-9109
-5445
-1712
2045
5775
9431
12958
16316
19456
22339
24924
27183
29076
30588
31693
32379
32633
32456
31852
30820
29382
27555
25363
22833
20004
16906
13586
10084
6451
2730
-1023
-4769
-8445
-12015
-15422
-18627
-21583
-24255
-26604
-28600
-30218
-31436
-32235
-32610
-32552
-32060
-31144
-29818
-28094
-25998
-23558
-20805
-17777
-14516
-11058
-7456
-3754
-4
3748
7447
11052
14507
17772
20800
23553
25993
28089
29814
31140
32056
32549
32607
32233
31434
30217
28599
26603
24254
21582
18627
15422
12015
8446
4769
1024
-2729
-6451
-10084
-13586
-16906
-20004
-22834
-25364
-27557
-29384
-30822
-31854
-32459
-32636
-32383
-31696
-30592
-29081
-27187
-24929
-22344
-19461
-16321
-12964
-9436
-5781
-2052
1706
5439
9103
12644
16020
19180
22089
24704
26992
28920
30468
31610
32333
32629
32491
31921
30931
29531
27737
25576
23080
20271
17199
13896
10411
6785
3072
-683
-4427
-8117
-11695
-15120
-18344
-21328
-24023
-26404
-28434
-30088
-31341
-32181
-32595
-32574
-32123
-31247
-29955
-28266
-26206
-23793
-21069
-18063
-14820
-11378
-7789
-4092
-345
3409
7116
10730
14201
17486
20535
23315
25786
27914
29671
31038
31991
32520
32619
32286
31523
30343
28764
26798
24480
21838
18906
15721
12331
8775
5105
1365
-2389
-6117
-9759
-13276
-16613
-19732
-22590
-25149
-27371
-29233
-30709
-31775
-32421
-32640
-32422
-31776
-30711
-29236
-27373
-25151
-22592
-19735
-16616
-13279
-9762
-6120
-2392
1362
5102
8772
12328
15718
18903
21835
24479
26796
28762
30342
31523
32286
32619
32520
31992
31039
29673
27916
25787
23318
20538
17488
14204
10733
7119
3412
-342
-4089
-7786
-11375
-14817
-18061
-21066
-23790
-26204
-28264
-29953
-31246
-32123
-32573
-32595
-32182
-31342
-30090
-28436
-26406
-24025
-21330
-18346
-15123
-11698
-8120
-4430
-686
3069
6782
10405
13894
17193
20269
23075
25574
27734
29530
30929
31921
32490
32629
32333
31611
30469
28921
26994
24706
22091
19182
16023
12646
9106
5442
1709
-2048
-5778
-9434
-12961
-16319
-19458
-22342
-24927
-27186
-29079
-30591
-31696
-32382
-32636
-32459
-31855
-30823
-29385
-27558
-25366
-22836
-20006
-16909
-13589
-10087
-6454
-2733
1020
4766
8442
12012
15419
18624
21580
24252
26601
28597
30215
31434
32232
32607
32549
32057
31141
29815
28091
25995
23555
20802
17774
14513
11055
7453
3751
1
-3751
-7450
-11055
-14510
-17775
-20803
-23556
-25996
-28092
-29817
-31143
-32059
-32552
-32610
-32236
-31437
-30220
-28602
-26606
-24257
-21585
-18629
-15425
-12018
-8449
-4772
-1027
2726
6448
10081
13583
16903
20001
22831
25361
27554
29381
30819
31851
32456
32633
32380
31693
30589
29078
27184
24926
22341
19458
16319
12961
9434
5778
2049
-1709
-5442
-9106
-12647
-16023
-19183
-22092
-24707
-26995
-28923
-30471
-31613
-32336
-32632
-32494
-31924
-30934
-29534
-27740
-25579
-23083
-20274
-17202
-13899
-10414
-6788
-3075
680
4424
8114
11692
15117
18341
21325
24020
26401
28431
30085
31338
32178
32592
32571
32121
31244
29952
28263
26203
23790
21066
18060
14817
11375
7786
4089
342
-3412
-7119
-10733
-14204
-17489
-20538
-23318
-25789
-27917
-29674
-31041
-31994
-32523
-32622
-32289
-31526
-30345
-28767
-26801
-24483
-21841
-18909
-15724
-12334
-8778
-5108
-1368
2386
6114
9756
13273
16610
19730
22587
25146
27368
29230
30706
31772
32418
32637
32419
31773
30708
29233
27370
25148
22589
19732
16613
13276
9759
6117
2389
-1365
-5105
-8775
-12331
-15721
-18906
-21838
-24481
-26799
-28765
-30345
-31526
-32289
-32622
-32523
-31995
-31042
-29676
-27919
-25790
-23321
-20541
-17491
-14207
-10736
-7122
-3415
339
4086
7783
11372
14814
18058
21063
23787
26201
28261
29950
31243
32120
32570
32592
32179
31339
30087
28433
26403
24022
21327
18343
15120
11695
8117
4427
683
-3072
-6785
-10408
-13897
-17196
-20272
-23078
-25577
-27737
-29533
-30932
-31924
-32493
-32632
-32336
-31614
-30472
-28924
-26997
-24709
-22094
-19185
-16026
-12649
-9109
-5445
-1712
2045
5775
9431
12958
16316
19456
22339
24924
27183
29076
30588
31693
32379
32633
32456
31852
30820
29382
27555
25363
22833
20004
16906
13586
10084
6451
2730
-1023
-4769
-8445
-12015
-15422
-18627
-21583
-24255
-26604
-28600
-30218
-31436
-32235
-32610
-32552
-32060
-31144
-29818
-28094
-25998
-23558
-20805
-17777
-14516
-11058
-7456
-3754
-4
3748
7447
11052
14507
17772
20800
23553
25993
28089
29814
31140
32056
32549
32607
32233
31434
30217
28599
26603
24254
21582
18627
15422
12015
8446
4769
1024
-2729
-6451
-10084
-13586
-16906
-20004
-22834
-25364
-27557
-29384
-30822
-31854
-32459
-32636
-32383
-31696
-30592
-29081
-27187
-24929
-22344
-19461
-16321
-12964
-9436
-5781
-2052
1706
5439
9103
12644
16020
19180
22089
24704
26992
28920
30468
31610
32333
32629
32491
31921
30931
29531
27737
25576
23080
20271
17199
13896
10411
6785
3072
-683
-4427
-8117
-11695
-15120
-18344
-21328
-24023
-26404
-28434
-30088
-31341
-32181
-32595
-32574
-32123
-31247
-29955
-28266
-26206
-23793
-21069
-18063
-14820
-11378
-7789
-4092
-345
3409
7116
10730
14201
17486
20535
23315
25786
27914
29671
31038
31991
32520
32619
32286
31523
30343
28764
26798
24480
21838
18906
15721
12331
8775
5105
1365
-2389
-6117
-9759
-13276
-16613
-19732
-22590
-25149
-27371
-29233
-30709
-31775
-32421
-32640
-32422
-31776
-30711
-29236
-27373
-25151
-22592
-19735
-16616
-13279
-9762
-6120
-2392
1362
5102
8772
12328
15718
18903
21835
24479
26796
28762
30342
31523
32286
32619
32520
31992
31039
29673
27916
25787
23318
20538
17488
14204
10733
7119
3412
-342
-4089
-7786
-11375
-14817
-18061
-21066
-23790
-26204
-28264
-29953
-31246
-32123
-32573
-32595
-32182
-31342
-30090
-28436
-26406
-24025
-21330
-18346
-15123
-11698
-8120
-4430
-686
3069
6782
10405
13894
17193
20269
23075
25574
27734
29530
30929
31921
32490
32629
32333
31611
30469
28921
26994
24706
22091
19182
16023
12646
9106
5442
1709
-2048
-5778
-9434
-12961
-16319
-19458
-22342
-24927
-27186
-29079
-30591
-31696
-32382
-32636
-32459
-31855
-30823
-29385
-27558
-25366
-22836
-20006
-16909
-13589
-10087
-6454
-2733
1020
4766
8442
12012
15419
18624
21580
24252
26601
28597
30215
31434
32232
32607
32549
32057
31141
29815
28091
25995
23555
20802
17774
14513
11055
7453
3751
1
-3751
-7450
-11055
-14510
-17775
-20803
-23556
-25996
-28092
-29817
-31143
-32059
-32552
-32610
-32236
-31437
-30220
-28602
-26606
-24257
-21585
-18629
-15425
-12018
-8449
-4772
-1027
2726
6448
10081
13583
16903
20001
22831
25361
27554
29381
30819
31851
32456
32633
32380
31693
30589
29078
27184
24926
22341
19458
16319
12961
9434
5778
2049
-1709
-5442
-9106
-12647
-16023
-19183
-22092
-24707
-26995
-28923
-30471
-31613
-32336
-32632
-32494
-31924
-30934
-29534
-27740
-25579
-23083
-20274
-17202
-13899
-10414
-6788
-3075
680
4424
8114
11692
15117
18341
21325
24020
26401
28431
30085
31338
32178
32592
32571
32121
31244
29952
28263
26203
23790
21066
18060
14817
11375
7786
4089
342
-3412
-7119
-10733
-14204
-17489
-20538
-23318
-25789
-27917
-29674
-31041
-31994
-32523
-32622
-32289
-31526
-30345
-28767
-26801
-24483
-21841
-18909
-15724
-12334
-8778
-5108
-1368
2386
6114
9756
13273
16610
19730
22587
25146
27368
29230
30706
31772
32418
32637
32419
31773
30708
29233
27370
25148
22589
19732
16613
13276
9759
6117
2389
-1365
-5105
-8775
-12331
-15721
-18906
-21838
-24481
-26799
-28765
-30345
-31526
-32289
-32622
-32523
-31995
-31042
-29676
-27919
-25790
-23321
-20541
-17491
-14207
-10736
-7122
-3415
339
4086
7783
11372
14814
18058
21063
23787
26201
28261
29950
31243
32120
32570
32592
32179
31339
30087
28433
26403
24022
21327
18343
15120
11695
8117
4427
683
-3072
-6785
-10408
-13897
-17196
-20272
-23078
-25577
-27737
-29533
-30932
-31924
-32493
-32632
-32336
-31614
-30472
-28924
-26997
-24709
-22094
-19185
-16026
-12649
-9109
-5445
-1712
2045
5775
9431
12958
16316
19456
22339
24924
27183
29076
30588
31693
32379
32633
32456
31852
30820
29382
27555
25363
22833
20004
16906
13586
10084
6451
2730
-1023
-4769
-8445
-12015
-15422
-18627
-21583
-24255
-26604
-28600
-30218
-31436
-32235
-32610
-32552
-32060
-31144
-29818
-28094
-25998
-23558
-20805
-17777
-14516
-11058
-7456
-3754
-4
3748
7447
11052
14507
17772
20800
23553
25993
28089
29814
31140
32056
32549
32607
32233
31434
30217
28599
26603
24254
21582
18627
15422
12015
8446
4769
1024
-2729
-6451
-10084
-13586
-16906
-20004
-22834
-25364
-27557
-29384
-30822
-31854
-32459
-32636
-32383
-31696
-30592
-29081
-27187
-24929
-22344
-19461
-16321
-12964
-9436
-5781
-2052
1706
5439
9103
12644
16020
19180
22089
24704
26992
28920
30468
31610
32333
32629
32491
31921
30931
29531
27737
25576
23080
20271
17199
13896
10411
6785
3072
-683
-4427
-8117
-11695
-15120
-18344
-21328
-24023
-26404
-28434
-30088
-31341
-32181
-32595
-32574
-32123
-31247
-29955
-28266
-26206
-23793
-21069
-18063
-14820
-11378
-7789
-4092
-345
3409
7116
10730
14201
17486
20535
23315
25786
27914
29671
31038
31991
32520
32619
32286
31523
30343
28764
26798
24480
21838
18906
15721
12331
8775
5105
1365
-2389
-6117
-9759
-13276
-16613
-19732
-22590
-25149
-27371
-29233
-30709
-31775
-32421
-32640
-32422
-31776
-30711
-29236
-27373
-25151
-22592
-19735
-16616
-13279
-9762
-6120
-2392
1362
5102
8772
12328
15718
18903
21835
24479
26796
28762
30342
31523
32286
32619
32520
31992
31039
29673
27916
25787
23318
20538
17488
14204
10733
7119
3412
-342
-4089
-7786
-11375
-14817
-18061
-21066
-23790
-26204
-28264
-29953
-31246
-32123
-32573
-32595
-32182
-31342
-30090
-28436
-26406
-24025
-21330
-18346
-15123
-11698
-8120
-4430
-686
3069
6782
10405
13894
17193
20269
23075
25574
27734
29530
30929
31921
32490
32629
32333
31611
30469
28921
26994
24706
22091
19182
16023
12646
9106
5442
1709
-2048
-5778
-9434
-12961
-16319
-19458
-22342
-24927
-27186
-29079
-30591
-31696
-32382
-32636
-32459
-31855
-30823
-29385
-27558
-25366
-22836
-20006
-16909
-13589
-10087
-6454
-2733
1020
4766
8442
12012
15419
18624
21580
24252
26601
28597
30215
31434
32232
32607
32549
32057
31141
29815
28091
25995
23555
20802
17774
14513
11055
7453
3751
1
-3751
-7450
-11055
-14510
-17775
-20803
-23556
-25996
-28092
-29817
-31143
-32059
-32552
-32610
-32236
-31437
-30220
-28602
-26606
-24257
-21585
-18629
-15425
-12018
-8449
-4772
-1027
2726
6448
10081
13583
16903
20001
22831
25361
27554
29381
30819
31851
32456
32633
32380
31693
30589
29078
27184
24926
22341
19458
16319
12961
9434
5778
2049
-1709
-5442
-9106
-12647
-16023
-19183
-22092
-24707
-26995
-28923
-30471
-31613
-32336
-32632
-32494
-31924
-30934
-29534
-27740
-25579
-23083
-20274
-17202
-13899
-10414
-6788
-3075
680
4424
8114
11692
15117
18341
21325
24020
26401
28431
30085
31338
32178
32592
32571
32121
31244
29952
28263
26203
23790
21066
18060
14817
11375
7786
4089
342
-3412
-7119
-10733
-14204
-17489
-20538
-23318
-25789
-27917
-29674
-31041
-31994
-32523
-32622
-32289
-31526
-30345
-28767
-26801
-24483
-21841
-18909
-15724
-12334
-8778
-5108
-1368
2386
6114
9756
13273
16610
19730
22587
25146
27368
29230
30706
31772
32418
32637
32419
31773
30708
29233
27370
25148
22589
19732
16613
13276
9759
6117
2389
-1365
-5105
-8775
-12331
-15721
-18906
-21838
-24481
-26799
-28765
-30345
-31526
-32289
-32622
-32523
-31995
-31042
-29676
-27919
-25790
-23321
-20541
-17491
-14207
-10736
-7122
-3415
339
4086
7783
11372
14814
18058
21063
23787
26201
28261
29950
31243
32120
32570
32592
32179
31339
30087
28433
26403
24022
21327
18343
15120
11695
8117
4427
683
-3072
-6785
-10408
-13897
-17196
-20272
-23078
-25577
-27737
-29533
-30932
-31924
-32493
-32632
-32336
-31614
-30472
-28924
-26997
-24709
-22094
-19185
-16026
-12649
-9109
-5445
-1712
2045
5775
9431
12958
16316
19456
22339
24924
27183
29076
30588
31693
32379
32633
32456
31852
30820
29382
27555
25363
22833
20004
16906
13586
10084
6451
2730
-1023
-4769
-8445
-12015
-15422
-18627
-21583
-24255
-26604
-28600
-30218
-31436
-32235
-32610
-32552
-32060
-31144
-29818
-28094
-25998
-23558
-20805
-17777
-14516
-11058
-7456
-3754
-4
3748
7447
11052
14507
17772
20800
23553
25993
28089
29814
31140
32056
32549
32607
32233
31434
30217
28599
26603
24254
21582
18627
15422
12015
8446
4769
1024
-2729
-6451
-10084
-13586
-16906
-20004
-22834
-25364
-27557
-29384
-30822
-31854
-32459
-32636
-32383
-31696
-30592
-29081
-27187
-24929
-22344
-19461
-16321
-12964
-9436
-5781
-2052
1706
5439
9103
12644
16020
19180
22089
24704
26992
28920
30468
31610
32333
32629
32491
31921
30931
29531
27737
25576
23080
20271
17199
13896
10411
6785
3072
-683
-4427
-8117
-11695
-15120
-18344
-21328
-24023
-26404
-28434
-30088
-31341
-32181
-32595
-32574
-32123
-31247
-29955
-28266
-26206
-23793
-21069
-18063
-14820
-11378
-7789
-4092
-345
3409
7116
10730
14201
17486
20535
23315
25786
27914
29671
31038
31991
32520
32619
32286
31523
30343
28764
26798
24480
21838
18906
15721
12331
8775
5105
1365
-2389
-6117
-9759
-13276
-16613
-19732
-22590
-25149
-27371
-29233
-30709
-31775
-32421
-32640
-32422
-31776
-30711
-29236
-27373
-25151
-22592
-19735
-16616
-13279
-9762
-6120
-2392
1362
5102
8772
12328
15718
18903
21835
24479
26796
28762
30342
31523
32286
32619
32520
31992
31039
29673
27916
25787
23318
20538
17488
14204
10733
7119
3412
-342
-4089
-7786
-11375
-14817
-18061
-21066
-23790
-26204
-28264
-29953
-31246
-32123
-32573
-32595
-32182
-31342
-30090
-28436
-26406
-24025
-21330
-18346
-15123
-11698
-8120
-4430
-686
3069
6782
10405
13894
17193
20269
23075
25574
27734
29530
30929
31921
32490
32629
32333
31611
30469
28921
26994
24706
22091
19182
16023
12646
9106
5442
1709
-2048
-5778
-9434
-12961
-16319
-19458
-22342
-24927
-27186
-29079
-30591
-31696
-32382
-32636
-32459
-31855
-30823
-29385
-27558
-25366
-22836
-20006
-16909
-13589
-10087
-6454
-2733
1020
4766
8442
12012
15419
18624
21580
24252
26601
28597
30215
31434
32232
32607
32549
32057
31141
29815
28091
25995
23555
20802
17774
14513
11055
7453
3751
1
-3751
-7450
-11055
-14510
-17775
-20803
-23556
-25996
-28092
-29817
-31143
-32059
-32552
-32610
-32236
-31437
-30220
-28602
-26606
-24257
-21585
-18629
-15425
-12018
-8449
-4772
-1027
2726
6448
10081
13583
16903
20001
22831
25361
27554
29381
30819
31851
32456
32633
32380
31693
30589
29078
27184
24926
22341
19458
16319
12961
9434
5778
2049
-1709
-5442
-9106
-12647
-16023
-19183
-22092
-24707
-26995
-28923
-30471
-31613
-32336
-32632
-32494
-31924
-30934
-29534
-27740
-25579
-23083
-20274
-17202
-13899
-10414
-6788
-3075
680
4424
8114
11692
15117
18341
21325
24020
26401
28431
30085
31338
32178
32592
32571
32121
31244
29952
28263
26203
23790
21066
18060
14817
11375
7786
4089
342
-3412
-7119
-10733
-14204
-17489
-20538
-23318
-25789
-27917
-29674
-31041
-31994
-32523
-32622
-32289
-31526
-30345
-28767
-26801
-24483
-21841
-18909
-15724
-12334
-8778
-5108
-1368
2386
6114
9756
13273
16610
19730
22587
25146
27368
29230
30706
31772
32418
32637
32419
31773
30708
29233
27370
25148
22589
19732
16613
13276
9759
6117
2389
-1365
-5105
-8775
-12331
-15721
-18906
-21838
-24481
-26799
-28765
-30345
-31526
-32289
-32622
-32523
-31995
-31042
-29676
-27919
-25790
-23321
-20541
-17491
-14207
-10736
-7122
-3415
339
4086
7783
11372
14814
18058
21063
23787
26201
28261
29950
31243
32120
32570
32592
32179
31339
30087
28433
26403
24022
21327
18343
15120
11695
8117
4427
683
-3072
-6785
-10408
-13897
-17196
-20272
-23078
-25577
-27737
-29533
-30932
-31924
-32493
-32632
-32336
-31614
-30472
-28924
-26997
-24709
-22094
-19185
-16026
-12649
-9109
-5445
-1712
2045
5775
9431
12958
16316
19456
22339
24924
27183
29076
30588
31693
32379
32633
32456
31852
30820
29382
27555
25363
22833
20004
16906
13586
10084
6451
2730
-1023
-4769
-8445
-12015
-15422
-18627
-21583
-24255
-26604
-28600
-30218
-31436
-32235
-32610
-32552
-32060
-31144
-29818
-28094
-25998
-23558
-20805
-17777
-14516
-11058
-7456
-3754
-4
3748
7447
11052
14507
17772
20800
23553
25993
28089
29814
31140
32056
32549
32607
32233
31434
30217
28599
26603
24254
21582
18627
15422
12015
8446
4769
1024
-2729
-6451
-10084
-13586
-16906
-20004
-22834
-25364
-27557
-29384
-30822
-31854
-32459
-32636
-32383
-31696
-30592
-29081
-27187
-24929
-22344
-19461
-16321
-12964
-9436
-5781
-2052
1706
5439
9103
12644
16020
19180
22089
24704
26992
28920
30468
31610
32333
32629
32491
31921
30931
29531
27737
25576
23080
20271
17199
13896
10411
6785
3072
-683
-4427
-8117
-11695
-15120
-18344
-21328
-24023
-26404
-28434
-30088
-31341
-32181
-32595
-32574
-32123
-31247
-29955
-28266
-26206
-23793
-21069
-18063
-14820
-11378
-7789
-4092
-345
3409
7116
10730
14201
17486
20535
23315
25786
27914
29671
31038
31991
32520
32619
32286
31523
30343
28764
26798
24480
21838
18906
15721
12331
8775
5105
1365
-2389
-6117
-9759
-13276
-16613
-19732
-22590
-25149
-27371
-29233
-30709
-31775
-32421
-32640
-32422
-31776
-30711
-29236
-27373
-25151
-22592
-19735
-16616
-13279
-9762
-6120
-2392
1362
5102
8772
12328
15718
18903
21835
24479
26796
28762
30342
31523
32286
32619
32520
31992
31039
29673
27916
25787
23318
20538
17488
14204
10733
7119
3412
-342
-4089
-7786
-11375
-14817
-18061
-21066
-23790
-26204
-28264
-29953
-31246
-32123
-32573
-32595
-32182
-31342
-30090
-28436
-26406
-24025
-21330
-18346
-15123
-11698
-8120
-4430
-686
3069
6782
10405
13894
17193
20269
23075
25574
27734
29530
30929
31921
32490
32629
32333
31611
30469
28921
26994
24706
22091
19182
16023
12646
9106
5442
1709
-2048
-5778
-9434
-12961
-16319
-19458
-22342
-24927
-27186
-29079
-30591
-31696
-32382
-32636
-32459
-31855
-30823
-29385
-27558
-25366
-22836
-20006
-16909
-13589
-10087
-6454
-2733
1020
4766
8442
12012
15419
18624
21580
24252
26601
28597
30215
31434
32232
32607
32549
32057
31141
29815
28091
25995
23555
20802
17774
14513
11055
7453
3751
1
-3751
-7450
-11055
-14510
-17775
-20803
-23556
-25996
-28092
-29817
-31143
-32059
-32552
-32610
-32236
-31437
-30220
-28602
-26606
-24257
-21585
-18629
-15425
-12018
-8449
-4772
-1027
2726
6448
10081
13583
16903
20001
22831
25361
27554
29381
30819
31851
32456
32633
32380
31693
30589
29078
27184
24926
22341
19458
16319
12961
9434
5778
2049
-1709
-5442
-9106
-12647
-16023
-19183
-22092
-24707
-26995
-28923
-30471
-31613
-32336
-32632
-32494
-31924
-30934
-29534
-27740
-25579
-23083
-20274
-17202
-13899
-10414
-6788
-3075
680
4424
8114
11692
15117
18341
21325
24020
26401
28431
30085
31338
32178
32592
32571
32121
31244
29952
28263
26203
23790
21066
18060
14817
11375
7786
4089
342
-3412
-7119
-10733
-14204
-17489
-20538
-23318
-25789
-27917
-29674
-31041
-31994
-32523
-32622
-32289
-31526
-30345
-28767
-26801
-24483
-21841
-18909
-15724
-12334
-8778
-5108
-1368
2386
6114
9756
13273
16610
19730
22587
25146
27368
29230
30706
31772
32418
32637
32419
31773
30708
29233
27370
25148
22589
19732
16613
13276
9759
6117
2389
-1365
-5105
-8775
-12331
-15721
-18906
-21838
-24481
-26799
-28765
-30345
-31526
-32289
-32622
-32523
-31995
-31042
-29676
-27919
-25790
-23321
-20541
-17491
-14207
-10736
-7122
-3415
339
4086
7783
11372
14814
18058
21063
23787
26201
28261
29950
31243
32120
32570
32592
32179
31339
30087
28433
26403
24022
21327
18343
15120
11695
8117
4427
683
-3072
-6785
-10408
-13897
-17196
-20272
-23078
-25577
-27737
-29533
-30932
-31924
-32493
-32632
-32336
-31614
-30472
-28924
-26997
-24709
-22094
-19185
-16026
-12649
-9109
-5445
-1712
2045
5775
9431
12958
16316
19456
22339
24924
27183
29076
30588
31693
32379
32633
32456
31852
30820
29382
27555
25363
22833
20004
16906
13586
10084
6451
2730
-1023
-4769
-8445
-12015
-15422
-18627
-21583
-24255
-26604
-28600
-30218
-31436
-32235
-32610
-32552
-32060
-31144
-29818
-28094
-25998
-23558
-20805
-17777
-14516
-11058
-7456
-3754
-4
3748
7447
11052
14507
17772
20800
23553
25993
28089
29814
31140
32056
32549
32607
32233
31434
30217
28599
26603
24254
21582
18627
15422
12015
8446
4769
1024
-2729
-6451
-10084
-13586
-16906
-20004
-22834
-25364
-27557
-29384
-30822
-31854
-32459
-32636
-32383
-31696
-30592
-29081
-27187
-24929
-22344
-19461
-16321
-12964
-9436
-5781
-2052
1706
5439
9103
12644
16020
19180
22089
24704
26992
28920
30468
31610
32333
32629
32491
31921
30931
29531
27737
25576
23080
20271
17199
13896
10411
6785
3072
-683
-4427
-8117
-11695
-15120
-18344
-21328
-24023
-26404
-28434
-30088
-31341
-32181
-32595
-32574
-32123
-31247
-29955
-28266
-26206
-23793
-21069
-18063
-14820
-11378
-7789
-4092
-345
3409
7116
10730
14201
17486
20535
23315
25786
27914
29671
31038
31991
32520
32619
32286
31523
30343
28764
26798
24480
21838
18906
15721
12331
8775
5105
1365
-2389
-6117
-9759
-13276
-16613
-19732
-22590
-25149
-27371
-29233
-30709
-31775
-32421
-32640
-32422
-31776
-30711
-29236
-27373
-25151
-22592
-19735
-16616
-13279
-9762
-6120
-2392
1362
5102
8772
12328
15718
18903
21835
24479
26796
28762
30342
31523
32286
32619
32520
31992
31039
29673
27916
25787
23318
20538
17488
14204
10733
7119
3412
-342
-4089
-7786
-11375
-14817
-18061
-21066
-23790
-26204
-28264
-29953
-31246
-32123
-32573
-32595
-32182
-31342
-30090
-28436
-26406
-24025
-21330
-18346
-15123
-11698
-8120
-4430
-686
3069
6782
10405
13894
17193
20269
23075
25574
27734
29530
30929
31921
32490
32629
32333
31611
30469
28921
26994
24706
22091
19182
16023
12646
9106
5442
1709
-2048
-5778
-9434
-12961
-16319
-19458
-22342
-24927
-27186
-29079
-30591
-31696
-32382
-32636
-32459
-31855
-30823
-29385
-27558
-25366
-22836
-20006
-16909
-13589
-10087
-6454
-2733
1020
4766
8442
12012
15419
18624
21580
24252
26601
28597
30215
31434
32232
32607
32549
32057
31141
29815
28091
25995
23555
20802
17774
14513
11055
7453
3751
1
-3751
-7450
-11055
-14510
-17775
-20803
-23556
-25996
-28092
-29817
-31143
-32059
-32552
-32610
-32236
-31437
-30220
-28602
-26606
-24257
-21585
-18629
-15425
-12018
-8449
-4772
-1027
2726
6448
10081
13583
16903
20001
22831
25361
27554
29381
30819
31851
32456
32633
32380
31693
30589
29078
27184
24926
22341
19458
16319
12961
9434
5778
2049
-1709
-5442
-9106
-12647
-16023
-19183
-22092
-24707
-26995
-28923
-30471
-31613
-32336
-32632
-32494
-31924
-30934
-29534
-27740
-25579
-23083
-20274
-17202
-13899
-10414
-6788
-3075
680
4424
8114
11692
15117
18341
21325
24020
26401
28431
30085
31338
32178
32592
32571
32121
31244
29952
28263
26203
23790
21066
18060
14817
11375
7786
4089
342
-3412
-7119
-10733
-14204
-17489
-20538
-23318
-25789
-27917
-29674
-31041
-31994
-32523
-32622
-32289
-31526
-30345
-28767
-26801
-24483
-21841
-18909
-15724
-12334
-8778
-5108
-1368
2386
6114
9756
13273
16610
19730
22587
25146
27368
29230
30706
31772
32418
32637
32419
31773
30708
29233
27370
25148
22589
19732
16613
13276
9759
6117
2389
-1365
-5105
-8775
-12331
-15721
-18906
-21838
-24481
-26799
-28765
-30345
-31526
-32289
-32622
-32523
-31995
-31042
-29676
-27919
-25790
-23321
-20541
-17491
-14207
-10736
-7122
-3415
339
4086
7783
11372
14814
18058
21063
23787
26201
28261
29950
31243
32120
32570
32592
32179
31339
30087
28433
26403
24022
21327
18343
15120
11695
8117
4427
683
-3072
-6785
-10408
-13897
-17196
-20272
-23078
-25577
-27737
-29533
-30932
-31924
-32493
-32632
-32336
-31614
-30472
-28924
-26997
-24709
-22094
-19185
-16026
-12649
-9109
-5445
-1712
2045
5775
9431
12958
16316
19456
22339
24924
27183
29076
30588
31693
32379
32633
32456
31852
30820
29382
27555
25363
22833
20004
16906
13586
10084
6451
2730
-1023
-4769
-8445
-12015
-15422
-18627
-21583
-24255
-26604
-28600
-30218
-31436
-32235
-32610
-32552
-32060
-31144
-29818
-28094
-25998
-23558
-20805
-17777
-14516
-11058
-7456
-3754
-4
3748
7447
11052
14507
17772
20800
23553
25993
28089
29814
31140
32056
32549
32607
32233
31434
30217
28599
26603
24254
21582
18627
15422
12015
8446
4769
1024
-2729
-6451
-10084
-13586
-16906
-20004
-22834
-25364
-27557
-29384
-30822
-31854
-32459
-32636
-32383
-31696
-30592
-29081
-27187
-24929
-22344
-19461
-16321
-12964
-9436
-5781
-2052
1706
5439
9103
12644
16020
19180
22089
24704
26992
28920
30468
31610
32333
32629
32491
31921
30931
29531
27737
25576
23080
20271
17199
13896
10411
6785
3072
-683
-4427
-8117
-11695
-15120
-18344
-21328
-24023
-26404
-28434
-30088
-31341
-32181
-32595
-32574
-32123
-31247
-29955
-28266
-26206
-23793
-21069
-18063
-14820
-11378
-7789
-4092
-345
3409
7116
10730
14201
17486
20535
23315
25786
27914
29671
31038
31991
32520
32619
32286
31523
30343
28764
26798
24480
21838
18906
15721
12331
8775
5105
1365
-2389
-6117
-9759
-13276
-16613
-19732
-22590
-25149
-27371
-29233
-30709
-31775
-32421
-32640
-32422
-31776
-30711
-29236
-27373
-25151
-22592
-19735
-16616
-13279
-9762
-6120
-2392
1362
5102
8772
12328
15718
18903
21835
24479
26796
28762
30342
31523
32286
32619
32520
31992
31039
29673
27916
25787
23318
20538
17488
14204
10733
7119
3412
-342
-4089
-7786
-11375
-14817
-18061
-21066
-23790
-26204
-28264
-29953
-31246
-32123
-32573
-32595
-32182
-31342
-30090
-28436
-26406
-24025
-21330
-18346
-15123
-11698
-8120
-4430
-686
3069
6782
10405
13894
17193
20269
23075
25574
27734
29530
30929
31921
32490
32629
32333
31611
30469
28921
26994
24706
22091
19182
16023
12646
9106
5442
1709
-2048
-5778
-9434
-12961
-16319
-19458
-22342
-24927
-27186
-29079
-30591
-31696
-32382
-32636
-32459
-31855
-30823
-29385
-27558
-25366
-22836
-20006
-16909
-13589
-10087
-6454
-2733
1020
4766
8442
12012
15419
18624
21580
24252
26601
28597
30215
31434
32232
32607
32549
32057
31141
29815
28091
25995
23555
20802
17774
14513
11055
7453
3751
1
-3751
-7450
-11055
-14510
-17775
-20803
-23556
-25996
-28092
-29817
-31143
-32059
-32552
-32610
-32236
-31437
-30220
-28602
-26606
-24257
-21585
-18629
-15425
-12018
-8449
-4772
-1027
2726
6448
10081
13583
16903
20001
22831
25361
27554
29381
30819
31851
32456
32633
32380
31693
30589
29078
27184
24926
22341
19458
16319
12961
9434
5778
2049
-1709
-5442
-9106
-12647
-16023
-19183
-22092
-24707
-26995
-28923
-30471
-31613
-32336
-32632
-32494
-31924
-30934
-29534
-27740
-25579
-23083
-20274
-17202
-13899
-10414
-6788
-3075
680
4424
8114
11692
15117
18341
21325
24020
26401
28431
30085
31338
32178
32592
32571
32121
31244
29952
28263
26203
23790
21066
18060
14817
11375
7786
4089
342
-3412
-7119
-10733
-14204
-17489
-20538
-23318
-25789
-27917
-29674
-31041
-31994
-32523
-32622
-32289
-31526
-30345
-28767
-26801
-24483
-21841
-18909
-15724
-12334
-8778
-5108
-1368
2386
6114
9756
13273
16610
19730
22587
25146
27368
29230
30706
31772
32418
32637
32419
31773
30708
29233
27370
25148
22589
19732
16613
13276
9759
6117
2389
-1365
-5105
-8775
-12331
-15721
-18906
-21838
-24481
-26799
-28765
-30345
-31526
-32289
-32622
-32523
-31995
-31042
-29676
-27919
-25790
-23321
-20541
-17491
-14207
-10736
-7122
-3415
339
4086
7783
11372
14814
18058
21063
23787
26201
28261
29950
31243
32120
32570
32592
32179
31339
30087
28433
26403
24022
21327
18343
15120
11695
8117
4427
683
-3072
-6785
-10408
-13897
-17196
-20272
-23078
-25577
-27737
-29533
-30932
-31924
-32493
-32632
-32336
-31614
-30472
-28924
-26997
-24709
-22094
-19185
-16026
-12649
-9109
-5445
-1712
2045
5775
9431
12958
16316
19456
22339
24924
27183
29076
30588
31693
32379
32633
32456
31852
30820
29382
27555
25363
22833
20004
16906
13586
10084
6451
2730
-1023
-4769
-8445
-12015
-15422
-18627
-21583
-24255
-26604
-28600
-30218
-31436
-32235
-32610
-32552
-32060
-31144
-29818
-28094
-25998
-23558
-20805
-17777
-14516
-11058
-7456
-3754
-4
3748
7447
11052
14507
17772
20800
23553
25993
28089
29814
31140
32056
32549
32607
32233
31434
30217
28599
26603
24254
21582
18627
15422
12015
8446
4769
1024
-2729
-6451
-10084
-13586
-16906
-20004
-22834
-25364
-27557
-29384
-30822
-31854
-32459
-32636
-32383
-31696
-30592
-29081
-27187
-24929
-22344
-19461
-16321
-12964
-9436
-5781
-2052
1706
5439
9103
12644
16020
19180
22089
24704
26992
28920
30468
31610
32333
32629
32491
31921
30931
29531
27737
25576
23080
20271
17199
13896
10411
6785
3072
-683
-4427
-8117
-11695
-15120
-18344
-21328
-24023
-26404
-28434
-30088
-31341
-32181
-32595
-32574
-32123
-31247
-29955
-28266
-26206
-23793
-21069
-18063
-14820
-11378
-7789
-4092
-345
3409
7116
10730
14201
17486
20535
23315
25786
27914
29671
31038
31991
32520
32619
32286
31523
30343
28764
26798
24480
21838
18906
15721
12331
8775
5105
1365
-2389
-6117
-9759
-13276
-16613
-19732
-22590
-25149
-27371
-29233
-30709
-31775
-32421
-32640
-32422
-31776
-30711
-29236
-27373
-25151
-22592
-19735
-16616
-13279
-9762
-6120
-2392
1362
5102
8772
12328
15718
18903
21835
24479
26796
28762
30342
31523
32286
32619
32520
31992
31039
29673
27916
25787
23318
20538
17488
14204
10733
7119
3412
-342
-4089
-7786
-11375
-14817
-18061
-21066
-23790
-26204
-28264
-29953
-31246
-32123
-32573
-32595
-32182
-31342
-30090
-28436
-26406
-24025
-21330
-18346
-15123
-11698
-8120
-4430
-686
3069
6782
10405
13894
17193
20269
23075
25574
27734
29530
30929
31921
32490
32629
32333
31611
30469
28921
26994
24706
22091
19182
16023
12646
9106
5442
1709
-2048
-5778
-9434
-12961
-16319
-19458
-22342
-24927
-27186
-29079
-30591
-31696
-32382
-32636
-32459
-31855
-30823
-29385
-27558
-25366
-22836
-20006
-16909
-13589
-10087
-6454
-2733
1020
4766
8442
12012
15419
18624
21580
24252
26601
28597
30215
31434
32232
32607
32549
32057
31141
29815
28091
25995
23555
20802
17774
14513
11055
7453
3751
1
-3751
-7450
-11055
-14510
-17775
-20803
-23556
-25996
-28092
-29817
-31143
-32059
-32552
-32610
-32236
-31437
-30220
-28602
-26606
-24257
-21585
-18629
-15425
-12018
-8449
-4772
-1027
2726
6448
10081
13583
16903
20001
22831
25361
27554
29381
30819
31851
32456
32633
32380
31693
30589
29078
27184
24926
22341
19458
16319
12961
9434
5778
2049
-1709
-5442
-9106
-12647
-16023
-19183
-22092
-24707
-26995
-28923
-30471
-31613
-32336
-32632
-32494
-31924
-30934
-29534
-27740
-25579
-23083
-20274
-17202
-13899
-10414
-6788
-3075
680
4424
8114
11692
15117
18341
21325
24020
26401
28431
30085
31338
32178
32592
32571
32121
31244
29952
28263
26203
23790
21066
18060
14817
11375
7786
4089
342
-3412
-7119
-10733
-14204
-17489
-20538
-23318
-25789
-27917
-29674
-31041
-31994
-32523
-32622
-32289
-31526
-30345
-28767
-26801
-24483
-21841
-18909
-15724
-12334
-8778
-5108
-1368
2386
6114
9756
13273
16610
19730
22587
25146
27368
29230
30706
31772
32418
32637
32419
31773
30708
29233
27370
25148
22589
19732
16613
13276
9759
6117
2389
-1365
-5105
-8775
-12331
-15721
-18906
-21838
-24481
-26799
-28765
-30345
-31526
-32289
-32622
-32523
-31995
-31042
-29676
-27919
-25790
-23321
-20541
-17491
-14207
-10736
-7122
-3415
339
4086
7783
11372
14814
18058
21063
23787
26201
28261
29950
31243
32120
32570
32592
32179
31339
30087
28433
26403
24022
21327
18343
15120
11695
8117
4427
683
-3072
-6785
-10408
-13897
-17196
-20272
-23078
-25577
-27737
-29533
-30932
-31924
-32493
-32632
-32336
-31614
-30472
-28924
-26997
-24709
-22094
-19185
-16026
-12649
-9109
-5445
-1712
2045
5775
9431
12958
16316
19456
22339
24924
27183
29076
30588
31693
32379
32633
32456
31852
30820
29382
27555
25363
22833
20004
16906
13586
10084
6451
2730
-1023
-4769
-8445
-12015
-15422
-18627
-21583
-24255
-26604
-28600
-30218
-31436
-32235
-32610
-32552
-32060
-31144
-29818
-28094
-25998
-23558
-20805
-17777
-14516
-11058
-7456
-3754
-4
3748
7447
11052
14507
17772
20800
23553
25993
28089
29814
31140
32056
32549
32607
32233
31434
30217
28599
26603
24254
21582
18627
15422
12015
8446
4769
1024
-2729
-6451
-10084
-13586
-16906
-20004
-22834
-25364
-27557
-29384
-30822
-31854
-32459
-32636
-32383
-31696
-30592
-29081
-27187
-24929
-22344
-19461
-16321
-12964
-9436
-5781
-2052
1706
5439
9103
12644
16020
19180
22089
24704
26992
28920
30468
31610
32333
32629
32491
31921
30931
29531
27737
25576
23080
20271
17199
13896
10411
6785
3072
-683
-4427
-8117
-11695
-15120
-18344
-21328
-24023
-26404
-28434
-30088
-31341
-32181
-32595
-32574
-32123
-31247
-29955
-28266
-26206
-23793
-21069
-18063
-14820
-11378
-7789
-4092
-345
3409
7116
10730
14201
17486
20535
23315
25786
27914
29671
31038
31991
32520
32619
32286
31523
30343
28764
26798
24480
21838
18906
15721
12331
8775
5105
1365
-2389
-6117
-9759
-13276
-16613
-19732
-22590
-25149
-27371
-29233
-30709
-31775
-32421
-32640
-32422
-31776
-30711
-29236
-27373
-25151
-22592
-19735
-16616
-13279
-9762
-6120
-2392
1362
5102
8772
12328
15718
18903
21835
24479
26796
28762
30342
31523
32286
32619
32520
31992
31039
29673
27916
25787
23318
20538
17488
14204
10733
7119
3412
-342
-4089
-7786
-11375
-14817
-18061
-21066
-23790
-26204
-28264
-29953
-31246
-32123
-32573
-32595
-32182
-31342
-30090
-28436
-26406
-24025
-21330
-18346
-15123
-11698
-8120
-4430
-686
3069
6782
10405
13894
17193
20269
23075
25574
27734
29530
30929
31921
32490
32629
32333
31611
30469
28921
26994
24706
22091
19182
16023
12646
9106
5442
1709
-2048
-5778
-9434
-12961
-16319
-19458
-22342
-24927
-27186
-29079
-30591
-31696
-32382
-32636
-32459
-31855
-30823
-29385
-27558
-25366
-22836
-20006
-16909
-13589
-10087
-6454
-2733
1020
4766
8442
12012
15419
18624
21580
24252
26601
28597
30215
31434
32232
32607
32549
32057
31141
29815
28091
25995
23555
20802
17774
14513
11055
7453
3751
1
-3751
-7450
-11055
-14510
-17775
-20803
-23556
-25996
-28092
-29817
-31143
-32059
-32552
-32610
-32236
-31437
-30220
-28602
-26606
-24257
-21585
-18629
-15425
-12018
-8449
-4772
-1027
2726
6448
10081
13583
16903
20001
22831
25361
27554
29381
30819
31851
32456
32633
32380
31693
30589
29078
27184
24926
22341
19458
16319
12961
9434
5778
2049
-1709
-5442
-9106
-12647
-16023
-19183
-22092
-24707
-26995
-28923
-30471
-31613
-32336
-32632
-32494
-31924
-30934
-29534
-27740
-25579
-23083
-20274
-17202
-13899
-10414
-6788
-3075
680
4424
8114
11692
15117
18341
21325
24020
26401
28431
30085
31338
32178
32592
32571
32121
31244
29952
28263
26203
23790
21066
18060
14817
11375
7786
4089
342
-3412
-7119
-10733
-14204
-17489
-20538
-23318
-25789
-27917
-29674
-31041
-31994
-32523
-32622
-32289
-31526
-30345
-28767
-26801
-24483
-21841
-18909
-15724
-12334
-8778
-5108
-1368
2386
6114
9756
13273
16610
19730
22587
25146
27368
29230
30706
31772
32418
32637
32419
31773
30708
29233
27370
25148
22589
19732
16613
13276
9759
6117
2389
-1365
-5105
-8775
-12331
-15721
-18906
-21838
-24481
-26799
-28765
-30345
-31526
-32289
-32622
-32523
-31995
-31042
-29676
-27919
-25790
-23321
-20541
-17491
-14207
-10736
-7122
-3415
339
4086
7783
11372
14814
18058
21063
23787
26201
28261
29950
31243
32120
32570
32592
32179
31339
30087
28433
26403
24022
21327
18343
15120
11695
8117
4427
683
-3072
-6785
-10408
-13897
-17196
-20272
-23078
-25577
-27737
-29533
-30932
-31924
-32493
-32632
-32336
-31614
-30472
-28924
-26997
-24709
-22094
-19185
-16026
-12649
-9109
-5445
-1712
2045
5775
9431
12958
16316
19456
22339
24924
27183
29076
30588
31693
32379
32633
32456
31852
30820
29382
27555
25363
22833
20004
16906
13586
10084
6451
2730
-1023
-4769
-8445
-12015
-15422
-18627
-21583
-24255
-26604
-28600
-30218
-31436
-32235
-32610
-32552
-32060
-31144
-29818
-28094
-25998
-23558
-20805
-17777
-14516
-11058
-7456
-3754
-4
3748
7447
11052
14507
17772
20800
23553
25993
28089
29814
31140
32056
32549
32607
32233
31434
30217
28599
26603
24254
21582
18627
15422
12015
8446
4769
1024
-2729
-6451
-10084
-13586
-16906
-20004
-22834
-25364
-27557
-29384
-30822
-31854
-32459
-32636
-32383
-31696
-30592
-29081
-27187
-24929
-22344
-19461
-16321
-12964
-9436
-5781
-2052
1706
5439
9103
12644
16020
19180
22089
24704
26992
28920
30468
31610
32333
32629
32491
31921
30931
29531
27737
25576
23080
20271
17199
13896
10411
6785
3072
-683
-4427
-8117
-11695
-15120
-18344
-21328
-24023
-26404
-28434
-30088
-31341
-32181
-32595
-32574
-32123
-31247
-29955
-28266
-26206
-23793
-21069
-18063
-14820
-11378
-7789
-4092
-345
3409
7116
10730
14201
17486
20535
23315
25786
27914
29671
31038
31991
32520
32619
32286
31523
30343
28764
26798
24480
21838
18906
15721
12331
8775
5105
1365
-2389
-6117
-9759
-13276
-16613
-19732
-22590
-25149
-27371
-29233
-30709
-31775
-32421
-32640
-32422
-31776
-30711
-29236
-27373
-25151
-22592
-19735
-16616
-13279
-9762
-6120
-2392
1362
5102
8772
12328
15718
18903
21835
24479
26796
28762
30342
31523
32286
32619
32520
31992
31039
29673
27916
25787
23318
20538
17488
14204
10733
7119
3412
-342
-4089
-7786
-11375
-14817
-18061
-21066
-23790
-26204
-28264
-29953
-31246
-32123
-32573
-32595
-32182
-31342
-30090
-28436
-26406
-24025
-21330
-18346
-15123
-11698
-8120
-4430
-686
3069
6782
10405
13894
17193
20269
23075
25574
27734
29530
30929
31921
32490
32629
32333
31611
30469
28921
26994
24706
22091
19182
16023
12646
9106
5442
1709
-2048
-5778
-9434
-12961
-16319
-19458
-22342
-24927
-27186
-29079
-30591
-31696
-32382
-32636
-32459
-31855
-30823
-29385
-27558
-25366
-22836
-20006
-16909
-13589
-10087
-6454
-2733
1020
4766
8442
12012
15419
18624
21580
24252
26601
28597
30215
31434
32232
32607
32549
32057
31141
29815
28091
25995
23555
20802
17774
14513
11055
7453
3751
1
-3751
-7450
-11055
-14510
-17775
-20803
-23556
-25996
-28092
-29817
-31143
-32059
-32552
-32610
-32236
-31437
-30220
-28602
-26606
-24257
-21585
-18629
-15425
-12018
-8449
-4772
-1027
2726
6448
10081
13583
16903
20001
22831
25361
27554
29381
30819
31851
32456
32633
32380
31693
30589
29078
27184
24926
22341
19458
16319
12961
9434
5778
2049
-1709
-5442
-9106
-12647
-16023
-19183
-22092
-24707
-26995
-28923
-30471
-31613
-32336
-32632
-32494
-31924
-30934
-29534
-27740
-25579
-23083
-20274
-17202
-13899
-10414
-6788
-3075
680
4424
8114
11692
15117
18341
21325
24020
26401
28431
30085
31338
32178
32592
32571
32121
31244
29952
28263
26203
23790
21066
18060
14817
11375
7786
4089
342
-3412
-7119
-10733
-14204
-17489
-20538
-23318
-25789
-27917
-29674
-31041
-31994
-32523
-32622
-32289
-31526
-30345
-28767
-26801
-24483
-21841
-18909
-15724
-12334
-8778
-5108
-1368
2386
6114
9756
13273
16610
19730
22587
25146
27368
29230
30706
31772
32418
32637
32419
31773
30708
29233
27370
25148
22589
19732
16613
13276
9759
6117
2389
-1365
-5105
-8775
-12331
-15721
-18906
-21838
-24481
-26799
-28765
-30345
-31526
-32289
-32622
-32523
-31995
-31042
-29676
-27919
-25790
-23321
-20541
-17491
-14207
-10736
-7122
-3415
339
4086
7783
11372
14814
18058
21063
23787
26201
28261
29950
31243
32120
32570
32592
32179
31339
30087
28433
26403
24022
21327
18343
15120
11695
8117
4427
683
-3072
-6785
-10408
-13897
-17196
-20272
-23078
-25577
-27737
-29533
-30932
-31924
-32493
-32632
-32336
-31614
-30472
-28924
-26997
-24709
-22094
-19185
-16026
-12649
-9109
-5445
-1712
2045
5775
9431
12958
16316
19456
22339
24924
27183
29076
30588
31693
32379
32633
32456
31852
30820
29382
27555
25363
22833
20004
16906
13586
10084
6451
2730
-1023
-4769
-8445
-12015
-15422
-18627
-21583
-24255
-26604
-28600
-30218
-31436
-32235
-32610
-32552
-32060
-31144
-29818
-28094
-25998
-23558
-20805
-17777
-14516
-11058
-7456
-3754
-4
3748
7447
11052
14507
17772
20800
23553
25993
28089
29814
31140
32056
32549
32607
32233
31434
30217
28599
26603
24254
21582
18627
15422
12015
8446
4769
1024
-2729
-6451
-10084
-13586
-16906
-20004
-22834
-25364
-27557
-29384
-30822
-31854
-32459
-32636
-32383
-31696
-30592
-29081
-27187
-24929
-22344
-19461
-16321
-12964
-9436
-5781
-2052
1706
5439
9103
12644
16020
19180
22089
24704
26992
28920
30468
31610
32333
32629
32491
31921
30931
29531
27737
25576
23080
20271
17199
13896
10411
6785
3072
-683
-4427
-8117
-11695
-15120
-18344
-21328
-24023
-26404
-28434
-30088
-31341
-32181
-32595
-32574
-32123
-31247
-29955
-28266
-26206
-23793
-21069
-18063
-14820
-11378
-7789
-4092
-345
3409
7116
10730
14201
17486
20535
23315
25786
27914
29671
31038
31991
32520
32619
32286
31523
30343
28764
26798
24480
21838
18906
15721
12331
8775
5105
1365
-2389
-6117
-9759
-13276
-16613
-19732
-22590
-25149
-27371
-29233
-30709
-31775
-32421
-32640
-32422
-31776
-30711
-29236
-27373
-25151
-22592
-19735
-16616
-13279
-9762
-6120
-2392
1362
5102
8772
12328
15718
18903
21835
24479
26796
28762
30342
31523
32286
32619
32520
31992
31039
29673
27916
25787
23318
20538
17488
14204
10733
7119
3412
-342
-4089
-7786
-11375
-14817
-18061
-21066
-23790
-26204
-28264
-29953
-31246
-32123
-32573
-32595
-32182
-31342
-30090
-28436
-26406
-24025
-21330
-18346
-15123
-11698
-8120
-4430
-686
3069
6782
10405
13894
17193
20269
23075
25574
27734
29530
30929
31921
32490
32629
32333
31611
30469
28921
26994
24706
22091
19182
16023
12646
9106
5442
1709
-2048
-5778
-9434
-12961
-16319
-19458
-22342
-24927
-27186
-29079
-30591
-31696
-32382
-32636
-32459
-31855
-30823
-29385
-27558
-25366
-22836
-20006
-16909
-13589
-10087
-6454
-2733
1020
4766
8442
12012
15419
18624
21580
24252
26601
28597
30215
31434
32232
32607
32549
32057
31141
29815
28091
25995
23555
20802
17774
14513
11055
7453
3751
1
-3751
-7450
-11055
-14510
-17775
-20803
-23556
-25996
-28092
-29817
-31143
-32059
-32552
-32610
-32236
-31437
-30220
-28602
-26606
-24257
-21585
-18629
-15425
-12018
-8449
-4772
-1027
2726
6448
10081
13583
16903
20001
22831
25361
27554
29381
30819
31851
32456
32633
32380
31693
30589
29078
27184
24926
22341
19458
16319
12961
9434
5778
2049
-1709
-5442
-9106
-12647
-16023
-19183
-22092
-24707
-26995
-28923
-30471
-31613
-32336
-32632
-32494
-31924
-30934
-29534
-27740
-25579
-23083
-20274
-17202
-13899
-10414
-6788
-3075
680
4424
8114
11692
15117
18341
21325
24020
26401
28431
30085
31338
32178
32592
32571
32121
31244
29952
28263
26203
23790
21066
18060
14817
11375
7786
4089
342
-3412
-7119
-10733
-14204
-17489
-20538
-23318
-25789
-27917
-29674
-31041
-31994
-32523
-32622
-32289
-31526
-30345
-28767
-26801
-24483
-21841
-18909
-15724
-12334
-8778
-5108
-1368
2386
6114
9756
13273
16610
19730
22587
25146
27368
29230
30706
31772
32418
32637
32419
31773
30708
29233
27370
25148
22589
19732
16613
13276
9759
6117
2389
-1365
-5105
-8775
-12331
-15721
-18906
-21838
-24481
-26799
-28765
-30345
-31526
-32289
-32622
-32523
-31995
-31042
-29676
-27919
-25790
-23321
-20541
-17491
-14207
-10736
-7122
-3415
339
4086
7783
11372
14814
18058
21063
23787
26201
28261
29950
31243
32120
32570
32592
32179
31339
30087
28433
26403
24022
21327
18343
15120
11695
8117
4427
683
-3072
-6785
-10408
-13897
-17196
-20272
-23078
-25577
-27737
-29533
-30932
-31924
-32493
-32632
-32336
-31614
-30472
-28924
-26997
-24709
-22094
-19185
-16026
-12649
-9109
-5445
-1712
2045
5775
9431
12958
16316
19456
22339
24924
27183
29076
30588
31693
32379
32633
32456
31852
30820
29382
27555
25363
22833
20004
16906
13586
10084
6451
2730
-1023
-4769
-8445
-12015
-15422
-18627
-21583
-24255
-26604
-28600
-30218
-31436
-32235
-32610
-32552
-32060
-31144
-29818
-28094
-25998
-23558
-20805
-17777
-14516
-11058
-7456
-3754
-4
3748
7447
11052
14507
17772
20800
23553
25993
28089
29814
31140
32056
32549
32607
32233
31434
30217
28599
26603
24254
21582
18627
15422
12015
8446
4769
1024
-2729
-6451
-10084
-13586
-16906
-20004
-22834
-25364
-27557
-29384
-30822
-31854
-32459
-32636
-32383
-31696
-30592
-29081
-27187
-24929
-22344
-19461
-16321
-12964
-9436
-5781
-2052
1706
5439
9103
12644
16020
19180
22089
24704
26992
28920
30468
31610
32333
32629
32491
31921
30931
29531
27737
25576
23080
20271
17199
13896
10411
6785
3072
-683
-4427
-8117
-11695
-15120
-18344
-21328
-24023
-26404
-28434
-30088
-31341
-32181
-32595
-32574
-32123
-31247
-29955
-28266
-26206
-23793
-21069
-18063
-14820
-11378
-7789
-4092
-345
3409
7116
10730
14201
17486
20535
23315
25786
27914
29671
31038
31991
32520
32619
32286
31523
30343
28764
26798
24480
21838
18906
15721
12331
8775
5105
1365
-2389
-6117
-9759
-13276
-16613
-19732
-22590
-25149
-27371
-29233
-30709
-31775
-32421
-32640
-32422
-31776
-30711
-29236
-27373
-25151
-22592
-19735
-16616
-13279
-9762
-6120
-2392
1362
5102
8772
12328
15718
18903
21835
24479
26796
28762
30342
31523
32286
32619
32520
31992
31039
29673
27916
25787
23318
20538
17488
14204
10733
7119
3412
-342
-4089
-7786
-11375
-14817
-18061
-21066
-23790
-26204
-28264
-29953
-31246
-32123
-32573
-32595
-32182
-31342
-30090
-28436
-26406
-24025
-21330
-18346
-15123
-11698
-8120
-4430
-686
3069
6782
10405
13894
17193
20269
23075
25574
27734
29530
30929
31921
32490
32629
32333
31611
30469
28921
26994
24706
22091
19182
16023
12646
9106
5442
1709
-2048
-5778
-9434
-12961
-16319
-19458
-22342
-24927
-27186
-29079
-30591
-31696
-32382
-32636
-32459
-31855
-30823
-29385
-27558
-25366
-22836
-20006
-16909
-13589
-10087
-6454
-2733
1020
4766
8442
12012
15419
18624
21580
24252
26601
28597
30215
31434
32232
32607
32549
32057
31141
29815
28091
25995
23555
20802
17774
14513
11055
7453
3751
1
-3751
-7450
-11055
-14510
-17775
-20803
-23556
-25996
-28092
-29817
-31143
-32059
-32552
-32610
-32236
-31437
-30220
-28602
-26606
-24257
-21585
-18629
-15425
-12018
-8449
-4772
-1027
2726
6448
10081
13583
16903
20001
22831
25361
27554
29381
30819
31851
32456
32633
32380
31693
30589
29078
27184
24926
22341
19458
16319
12961
9434
5778
2049
-1709
-5442
-9106
-12647
-16023
-19183
-22092
-24707
-26995
-28923
-30471
-31613
-32336
-32632
-32494
-31924
-30934
-29534
-27740
-25579
-23083
-20274
-17202
-13899
-10414
-6788
-3075
680
4424
8114
11692
15117
18341
21325
24020
26401
28431
30085
31338
32178
32592
32571
32121
31244
29952
28263
26203
23790
21066
18060
14817
11375
7786
4089
342
-3412
-7119
-10733
-14204
-17489
-20538
-23318
-25789
-27917
-29674
-31041
-31994
-32523
-32622
-32289
-31526
-30345
-28767
-26801
-24483
-21841
-18909
-15724
-12334
-8778
-5108
-1368
2386
6114
9756
13273
16610
19730
22587
25146
27368
29230
30706
31772
32418
32637
32419
31773
30708
29233
27370
25148
22589
19732
16613
13276
9759
6117
2389
-1365
-5105
-8775
-12331
-15721
-18906
-21838
-24481
-26799
-28765
-30345
-31526
-32289
-32622
-32523
-31995
-31042
-29676
-27919
-25790
-23321
-20541
-17491
-14207
-10736
-7122
-3415
339
4086
7783
11372
14814
18058
21063
23787
26201
28261
29950
31243
32120
32570
32592
32179
31339
30087
28433
26403
24022
21327
18343
15120
11695
8117
4427
683
-3072
-6785
-10408
-13897
-17196
-20272
-23078
-25577
-27737
-29533
-30932
-31924
-32493
-32632
-32336
-31614
-30472
-28924
-26997
-24709
-22094
-19185
-16026
-12649
-9109
-5445
-1712
2045
5775
9431
12958
16316
19456
22339
24924
27183
29076
30588
31693
32379
32633
32456
31852
30820
29382
27555
25363
22833
20004
16906
13586
10084
6451
2730
-1023
-4769
-8445
-12015
-15422
-18627
-21583
-24255
-26604
-28600
-30218
-31436
-32235
-32610
-32552
-32060
-31144
-29818
-28094
-25998
-23558
-20805
-17777
-14516
-11058
-7456
-3754
-4
3748
7447
11052
14507
17772
20800
23553
25993
28089
29814
31140
32056
32549
32607
32233
31434
30217
28599
26603
24254
21582
18627
15422
12015
8446
4769
1024
-2729
-6451
-10084
-13586
-16906
-20004
-22834
-25364
-27557
-29384
-30822
-31854
-32459
-32636
-32383
-31696
-30592
-29081
-27187
-24929
-22344
-19461
-16321
-12964
-9436
-5781
-2052
1706
5439
9103
12644
16020
19180
22089
24704
26992
28920
30468
31610
32333
32629
32491
31921
30931
29531
27737
25576
23080
20271
17199
13896
10411
6785
3072
-683
-4427
-8117
-11695
-15120
-18344
-21328
-24023
-26404
-28434
-30088
-31341
-32181
-32595
-32574
-32123
-31247
-29955
-28266
-26206
-23793
-21069
-18063
-14820
-11378
-7789
-4092
-345
3409
7116
10730
14201
17486
20535
23315
25786
27914
29671
31038
31991
32520
32619
32286
31523
30343
28764
26798
24480
21838
18906
15721
12331
8775
5105
1365
-2389
-6117
-9759
-13276
-16613
-19732
-22590
-25149
-27371
-29233
-30709
-31775
-32421
-32640
-32422
-31776
-30711
-29236
-27373
-25151
-22592
-19735
-16616
-13279
-9762
-6120
-2392
1362
5102
8772
12328
15718
18903
21835
24479
26796
28762
30342
31523
32286
32619
32520
31992
31039
29673
27916
25787
23318
20538
17488
14204
10733
7119
3412
-342
-4089
-7786
-11375
-14817
-18061
-21066
-23790
-26204
-28264
-29953
-31246
-32123
-32573
-32595
-32182
-31342
-30090
-28436
-26406
-24025
-21330
-18346
-15123
-11698
-8120
-4430
-686
3069
6782
10405
13894
17193
20269
23075
25574
27734
29530
30929
31921
32490
32629
32333
31611
30469
28921
26994
24706
22091
19182
16023
12646
9106
5442
1709
-2048
-5778
-9434
-12961
-16319
-19458
-22342
-24927
-27186
-29079
-30591
-31696
-32382
-32636
-32459
-31855
-30823
-29385
-27558
-25366
-22836
-20006
-16909
-13589
-10087
-6454
-2733
1020
4766
8442
12012
15419
18624
21580
24252
26601
28597
30215
31434
32232
32607
32549
32057
31141
29815
28091
25995
23555
20802
17774
14513
11055
7453
3751
1
-3751
-7450
-11055
-14510
-17775
-20803
-23556
-25996
-28092
-29817
-31143
-32059
-32552
-32610
-32236
-31437
-30220
-28602
-26606
-24257
-21585
-18629
-15425
-12018
-8449
-4772
-1027
2726
6448
10081
13583
16903
20001
22831
25361
27554
29381
30819
31851
32456
32633
32380
31693
30589
29078
27184
24926
22341
19458
16319
12961
9434
5778
2049
-1709
-5442
-9106
-12647
-16023
-19183
-22092
-24707
-26995
-28923
-30471
-31613
-32336
-32632
-32494
-31924
-30934
-29534
-27740
-25579
-23083
-20274
-17202
-13899
-10414
-6788
-3075
680
4424
8114
11692
15117
18341
21325
24020
26401
28431
30085
31338
32178
32592
32571
32121
31244
29952
28263
26203
23790
21066
18060
14817
11375
7786
4089
342
-3412
-7119
-10733
-14204
-17489
-20538
-23318
-25789
-27917
-29674
-31041
-31994
-32523
-32622
-32289
-31526
-30345
-28767
-26801
-24483
-21841
-18909
-15724
-12334
-8778
-5108
-1368
2386
6114
9756
13273
16610
19730
22587
25146
27368
29230
30706
31772
32418
32637
32419
31773
30708
29233
27370
25148
22589
19732
16613
13276
9759
6117
2389
-1365
-5105
-8775
-12331
-15721
-18906
-21838
-24481
-26799
-28765
-30345
-31526
-32289
-32622
-32523
-31995
-31042
-29676
-27919
-25790
-23321
-20541
-17491
-14207
-10736
-7122
-3415
339
4086
7783
11372
14814
18058
21063
23787
26201
28261
29950
31243
32120
32570
32592
32179
31339
30087
28433
26403
24022
21327
18343
15120
11695
8117
4427
683
-3069
-6785
-10408
-13897
-17196
-20272
-23078
-25577
-27737
-29533
-30932
-31924
-32493
-32632
-32336
-31614
-30472
-28924
-26997
-24709
-22094
-19185
-16026
-12649
-9109
-5445
-1712
2045
5775
9431
12958
16316
19456
22339
24924
27183
29076
30588
31693
32379
32633
32456
31852
30820
29382
27555
25363
22833
20004
16906
13586
10084
6451
2730
-1023
-4769
-8445
-12015
-15422
-18627
-21583
-24255
-26604
-28600
-30218
-31436
-32235
-32610
-32552
-32060
-31144
-29818
-28094
-25998
-23558
-20808
-17777
-14516
-11058
-7456
-3754
-4
3748
7447
11052
14507
17772
20800
23553
25993
28089
29814
31140
32056
32549
32607
32233
31434
30217
28599
26603
24254
21582
18627
15422
12015
8446
4769
1024
-2729
-6451
-10084
-13586
-16906
-20004
-22834
-25364
-27557
-29384
-30822
-31854
-32459
-32636
-32383
-31696
-30592
-29081
-27187
-24929
-22344
-19461
-16321
-12964
-9436
-5781
-2052
1706
5439
9103
12644
16020
19180
22089
24704
26992
28920
30468
31610
32333
32629
32491
31921
30931
29531
27737
25576
23080
20271
17199
13896
10411
6785
3072
-683
-4427
-8117
-11695
-15120
-18344
-21328
-24023
-26404
-28434
-30088
-31341
-32181
-32595
-32574
-32123
-31247
-29955
-28266
-26206
-23793
-21069
-18063
-14820
-11378
-7789
-4092
-345
3409
7116
10730
14201
17486
20535
23315
25786
27914
29671
31038
31991
32520
32619
32286
31523
30343
28764
26798
24480
21838
18906
15721
12331
8775
5105
1365
-2389
-6117
-9759
-13276
-16613
-19732
-22590
-25147
-27371
-29233
-30709
-31775
-32421
-32640
-32422
-31776
-30711
-29236
-27373
-25151
-22592
-19735
-16616
-13279
-9762
-6120
-2392
1362
5102
8772
12328
15718
18903
21835
24479
26796
28762
30342
31523
32286
32619
32520
31992
31039
29673
27916
25787
23318
20538
17488
14204
10733
7119
3412
-342
-4089
-7786
-11375
-14817
-18061
-21066
-23790
-26204
-28264
-29953
-31246
-32123
-32573
-32595
-32182
-31342
-30090
-28436
-26406
-24025
-21330
-18346
-15123
-11698
-8120
-4430
-686
3066
6782
10405
13894
17193
20269
23075
25574
27734
29530
30929
31921
32490
32629
32333
31611
30469
28921
26994
24706
22091
19182
16023
12646
9106
5442
1709
-2048
-5778
-9434
-12961
-16319
-19458
-22342
-24927
-27186
-29079
-30591
-31696
-32382
-32636
-32459
-31855
-30823
-29385
-27558
-25366
-22836
-20006
-16909
-13589
-10087
-6454
-2733
1020
4766
8442
12012
15419
18624
21580
24252
26601
28597
30215
31434
32232
32607
32549
32057
31141
29815
28091
25995
23555
20805
17774
14513
11055
7453
3751
1
-3751
-7450
-11055
-14510
-17775
-20803
-23556
-25996
-28092
-29817
-31143
-32059
-32552
-32610
-32236
-31437
-30220
-28602
-26606
-24257
-21585
-18629
-15425
-12018
-8449
-4772
-1027
2726
6448
10081
13583
16903
20001
22831
25361
27554
29381
30819
31851
32456
32633
32380
31693
30589
29078
27184
24926
22341
19458
16319
12961
9434
5778
2049
-1709
-5442
-9106
-12647
-16023
-19183
-22092
-24707
-26995
-28923
-30471
-31613
-32336
-32632
-32494
-31924
-30934
-29534
-27740
-25579
-23083
-20274
-17202
-13899
-10414
-6788
-3075
680
4424
8114
11692
15117
18341
21325
24020
26401
28431
30085
31338
32178
32592
32571
32121
31244
29952
28263
26203
23790
21066
18060
14817
11375
7786
4089
342
-3412
-7119
-10733
-14204
-17489
-20538
-23318
-25789
-27917
-29674
-31041
-31994
-32523
-32622
-32289
-31526
-30345
-28767
-26801
-24483
-21841
-18909
-15724
-12334
-8778
-5108
-1368
2386
6114
9756
13273
16610
19730
22587
25144
27368
29230
30706
31772
32418
32637
32419
31773
30708
29233
27370
25148
22589
19732
16613
13276
9759
6117
2389
-1365
-5105
-8775
-12331
-15721
-18906
-21838
-24481
-26799
-28765
-30345
-31526
-32289
-32622
-32523
-31995
-31042
-29676
-27919
-25790
-23321
-20541
-17491
-14207
-10736
-7122
-3415
339
4086
7783
11372
14814
18058
21063
23787
26201
28261
29950
31243
32120
32570
32592
32179
31339
30087
28433
26403
24022
21327
18343
15120
11695
8117
4427
683
-3069
-6785
-10408
-13897
-17196
-20272
-23078
-25577
-27737
-29533
-30932
-31924
-32493
-32632
-32336
-31614
-30472
-28924
-26997
-24709
-22094
-19185
-16026
-12649
-9109
-5445
-1712
2045
5775
9431
12958
16316
19456
22339
24924
27183
29076
30588
31693
32379
32633
32456
31852
30820
29382
27555
25363
22833
20004
16906
13586
10084
6451
2730
-1023
-4769
-8445
-12015
-15422
-18627
-21583
-24255
-26604
-28600
-30218
-31436
-32235
-32610
-32552
-32060
-31144
-29818
-28094
-25998
-23558
-20808
-17777
-14516
-11058
-7456
-3754
-4
3748
7447
11052
14507
17772
20800
23553
25993
28089
29814
31140
32056
32549
32607
32233
31434
30217
28599
26603
24254
21582
18627
15422
12015
8446
4769
1024
-2729
-6451
-10084
-13586
-16906
-20004
-22834
-25364
-27557
-29384
-30822
-31854
-32459
-32636
-32383
-31696
-30592
-29081
-27187
-24929
-22344
-19461
-16321
-12964
-9436
-5781
-2052
1706
5439
9103
12644
16020
19180
22089
24704
26992
28920
30468
31610
32333
32629
32491
31921
30931
29531
27737
25576
23080
20271
17199
13896
10411
6785
3072
-683
-4427
-8117
-11695
-15120
-18344
-21328
-24023
-26404
-28434
-30088
-31341
-32181
-32595
-32574
-32123
-31247
-29955
-28266
-26206
-23793
-21069
-18063
-14820
-11378
-7789
-4092
-345
3409
7116
10730
14201
17486
20535
23315
25786
27914
29671
31038
31991
32520
32619
32286
31523
30343
28764
26798
24480
21838
18906
15721
12331
8775
5105
1365
-2389
-6117
-9759
-13276
-16613
-19732
-22590
-25147
-27371
-29233
-30709
-31775
-32421
-32640
-32422
-31776
-30711
-29236
-27373
-25151
-22592
-19735
-16616
-13279
-9762
-6120
-2392
1362
5102
8772
12328
15718
18903
21835
24479
26796
28762
30342
31523
32286
32619
32520
31992
31039
29673
27916
25787
23318
20538
17488
14204
10733
7119
3412
-342
-4089
-7786
-11375
-14817
-18061
-21066
-23790
-26204
-28264
-29953
-31246
-32123
-32573
-32595
-32182
-31342
-30090
-28436
-26406
-24025
-21330
-18346
-15123
-11698
-8120
-4430
-686
3066
6782
10405
13894
17193
20269
23075
25574
27734
29530
30929
31921
32490
32629
32333
31611
30469
28921
26994
24706
22091
19182
16023
12646
9106
5442
1709
-2048
-5778
-9434
-12961
-16319
-19458
-22342
-24927
-27186
-29079
-30591
-31696
-32382
-32636
-32459
-31855
-30823
-29385
-27558
-25366
-22836
-20006
-16909
-13589
-10087
-6454
-2733
1020
4766
8442
12012
15419
18624
21580
24252
26601
28597
30215
31434
32232
32607
32549
32057
31141
29815
28091
25995
23555
20805
17774
14513
11055
7453
3751
1
-3751
-7450
-11055
-14510
-17775
-20803
-23556
-25996
-28092
-29817
-31143
-32059
-32552
-32610
-32236
-31437
-30220
-28602
-26606
-24257
-21585
-18629
-15425
-12018
-8449
-4772
-1027
2726
6448
10081
13583
16903
20001
22831
25361
27554
29381
30819
31851
32456
32633
32380
31693
30589
29078
27184
24926
22341
19458
16319
12961
9434
5778
2049
-1709
-5442
-9106
-12647
-16023
-19183
-22092
-24707
-26995
-28923
-30471
-31613
-32336
-32632
-32494
-31924
-30934
-29534
-27740
-25579
-23083
-20274
-17202
-13899
-10414
-6788
-3075
680
4424
8114
11692
15117
18341
21325
24020
26401
28431
30085
31338
32178
32592
32571
32121
31244
29952
28263
26203
23790
21066
18060
14817
11375
7786
4089
342
-3412
-7119
-10733
-14204
-17489
-20538
-23318
-25789
-27917
-29674
-31041
-31994
-32523
-32622
-32289
-31526
-30345
-28767
-26801
-24483
-21841
-18909
-15724
-12334
-8778
-5108
-1368
2386
6114
9756
13273
16610
19730
22587
25144
27368
29230
30706
31772
32418
32637
32419
31773
30708
29233
27370
25148
22589
19732
16613
13276
9759
6117
2389
-1365
-5105
-8775
-12331
-15721
-18906
-21838
-24481
-26799
-28765
-30345
-31526
-32289
-32622
-32523
-31995
-31042
-29676
-27919
-25790
-23321
-20541
-17491
-14207
-10736
-7122
-3415
339
4086
7783
11372
14814
18058
21063
23787
26201
28261
29950
31243
32120
32570
32592
32179
31339
30087
28433
26403
24022
21327
18343
15120
11695
8117
4427
683
-3069
-6785
-10408
-13897
-17196
-20272
-23078
-25577
-27737
-29533
-30932
-31924
-32493
-32632
-32336
-31614
-30472
-28924
-26997
-24709
-22094
-19185
-16026
-12649
-9109
-5445
-1712
2045
5775
9431
12958
16316
19456
22339
24924
27183
29076
30588
31693
32379
32633
32456
31852
30820
29382
27555
25363
22833
20004
16906
13586
10084
6451
2730
-1023
-4769
-8445
-12015
-15422
-18627
-21583
-24255
-26604
-28600
-30218
-31436
-32235
-32610
-32552
-32060
-31144
-29818
-28094
-25998
-23558
-20808
-17777
-14516
-11058
-7456
-3754
-4
3748
7447
11052
14507
17772
20800
23553
25993
28089
29814
31140
32056
32549
32607
32233
31434
30217
28599
26603
24254
21582
18627
15422
12015
8446
4769
1024
-2729
-6451
-10084
-13586
-16906
-20004
-22834
-25364
-27557
-29384
-30822
-31854
-32459
-32636
-32383
-31696
-30592
-29081
-27187
-24929
-22344
-19461
-16321
-12964
-9436
-5781
-2052
1706
5439
9103
12644
16020
19180
22089
24704
26992
28920
30468
31610
32333
32629
32491
31921
30931
29531
27737
25576
23080
20271
17199
13896
10411
6785
3072
-683
-4427
-8117
-11695
-15120
-18344
-21328
-24023
-26404
-28434
-30088
-31341
-32181
-32595
-32574
-32123
-31247
-29955
-28266
-26206
-23793
-21069
-18063
-14820
-11378
-7789
-4092
-345
3409
7116
10730
14201
17486
20535
23315
25786
27914
29671
31038
31991
32520
32619
32286
31523
30343
28764
26798
24480
21838
18906
15721
12331
8775
5105
1365
-2389
-6117
-9759
-13276
-16613
-19732
-22590
-25147
-27371
-29233
-30709
-31775
-32421
-32640
-32422
-31776
-30711
-29236
-27373
-25151
-22592
-19735
-16616
-13279
-9762
-6120
-2392
1362
5102
8772
12328
15718
18903
21835
24479
26796
28762
30342
31523
32286
32619
32520
31992
31039
29673
27916
25787
23318
20538
17488
14204
10733
7119
3412
-342
-4089
-7786
-11375
-14817
-18061
-21066
-23790
-26204
-28264
-29953
-31246
-32123
-32573
-32595
-32182
-31342
-30090
-28436
-26406
-24025
-21330
-18346
-15123
-11698
-8120
-4430
-686
3066
6782
10405
13894
17193
20269
23075
25574
27734
29530
30929
31921
32490
32629
32333
31611
30469
28921
26994
24706
22091
19182
16023
12646
9106
5442
1709
-2048
-5778
-9434
-12961
-16319
-19458
-22342
-24927
-27186
-29079
-30591
-31696
-32382
-32636
-32459
-31855
-30823
-29385
-27558
-25366
-22836
-20006
-16909
-13589
-10087
-6454
-2733
1020
4766
8442
12012
15419
18624
21580
24252
26601
28597
30215
31434
32232
32607
32549
32057
31141
29815
28091
25995
23555
20805
17774
14513
11055
7453
3751
1
-3751
-7450
-11055
-14510
-17775
-20803
-23556
-25996
-28092
-29817
-31143
-32059
-32552
-32610
-32236
-31437
-30220
-28602
-26606
-24257
-21585
-18629
-15425
-12018
-8449
-4772
-1027
2726
6448
10081
13583
16903
20001
22831
25361
27554
29381
30819
31851
32456
32633
32380
31693
30589
29078
27184
24926
22341
19458
16319
12961
9434
5778
2049
-1709
-5442
-9106
-12647
-16023
-19183
-22092
-24707
-26995
-28923
-30471
-31613
-32336
-32632
-32494
-31924
-30934
-29534
-27740
-25579
-23083
-20274
-17202
-13899
-10414
-6788
-3075
680
4424
8114
11692
15117
18341
21325
24020
26401
28431
30085
31338
32178
32592
32571
32121
31244
29952
28263
26203
23790
21066
18060
14817
11375
7786
4089
342
-3412
-7119
-10733
-14204
-17489
-20538
-23318
-25789
-27917
-29674
-31041
-31994
-32523
-32622
-32289
-31526
-30345
-28767
-26801
-24483
-21841
-18909
-15724
-12334
-8778
-5108
-1368
2386
6114
9756
13273
16610
19730
22587
25144
27368
29230
30706
31772
32418
32637
32419
31773
30708
29233
27370
25148
22589
19732
16613
13276
9759
6117
2389
-1365
-5105
-8775
-12331
-15721
-18906
-21838
-24481
-26799
-28765
-30345
-31526
-32289
-32622
-32523
-31995
-31042
-29676
-27919
-25790
-23321
-20541
-17491
-14207
-10736
-7122
-3415
339
4086
7783
11372
14814
18058
21063
23787
26201
28261
29950
31243
32120
32570
32592
32179
31339
30087
28433
26403
24022
21327
18343
15120
11695
8117
4427
683
-3069
-6785
-10408
-13897
-17196
-20272
-23078
-25577
-27737
-29533
-30932
-31924
-32493
-32632
-32336
-31614
-30472
-28924
-26997
-24709
-22094
-19185
-16026
-12649
-9109
-5445
-1712
2045
5775
9431
12958
16316
19456
22339
24924
27183
29076
30588
31693
32379
32633
32456
31852
30820
29382
27555
25363
22833
20004
16906
13586
10084
6451
2730
-1023
-4769
-8445
-12015
-15422
-18627
-21583
-24255
-26604
-28600
-30218
-31436
-32235
-32610
-32552
-32060
-31144
-29818
-28094
-25998
-23558
-20808
-17777
-14516
-11058
-7456
-3754
-4
3748
7447
11052
14507
17772
20800
23553
25993
28089
29814
31140
32056
32549
32607
32233
31434
30217
28599
26603
24254
21582
18627
15422
12015
8446
4769
1024
-2729
-6451
-10084
-13586
-16906
-20004
-22834
-25364
-27557
-29384
-30822
-31854
-32459
-32636
-32383
-31696
-30592
-29081
-27187
-24929
-22344
-19461
-16321
-12964
-9436
-5781
-2052
1706
5439
9103
12644
16020
19180
22089
24704
26992
28920
30468
31610
32333
32629
32491
31921
30931
29531
27737
25576
23080
20271
17199
13896
10411
6785
3072
-683
-4427
-8117
-11695
-15120
-18344
-21328
-24023
-26404
-28434
-30088
-31341
-32181
-32595
-32574
-32123
-31247
-29955
-28266
-26206
-23793
-21069
-18063
-14820
-11378
-7789
-4092
-345
3409
7116
10730
14201
17486
20535
23315
25786
27914
29671
31038
31991
32520
32619
32286
31523
30343
28764
26798
24480
21838
18906
15721
12331
8775
5105
1365
-2389
-6117
-9759
-13276
-16613
-19732
-22590
-25147
-27371
-29233
-30709
-31775
-32421
-32640
-32422
-31776
-30711
-29236
-27373
-25151
-22592
-19735
-16616
-13279
-9762
-6120
-2392
1362
5102
8772
12328
15718
18903
21835
24479
26796
28762
30342
31523
32286
32619
32520
31992
31039
29673
27916
25787
23318
20538
17488
14204
10733
7119
3412
-342
-4089
-7786
-11375
-14817
-18061
-21066
-23790
-26204
-28264
-29953
-31246
-32123
-32573
-32595
-32182
-31342
-30090
-28436
-26406
-24025
-21330
-18346
-15123
-11698
-8120
-4430
-686
3066
6782
10405
13894
17193
20269
23075
25574
27734
29530
30929
31921
32490
32629
32333
31611
30469
28921
26994
24706
22091
19182
16023
12646
9106
5442
1709
-2048
-5778
-9434
-12961
-16319
-19458
-22342
-24927
-27186
-29079
-30591
-31696
-32382
-32636
-32459
-31855
-30823
-29385
-27558
-25366
-22836
-20006
-16909
-13589
-10087
-6454
-2733
1020
4766
8442
12012
15419
18624
21580
24252
26601
28597
30215
31434
32232
32607
32549
32057
31141
29815
28091
25995
23555
20805
17774
14513
11055
7453
3751
1
-3751
-7450
-11055
-14510
-17775
-20803
-23556
-25996
-28092
-29817
-31143
-32059
-32552
-32610
-32236
-31437
-30220
-28602
-26606
-24257
-21585
-18629
-15425
-12018
-8449
-4772
-1027
2726
6448
10081
13583
16903
20001
22831
25361
27554
29381
30819
31851
32456
32633
32380
31693
30589
29078
27184
24926
22341
19458
16319
12961
9434
5778
2049
-1709
-5442
-9106
-12647
-16023
-19183
-22092
-24707
-26995
-28923
-30471
-31613
-32336
-32632
-32494
-31924
-30934
-29534
-27740
-25579
-23083
-20274
-17202
-13899
-10414
-6788
-3075
680
4424
8114
11692
15117
18341
21325
24020
26401
28431
30085
31338
32178
32592
32571
32121
31244
29952
28263
26203
23790
21066
18060
14817
11375
7786
4089
342
-3412
-7119
-10733
-14204
-17489
-20538
-23318
-25789
-27917
-29674
-31041
-31994
-32523
-32622
-32289
-31526
-30345
-28767
-26801
-24483
-21841
-18909
-15724
-12334
-8778
-5108
-1368
2386
6114
9756
13273
16610
19730
22587
25144
27368
29230
30706
31772
32418
32637
32419
31773
30708
29233
27370
25148
22589
19732
16613
13276
9759
6117
2389
-1365
-5105
-8775
-12331
-15721
-18906
-21838
-24481
-26799
-28765
-30345
-31526
-32289
-32622
-32523
-31995
-31042
-29676
-27919
-25790
-23321
-20541
-17491
-14207
-10736
-7122
-3415
339
4086
7783
11372
14814
18058
21063
23787
26201
28261
29950
31243
32120
32570
32592
32179
31339
30087
28433
26403
24022
21327
18343
15120
11695
8117
4427
683
-3069
-6785
-10408
-13897
-17196
-20272
-23078
-25577
-27737
-29533
-30932
-31924
-32493
-32632
-32336
-31614
-30472
-28924
-26997
-24709
-22094
-19185
-16026
-12649
-9109
-5445
-1712
2045
5775
9431
12958
16316
19456
22339
24924
27183
29076
30588
31693
32379
32633
32456
31852
30820
29382
27555
25363
22833
20004
16906
13586
10084
6451
2730
-1023
-4769
-8445
-12015
-15422
-18627
-21583
-24255
-26604
-28600
-30218
-31436
-32235
-32610
-32552
-32060
-31144
-29818
-28094
-25998
-23558
-20808
-17777
-14516
-11058
-7456
-3754
-4
3748
7447
11052
14507
17772
20800
23553
25993
28089
29814
31140
32056
32549
32607
32233
31434
30217
28599
26603
24254
21582
18627
15422
12015
8446
4769
1024
-2729
-6451
-10084
-13586
-16906
-20004
-22834
-25364
-27557
-29384
-30822
-31854
-32459
-32636
-32383
-31696
-30592
-29081
-27187
-24929
-22344
-19461
-16321
-12964
-9436
-5781
-2052
1706
5439
9103
12644
16020
19180
22089
24704
26992
28920
30468
31610
32333
32629
32491
31921
30931
29531
27737
25576
23080
20271
17199
13896
10411
6785
3072
-683
-4427
-8117
-11695
-15120
-18344
-21328
-24023
-26404
-28434
-30088
-31341
-32181
-32595
-32574
-32123
-31247
-29955
-28266
-26206
-23793
-21069
-18063
-14820
-11378
-7789
-4092
-345
3409
7116
10730
14201
17486
20535
23315
25786
27914
29671
31038
31991
32520
32619
32286
31523
30343
28764
26798
24480
21838
18906
15721
12331
8775
5105
1365
-2389
-6117
-9759
-13276
-16613
-19732
-22590
-25147
-27371
-29233
-30709
-31775
-32421
-32640
-32422
-31776
-30711
-29236
-27373
-25151
-22592
-19735
-16616
-13279
-9762
-6120
-2392
1362
5102
8772
12328
15718
18903
21835
24479
26796
28762
30342
31523
32286
32619
32520
31992
31039
29673
27916
25787
23318
20538
17488
14204
10733
7119
3412
-342
-4089
-7786
-11375
-14817
-18061
-21066
-23790
-26204
-28264
-29953
-31246
-32123
-32573
-32595
-32182
-31342
-30090
-28436
-26406
-24025
-21330
-18346
-15123
-11698
-8120
-4430
-686
3066
6782
10405
13894
17193
20269
23075
25574
27734
29530
30929
31921
32490
32629
32333
31611
30469
28921
26994
24706
22091
19182
16023
12646
9106
5442
1709
-2048
-5778
-9434
-12961
-16319
-19458
-22342
-24927
-27186
-29079
-30591
-31696
-32382
-32636
-32459
-31855
-30823
-29385
-27558
-25366
-22836
-20006
-16909
-13589
-10087
-6454
-2733
1020
4766
8442
12012
15419
18624
21580
24252
26601
28597
30215
31434
32232
32607
32549
32057
31141
29815
28091
25995
23555
20805
17774
14513
11055
7453
3751
1
-3751
-7450
-11055
-14510
-17775
-20803
-23556
-25996
-28092
-29817
-31143
-32059
-32552
-32610
-32236
-31437
-30220
-28602
-26606
-24257
-21585
-18629
-15425
-12018
-8449
-4772
-1027
2726
6448
10081
13583
16903
20001
22831
25361
27554
29381
30819
31851
32456
32633
32380
31693
30589
29078
27184
24926
22341
19458
16319
12961
9434
5778
2049
-1709
-5442
-9106
-12647
-16023
-19183
-22092
-24707
-26995
-28923
-30471
-31613
-32336
-32632
-32494
-31924
-30934
-29534
-27740
-25579
-23083
-20274
-17202
-13899
-10414
-6788
-3075
680
4424
8114
11692
15117
18341
21325
24020
26401
28431
30085
31338
32178
32592
32571
32121
31244
29952
28263
26203
23790
21066
18060
14817
11375
7786
4089
342
-3412
-7119
-10733
-14204
-17489
-20538
-23318
-25789
-27917
-29674
-31041
-31994
-32523
-32622
-32289
-31526
-30345
-28767
-26801
-24483
-21841
-18909
-15724
-12334
-8778
-5108
-1368
2386
6114
9756
13273
16610
19730
22587
25144
27368
29230
30706
31772
32418
32637
32419
31773
30708
29233
27370
25148
22589
19732
16613
13276
9759
6117
2389
-1365
-5105
-8775
-12331
-15721
-18906
-21838
-24481
-26799
-28765
-30345
-31526
-32289
-32622
-32523
-31995
-31042
-29676
-27919
-25790
-23321
-20541
-17491
-14207
-10736
-7122
-3415
339
4086
7783
11372
14814
18058
21063
23787
26201
28261
29950
31243
32120
32570
32592
32179
31339
30087
28433
26403
24022
21327
18343
15120
11695
8117
4427
683
-3069
-6785
-10408
-13897
-17196
-20272
-23078
-25577
-27737
-29533
-30932
-31924
-32493
-32632
-32336
-31614
-30472
-28924
-26997
-24709
-22094
-19185
-16026
-12649
-9109
-5445
-1712
2045
5775
9431
12958
16316
19456
22339
24924
27183
29076
30588
31693
32379
32633
32456
31852
30820
29382
27555
25363
22833
20004
16906
13586
10084
6451
2730
-1023
-4769
-8445
-12015
-15422
-18627
-21583
-24255
-26604
-28600
-30218
-31436
-32235
-32610
-32552
-32060
-31144
-29818
-28094
-25998
-23558
-20808
-17777
-14516
-11058
-7456
-3754
-4
3748
7447
11052
14507
17772
20800
23553
25993
28089
29814
31140
32056
32549
32607
32233
31434
30217
28599
26603
24254
21582
18627
15422
12015
8446
4769
1024
-2729
-6451
-10084
-13586
-16906
-20004
-22834
-25364
-27557
-29384
-30822
-31854
-32459
-32636
-32383
-31696
-30592
-29081
-27187
-24929
-22344
-19461
-16321
-12964
-9436
-5781
-2052
1706
5439
9103
12644
16020
19180
22089
24704
26992
28920
30468
31610
32333
32629
32491
31921
30931
29531
27737
25576
23080
20271
17199
13896
10411
6785
3072
-683
-4427
-8117
-11695
-15120
-18344
-21328
-24023
-26404
-28434
-30088
-31341
-32181
-32595
-32574
-32123
-31247
-29955
-28266
-26206
-23793
-21069
-18063
-14820
-11378
-7789
-4092
-345
3409
7116
10730
14201
17486
20535
23315
25786
27914
29671
31038
31991
32520
32619
32286
31523
30343
28764
26798
24480
21838
18906
15721
12331
8775
5105
1365
-2389
-6117
-9759
-13276
-16613
-19732
-22590
-25147
-27371
-29233
-30709
-31775
-32421
-32640
-32422
-31776
-30711
-29236
-27373
-25151
-22592
-19735
-16616
-13279
-9762
-6120
-2392
1362
5102
8772
12328
15718
18903
21835
24479
26796
28762
30342
31523
32286
32619
32520
31992
31039
29673
27916
25787
23318
20538
17488
14204
10733
7119
3412
-342
-4089
-7786
-11375
-14817
-18061
-21066
-23790
-26204
-28264
-29953
-31246
-32123
-32573
-32595
-32182
-31342
-30090
-28436
-26406
-24025
-21330
-18346
-15123
-11698
-8120
-4430
-686
3066
6782
10405
13894
17193
20269
23075
25574
27734
29530
30929
31921
32490
32629
32333
31611
30469
28921
26994
24706
22091
19182
16023
12646
9106
5442
1709
-2048
-5778
-9434
-12961
-16319
-19458
-22342
-24927
-27186
-29079
-30591
-31696
-32382
-32636
-32459
-31855
-30823
-29385
-27558
-25366
-22836
-20006
-16909
-13589
-10087
-6454
-2733
1020
4766
8442
12012
15419
18624
21580
24252
26601
28597
30215
31434
32232
32607
32549
32057
31141
29815
28091
25995
23555
20805
17774
14513
11055
7453
3751
1
-3751
-7450
-11055
-14510
-17775
-20803
-23556
-25996
-28092
-29817
-31143
-32059
-32552
-32610
-32236
-31437
-30220
-28602
-26606
-24257
-21585
-18629
-15425
-12018
-8449
-4772
-1027
2726
6448
10081
13583
16903
20001
22831
25361
27554
29381
30819
31851
32456
32633
32380
31693
30589
29078
27184
24926
22341
19458
16319
12961
9434
5778
2049
-1709
-5442
-9106
-12647
-16023
-19183
-22092
-24707
-26995
-28923
-30471
-31613
-32336
-32632
-32494
-31924
-30934
-29534
-27740
-25579
-23083
-20274
-17202
-13899
-10414
-6788
-3075
680
4424
8114
11692
15117
18341
21325
24020
26401
28431
30085
31338
32178
32592
32571
32121
31244
29952
28263
26203
23790
21066
18060
14817
11375
7786
4089
342
-3412
-7119
-10733
-14204
-17489
-20538
-23318
-25789
-27917
-29674
-31041
-31994
-32523
-32622
-32289
-31526
-30345
-28767
-26801
-24483
-21841
-18909
-15724
-12334
-8778
-5108
-1368
2386
6114
9756
13273
16610
19730
22587
25144
27368
29230
30706
31772
32418
32637
32419
31773
30708
29233
27370
25148
22589
19732
16613
13276
9759
6117
2389
-1365
-5105
-8775
-12331
-15721
-18906
-21838
-24481
-26799
-28765
-30345
-31526
-32289
-32622
-32523
-31995
-31042
-29676
-27919
-25790
-23321
-20541
-17491
-14207
-10736
-7122
-3415
339
4086
7783
11372
14814
18058
21063
23787
26201
28261
29950
31243
32120
32570
32592
32179
31339
30087
28433
26403
24022
21327
18343
15120
11695
8117
4427
683
-3069
-6785
-10408
-13897
-17196
-20272
-23078
-25577
-27737
-29533
-30932
-31924
-32493
-32632
-32336
-31614
-30472
-28924
-26997
-24709
-22094
-19185
-16026
-12649
-9109
-5445
-1712
2045
5775
9431
12958
16316
19456
22339
24924
27183
29076
30588
31693
32379
32633
32456
31852
30820
29382
27555
25363
22833
20004
16906
13586
10084
6451
2730
-1023
-4769
-8445
-12015
-15422
-18627
-21583
-24255
-26604
-28600
-30218
-31436
-32235
-32610
-32552
-32060
-31144
-29818
-28094
-25998
-23558
-20808
-17777
-14516
-11058
-7456
-3754
-4
3748
7447
11052
14507
17772
20800
23553
25993
28089
29814
31140
32056
32549
32607
32233
31434
30217
28599
26603
24254
21582
18627
15422
12015
8446
4769
1024
-2729
-6451
-10084
-13586
-16906
-20004
-22834
-25364
-27557
-29384
-30822
-31854
-32459
-32636
-32383
-31696
-30592
-29081
-27187
-24929
-22344
-19461
-16321
-12964
-9436
-5781
-2052
1706
5439
9103
12644
16020
19180
22089
24704
26992
28920
30468
31610
32333
32629
32491
31921
30931
29531
27737
25576
23080
20271
17199
13896
10411
6785
3072
-683
-4427
-8117
-11695
-15120
-18344
-21328
-24023
-26404
-28434
-30088
-31341
-32181
-32595
-32574
-32123
-31247
-29955
-28266
-26206
-23793
-21069
-18063
-14820
-11378
-7789
-4092
-345
3409
7116
10730
14201
17486
20535
23315
25786
27914
29671
31038
31991
32520
32619
32286
31523
30343
28764
26798
24480
21838
18906
15721
12331
8775
5105
1365
-2389
-6117
-9759
-13276
-16613
-19732
-22590
-25147
-27371
-29233
-30709
-31775
-32421
-32640
-32422
-31776
-30711
-29236
-27373
-25151
-22592
-19735
-16616
-13279
-9762
-6120
-2392
1362
5102
8772
12328
15718
18903
21835
24479
26796
28762
30342
31523
32286
32619
32520
31992
31039
29673
27916
25787
23318
20538
17488
14204
10733
7119
3412
-342
-4089
-7786
-11375
-14817
-18061
-21066
-23790
-26204
-28264
-29953
-31246
-32123
-32573
-32595
-32182
-31342
-30090
-28436
-26406
-24025
-21330
-18346
-15123
-11698
-8120
-4430
-686
3066
6782
10405
13894
17193
20269
23075
25574
27734
29530
30929
31921
32490
32629
32333
31611
30469
28921
26994
24706
22091
19182
16023
12646
9106
5442
1709
-2048
-5778
-9434
-12961
-16319
-19458
-22342
-24927
-27186
-29079
-30591
-31696
-32382
-32636
-32459
-31855
-30823
-29385
-27558
-25366
-22836
-20006
-16909
-13589
-10087
-6454
-2733
1020
4766
8442
12012
15419
18624
21580
24252
26601
28597
30215
31434
32232
32607
32549
32057
31141
29815
28091
25995
23555
20805
17774
14513
11055
7453
3751
1
-3751
-7450
-11055
-14510
-17775
-20803
-23556
-25996
-28092
-29817
-31143
-32059
-32552
-32610
-32236
-31437
-30220
-28602
-26606
-24257
-21585
-18629
-15425
-12018
-8449
-4772
-1027
2726
6448
10081
13583
16903
20001
22831
25361
27554
29381
30819
31851
32456
32633
32380
31693
30589
29078
27184
24926
22341
19458
16319
12961
9434
5778
2049
-1709
-5442
-9106
-12647
-16023
-19183
-22092
-24707
-26995
-28923
-30471
-31613
-32336
-32632
-32494
-31924
-30934
-29534
-27740
-25579
-23083
-20274
-17202
-13899
-10414
-6788
-3075
680
4424
8114
11692
15117
18341
21325
24020
26401
28431
30085
31338
32178
32592
32571
32121
31244
29952
28263
26203
23790
21066
18060
14817
11375
7786
4089
342
-3412
-7119
-10733
-14204
-17489
-20538
-23318
-25789
-27917
-29674
-31041
-31994
-32523
-32622
-32289
-31526
-30345
-28767
-26801
-24483
-21841
-18909
-15724
-12334
-8778
-5108
-1368
2386
6114
9756
13273
16610
19730
22587
25144
27368
29230
30706
31772
32418
32637
32419
31773
30708
29233
27370
25148
22589
19732
16613
13276
9759
6117
2389
-1365
-5105
-8775
-12331
-15721
-18906
-21838
-24481
-26799
-28765
-30345
-31526
-32289
-32622
-32523
-31995
-31042
-29676
-27919
-25790
-23321
-20541
-17491
-14207
-10736
-7122
-3415
339
4086
7783
11372
14814
18058
21063
23787
26201
28261
29950
31243
32120
32570
32592
32179
31339
30087
28433
26403
24022
21327
18343
15120
11695
8117
4427
683
-3069
-6785
-10408
-13897
-17196
-20272
-23078
-25577
-27737
-29533
-30932
-31924
-32493
-32632
-32336
-31614
-30472
-28924
-26997
-24709
-22094
-19185
-16026
-12649
-9109
-5445
-1712
2045
5775
9431
12958
16316
19456
22339
24924
27183
29076
30588
31693
32379
32633
32456
31852
30820
29382
27555
25363
22833
20004
16906
13586
10084
6451
2730
-1023
-4769
-8445
-12015
-15422
-18627
-21583
-24255
-26604
-28600
-30218
-31436
-32235
-32610
-32552
-32060
-31144
-29818
-28094
-25998
-23558
-20808
-17777
-14516
-11058
-7456
-3754
-4
3748
7447
11052
14507
17772
20800
23553
25993
28089
29814
31140
32056
32549
32607
32233
31434
30217
28599
26603
24254
21582
18627
15422
12015
8446
4769
1024
-2729
-6451
-10084
-13586
-16906
-20004
-22834
-25364
-27557
-29384
-30822
-31854
-32459
-32636
-32383
-31696
-30592
-29081
-27187
-24929
-22344
-19461
-16321
-12964
-9436
-5781
-2052
1706
5439
9103
12644
16020
19180
22089
24704
26992
28920
30468
31610
32333
32629
32491
31921
30931
29531
27737
25576
23080
20271
17199
13896
10411
6785
3072
-683
-4427
-8117
-11695
-15120
-18344
-21328
-24023
-26404
-28434
-30088
-31341
-32181
-32595
-32574
-32123
-31247
-29955
-28266
-26206
-23793
-21069
-18063
-14820
-11378
-7789
-4092
-345
3409
7116
10730
14201
17486
20535
23315
25786
27914
29671
31038
31991
32520
32619
32286
31523
30343
28764
26798
24480
21838
18906
15721
12331
8775
5105
1365
-2389
-6117
-9759
-13276
-16613
-19732
-22590
-25147
-27371
-29233
-30709
-31775
-32421
-32640
-32422
-31776
-30711
-29236
-27373
-25151
-22592
-19735
-16616
-13279
-9762
-6120
-2392
1362
5102
8772
12328
15718
18903
21835
24479
26796
28762
30342
31523
32286
32619
32520
31992
31039
29673
27916
25787
23318
20538
17488
14204
10733
7119
3412
-342
-4089
-7786
-11375
-14817
-18061
-21066
-23790
-26204
-28264
-29953
-31246
-32123
-32573
-32595
-32182
-31342
-30090
-28436
-26406
-24025
-21330
-18346
-15123
-11698
-8120
-4430
-686
3066
6782
10405
13894
17193
20269
23075
25574
27734
29530
30929
31921
32490
32629
32333
31611
30469
28921
26994
24706
22091
19182
16023
12646
9106
5442
1709
-2048
-5778
-9434
-12961
-16319
-19458
-22342
-24927
-27186
-29079
-30591
-31696
-32382
-32636
-32459
-31855
-30823
-29385
-27558
-25366
-22836
-20006
-16909
-13589
-10087
-6454
-2733
1020
4766
8442
12012
15419
18624
21580
24252
26601
28597
30215
31434
32232
32607
32549
32057
31141
29815
28091
25995
23555
20805
17774
14513
11055
7453
3751
1
-3751
-7450
-11055
-14510
-17775
-20803
-23556
-25996
-28092
-29817
-31143
-32059
-32552
-32610
-32236
-31437
-30220
-28602
-26606
-24257
-21585
-18629
-15425
-12018
-8449
-4772
-1027
2726
6448
10081
13583
16903
20001
22831
25361
27554
29381
30819
31851
32456
32633
32380
31693
30589
29078
27184
24926
22341
19458
16319
12961
9434
5778
2049
-1709
-5442
-9106
-12647
-16023
-19183
-22092
-24707
-26995
-28923
-30471
-31613
-32336
-32632
-32494
-31924
-30934
-29534
-27740
-25579
-23083
-20274
-17202
-13899
-10414
-6788
-3075
680
4424
8114
11692
15117
18341
21325
24020
26401
28431
30085
31338
32178
32592
32571
32121
31244
29952
28263
26203
23790
21066
18060
14817
11375
7786
4089
342
-3412
-7119
-10733
-14204
-17489
-20538
-23318
-25789
-27917
-29674
-31041
-31994
-32523
-32622
-32289
-31526
-30345
-28767
-26801
-24483
-21841
-18909
-15724
-12334
-8778
-5108
-1368
2386
6114
9756
13273
16610
19730
22587
25144
27368
29230
30706
31772
32418
32637
32419
31773
30708
29233
27370
25148
22589
19732
16613
13276
9759
6117
2389
-1365
-5105
-8775
-12331
-15721
-18906
-21838
-24481
-26799
-28765
-30345
-31526
-32289
-32622
-32523
-31995
-31042
-29676
-27919
-25790
-23321
-20541
-17491
-14207
-10736
-7122
-3415
339
4086
7783
11372
14814
18058
21063
23787
26201
28261
29950
31243
32120
32570
32592
32179
31339
30087
28433
26403
24022
21327
18343
15120
11695
8117
4427
683
-3069
-6785
-10408
-13897
-17196
-20272
-23078
-25577
-27737
-29533
-30932
-31924
-32493
-32632
-32336
-31614
-30472
-28924
-26997
-24709
-22094
-19185
-16026
-12649
-9109
-5445
-1712
2045
5775
9431
12958
16316
19456
22339
24924
27183
29076
30588
31693
32379
32633
32456
31852
30820
29382
27555
25363
22833
20004
16906
13586
10084
6451
2730
-1023
-4769
-8445
-12015
-15422
-18627
-21583
-24255
-26604
-28600
-30218
-31436
-32235
-32610
-32552
-32060
-31144
-29818
-28094
-25998
-23558
-20808
-17777
-14516
-11058
-7456
-3754
-4
3748
7447
11052
14507
17772
20800
23553
25993
28089
29814
31140
32056
32549
32607
32233
31434
30217
28599
26603
24254
21582
18627
15422
12015
8446
4769
1024
-2729
-6451
-10084
-13586
-16906
-20004
-22834
-25364
-27557
-29384
-30822
-31854
-32459
-32636
-32383
-31696
-30592
-29081
-27187
-24929
-22344
-19461
-16321
-12964
-9436
-5781
-2052
1706
5439
9103
12644
16020
19180
22089
24704
26992
28920
30468
31610
32333
32629
32491
31921
30931
29531
27737
25576
23080
20271
17199
13896
10411
6785
3072
-683
-4427
-8117
-11695
-15120
-18344
-21328
-24023
-26404
-28434
-30088
-31341
-32181
-32595
-32574
-32123
-31247
-29955
-28266
-26206
-23793
-21069
-18063
-14820
-11378
-7789
-4092
-345
3409
7116
10730
14201
17486
20535
23315
25786
27914
29671
31038
31991
32520
32619
32286
31523
30343
28764
26798
24480
21838
18906
15721
12331
8775
5105
1365
-2389
-6117
-9759
-13276
-16613
-19732
-22590
-25147
-27371
-29233
-30709
-31775
-32421
-32640
-32422
-31776
-30711
-29236
-27373
-25151
-22592
-19735
-16616
-13279
-9762
-6120
-2392
1362
5102
8772
12328
15718
18903
21835
24479
26796
28762
30342
31523
32286
32619
32520
31992
31039
29673
27916
25787
23318
20538
17488
14204
10733
7119
3412
-342
-4089
-7786
-11375
-14817
-18061
-21066
-23790
-26204
-28264
-29953
-31246
-32123
-32573
-32595
-32182
-31342
-30090
-28436
-26406
-24025
-21330
-18346
-15123
-11698
-8120
-4430
-686
3066
6782
10405
13894
17193
20269
23075
25574
27734
29530
30929
31921
32490
32629
32333
31611
30469
28921
26994
24706
22091
19182
16023
12646
9106
5442
1709
-2048
-5778
-9434
-12961
-16319
-19458
-22342
-24927
-27186
-29079
-30591
-31696
-32382
-32636
-32459
-31855
-30823
-29385
-27558
-25366
-22836
-20006
-16909
-13589
-10087
-6454
-2733
1020
4766
8442
12012
15419
18624
21580
24252
26601
28597
30215
31434
32232
32607
32549
32057
31141
29815
28091
25995
23555
20805
17774
14513
11055
7453
3751
1
-3751
-7450
-11055
-14510
-17775
-20803
-23556
-25996
-28092
-29817
-31143
-32059
-32552
-32610
-32236
-31437
-30220
-28602
-26606
-24257
-21585
-18629
-15425
-12018
-8449
-4772
-1027
2726
6448
10081
13583
16903
20001
22831
25361
27554
29381
30819
31851
32456
32633
32380
31693
30589
29078
27184
24926
22341
19458
16319
12961
9434
5778
2049
-1709
-5442
-9106
-12647
-16023
-19183
-22092
-24707
-26995
-28923
-30471
-31613
-32336
-32632
-32494
-31924
-30934
-29534
-27740
-25579
-23083
-20274
-17202
-13899
-10414
-6788
-3075
680
4424
8114
11692
15117
18341
21325
24020
26401
28431
30085
31338
32178
32592
32571
32121
31244
29952
28263
26203
23790
21066
18060
14817
11375
7786
4089
342
-3412
-7119
-10733
-14204
-17489
-20538
-23318
-25789
-27917
-29674
-31041
-31994
-32523
-32622
-32289
-31526
-30345
-28767
-26801
-24483
-21841
-18909
-15724
-12334
-8778
-5108
-1368
2386
6114
9756
13273
16610
19730
22587
25144
27368
29230
30706
31772
32418
32637
32419
31773
30708
29233
27370
25148
22589
19732
16613
13276
9759
6117
2389
-1365
-5105
-8775
-12331
-15721
-18906
-21838
-24481
-26799
-28765
-30345
-31526
-32289
-32622
-32523
-31995
-31042
-29676
-27919
-25790
-23321
-20541
-17491
-14207
-10736
-7122
-3415
339
4086
7783
11372
14814
18058
21063
23787
26201
28261
29950
31243
32120
32570
32592
32179
31339
30087
28433
26403
24022
21327
18343
15120
11695
8117
4427
683
-3069
-6785
-10408
-13897
-17196
-20272
-23078
-25577
-27737
-29533
-30932
-31924
-32493
-32632
-32336
-31614
-30472
-28924
-26997
-24709
-22094
-19185
-16026
-12649
-9109
-5445
-1712
2045
5775
9431
12958
16316
19456
22339
24924
27183
29076
30588
31693
32379
32633
32456
31852
30820
29382
27555
25363
22833
20004
16906
13586
10084
6451
2730
-1023
-4769
-8445
-12015
-15422
-18627
-21583
-24255
-26604
-28600
-30218
-31436
-32235
-32610
-32552
-32060
-31144
-29818
-28094
-25998
-23558
-20808
-17777
-14516
-11058
-7456
-3754
-4
3748
7447
11052
14507
17772
20800
23553
25993
28089
29814
31140
32056
32549
32607
32233
31434
30217
28599
26603
24254
21582
18627
15422
12015
8446
4769
1024
-2729
-6451
-10084
-13586
-16906
-20004
-22834
-25364
-27557
-29384
-30822
-31854
-32459
-32636
-32383
-31696
-30592
-29081
-27187
-24929
-22344
-19461
-16321
-12964
-9436
-5781
-2052
1706
5439
9103
12644
16020
19180
22089
24704
26992
28920
30468
31610
32333
32629
32491
31921
30931
29531
27737
25576
23080
20271
17199
13896
10411
6785
3072
-683
-4427
-8117
-11695
-15120
-18344
-21328
-24023
-26404
-28434
-30088
-31341
-32181
-32595
-32574
-32123
-31247
-29955
-28266
-26206
-23793
-21069
-18063
-14820
-11378
-7789
-4092
-345
3409
7116
10730
14201
17486
20535
23315
25786
27914
29671
31038
31991
32520
32619
32286
31523
30343
28764
26798
24480
21838
18906
15721
12331
8775
5105
1365
-2389
-6117
-9759
-13276
-16613
-19732
-22590
-25147
-27371
-29233
-30709
-31775
-32421
-32640
-32422
-31776
-30711
-29236
-27373
-25151
-22592
-19735
-16616
-13279
-9762
-6120
-2392
1362
5102
8772
12328
15718
18903
21835
24479
26796
28762
30342
31523
32286
32619
32520
31992
31039
29673
27916
25787
23318
20538
17488
14204
10733
7119
3412
-342
-4089
-7786
-11375
-14817
-18061
-21066
-23790
-26204
-28264
-29953
-31246
-32123
-32573
-32595
-32182
-31342
-30090
-28436
-26406
-24025
-21330
-18346
-15123
-11698
-8120
-4430
-686
3066
6782
10405
13894
17193
20269
23075
25574
27734
29530
30929
31921
32490
32629
32333
31611
30469
28921
26994
24706
22091
19182
16023
12646
9106
5442
1709
-2048
-5778
-9434
-12961
-16319
-19458
-22342
-24927
-27186
-29079
-30591
-31696
-32382
-32636
-32459
-31855
-30823
-29385
-27558
-25366
-22836
-20006
-16909
-13589
-10087
-6454
-2733
1020
4766
8442
12012
15419
18624
21580
24252
26601
28597
30215
31434
32232
32607
32549
32057
31141
29815
28091
25995
23555
20805
17774
14513
11055
7453
3751
1
-3751
-7450
-11055
-14510
-17775
-20803
-23556
-25996
-28092
-29817
-31143
-32059
-32552
-32610
-32236
-31437
-30220
-28602
-26606
-24257
-21585
-18629
-15425
-12018
-8449
-4772
-1027
2726
6448
10081
13583
16903
20001
22831
25361
27554
29381
30819
31851
32456
32633
32380
31693
30589
29078
27184
24926
22341
19458
16319
12961
9434
5778
2049
-1709
-5442
-9106
-12647
-16023
-19183
-22092
-24707
-26995
-28923
-30471
-31613
-32336
-32632
-32494
-31924
-30934
-29534
-27740
-25579
-23083
-20274
-17202
-13899
-10414
-6788
-3075
680
4424
8114
11692
15117
18341
21325
24020
26401
28431
30085
31338
32178
32592
32571
32121
31244
29952
28263
26203
23790
21066
18060
14817
11375
7786
4089
342
-3412
-7119
-10733
-14204
-17489
-20538
-23318
-25789
-27917
-29674
-31041
-31994
-32523
-32622
-32289
-31526
-30345
-28767
-26801
-24483
-21841
-18909
-15724
-12334
-8778
-5108
-1368
2386
6114
9756
13273
16610
19730
22587
25144
27368
29230
30706
31772
32418
32637
32419
31773
30708
29233
27370
25148
22589
19732
16613
13276
9759
6117
2389
-1365
-5105
-8775
-12331
-15721
-18906
-21838
-24481
-26799
-28765
-30345
-31526
-32289
-32622
-32523
-31995
-31042
-29676
-27919
-25790
-23321
-20541
-17491
-14207
-10736
-7122
-3415
339
4086
7783
11372
14814
18058
21063
23787
26201
28261
29950
31243
32120
32570
32592
32179
31339
30087
28433
26403
24022
21327
18343
15120
11695
8117
4427
683
-3069
-6785
-10408
-13897
-17196
-20272
-23078
-25577
-27737
-29533
-30932
-31924
-32493
-32632
-32336
-31614
-30472
-28924
-26997
-24709
-22094
-19185
-16026
-12649
-9109
-5445
-1712
2045
5775
9431
12958
16316
19456
22339
24924
27183
29076
30588
31693
32379
32633
32456
31852
30820
29382
27555
25363
22833
20004
16906
13586
10084
6451
2730
-1023
-4769
-8445
-12015
-15422
-18627
-21583
-24255
-26604
-28600
-30218
-31436
-32235
-32610
-32552
-32060
-31144
-29818
-28094
-25998
-23558
-20808
-17777
-14516
-11058
-7456
-3754
-4
3748
7447
11052
14507
17772
20800
23553
25993
28089
29814
31140
32056
32549
32607
32233
31434
30217
28599
26603
24254
21582
18627
15422
12015
8446
4769
1024
-2729
-6451
-10084
-13586
-16906
-20004
-22834
-25364
-27557
-29384
-30822
-31854
-32459
-32636
-32383
-31696
-30592
-29081
-27187
-24929
-22344
-19461
-16321
-12964
-9436
-5781
-2052
1706
5439
9103
12644
16020
19180
22089
24704
26992
28920
30468
31610
32333
32629
32491
31921
30931
29531
27737
25576
23080
20271
17199
13896
10411
6785
3072
-683
-4427
-8117
-11695
-15120
-18344
-21328
-24023
-26404
-28434
-30088
-31341
-32181
-32595
-32574
-32123
-31247
-29955
-28266
-26206
-23793
-21069
-18063
-14820
-11378
-7789
-4092
-345
3409
7116
10730
14201
17486
20535
23315
25786
27914
29671
31038
31991
32520
32619
32286
31523
30343
28764
26798
24480
21838
18906
15721
12331
8775
5105
1365
-2389
-6117
-9759
-13276
-16613
-19732
-22590
-25147
-27371
-29233
-30709
-31775
-32421
-32640
-32422
-31776
-30711
-29236
-27373
-25151
-22592
-19735
-16616
-13279
-9762
-6120
-2392
1362
5102
8772
12328
15718
18903
21835
24479
26796
28762
30342
31523
32286
32619
32520
31992
31039
29673
27916
25787
23318
20538
17488
14204
10733
7119
3412
-342
-4089
-7786
-11375
-14817
-18061
-21066
-23790
-26204
-28264
-29953
-31246
-32123
-32573
-32595
-32182
-31342
-30090
-28436
-26406
-24025
-21330
-18346
-15123
-11698
-8120
-4430
-686
3066
6782
10405
13894
17193
20269
23075
25574
27734
29530
30929
31921
32490
32629
32333
31611
30469
28921
26994
24706
22091
19182
16023
12646
9106
5442
1709
-2048
-5778
-9434
-12961
-16319
-19458
-22342
-24927
-27186
-29079
-30591
-31696
-32382
-32636
-32459
-31855
-30823
-29385
-27558
-25366
-22836
-20006
-16909
-13589
-10087
-6454
-2733
1020
4766
8442
12012
15419
18624
21580
24252
26601
28597
30215
31434
32232
32607
32549
32057
31141
29815
28091
25995
23555
20805
17774
14513
11055
7453
3751
1
-3751
-7450
-11055
-14510
-17775
-20803
-23556
-25996
-28092
-29817
-31143
-32059
-32552
-32610
-32236
-31437
-30220
-28602
-26606
-24257
-21585
-18629
-15425
-12018
-8449
-4772
-1027
2726
6448
10081
13583
16903
20001
22831
25361
27554
29381
30819
31851
32456
32633
32380
31693
30589
29078
27184
24926
22341
19458
16319
12961
9434
5778
2049
-1709
-5442
-9106
-12647
-16023
-19183
-22092
-24707
-26995
-28923
-30471
-31613
-32336
-32632
-32494
-31924
-30934
-29534
-27740
-25579
-23083
-20274
-17202
-13899
-10414
-6788
-3075
680
4424
8114
11692
15117
18341
21325
24020
26401
28431
30085
31338
32178
32592
32571
32121
31244
29952
28263
26203
23790
21066
18060
14817
11375
7786
4089
342
-3412
-7119
-10733
-14204
-17489
-20538
-23318
-25789
-27917
-29674
-31041
-31994
-32523
-32622
-32289
-31526
-30345
-28767
-26801
-24483
-21841
-18909
-15724
-12334
-8778
-5108
-1368
2386
6114
9756
13273
16610
19730
22587
25144
27368
29230
30706
31772
32418
32637
32419
31773
30708
29233
27370
25148
22589
19732
16613
13276
9759
6117
2389
-1365
-5105
-8775
-12331
-15721
-18906
-21838
-24481
-26799
-28765
-30345
-31526
-32289
-32622
-32523
-31995
-31042
-29676
-27919
-25790
-23321
-20541
-17491
-14207
-10736
-7122
-3415
339
4086
7783
11372
14814
18058
21063
23787
26201
28261
29950
31243
32120
32570
32592
32179
31339
30087
28433
26403
24022
21327
18343
15120
11695
8117
4427
683
-3069
-6785
-10408
-13897
-17196
-20272
-23078
-25577
-27737
-29533
-30932
-31924
-32493
-32632
-32336
-31614
-30472
-28924
-26997
-24709
-22094
-19185
-16026
-12649
-9109
-5445
-1712
2045
5775
9431
12958
16316
19456
22339
24924
27183
29076
30588
31693
32379
32633
32456
31852
30820
29382
27555
25363
22833
20004
16906
13586
10084
6451
2730
-1023
-4769
-8445
-12015
-15422
-18627
-21583
-24255
-26604
-28600
-30218
-31436
-32235
-32610
-32552
-32060
-31144
-29818
-28094
-25998
-23558
-20808
-17777
-14516
-11058
-7456
-3754
-4
3748
7447
11052
14507
17772
20800
23553
25993
28089
29814
31140
32056
32549
32607
32233
31434
30217
28599
26603
24254
21582
18627
15422
12015
8446
4769
1024
-2729
-6451
-10084
-13586
-16906
-20004
-22834
-25364
-27557
-29384
-30822
-31854
-32459
-32636
-32383
-31696
-30592
-29081
-27187
-24929
-22344
-19461
-16321
-12964
-9436
-5781
-2052
1706
5439
9103
12644
16020
19180
22089
24704
26992
28920
30468
31610
32333
32629
32491
31921
30931
29531
27737
25576
23080
20271
17199
13896
10411
6785
3072
-683
-4427
-8117
-11695
-15120
-18344
-21328
-24023
-26404
-28434
-30088
-31341
-32181
-32595
-32574
-32123
-31247
-29955
-28266
-26206
-23793
-21069
-18063
-14820
-11378
-7789
-4092
-345
3409
7116
10730
14201
17486
20535
23315
25786
27914
29671
31038
31991
32520
32619
32286
31523
30343
28764
26798
24480
21838
18906
15721
12331
8775
5105
1365
-2389
-6117
-9759
-13276
-16613
-19732
-22590
-25147
-27371
-29233
-30709
-31775
-32421
-32640
-32422
-31776
-30711
-29236
-27373
-25151
-22592
-19735
-16616
-13279
-9762
-6120
-2392
1362
5102
8772
12328
15718
18903
21835
24479
26796
28762
30342
31523
32286
32619
32520
31992
31039
29673
27916
25787
23318
20538
17488
14204
10733
7119
3412
-342
-4089
-7786
-11375
-14817
-18061
-21066
-23790
-26204
-28264
-29953
-31246
-32123
-32573
-32595
-32182
-31342
-30090
-28436
-26406
-24025
-21330
-18346
-15123
-11698
-8120
-4430
-686
3066
6782
10405
13894
17193
20269
23075
25574
27734
29530
30929
31921
32490
32629
32333
31611
30469
28921
26994
24706
22091
19182
16023
12646
9106
5442
1709
-2048
-5778
-9434
-12961
-16319
-19458
-22342
-24927
-27186
-29079
-30591
-31696
-32382
-32636
-32459
-31855
-30823
-29385
-27558
-25366
-22836
-20006
-16909
-13589
-10087
-6454
-2733
1020
4766
8442
12012
15419
18624
21580
24252
26601
28597
30215
31434
32232
32607
32549
32057
31141
29815
28091
25995
23555
20805
17774
14513
11055
7453
3751
1
-3751
-7450
-11055
-14510
-17775
-20803
-23556
-25996
-28092
-29817
-31143
-32059
-32552
-32610
-32236
-31437
-30220
-28602
-26606
-24257
-21585
-18629
-15425
-12018
-8449
-4772
-1027
2726
6448
10081
13583
16903
20001
22831
25361
27554
29381
30819
31851
32456
32633
32380
31693
30589
29078
27184
24926
22341
19458
16319
12961
9434
5778
2049
-1709
-5442
-9106
-12647
-16023
-19183
-22092
-24707
-26995
-28923
-30471
-31613
-32336
-32632
-32494
-31924
-30934
-29534
-27740
-25579
-23083
-20274
-17202
-13899
-10414
-6788
-3075
680
4424
8114
11692
15117
18341
21325
24020
26401
28431
30085
31338
32178
32592
32571
32121
31244
29952
28263
26203
23790
21066
18060
14817
11375
7786
4089
342
-3412
-7119
-10733
-14204
-17489
-20538
-23318
-25789
-27917
-29674
-31041
-31994
-32523
-32622
-32289
-31526
-30345
-28767
-26801
-24483
-21841
-18909
-15724
-12334
-8778
-5108
-1368
2386
6114
9756
13273
16610
19730
22587
25144
27368
29230
30706
31772
32418
32637
32419
31773
30708
29233
27370
25148
22589
19732
16613
13276
9759
6117
2389
-1365
-5105
-8775
-12331
-15721
-18906
-21838
-24481
-26799
-28765
-30345
-31526
-32289
-32622
-32523
-31995
-31042
-29676
-27919
-25790
-23321
-20541
-17491
-14207
-10736
-7122
-3415
339
4086
7783
11372
14814
18058
21063
23787
26201
28261
29950
31243
32120
32570
32592
32179
31339
30087
28433
26403
24022
21327
18343
15120
11695
8117
4427
683
-3069
-6785
-10408
-13897
-17196
-20272
-23078
-25577
-27737
-29533
-30932
-31924
-32493
-32632
-32336
-31614
-30472
-28924
-26997
-24709
-22094
-19185
-16026
-12649
-9109
-5445
-1712
2045
5775
9431
12958
16316
19456
22339
24924
27183
29076
30588
31693
32379
32633
32456
31852
30820
29382
27555
25363
22833
20004
16906
13586
10084
6451
2730
-1023
-4769
-8445
-12015
-15422
-18627
-21583
-24255
-26604
-28600
-30218
-31436
-32235
-32610
-32552
-32060
-31144
-29818
-28094
-25998
-23558
-20808
-17777
-14516
-11058
-7456
-3754
-4
3748
7447
11052
14507
17772
20800
23553
25993
28089
29814
31140
32056
32549
32607
32233
31434
30217
28599
26603
24254
21582
18627
15422
12015
8446
4769
1024
-2729
-6451
-10084
-13586
-16906
-20004
-22834
-25364
-27557
-29384
-30822
-31854
-32459
-32636
-32383
-31696
-30592
-29081
-27187
-24929
-22344
-19461
-16321
-12964
-9436
-5781
-2052
1706
5439
9103
12644
16020
19180
22089
24704
26992
28920
30468
31610
32333
32629
32491
31921
30931
29531
27737
25576
23080
20271
17199
13896
10411
6785
3072
-683
-4427
-8117
-11695
-15120
-18344
-21328
-24023
-26404
-28434
-30088
-31341
-32181
-32595
-32574
-32123
-31247
-29955
-28266
-26206
-23793
-21069
-18063
-14820
-11378
-7789
-4092
-345
3409
7116
10730
14201
17486
20535
23315
25786
27914
29671
31038
31991
32520
32619
32286
31523
30343
28764
26798
24480
21838
18906
15721
12331
8775
5105
1365
-2389
-6117
-9759
-13276
-16613
-19732
-22590
-25147
-27371
-29233
-30709
-31775
-32421
-32640
-32422
-31776
-30711
-29236
-27373
-25151
-22592
-19735
-16616
-13279
-9762
-6120
-2392
1362
5102
8772
12328
15718
18903
21835
24479
26796
28762
30342
31523
32286
32619
32520
31992
31039
29673
27916
25787
23318
20538
17488
14204
10733
7119
3412
-342
-4089
-7786
-11375
-14817
-18061
-21066
-23790
-26204
-28264
-29953
-31246
-32123
-32573
-32595
-32182
-31342
-30090
-28436
-26406
-24025
-21330
-18346
-15123
-11698
-8120
-4430
-686
3066
6782
10405
13894
17193
20269
23075
25574
27734
29530
30929
31921
32490
32629
32333
31611
30469
28921
26994
24706
22091
19182
16023
12646
9106
5442
1709
-2048
-5778
-9434
-12961
-16319
-19458
-22342
-24927
-27186
-29079
-30591
-31696
-32382
-32636
-32459
-31855
-30823
-29385
-27558
-25366
-22836
-20006
-16909
-13589
-10087
-6454
-2733
1020
4766
8442
12012
15419
18624
21580
24252
26601
28597
30215
31434
32232
32607
32549
32057
31141
29815
28091
25995
23555
20805
17774
14513
11055
7453
3751
1
-3751
-7450
-11055
-14510
-17775
-20803
-23556
-25996
-28092
-29817
-31143
-32059
-32552
-32610
-32236
-31437
-30220
-28602
-26606
-24257
-21585
-18629
-15425
-12018
-8449
-4772
-1027
2726
6448
10081
13583
16903
20001
22831
25361
27554
29381
30819
31851
32456
32633
32380
31693
30589
29078
27184
24926
22341
19458
16319
12961
9434
5778
2049
-1709
-5442
-9106
-12647
-16023
-19183
-22092
-24707
-26995
-28923
-30471
-31613
-32336
-32632
-32494
-31924
-30934
-29534
-27740
-25579
-23083
-20274
-17202
-13899
-10414
-6788
-3075
680
4424
8114
11692
15117
18341
21325
24020
26401
28431
30085
31338
32178
32592
32571
32121
31244
29952
28263
26203
23790
21066
18060
14817
11375
7786
4089
342
-3412
-7119
-10733
-14204
-17489
-20538
-23318
-25789
-27917
-29674
-31041
-31994
-32523
-32622
-32289
-31526
-30345
-28767
-26801
-24483
-21841
-18909
-15724
-12334
-8778
-5108
-1368
2386
6114
9756
13273
16610
19730
22587
25144
27368
29230
30706
31772
32418
32637
32419
31773
30708
29233
27370
25148
22589
19732
16613
13276
9759
6117
2389
-1365
-5105
-8775
-12331
-15721
-18906
-21838
-24481
-26799
-28765
-30345
-31526
-32289
-32622
-32523
-31995
-31042
-29676
-27919
-25790
-23321
-20541
-17491
-14207
-10736
-7122
-3415
339
4086
7783
11372
14814
18058
21063
23787
26201
28261
29950
31243
32120
32570
32592
32179
31339
30087
28433
26403
24022
21327
18343
15120
11695
8117
4427
683
-3069
-6785
-10408
-13897
-17196
-20272
-23078
-25577
-27737
-29533
-30932
-31924
-32493
-32632
-32336
-31614
-30472
-28924
-26997
-24709
-22094
-19185
-16026
-12649
-9109
-5445
-1712
2045
5775
9431
12958
16316
19456
22339
24924
27183
29076
30588
31693
32379
32633
32456
31852
30820
29382
27555
25363
22833
20004
16906
13586
10084
6451
2730
-1023
-4769
-8445
-12015
-15422
-18627
-21583
-24255
-26604
-28600
-30218
-31436
-32235
-32610
-32552
-32060
-31144
-29818
-28094
-25998
-23558
-20808
-17777
-14516
-11058
-7456
-3754
-4
3748
7447
11052
14507
17772
20800
23553
25993
28089
29814
31140
32056
32549
32607
32233
31434
30217
28599
26603
24254
21582
18627
15422
12015
8446
4769
1024
-2729
-6451
-10084
-13586
-16906
-20004
-22834
-25364
-27557
-29384
-30822
-31854
-32459
-32636
-32383
-31696
-30592
-29081
-27187
-24929
-22344
-19461
-16321
-12964
-9436
-5781
-2052
1706
5439
9103
12644
16020
19180
22089
24704
26992
28920
30468
31610
32333
32629
32491
31921
30931
29531
27737
25576
23080
20271
17199
13896
10411
6785
3072
-683
-4427
-8117
-11695
-15120
-18344
-21328
-24023
-26404
-28434
-30088
-31341
-32181
-32595
-32574
-32123
-31247
-29955
-28266
-26206
-23793
-21069
-18063
-14820
-11378
-7789
-4092
-345
3409
7116
10730
14201
17486
20535
23315
25786
27914
29671
31038
31991
32520
32619
32286
31523
30343
28764
26798
24480
21838
18906
15721
12331
8775
5105
1365
-2389
-6117
-9759
-13276
-16613
-19732
-22590
-25147
-27371
-29233
-30709
-31775
-32421
-32640
-32422
-31776
-30711
-29236
-27373
-25151
-22592
-19735
-16616
-13279
-9762
-6120
-2392
1362
5102
8772
12328
15718
18903
21835
24479
26796
28762
30342
31523
32286
32619
32520
31992
31039
29673
27916
25787
23318
20538
17488
14204
10733
7119
3412
-342
-4089
-7786
-11375
-14817
-18061
-21066
-23790
-26204
-28264
-29953
-31246
-32123
-32573
-32595
-32182
-31342
-30090
-28436
-26406
-24025
-21330
-18346
-15123
-11698
-8120
-4430
-686
3066
6782
10405
13894
17193
20269
23075
25574
27734
29530
30929
31921
32490
32629
32333
31611
30469
28921
26994
24706
22091
19182
16023
12646
9106
5442
1709
-2048
-5778
-9434
-12961
-16319
-19458
-22342
-24927
-27186
-29079
-30591
-31696
-32382
-32636
-32459
-31855
-30823
-29385
-27558
-25366
-22836
-20006
-16909
-13589
-10087
-6454
-2733
1020
4766
8442
12012
15419
18624
21580
24252
26601
28597
30215
31434
32232
32607
32549
32057
31141
29815
28091
25995
23555
20805
17774
14513
11055
7453
3751
1
-3751
-7450
-11055
-14510
-17775
-20803
-23556
-25996
-28092
-29817
-31143
-32059
-32552
-32610
-32236
-31437
-30220
-28602
-26606
-24257
-21585
-18629
-15425
-12018
-8449
-4772
-1027
2726
6448
10081
13583
16903
20001
22831
25361
27554
29381
30819
31851
32456
32633
32380
31693
30589
29078
27184
24926
22341
19458
16319
12961
9434
5778
2049
-1709
-5442
-9106
-12647
-16023
-19183
-22092
-24707
-26995
-28923
-30471
-31613
-32336
-32632
-32494
-31924
-30934
-29534
-27740
-25579
-23083
-20274
-17202
-13899
-10414
-6788
-3075
680
4424
8114
11692
15117
18341
21325
24020
26401
28431
30085
31338
32178
32592
32571
32121
31244
29952
28263
26203
23790
21066
18060
14817
11375
7786
4089
342
-3412
-7119
-10733
-14204
-17489
-20538
-23318
-25789
-27917
-29674
-31041
-31994
-32523
-32622
-32289
-31526
-30345
-28767
-26801
-24483
-21841
-18909
-15724
-12334
-8778
-5108
-1368
2386
6114
9756
13273
16610
19730
22587
25144
27368
29230
30706
31772
32418
32637
32419
31773
30708
29233
27370
25148
22589
19732
16613
13276
9759
6117
2389
-1365
-5105
-8775
-12331
-15721
-18906
-21838
-24481
-26799
-28765
-30345
-31526
-32289
-32622
-32523
-31995
-31042
-29676
-27919
-25790
-23321
-20541
-17491
-14207
-10736
-7122
-3415
339
4086
7783
11372
14814
18058
21063
23787
26201
28261
29950
31243
32120
32570
32592
32179
31339
30087
28433
26403
24022
21327
18343
15120
11695
8117
4427
683
-3069
-6785
-10408
-13897
-17196
-20272
-23078
-25577
-27737
-29533
-30932
-31924
-32493
-32632
-32336
-31614
-30472
-28924
-26997
-24709
-22094
-19185
-16026
-12649
-9109
-5445
-1712
2045
5775
9431
12958
16316
19456
22339
24924
27183
29076
30588
31693
32379
32633
32456
31852
30820
29382
27555
25363
22833
20004
16906
13586
10084
6451
2730
-1023
-4769
-8445
-12015
-15422
-18627
-21583
-24255
-26604
-28600
-30218
-31436
-32235
-32610
-32552
-32060
-31144
-29818
-28094
-25998
-23558
-20808
-17777
-14516
-11058
-7456
-3754
-4
3748
7447
11052
14507
17772
20800
23553
25993
28089
29814
31140
32056
32549
32607
32233
31434
30217
28599
26603
24254
21582
18627
15422
12015
8446
4769
1024
-2729
-6451
-10084
-13586
-16906
-20004
-22834
-25364
-27557
-29384
-30822
-31854
-32459
-32636
-32383
-31696
-30592
-29081
-27187
-24929
-22344
-19461
-16321
-12964
-9436
-5781
-2052
1706
5439
9103
12644
16020
19180
22089
24704
26992
28920
30468
31610
32333
32629
32491
31921
30931
29531
27737
25576
23080
20271
17199
13896
10411
6785
3072
-683
-4427
-8117
-11695
-15120
-18344
-21328
-24023
-26404
-28434
-30088
-31341
-32181
-32595
-32574
-32123
-31247
-29955
-28266
-26206
-23793
-21069
-18063
-14820
-11378
-7789
-4092
-345
3409
7116
10730
14201
17486
20535
23315
25786
27914
29671
31038
31991
32520
32619
32286
31523
30343
28764
26798
24480
21838
18906
15721
12331
8775
5105
1365
-2389
-6117
-9759
-13276
-16613
-19732
-22590
-25147
-27371
-29233
-30709
-31775
-32421
-32640
-32422
-31776
-30711
-29236
-27373
-25151
-22592
-19735
-16616
-13279
-9762
-6120
-2392
1362
5102
8772
12328
15718
18903
21835
24479
26796
28762
30342
31523
32286
32619
32520
31992
31039
29673
27916
25787
23318
20538
17488
14204
10733
7119
3412
-342
-4089
-7786
-11375
-14817
-18061
-21066
-23790
-26204
-28264
-29953
-31246
-32123
-32573
-32595
-32182
-31342
-30090
-28436
-26406
-24025
-21330
-18346
-15123
-11698
-8120
-4430
-686
3066
6782
10405
13894
17193
20269
23075
25574
27734
29530
30929
31921
32490
32629
32333
31611
30469
28921
26994
24706
22091
19182
16023
12646
9106
5442
1709
-2048
-5778
-9434
-12961
-16319
-19458
-22342
-24927
-27186
-29079
-30591
-31696
-32382
-32636
-32459
-31855
-30823
-29385
-27558
-25366
-22836
-20006
-16909
-13589
-10087
-6454
-2733
1020
4766
8442
12012
15419
18624
21580
24252
26601
28597
30215
31434
32232
32607
32549
32057
31141
29815
28091
25995
23555
20805
17774
14513
11055
7453
3751
1
-3751
-7450
-11055
-14510
-17775
-20803
-23556
-25996
-28092
-29817
-31143
-32059
-32552
-32610
-32236
-31437
-30220
-28602
-26606
-24257
-21585
-18629
-15425
-12018
-8449
-4772
-1027
2726
6448
10081
13583
16903
20001
22831
25361
27554
29381
30819
31851
32456
32633
32380
31693
30589
29078
27184
24926
22341
19458
16319
12961
9434
5778
2049
-1709
-5442
-9106
-12647
-16023
-19183
-22092
-24707
-26995
-28923
-30471
-31613
-32336
-32632
-32494
-31924
-30934
-29534
-27740
-25579
-23083
-20274
-17202
-13899
-10414
-6788
-3075
680
4424
8114
11692
15117
18341
21325
24020
26401
28431
30085
31338
32178
32592
32571
32121
31244
29952
28263
26203
23790
21066
18060
14817
11375
7786
4089
342
-3412
-7119
-10733
-14204
-17489
-20538
-23318
-25789
-27917
-29674
-31041
-31994
-32523
-32622
-32289
-31526
-30345
-28767
-26801
-24483
-21841
-18909
-15724
-12334
-8778
-5108
-1368
2386
6114
9756
13273
16610
19730
22587
25144
27368
29230
30706
31772
32418
32637
32419
31773
30708
29233
27370
25148
22589
19732
16613
13276
9759
6117
2389
-1365
-5105
-8775
-12331
-15721
-18906
-21838
-24481
-26799
-28765
-30345
-31526
-32289
-32622
-32523
-31995
-31042
-29676
-27919
-25790
-23321
-20541
-17491
-14207
-10736
-7122
-3415
339
4086
7783
11372
14814
18058
21063
23787
26201
28261
29950
31243
32120
32570
32592
32179
31339
30087
28433
26403
24022
21327
18343
15120
11695
8117
4427
683
-3069
-6785
-10408
-13897
-17196
-20272
-23078
-25577
-27737
-29533
-30932
-31924
-32493
-32632
-32336
-31614
-30472
-28924
-26997
-24709
-22094
-19185
-16026
-12649
-9109
-5445
-1712
2045
5775
9431
12958
16316
19456
22339
24924
27183
29076
30588
31693
32379
32633
32456
31852
30820
29382
27555
25363
22833
20004
16906
13586
10084
6451
2730
-1023
-4769
-8445
-12015
-15422
-18627
-21583
-24255
-26604
-28600
-30218
-31436
-32235
-32610
-32552
-32060
-31144
-29818
-28094
-25998
-23558
-20808
-17777
-14516
-11058
-7456
-3754
-4
3748
7447
11052
14507
17772
20800
23553
25993
28089
29814
31140
32056
32549
32607
32233
31434
30217
28599
26603
24254
21582
18627
15422
12015
8446
4769
1024
-2729
-6451
-10084
-13586
-16906
-20004
-22834
-25364
-27557
-29384
-30822
-31854
-32459
-32636
-32383
-31696
-30592
-29081
-27187
-24929
-22344
-19461
-16321
-12964
-9436
-5781
-2052
1706
5439
9103
12644
16020
19180
22089
24704
26992
28920
30468
31610
32333
32629
32491
31921
30931
29531
27737
25576
23080
20271
17199
13896
10411
6785
3072
-683
-4427
-8117
-11695
-15120
-18344
-21328
-24023
-26404
-28434
-30088
-31341
-32181
-32595
-32574
-32123
-31247
-29955
-28266
-26206
-23793
-21069
-18063
-14820
-11378
-7789
-4092
-345
3409
7116
10730
14201
17486
20535
23315
25786
27914
29671
31038
31991
32520
32619
32286
31523
30343
28764
26798
24480
21838
18906
15721
12331
8775
5105
1365
-2389
-6117
-9759
-13276
-16613
-19732
-22590
-25147
-27371
-29233
-30709
-31775
-32421
-32640
-32422
-31776
-30711
-29236
-27373
-25151
-22592
-19735
-16616
-13279
-9762
-6120
-2392
1362
5102
8772
12328
15718
18903
21835
24479
26796
28762
30342
31523
32286
32619
32520
31992
31039
29673
27916
25787
23318
20538
17488
14204
10733
7119
3412
-342
-4089
-7786
-11375
-14817
-18061
-21066
-23790
-26204
-28264
-29953
-31246
-32123
-32573
-32595
-32182
-31342
-30090
-28436
-26406
-24025
-21330
-18346
-15123
-11698
-8120
-4430
-686
3066
6782
10405
13894
17193
20269
23075
25574
27734
29530
30929
31921
32490
32629
32333
31611
30469
28921
26994
24706
22091
19182
16023
12646
9106
5442
1709
-2048
-5778
-9434
-12961
-16319
-19458
-22342
-24927
-27186
-29079
-30591
-31696
-32382
-32636
-32459
-31855
-30823
-29385
-27558
-25366
-22836
-20006
-16909
-13589
-10087
-6454
-2733
1020
4766
8442
12012
15419
18624
21580
24252
26601
28597
30215
31434
32232
32607
32549
32057
31141
29815
28091
25997
23555
20805
17774
14513
11055
7453
3751
1
-3751
-7450
-11055
-14510
-17775
-20803
-23556
-25996
-28092
-29817
-31143
-32059
-32552
-32610
-32236
-31437
-30220
-28602
-26606
-24257
-21585
-18629
-15425
-12018
-8449
-4772
-1027
2726
6448
10081
13583
16903
20001
22831
25361
27554
29381
30819
31851
32456
32633
32380
31693
30589
29078
27184
24926
22341
19458
16319
12961
9434
5778
2049
-1709
-5442
-9106
-12647
-16023
-19183
-22092
-24707
-26995
-28923
-30471
-31613
-32335
-32632
-32494
-31924
-30934
-29534
-27740
-25579
-23083
-20274
-17202
-13899
-10414
-6788
-3075
680
4424
8114
11692
15117
18341
21325
24020
26401
28431
30085
31338
32178
32592
32571
32121
31244
29952
28263
26203
23790
21066
18060
14817
11375
7786
4089
342
-3412
-7119
-10733
-14204
-17489
-20538
-23318
-25789
-27917
-29674
-31041
-31994
-32523
-32622
-32289
-31526
-30345
-28767
-26801
-24483
-21841
-18909
-15724
-12334
-8778
-5108
-1368
2386
6114
9756
13273
16610
19727
22587
25144
27368
29230
30706
31772
32418
32637
32419
31773
30708
29233
27370
25148
22589
19732
16613
13276
9759
6117
2389
-1365
-5105
-8775
-12331
-15721
-18906
-21838
-24481
-26799
-28765
-30345
-31526
-32289
-32622
-32523
-31995
-31042
-29676
-27919
-25790
-23321
-20541
-17491
-14207
-10736
-7122
-3415
339
4086
7783
11372
14814
18058
21063
23787
26201
28261
29950
31243
32120
32570
32592
32179
31339
30087
28433
26403
24022
21327
18343
15120
11695
8117
4430
683
-3069
-6785
-10408
-13897
-17196
-20272
-23078
-25577
-27737
-29533
-30932
-31924
-32493
-32632
-32336
-31614
-30472
-28924
-26997
-24709
-22094
-19185
-16026
-12649
-9109
-5445
-1712
2045
5775
9431
12958
16316
19456
22339
24924
27183
29076
30588
31693
32379
32633
32456
31852
30820
29382
27555
25363
22833
20004
16906
13586
10084
6451
2730
-1023
-4769
-8445
-12015
-15422
-18627
-21583
-24255
-26604
-28600
-30218
-31436
-32235
-32610
-32552
-32060
-31144
-29818
-28094
-26000
-23558
-20808
-17777
-14516
-11058
-7456
-3754
-4
3748
7447
11052
14507
17772
20800
23553
25993
28089
29814
31140
32056
32549
32607
32233
31434
30217
28599
26603
24254
21582
18627
15422
12015
8446
4769
1024
-2729
-6451
-10084
-13586
-16906
-20004
-22834
-25364
-27557
-29384
-30822
-31854
-32459
-32636
-32383
-31696
-30592
-29081
-27187
-24929
-22344
-19461
-16321
-12964
-9436
-5781
-2052
1706
5439
9103
12644
16020
19180
22089
24704
26992
28920
30468
31610
32332
32629
32491
31921
30931
29531
27737
25576
23080
20271
17199
13896
10411
6785
3072
-683
-4427
-8117
-11695
-15120
-18344
-21328
-24023
-26404
-28434
-30088
-31341
-32181
-32595
-32574
-32123
-31247
-29955
-28266
-26206
-23793
-21069
-18063
-14820
-11378
-7789
-4092
-345
3409
7116
10730
14201
17486
20535
23315
25786
27914
29671
31038
31991
32520
32619
32286
31523
30343
28764
26798
24480
21838
18906
15721
12331
8775
5105
1365
-2389
-6117
-9759
-13276
-16613
-19730
-22590
-25147
-27371
-29233
-30709
-31775
-32421
-32640
-32422
-31776
-30711
-29236
-27373
-25151
-22592
-19735
-16616
-13279
-9762
-6120
-2392
1362
5102
8772
12328
15718
18903
21835
24479
26796
28762
30342
31523
32286
32619
32520
31992
31039
29673
27916
25787
23318
20538
17488
14204
10733
7119
3412
-342
-4089
-7786
-11375
-14817
-18061
-21066
-23790
-26204
-28264
-29953
-31246
-32123
-32573
-32595
-32182
-31342
-30090
-28436
-26406
-24025
-21330
-18346
-15123
-11698
-8120
-4433
-686
3066
6782
10405
13894
17193
20269
23075
25574
27734
29530
30929
31921
32490
32629
32333
31611
30469
28921
26994
24706
22091
19182
16023
12646
9106
5442
1709
-2048
-5778
-9434
-12961
-16319
-19458
-22342
-24927
-27186
-29079
-30591
-31696
-32382
-32636
-32459
-31855
-30823
-29385
-27558
-25366
-22836
-20006
-16909
-13589
-10087
-6454
-2733
1020
4766
8442
12012
15419
18624
21580
24252
26601
28597
30215
31434
32232
32607
32549
32057
31141
29815
28091
25997
23555
20805
17774
14513
11055
7453
3751
1
-3751
-7450
-11055
-14510
-17775
-20803
-23556
-25996
-28092
-29817
-31143
-32059
-32552
-32610
-32236
-31437
-30220
-28602
-26606
-24257
-21585
-18629
-15425
-12018
-8449
-4772
-1027
2726
6448
10081
13583
16903
20001
22831
25361
27554
29381
30819
31851
32456
32633
32380
31693
30589
29078
27184
24926
22341
19458
16319
12961
9434
5778
2049
-1709
-5442
-9106
-12647
-16023
-19183
-22092
-24707
-26995
-28923
-30471
-31613
-32335
-32632
-32494
-31924
-30934
-29534
-27740
-25579
-23083
-20274
-17202
-13899
-10414
-6788
-3075
680
4424
8114
11692
15117
18341
21325
24020
26401
28431
30085
31338
32178
32592
32571
32121
31244
29952
28263
26203
23790
21066
18060
14817
11375
7786
4089
342
-3412
-7119
-10733
-14204
-17489
-20538
-23318
-25789
-27917
-29674
-31041
-31994
-32523
-32622
-32289
-31526
-30345
-28767
-26801
-24483
-21841
-18909
-15724
-12334
-8778
-5108
-1368
2386
6114
9756
13273
16610
19727
22587
25144
27368
29230
30706
31772
32418
32637
32419
31773
30708
29233
27370
25148
22589
19732
16613
13276
9759
6117
2389
-1365
-5105
-8775
-12331
-15721
-18906
-21838
-24481
-26799
-28765
-30345
-31526
-32289
-32622
-32523
-31995
-31042
-29676
-27919
-25790
-23321
-20541
-17491
-14207
-10736
-7122
-3415
339
4086
7783
11372
14814
18058
21063
23787
26201
28261
29950
31243
32120
32570
32592
32179
31339
30087
28433
26403
24022
21327
18343
15120
11695
8117
4430
683
-3069
-6785
-10408
-13897
-17196
-20272
-23078
-25577
-27737
-29533
-30932
-31924
-32493
-32632
-32336
-31614
-30472
-28924
-26997
-24709
-22094
-19185
-16026
-12649
-9109
-5445
-1712
2045
5775
9431
12958
16316
19456
22339
24924
27183
29076
30588
31693
32379
32633
32456
31852
30820
29382
27555
25363
22833
20004
16906
13586
10084
6451
2730
-1023
-4769
-8445
-12015
-15422
-18627
-21583
-24255
-26604
-28600
-30218
-31436
-32235
-32610
-32552
-32060
-31144
-29818
-28094
-26000
-23558
-20808
-17777
-14516
-11058
-7456
-3754
-4
3748
7447
11052
14507
17772
20800
23553
25993
28089
29814
31140
32056
32549
32607
32233
31434
30217
28599
26603
24254
21582
18627
15422
12015
8446
4769
1024
-2729
-6451
-10084
-13586
-16906
-20004
-22834
-25364
-27557
-29384
-30822
-31854
-32459
-32636
-32383
-31696
-30592
-29081
-27187
-24929
-22344
-19461
-16321
-12964
-9436
-5781
-2052
1706
5439
9103
12644
16020
19180
22089
24704
26992
28920
30468
31610
32332
32629
32491
31921
30931
29531
27737
25576
23080
20271
17199
13896
10411
6785
3072
-683
-4427
-8117
-11695
-15120
-18344
-21328
-24023
-26404
-28434
-30088
-31341
-32181
-32595
-32574
-32123
-31247
-29955
-28266
-26206
-23793
-21069
-18063
-14820
-11378
-7789
-4092
-345
3409
7116
10730
14201
17486
20535
23315
25786
27914
29671
31038
31991
32520
32619
32286
31523
30343
28764
26798
24480
21838
18906
15721
12331
8775
5105
1365
-2389
-6117
-9759
-13276
-16613
-19730
-22590
-25147
-27371
-29233
-30709
-31775
-32421
-32640
-32422
-31776
-30711
-29236
-27373
-25151
-22592
-19735
-16616
-13279
-9762
-6120
-2392
1362
5102
8772
12328
15718
18903
21835
24479
26796
28762
30342
31523
32286
32619
32520
31992
31039
29673
27916
25787
23318
20538
17488
14204
10733
7119
3412
-342
-4089
-7786
-11375
-14817
-18061
-21066
-23790
-26204
-28264
-29953
-31246
-32123
-32573
-32595
-32182
-31342
-30090
-28436
-26406
-24025
-21330
-18346
-15123
-11698
-8120
-4433
-686
3066
6782
10405
13894
17193
20269
23075
25574
27734
29530
30929
31921
32490
32629
32333
31611
30469
28921
26994
24706
22091
19182
16023
12646
9106
5442
1709
-2048
-5778
-9434
-12961
-16319
-19458
-22342
-24927
-27186
-29079
-30591
-31696
-32382
-32636
-32459
-31855
-30823
-29385
-27558
-25366
-22836
-20006
-16909
-13589
-10087
-6454
-2733
1020
4766
8442
12012
15419
18624
21580
24252
26601
28597
30215
31434
32232
32607
32549
32057
31141
29815
28091
25997
23555
20805
17774
14513
11055
7453
3751
1
-3751
-7450
-11055
-14510
-17775
-20803
-23556
-25996
-28092
-29817
-31143
-32059
-32552
-32610
-32236
-31437
-30220
-28602
-26606
-24257
-21585
-18629
-15425
-12018
-8449
-4772
-1027
2726
6448
10081
13583
16903
20001
22831
25361
27554
29381
30819
31851
32456
32633
32380
31693
30589
29078
27184
24926
22341
19458
16319
12961
9434
5778
2049
-1709
-5442
-9106
-12647
-16023
-19183
-22092
-24707
-26995
-28923
-30471
-31613
-32335
-32632
-32494
-31924
-30934
-29534
-27740
-25579
-23083
-20274
-17202
-13899
-10414
-6788
-3075
680
4424
8114
11692
15117
18341
21325
24020
26401
28431
30085
31338
32178
32592
32571
32121
31244
29952
28263
26203
23790
21066
18060
14817
11375
7786
4089
342
-3412
-7119
-10733
-14204
-17489
-20538
-23318
-25789
-27917
-29674
-31041
-31994
-32523
-32622
-32289
-31526
-30345
-28767
-26801
-24483
-21841
-18909
-15724
-12334
-8778
-5108
-1368
2386
6114
9756
13273
16610
19727
22587
25144
27368
29230
30706
31772
32418
32637
32419
31773
30708
29233
27370
25148
22589
19732
16613
13276
9759
6117
2389
-1365
-5105
-8775
-12331
-15721
-18906
-21838
-24481
-26799
-28765
-30345
-31526
-32289
-32622
-32523
-31995
-31042
-29676
-27919
-25790
-23321
-20541
-17491
-14207
-10736
-7122
-3415
339
4086
7783
11372
14814
18058
21063
23787
26201
28261
29950
31243
32120
32570
32592
32179
31339
30087
28433
26403
24022
21327
18343
15120
11695
8117
4430
683
-3069
-6785
-10408
-13897
-17196
-20272
-23078
-25577
-27737
-29533
-30932
-31924
-32493
-32632
-32336
-31614
-30472
-28924
-26997
-24709
-22094
-19185
-16026
-12649
-9109
-5445
-1712
2045
5775
9431
12958
16316
19456
22339
24924
27183
29076
30588
31693
32379
32633
32456
31852
30820
29382
27555
25363
22833
20004
16906
13586
10084
6451
2730
-1023
-4769
-8445
-12015
-15422
-18627
-21583
-24255
-26604
-28600
-30218
-31436
-32235
-32610
-32552
-32060
-31144
-29818
-28094
-26000
-23558
-20808
-17777
-14516
-11058
-7456
-3754
-4
3748
7447
11052
14507
17772
20800
23553
25993
28089
29814
31140
32056
32549
32607
32233
31434
30217
28599
26603
24254
21582
18627
15422
12015
8446
4769
1024
-2729
-6451
-10084
-13586
-16906
-20004
-22834
-25364
-27557
-29384
-30822
-31854
-32459
-32636
-32383
-31696
-30592
-29081
-27187
-24929
-22344
-19461
-16321
-12964
-9436
-5781
-2052
1706
5439
9103
12644
16020
19180
22089
24704
26992
28920
30468
31610
32332
32629
32491
31921
30931
29531
27737
25576
23080
20271
17199
13896
10411
6785
3072
-683
-4427
-8117
-11695
-15120
-18344
-21328
-24023
-26404
-28434
-30088
-31341
-32181
-32595
-32574
-32123
-31247
-29955
-28266
-26206
-23793
-21069
-18063
-14820
-11378
-7789
-4092
-345
3409
7116
10730
14201
17486
20535
23315
25786
27914
29671
31038
31991
32520
32619
32286
31523
30343
28764
26798
24480
21838
18906
15721
12331
8775
5105
1365
-2389
-6117
-9759
-13276
-16613
-19730
-22590
-25147
-27371
-29233
-30709
-31775
-32421
-32640
-32422
-31776
-30711
-29236
-27373
-25151
-22592
-19735
-16616
-13279
-9762
-6120
-2392
1362
5102
8772
12328
15718
18903
21835
24479
26796
28762
30342
31523
32286
32619
32520
31992
31039
29673
27916
25787
23318
20538
17488
14204
10733
7119
3412
-342
-4089
-7786
-11375
-14817
-18061
-21066
-23790
-26204
-28264
-29953
-31246
-32123
-32573
-32595
-32182
-31342
-30090
-28436
-26406
-24025
-21330
-18346
-15123
-11698
-8120
-4433
-686
3066
6782
10405
13894
17193
20269
23075
25574
27734
29530
30929
31921
32490
32629
32333
31611
30469
28921
26994
24706
22091
19182
16023
12646
9106
5442
1709
-2048
-5778
-9434
-12961
-16319
-19458
-22342
-24927
-27186
-29079
-30591
-31696
-32382
-32636
-32459
-31855
-30823
-29385
-27558
-25366
-22836
-20006
-16909
-13589
-10087
-6454
-2733
1020
4766
8442
12012
15419
18624
21580
24252
26601
28597
30215
31434
32232
32607
32549
32057
31141
29815
28091
25997
23555
20805
17774
14513
11055
7453
3751
1
-3751
-7450
-11055
-14510
-17775
-20803
-23556
-25996
-28092
-29817
-31143
-32059
-32552
-32610
-32236
-31437
-30220
-28602
-26606
-24257
-21585
-18629
-15425
-12018
-8449
-4772
-1027
2726
6448
10081
13583
16903
20001
22831
25361
27554
29381
30819
31851
32456
32633
32380
31693
30589
29078
27184
24926
22341
19458
16319
12961
9434
5778
2049
-1709
-5442
-9106
-12647
-16023
-19183
-22092
-24707
-26995
-28923
-30471
-31613
-32335
-32632
-32494
-31924
-30934
-29534
-27740
-25579
-23083
-20274
-17202
-13899
-10414
-6788
-3075
680
4424
8114
11692
15117
18341
21325
24020
26401
28431
30085
31338
32178
32592
32571
32121
31244
29952
28263
26203
23790
21066
18060
14817
11375
7786
4089
342
-3412
-7119
-10733
-14204
-17489
-20538
-23318
-25789
-27917
-29674
-31041
-31994
-32523
-32622
-32289
-31526
-30345
-28767
-26801
-24483
-21841
-18909
-15724
-12334
-8778
-5108
-1368
2386
6114
9756
13273
16610
19727
22587
25144
27368
29230
30706
31772
32418
32637
32419
31773
30708
29233
27370
25148
22589
19732
16613
13276
9759
6117
2389
-1365
-5105
-8775
-12331
-15721
-18906
-21838
-24481
-26799
-28765
-30345
-31526
-32289
-32622
-32523
-31995
-31042
-29676
-27919
-25790
-23321
-20541
-17491
-14207
-10736
-7122
-3415
339
4086
7783
11372
14814
18058
21063
23787
26201
28261
29950
31243
32120
32570
32592
32179
31339
30087
28433
26403
24022
21327
18343
15120
11695
8117
4430
683
-3069
-6785
-10408
-13897
-17196
-20272
-23078
-25577
-27737
-29533
-30932
-31924
-32493
-32632
-32336
-31614
-30472
-28924
-26997
-24709
-22094
-19185
-16026
-12649
-9109
-5445
-1712
2045
5775
9431
12958
16316
19456
22339
24924
27183
29076
30588
31693
32379
32633
32456
31852
30820
29382
27555
25363
22833
20004
16906
13586
10084
6451
2730
-1023
-4769
-8445
-12015
-15422
-18627
-21583
-24255
-26604
-28600
-30218
-31436
-32235
-32610
-32552
-32060
-31144
-29818
-28094
-26000
-23558
-20808
-17777
-14516
-11058
-7456
-3754
-4
3748
7447
11052
14507
17772
20800
23553
25993
28089
29814
31140
32056
32549
32607
32233
31434
30217
28599
26603
24254
21582
18627
15422
12015
8446
4769
1024
-2729
-6451
-10084
-13586
-16906
-20004
-22834
-25364
-27557
-29384
-30822
-31854
-32459
-32636
-32383
-31696
-30592
-29081
-27187
-24929
-22344
-19461
-16321
-12964
-9436
-5781
-2052
1706
5439
9103
12644
16020
19180
22089
24704
26992
28920
30468
31610
32332
32629
32491
31921
30931
29531
27737
25576
23080
20271
17199
13896
10411
6785
3072
-683
-4427
-8117
-11695
-15120
-18344
-21328
-24023
-26404
-28434
-30088
-31341
-32181
-32595
-32574
-32123
-31247
-29955
-28266
-26206
-23793
-21069
-18063
-14820
-11378
-7789
-4092
-345
3409
7116
10730
14201
17486
20535
23315
25786
27914
29671
31038
31991
32520
32619
32286
31523
30343
28764
26798
24480
21838
18906
15721
12331
8775
5105
1365
-2389
-6117
-9759
-13276
-16613
-19730
-22590
-25147
-27371
-29233
-30709
-31775
-32421
-32640
-32422
-31776
-30711
-29236
-27373
-25151
-22592
-19735
-16616
-13279
-9762
-6120
-2392
1362
5102
8772
12328
15718
18903
21835
24479
26796
28762
30342
31523
32286
32619
32520
31992
31039
29673
27916
25787
23318
20538
17488
14204
10733
7119
3412
-342
-4089
-7786
-11375
-14817
-18061
-21066
-23790
-26204
-28264
-29953
-31246
-32123
-32573
-32595
-32182
-31342
-30090
-28436
-26406
-24025
-21330
-18346
-15123
-11698
-8120
-4433
-686
3066
6782
10405
13894
17193
20269
23075
25574
27734
29530
30929
31921
32490
32629
32333
31611
30469
28921
26994
24706
22091
19182
16023
12646
9106
5442
1709
-2048
-5778
-9434
-12961
-16319
-19458
-22342
-24927
-27186
-29079
-30591
-31696
-32382
-32636
-32459
-31855
-30823
-29385
-27558
-25366
-22836
-20006
-16909
-13589
-10087
-6454
-2733
1020
4766
8442
12012
15419
18624
21580
24252
26601
28597
30215
31434
32232
32607
32549
32057
31141
29815
28091
25997
23555
20805
17774
14513
11055
7453
3751
1
-3751
-7450
-11055
-14510
-17775
-20803
-23556
-25996
-28092
-29817
-31143
-32059
-32552
-32610
-32236
-31437
-30220
-28602
-26606
-24257
-21585
-18629
-15425
-12018
-8449
-4772
-1027
2726
6448
10081
13583
16903
20001
22831
25361
27554
29381
30819
31851
32456
32633
32380
31693
30589
29078
27184
24926
22341
19458
16319
12961
9434
5778
2049
-1709
-5442
-9106
-12647
-16023
-19183
-22092
-24707
-26995
-28923
-30471
-31613
-32335
-32632
-32494
-31924
-30934
-29534
-27740
-25579
-23083
-20274
-17202
-13899
-10414
-6788
-3075
680
4424
8114
11692
15117
18341
21325
24020
26401
28431
30085
31338
32178
32592
32571
32121
31244
29952
28263
26203
23790
21066
18060
14817
11375
7786
4089
342
-3412
-7119
-10733
-14204
-17489
-20538
-23318
-25789
-27917
-29674
-31041
-31994
-32523
-32622
-32289
-31526
-30345
-28767
-26801
-24483
-21841
-18909
-15724
-12334
-8778
-5108
-1368
2386
6114
9756
13273
16610
19727
22587
25144
27368
29230
30706
31772
32418
32637
32419
31773
30708
29233
27370
25148
22589
19732
16613
13276
9759
6117
2389
-1365
-5105
-8775
-12331
-15721
-18906
-21838
-24481
-26799
-28765
-30345
-31526
-32289
-32622
-32523
-31995
-31042
-29676
-27919
-25790
-23321
-20541
-17491
-14207
-10736
-7122
-3415
339
4086
7783
11372
14814
18058
21063
23787
26201
28261
29950
31243
32120
32570
32592
32179
31339
30087
28433
26403
24022
21327
18343
15120
11695
8117
4430
683
-3069
-6785
-10408
-13897
-17196
-20272
-23078
-25577
-27737
-29533
-30932
-31924
-32493
-32632
-32336
-31614
-30472
-28924
-26997
-24709
-22094
-19185
-16026
-12649
-9109
-5445
-1712
2045
5775
9431
12958
16316
19456
22339
24924
27183
29076
30588
31693
32379
32633
32456
31852
30820
29382
27555
25363
22833
20004
16906
13586
10084
6451
2730
-1023
-4769
-8445
-12015
-15422
-18627
-21583
-24255
-26604
-28600
-30218
-31436
-32235
-32610
-32552
-32060
-31144
-29818
-28094
-26000
-23558
-20808
-17777
-14516
-11058
-7456
-3754
-4
3748
7447
11052
14507
17772
20800
23553
25993
28089
29814
31140
32056
32549
32607
32233
31434
30217
28599
26603
24254
21582
18627
15422
12015
8446
4769
1024
-2729
-6451
-10084
-13586
-16906
-20004
-22834
-25364
-27557
-29384
-30822
-31854
-32459
-32636
-32383
-31696
-30592
-29081
-27187
-24929
-22344
-19461
-16321
-12964
-9436
-5781
-2052
1706
5439
9103
12644
16020
19180
22089
24704
26992
28920
30468
31610
32332
32629
32491
31921
30931
29531
27737
25576
23080
20271
17199
13896
10411
6785
3072
-683
-4427
-8117
-11695
-15120
-18344
-21328
-24023
-26404
-28434
-30088
-31341
-32181
-32595
-32574
-32123
-31247
-29955
-28266
-26206
-23793
-21069
-18063
-14820
-11378
-7789
-4092
-345
3409
7116
10730
14201
17486
20535
23315
25786
27914
29671
31038
31991
32520
32619
32286
31523
30343
28764
26798
24480
21838
18906
15721
12331
8775
5105
1365
-2389
-6117
-9759
-13276
-16613
-19730
-22590
-25147
-27371
-29233
-30709
-31775
-32421
-32640
-32422
-31776
-30711
-29236
-27373
-25151
-22592
-19735
-16616
-13279
-9762
-6120
-2392
1362
5102
8772
12328
15718
18903
21835
24479
26796
28762
30342
31523
32286
32619
32520
31992
31039
29673
27916
25787
23318
20538
17488
14204
10733
7119
3412
-342
-4089
-7786
-11375
-14817
-18061
-21066
-23790
-26204
-28264
-29953
-31246
-32123
-32573
-32595
-32182
-31342
-30090
-28436
-26406
-24025
-21330
-18346
-15123
-11698
-8120
-4433
-686
3066
6782
10405
13894
17193
20269
23075
25574
27734
29530
30929
31921
32490
32629
32333
31611
30469
28921
26994
24706
22091
19182
16023
12646
9106
5442
1709
-2048
-5778
-9434
-12961
-16319
-19458
-22342
-24927
-27186
-29079
-30591
-31696
-32382
-32636
-32459
-31855
-30823
-29385
-27558
-25366
-22836
-20006
-16909
-13589
-10087
-6454
-2733
1020
4766
8442
12012
15419
18624
21580
24252
26601
28597
30215
31434
32232
32607
32549
32057
31141
29815
28091
25997
23555
20805
17774
14513
11055
7453
3751
1
-3751
-7450
-11055
-14510
-17775
-20803
-23556
-25996
-28092
-29817
-31143
-32059
-32552
-32610
-32236
-31437
-30220
-28602
-26606
-24257
-21585
-18629
-15425
-12018
-8449
-4772
-1027
2726
6448
10081
13583
16903
20001
22831
25361
27554
29381
30819
31851
32456
32633
32380
31693
30589
29078
27184
24926
22341
19458
16319
12961
9434
5778
2049
-1709
-5442
-9106
-12647
-16023
-19183
-22092
-24707
-26995
-28923
-30471
-31613
-32335
-32632
-32494
-31924
-30934
-29534
-27740
-25579
-23083
-20274
-17202
-13899
-10414
-6788
-3075
680
4424
8114
11692
15117
18341
21325
24020
26401
28431
30085
31338
32178
32592
32571
32121
31244
29952
28263
26203
23790
21066
18060
14817
11375
7786
4089
342
-3412
-7119
-10733
-14204
-17489
-20538
-23318
-25789
-27917
-29674
-31041
-31994
-32523
-32622
-32289
-31526
-30345
-28767
-26801
-24483
-21841
-18909
-15724
-12334
-8778
-5108
-1368
2386
6114
9756
13273
16610
19727
22587
25144
27368
29230
30706
31772
32418
32637
32419
31773
30708
29233
27370
25148
22589
19732
16613
13276
9759
6117
2389
-1365
-5105
-8775
-12331
-15721
-18906
-21838
-24481
-26799
-28765
-30345
-31526
-32289
-32622
-32523
-31995
-31042
-29676
-27919
-25790
-23321
-20541
-17491
-14207
-10736
-7122
-3415
339
4086
7783
11372
14814
18058
21063
23787
26201
28261
29950
31243
32120
32570
32592
32179
31339
30087
28433
26403
24022
21327
18343
15120
11695
8117
4430
683
-3069
-6785
-10408
-13897
-17196
-20272
-23078
-25577
-27737
-29533
-30932
-31924
-32493
-32632
-32336
-31614
-30472
-28924
-26997
-24709
-22094
-19185
-16026
-12649
-9109
-5445
-1712
2045
5775
9431
12958
16316
19456
22339
24924
27183
29076
30588
31693
32379
32633
32456
31852
30820
29382
27555
25363
22833
20004
16906
13586
10084
6451
2730
-1023
-4769
-8445
-12015
-15422
-18627
-21583
-24255
-26604
-28600
-30218
-31436
-32235
-32610
-32552
-32060
-31144
-29818
-28094
-26000
-23558
-20808
-17777
-14516
-11058
-7456
-3754
-4
3748
7447
11052
14507
17772
20800
23553
25993
28089
29814
31140
32056
32549
32607
32233
31434
30217
28599
26603
24254
21582
18627
15422
12015
8446
4769
1024
-2729
-6451
-10084
-13586
-16906
-20004
-22834
-25364
-27557
-29384
-30822
-31854
-32459
-32636
-32383
-31696
-30592
-29081
-27187
-24929
-22344
-19461
-16321
-12964
-9436
-5781
-2052
1706
5439
9103
12644
16020
19180
22089
24704
26992
28920
30468
31610
32332
32629
32491
31921
30931
29531
27737
25576
23080
20271
17199
13896
10411
6785
3072
-683
-4427
-8117
-11695
-15120
-18344
-21328
-24023
-26404
-28434
-30088
-31341
-32181
-32595
-32574
-32123
-31247
-29955
-28266
-26206
-23793
-21069
-18063
-14820
-11378
-7789
-4092
-345
3409
7116
10730
14201
17486
20535
23315
25786
27914
29671
31038
31991
32520
32619
32286
31523
30343
28764
26798
24480
21838
18906
15721
12331
8775
5105
1365
-2389
-6117
-9759
-13276
-16613
-19730
-22590
-25147
-27371
-29233
-30709
-31775
-32421
-32640
-32422
-31776
-30711
-29236
-27373
-25151
-22592
-19735
-16616
-13279
-9762
-6120
-2392
1362
5102
8772
12328
15718
18903
21835
24479
26796
28762
30342
31523
32286
32619
32520
31992
31039
29673
27916
25787
23318
20538
17488
14204
10733
7119
3412
-342
-4089
-7786
-11375
-14817
-18061
-21066
-23790
-26204
-28264
-29953
-31246
-32123
-32573
-32595
-32182
-31342
-30090
-28436
-26406
-24025
-21330
-18346
-15123
-11698
-8120
-4433
-686
3066
6782
10405
13894
17193
20269
23075
25574
27734
29530
30929
31921
32490
32629
32333
31611
30469
28921
26994
24706
22091
19182
16023
12646
9106
5442
1709
-2048
-5778
-9434
-12961
-16319
-19458
-22342
-24927
-27186
-29079
-30591
-31696
-32382
-32636
-32459
-31855
-30823
-29385
-27558
-25366
-22836
-20006
-16909
-13589
-10087
-6454
-2733
1020
4766
8442
12012
15419
18624
21580
24252
26601
28597
30215
31434
32232
32607
32549
32057
31141
29815
28091
25997
23555
20805
17774
14513
11055
7453
3751
1
-3751
-7450
-11055
-14510
-17775
-20803
-23556
-25996
-28092
-29817
-31143
-32059
-32552
-32610
-32236
-31437
-30220
-28602
-26606
-24257
-21585
-18629
-15425
-12018
-8449
-4772
-1027
2726
6448
10081
13583
16903
20001
22831
25361
27554
29381
30819
31851
32456
32633
32380
31693
30589
29078
27184
24926
22341
19458
16319
12961
9434
5778
2049
-1709
-5442
-9106
-12647
-16023
-19183
-22092
-24707
-26995
-28923
-30471
-31613
-32335
-32632
-32494
-31924
-30934
-29534
-27740
-25579
-23083
-20274
-17202
-13899
-10414
-6788
-3075
680
4424
8114
11692
15117
18341
21325
24020
26401
28431
30085
31338
32178
32592
32571
32121
31244
29952
28263
26203
23790
21066
18060
14817
11375
7786
4089
342
-3412
-7119
-10733
-14204
-17489
-20538
-23318
-25789
-27917
-29674
-31041
-31994
-32523
-32622
-32289
-31526
-30345
-28767
-26801
-24483
-21841
-18909
-15724
-12334
-8778
-5108
-1368
2386
6114
9756
13273
16610
19727
22587
25144
27368
29230
30706
31772
32418
32637
32419
31773
30708
29233
27370
25148
22589
19732
16613
13276
9759
6117
2389
-1365
-5105
-8775
-12331
-15721
-18906
-21838
-24481
-26799
-28765
-30345
-31526
-32289
-32622
-32523
-31995
-31042
-29676
-27919
-25790
-23321
-20541
-17491
-14207
-10736
-7122
-3415
339
4086
7783
11372
14814
18058
21063
23787
26201
28261
29950
31243
32120
32570
32592
32179
31339
30087
28433
26403
24022
21327
18343
15120
11695
8117
4430
683
-3069
-6785
-10408
-13897
-17196
-20272
-23078
-25577
-27737
-29533
-30932
-31924
-32493
-32632
-32336
-31614
-30472
-28924
-26997
-24709
-22094
-19185
-16026
-12649
-9109
-5445
-1712
2045
5775
9431
12958
16316
19456
22339
24924
27183
29076
30588
31693
32379
32633
32456
31852
30820
29382
27555
25363
22833
20004
16906
13586
10084
6451
2730
-1023
-4769
-8445
-12015
-15422
-18627
-21583
-24255
-26604
-28600
-30218
-31436
-32235
-32610
-32552
-32060
-31144
-29818
-28094
-26000
-23558
-20808
-17777
-14516
-11058
-7456
-3754
-4
3748
7447
11052
14507
17772
20800
23553
25993
28089
29814
31140
32056
32549
32607
32233
31434
30217
28599
26603
24254
21582
18627
15422
12015
8446
4769
1024
-2729
-6451
-10084
-13586
-16906
-20004
-22834
-25364
-27557
-29384
-30822
-31854
-32459
-32636
-32383
-31696
-30592
-29081
-27187
-24929
-22344
-19461
-16321
-12964
-9436
-5781
-2052
1706
5439
9103
12644
16020
19180
22089
24704
26992
28920
30468
31610
32332
32629
32491
31921
30931
29531
27737
25576
23080
20271
17199
13896
10411
6785
3072
-683
-4427
-8117
-11695
-15120
-18344
-21328
-24023
-26404
-28434
-30088
-31341
-32181
-32595
-32574
-32123
-31247
-29955
-28266
-26206
-23793
-21069
-18063
-14820
-11378
-7789
-4092
-345
3409
7116
10730
14201
17486
20535
23315
25786
27914
29671
31038
31991
32520
32619
32286
31523
30343
28764
26798
24480
21838
18906
15721
12331
8775
5105
1365
-2389
-6117
-9759
-13276
-16613
-19730
-22590
-25147
-27371
-29233
-30709
-31775
-32421
-32640
-32422
-31776
-30711
-29236
-27373
-25151
-22592
-19735
-16616
-13279
-9762
-6120
-2392
1362
5102
8772
12328
15718
18903
21835
24479
26796
28762
30342
31523
32286
32619
32520
31992
31039
29673
27916
25787
23318
20538
17488
14204
10733
7119
3412
-342
-4089
-7786
-11375
-14817
-18061
-21066
-23790
-26204
-28264
-29953
-31246
-32123
-32573
-32595
-32182
-31342
-30090
-28436
-26406
-24025
-21330
-18346
-15123
-11698
-8120
-4433
-686
3066
6782
10405
13894
17193
20269
23075
25574
27734
29530
30929
31921
32490
32629
32333
31611
30469
28921
26994
24706
22091
19182
16023
12646
9106
5442
1709
-2048
-5778
-9434
-12961
-16319
-19458
-22342
-24927
-27186
-29079
-30591
-31696
-32382
-32636
-32459
-31855
-30823
-29385
-27558
-25366
-22836
-20006
-16909
-13589
-10087
-6454
-2733
1020
4766
8442
12012
15419
18624
21580
24252
26601
28597
30215
31434
32232
32607
32549
32057
31141
29815
28091
25997
23555
20805
17774
14513
11055
7453
3751
1
-3751
-7450
-11055
-14510
-17775
-20803
-23556
-25996
-28092
-29817
-31143
-32059
-32552
-32610
-32236
-31437
-30220
-28602
-26606
-24257
-21585
-18629
-15425
-12018
-8449
-4772
-1027
2726
6448
10081
13583
16903
20001
22831
25361
27554
29381
30819
31851
32456
32633
32380
31693
30589
29078
27184
24926
22341
19458
16319
12961
9434
5778
2049
-1709
-5442
-9106
-12647
-16023
-19183
-22092
-24707
-26995
-28923
-30471
-31613
-32335
-32632
-32494
-31924
-30934
-29534
-27740
-25579
-23083
-20274
-17202
-13899
-10414
-6788
-3075
680
4424
8114
11692
15117
18341
21325
24020
26401
28431
30085
31338
32178
32592
32571
32121
31244
29952
28263
26203
23790
21066
18060
14817
11375
7786
4089
342
-3412
-7119
-10733
-14204
-17489
-20538
-23318
-25789
-27917
-29674
-31041
-31994
-32523
-32622
-32289
-31526
-30345
-28767
-26801
-24483
-21841
-18909
-15724
-12334
-8778
-5108
-1368
2386
6114
9756
13273
16610
19727
22587
25144
27368
29230
30706
31772
32418
32637
32419
31773
30708
29233
27370
25148
22589
19732
16613
13276
9759
6117
2389
-1365
-5105
-8775
-12331
-15721
-18906
-21838
-24481
-26799
-28765
-30345
-31526
-32289
-32622
-32523
-31995
-31042
-29676
-27919
-25790
-23321
-20541
-17491
-14207
-10736
-7122
-3415
339
4086
7783
11372
14814
18058
21063
23787
26201
28261
29950
31243
32120
32570
32592
32179
31339
30087
28433
26403
24022
21327
18343
15120
11695
8117
4430
683
-3069
-6785
-10408
-13897
-17196
-20272
-23078
-25577
-27737
-29533
-30932
-31924
-32493
-32632
-32336
-31614
-30472
-28924
-26997
-24709
-22094
-19185
-16026
-12649
-9109
-5445
-1712
2045
5775
9431
12958
16316
19456
22339
24924
27183
29076
30588
31693
32379
32633
32456
31852
30820
29382
27555
25363
22833
20004
16906
13586
10084
6451
2730
-1023
-4769
-8445
-12015
-15422
-18627
-21583
-24255
-26604
-28600
-30218
-31436
-32235
-32610
-32552
-32060
-31144
-29818
-28094
-26000
-23558
-20808
-17777
-14516
-11058
-7456
-3754
-4
3748
7447
11052
14507
17772
20800
23553
25993
28089
29814
31140
32056
32549
32607
32233
31434
30217
28599
26603
24254
21582
18627
15422
12015
8446
4769
1024
-2729
-6451
-10084
-13586
-16906
-20004
-22834
-25364
-27557
-29384
-30822
-31854
-32459
-32636
-32383
-31696
-30592
-29081
-27187
-24929
-22344
-19461
-16321
-12964
-9436
-5781
-2052
1706
5439
9103
12644
16020
19180
22089
24704
26992
28920
30468
31610
32332
32629
32491
31921
30931
29531
27737
25576
23080
20271
17199
13896
10411
6785
3072
-683
-4427
-8117
-11695
-15120
-18344
-21328
-24023
-26404
-28434
-30088
-31341
-32181
-32595
-32574
-32123
-31247
-29955
-28266
-26206
-23793
-21069
-18063
-14820
-11378
-7789
-4092
-345
3409
7116
10730
14201
17486
20535
23315
25786
27914
29671
31038
31991
32520
32619
32286
31523
30343
28764
26798
24480
21838
18906
15721
12331
8775
5105
1365
-2389
-6117
-9759
-13276
-16613
-19730
-22590
-25147
-27371
-29233
-30709
-31775
-32421
-32640
-32422
-31776
-30711
-29236
-27373
-25151
-22592
-19735
-16616
-13279
-9762
-6120
-2392
1362
5102
8772
12328
15718
18903
21835
24479
26796
28762
30342
31523
32286
32619
32520
31992
31039
29673
27916
25787
23318
20538
17488
14204
10733
7119
3412
-342
-4089
-7786
-11375
-14817
-18061
-21066
-23790
-26204
-28264
-29953
-31246
-32123
-32573
-32595
-32182
-31342
-30090
-28436
-26406
-24025
-21330
-18346
-15123
-11698
-8120
-4433
-686
3066
6782
10405
13894
17193
20269
23075
25574
27734
29530
30929
31921
32490
32629
32333
31611
30469
28921
26994
24706
22091
19182
16023
12646
9106
5442
1709
-2048
-5778
-9434
-12961
-16319
-19458
-22342
-24927
-27186
-29079
-30591
-31696
-32382
-32636
-32459
-31855
-30823
-29385
-27558
-25366
-22836
-20006
-16909
-13589
-10087
-6454
-2733
1020
4766
8442
12012
15419
18624
21580
24252
26601
28597
30215
31434
32232
32607
32549
32057
31141
29815
28091
25997
23555
20805
17774
14513
11055
7453
3751
1
-3751
-7450
-11055
-14510
-17775
-20803
-23556
-25996
-28092
-29817
-31143
-32059
-32552
-32610
-32236
-31437
-30220
-28602
-26606
-24257
-21585
-18629
-15425
-12018
-8449
-4772
-1027
2726
6448
10081
13583
16903
20001
22831
25361
27554
29381
30819
31851
32456
32633
32380
31693
30589
29078
27184
24926
22341
19458
16319
12961
9434
5778
2049
-1709
-5442
-9106
-12647
-16023
-19183
-22092
-24707
-26995
-28923
-30471
-31613
-32335
-32632
-32494
-31924
-30934
-29534
-27740
-25579
-23083
-20274
-17202
-13899
-10414
-6788
-3075
680
4424
8114
11692
15117
18341
21325
24020
26401
28431
30085
31338
32178
32592
32571
32121
31244
29952
28263
26203
23790
21066
18060
14817
11375
7786
4089
342
-3412
-7119
-10733
-14204
-17489
-20538
-23318
-25789
-27917
-29674
-31041
-31994
-32523
-32622
-32289
-31526
-30345
-28767
-26801
-24483
-21841
-18909
-15724
-12334
-8778
-5108
-1368
2386
6114
9756
13273
16610
19727
22587
25144
27368
29230
30706
31772
32418
32637
32419
31773
30708
29233
27370
25148
22589
19732
16613
13276
9759
6117
2389
-1365
-5105
-8775
-12331
-15721
-18906
-21838
-24481
-26799
-28765
-30345
-31526
-32289
-32622
-32523
-31995
-31042
-29676
-27919
-25790
-23321
-20541
-17491
-14207
-10736
-7122
-3415
339
4086
7783
11372
14814
18058
21063
23787
26201
28261
29950
31243
32120
32570
32592
32179
31339
30087
28433
26403
24022
21327
18343
15120
11695
8117
4430
683
-3069
-6785
-10408
-13897
-17196
-20272
-23078
-25577
-27737
-29533
-30932
-31924
-32493
-32632
-32336
-31614
-30472
-28924
-26997
-24709
-22094
-19185
-16026
-12649
-9109
-5445
-1712
2045
5775
9431
12958
16316
19456
22339
24924
27183
29076
30588
31693
32379
32633
32456
31852
30820
29382
27555
25363
22833
20004
16906
13586
10084
6451
2730
-1023
-4769
-8445
-12015
-15422
-18627
-21583
-24255
-26604
-28600
-30218
-31436
-32235
-32610
-32552
-32060
-31144
-29818
-28094
-26000
-23558
-20808
-17777
-14516
-11058
-7456
-3754
-4
3748
7447
11052
14507
17772
20800
23553
25993
28089
29814
31140
32056
32549
32607
32233
31434
30217
28599
26603
24254
21582
18627
15422
12015
8446
4769
1024
-2729
-6451
-10084
-13586
-16906
-20004
-22834
-25364
-27557
-29384
-30822
-31854
-32459
-32636
-32383
-31696
-30592
-29081
-27187
-24929
-22344
-19461
-16321
-12964
-9436
-5781
-2052
1706
5439
9103
12644
16020
19180
22089
24704
26992
28920
30468
31610
32332
32629
32491
31921
30931
29531
27737
25576
23080
20271
17199
13896
10411
6785
3072
-683
-4427
-8117
-11695
-15120
-18344
-21328
-24023
-26404
-28434
-30088
-31341
-32181
-32595
-32574
-32123
-31247
-29955
-28266
-26206
-23793
-21069
-18063
-14820
-11378
-7789
-4092
-345
3409
7116
10730
14201
17486
20535
23315
25786
27914
29671
31038
31991
32520
32619
32286
31523
30343
28764
26798
24480
21838
18906
15721
12331
8775
5105
1365
-2389
-6117
-9759
-13276
-16613
-19730
-22590
-25147
-27371
-29233
-30709
-31775
-32421
-32640
-32422
-31776
-30711
-29236
-27373
-25151
-22592
-19735
-16616
-13279
-9762
-6120
-2392
1362
5102
8772
12328
15718
18903
21835
24479
26796
28762
30342
31523
32286
32619
32520
31992
31039
29673
27916
25787
23318
20538
17488
14204
10733
7119
3412
-342
-4089
-7786
-11375
-14817
-18061
-21066
-23790
-26204
-28264
-29953
-31246
-32123
-32573
-32595
-32182
-31342
-30090
-28436
-26406
-24025
-21330
-18346
-15123
-11698
-8120
-4433
-686
3066
6782
10405
13894
17193
20269
23075
25574
27734
29530
30929
31921
32490
32629
32333
31611
30469
28921
26994
24706
22091
19182
16023
12646
9106
5442
1709
-2048
-5778
-9434
-12961
-16319
-19458
-22342
-24927
-27186
-29079
-30591
-31696
-32382
-32636
-32459
-31855
-30823
-29385
-27558
-25366
-22836
-20006
-16909
-13589
-10087
-6454
-2733
1020
4766
8442
12012
15419
18624
21580
24252
26601
28597
30215
31434
32232
32607
32549
32057
31141
29815
28091
25997
23555
20805
17774
14513
11055
7453
3751
1
-3751
-7450
-11055
-14510
-17775
-20803
-23556
-25996
-28092
-29817
-31143
-32059
-32552
-32610
-32236
-31437
-30220
-28602
-26606
-24257
-21585
-18629
-15425
-12018
-8449
-4772
-1027
2726
6448
10081
13583
16903
20001
22831
25361
27554
29381
30819
31851
32456
32633
32380
31693
30589
29078
27184
24926
22341
19458
16319
12961
9434
5778
2049
-1709
-5442
-9106
-12647
-16023
-19183
-22092
-24707
-26995
-28923
-30471
-31613
-32335
-32632
-32494
-31924
-30934
-29534
-27740
-25579
-23083
-20274
-17202
-13899
-10414
-6788
-3075
680
4424
8114
11692
15117
18341
21325
24020
26401
28431
30085
31338
32178
32592
32571
32121
31244
29952
28263
26203
23790
21066
18060
14817
11375
7786
4089
342
-3412
-7119
-10733
-14204
-17489
-20538
-23318
-25789
-27917
-29674
-31041
-31994
-32523
-32622
-32289
-31526
-30345
-28767
-26801
-24483
-21841
-18909
-15724
-12334
-8778
-5108
-1368
2386
6114
9756
13273
16610
19727
22587
25144
27368
29230
30706
31772
32418
32637
32419
31773
30708
29233
27370
25148
22589
19732
16613
13276
9759
6117
2389
-1365
-5105
-8775
-12331
-15721
-18906
-21838
-24481
-26799
-28765
-30345
-31526
-32289
-32622
-32523
-31995
-31042
-29676
-27919
-25790
-23321
-20541
-17491
-14207
-10736
-7122
-3415
339
4086
7783
11372
14814
18058
21063
23787
26201
28261
29950
31243
32120
32570
32592
32179
31339
30087
28433
26403
24022
21327
18343
15120
11695
8117
4430
683
-3069
-6785
-10408
-13897
-17196
-20272
-23078
-25577
-27737
-29533
-30932
-31924
-32493
-32632
-32336
-31614
-30472
-28924
-26997
-24709
-22094
-19185
-16026
-12649
-9109
-5445
-1712
2045
5775
9431
12958
16316
19456
22339
24924
27183
29076
30588
31693
32379
32633
32456
31852
30820
29382
27555
25363
22833
20004
16906
13586
10084
6451
2730
-1023
-4769
-8445
-12015
-15422
-18627
-21583
-24255
-26604
-28600
-30218
-31436
-32235
-32610
-32552
-32060
-31144
-29818
-28094
-26000
-23558
-20808
-17777
-14516
-11058
-7456
-3754
-4
3748
7447
11052
14507
17772
20800
23553
25993
28089
29814
31140
32056
32549
32607
32233
31434
30217
28599
26603
24254
21582
18627
15422
12015
8446
4769
1024
-2729
-6451
-10084
-13586
-16906
-20004
-22834
-25364
-27557
-29384
-30822
-31854
-32459
-32636
-32383
-31696
-30592
-29081
-27187
-24929
-22344
-19461
-16321
-12964
-9436
-5781
-2052
1706
5439
9103
12644
16020
19180
22089
24704
26992
28920
30468
31610
32332
32629
32491
31921
30931
29531
27737
25576
23080
20271
17199
13896
10411
6785
3072
-683
-4427
-8117
-11695
-15120
-18344
-21328
-24023
-26404
-28434
-30088
-31341
-32181
-32595
-32574
-32123
-31247
-29955
-28266
-26206
-23793
-21069
-18063
-14820
-11378
-7789
-4092
-345
3409
7116
10730
14201
17486
20535
23315
25786
27914
29671
31038
31991
32520
32619
32286
31523
30343
28764
26798
24480
21838
18906
15721
12331
8775
5105
1365
-2389
-6117
-9759
-13276
-16613
-19730
-22590
-25147
-27371
-29233
-30709
-31775
-32421
-32640
-32422
-31776
-30711
-29236
-27373
-25151
-22592
-19735
-16616
-13279
-9762
-6120
-2392
1362
5102
8772
12328
15718
18903
21835
24479
26796
28762
30342
31523
32286
32619
32520
31992
31039
29673
27916
25787
23318
20538
17488
14204
10733
7119
3412
-342
-4089
-7786
-11375
-14817
-18061
-21066
-23790
-26204
-28264
-29953
-31246
-32123
-32573
-32595
-32182
-31342
-30090
-28436
-26406
-24025
-21330
-18346
-15123
-11698
-8120
-4433
-686
3066
6782
10405
13894
17193
20269
23075
25574
27734
29530
30929
31921
32490
32629
32333
31611
30469
28921
26994
24706
22091
19182
16023
12646
9106
5442
1709
-2048
-5778
-9434
-12961
-16319
-19458
-22342
-24927
-27186
-29079
-30591
-31696
-32382
-32636
-32459
-31855
-30823
-29385
-27558
-25366
-22836
-20006
-16909
-13589
-10087
-6454
-2733
1020
4766
8442
12012
15419
18624
21580
24252
26601
28597
30215
31434
32232
32607
32549
32057
31141
29815
28091
25997
23555
20805
17774
14513
11055
7453
3751
1
-3751
-7450
-11055
-14510
-17775
-20803
-23556
-25996
-28092
-29817
-31143
-32059
-32552
-32610
-32236
-31437
-30220
-28602
-26606
-24257
-21585
-18629
-15425
-12018
-8449
-4772
-1027
2726
6448
10081
13583
16903
20001
22831
25361
27554
29381
30819
31851
32456
32633
32380
31693
30589
29078
27184
24926
22341
19458
16319
12961
9434
5778
2049
-1709
-5442
-9106
-12647
-16023
-19183
-22092
-24707
-26995
-28923
-30471
-31613
-32335
-32632
-32494
-31924
-30934
-29534
-27740
-25579
-23083
-20274
-17202
-13899
-10414
-6788
-3075
680
4424
8114
11692
15117
18341
21325
24020
26401
28431
30085
31338
32178
32592
32571
32121
31244
29952
28263
26203
23790
21066
18060
14817
11375
7786
4089
342
-3412
-7119
-10733
-14204
-17489
-20538
-23318
-25789
-27917
-29674
-31041
-31994
-32523
-32622
-32289
-31526
-30345
-28767
-26801
-24483
-21841
-18909
-15724
-12334
-8778
-5108
-1368
2386
6114
9756
13273
16610
19727
22587
25144
27368
29230
30706
31772
32418
32637
32419
31773
30708
29233
27370
25148
22589
19732
16613
13276
9759
6117
2389
-1365
-5105
-8775
-12331
-15721
-18906
-21838
-24481
-26799
-28765
-30345
-31526
-32289
-32622
-32523
-31995
-31042
-29676
-27919
-25790
-23321
-20541
-17491
-14207
-10736
-7122
-3415
339
4086
7783
11372
14814
18058
21063
23787
26201
28261
29950
31243
32120
32570
32592
32179
31339
30087
28433
26403
24022
21327
18343
15120
11695
8117
4430
683
-3069
-6785
-10408
-13897
-17196
-20272
-23078
-25577
-27737
-29533
-30932
-31924
-32493
-32632
-32336
-31614
-30472
-28924
-26997
-24709
-22094
-19185
-16026
-12649
-9109
-5445
-1712
2045
5775
9431
12958
16316
19456
22339
24924
27183
29076
30588
31693
32379
32633
32456
31852
30820
29382
27555
25363
22833
20004
16906
13586
10084
6451
2730
-1023
-4769
-8445
-12015
-15422
-18627
-21583
-24255
-26604
-28600
-30218
-31436
-32235
-32610
-32552
-32060
-31144
-29818
-28094
-26000
-23558
-20808
-17777
-14516
-11058
-7456
-3754
-4
3748
7447
11052
14507
17772
20800
23553
25993
28089
29814
31140
32056
32549
32607
32233
31434
30217
28599
26603
24254
21582
18627
15422
12015
8446
4769
1024
-2729
-6451
-10084
-13586
-16906
-20004
-22834
-25364
-27557
-29384
-30822
-31854
-32459
-32636
-32383
-31696
-30592
-29081
-27187
-24929
-22344
-19461
-16321
-12964
-9436
-5781
-2052
1706
5439
9103
12644
16020
19180
22089
24704
26992
28920
30468
31610
32332
32629
32491
31921
30931
29531
27737
25576
23080
20271
17199
13896
10411
6785
3072
-683
-4427
-8117
-11695
-15120
-18344
-21328
-24023
-26404
-28434
-30088
-31341
-32181
-32595
-32574
-32123
-31247
-29955
-28266
-26206
-23793
-21069
-18063
-14820
-11378
-7789
-4092
-345
3409
7116
10730
14201
17486
20535
23315
25786
27914
29671
31038
31991
32520
32619
32286
31523
30343
28764
26798
24480
21838
18906
15721
12331
8775
5105
1365
-2389
-6117
-9759
-13276
-16613
-19730
-22590
-25147
-27371
-29233
-30709
-31775
-32421
-32640
-32422
-31776
-30711
-29236
-27373
-25151
-22592
-19735
-16616
-13279
-9762
-6120
-2392
1362
5102
8772
12328
15718
18903
21835
24479
26796
28762
30342
31523
32286
32619
32520
31992
31039
29673
27916
25787
23318
20538
17488
14204
10733
7119
3412
-342
-4089
-7786
-11375
-14817
-18061
-21066
-23790
-26204
-28264
-29953
-31246
-32123
-32573
-32595
-32182
-31342
-30090
-28436
-26406
-24025
-21330
-18346
-15123
-11698
-8120
-4433
-686
3066
6782
10405
13894
17193
20269
23075
25574
27734
29530
30929
31921
32490
32629
32333
31611
30469
28921
26994
24706
22091
19182
16023
12646
9106
5442
1709
-2048
-5778
-9434
-12961
-16319
-19458
-22342
-24927
-27186
-29079
-30591
-31696
-32382
-32636
-32459
-31855
-30823
-29385
-27558
-25366
-22836
-20006
-16909
-13589
-10087
-6454
-2733
1020
4766
8442
12012
15419
18624
21580
24252
26601
28597
30215
31434
32232
32607
32549
32057
31141
29815
28091
25997
23555
20805
17774
14513
11055
7453
3751
1
-3751
-7450
-11055
-14510
-17775
-20803
-23556
-25996
-28092
-29817
-31143
-32059
-32552
-32610
-32236
-31437
-30220
-28602
-26606
-24257
-21585
-18629
-15425
-12018
-8449
-4772
-1027
2726
6448
10081
13583
16903
20001
22831
25361
27554
29381
30819
31851
32456
32633
32380
31693
30589
29078
27184
24926
22341
19458
16319
12961
9434
5778
2049
-1709
-5442
-9106
-12647
-16023
-19183
-22092
-24707
-26995
-28923
-30471
-31613
-32335
-32632
-32494
-31924
-30934
-29534
-27740
-25579
-23083
-20274
-17202
-13899
-10414
-6788
-3075
680
4424
8114
11692
15117
18341
21325
24020
26401
28431
30085
31338
32178
32592
32571
32121
31244
29952
28263
26203
23790
21066
18060
14817
11375
7786
4089
342
-3412
-7119
-10733
-14204
-17489
-20538
-23318
-25789
-27917
-29674
-31041
-31994
-32523
-32622
-32289
-31526
-30345
-28767
-26801
-24483
-21841
-18909
-15724
-12334
-8778
-5108
-1368
2386
6114
9756
13273
16610
19727
22587
25144
27368
29230
30706
31772
32418
32637
32419
31773
30708
29233
27370
25148
22589
19732
16613
13276
9759
6117
2389
-1365
-5105
-8775
-12331
-15721
-18906
-21838
-24481
-26799
-28765
-30345
-31526
-32289
-32622
-32523
-31995
-31042
-29676
-27919
-25790
-23321
-20541
-17491
-14207
-10736
-7122
-3415
339
4086
7783
11372
14814
18058
21063
23787
26201
28261
29950
31243
32120
32570
32592
32179
31339
30087
28433
26403
24022
21327
18343
15120
11695
8117
4430
683
-3069
-6785
-10408
-13897
-17196
-20272
-23078
-25577
-27737
-29533
-30932
-31924
-32493
-32632
-32336
-31614
-30472
-28924
-26997
-24709
-22094
-19185
-16026
-12649
-9109
-5445
-1712
2045
5775
9431
12958
16316
19456
22339
24924
27183
29076
30588
31693
32379
32633
32456
31852
30820
29382
27555
25363
22833
20004
16906
13586
10084
6451
2730
-1023
-4769
-8445
-12015
-15422
-18627
-21583
-24255
-26604
-28600
-30218
-31436
-32235
-32610
-32552
-32060
-31144
-29818
-28094
-26000
-23558
-20808
-17777
-14516
-11058
-7456
-3754
-4
3748
7447
11052
14507
17772
20800
23553
25993
28089
29814
31140
32056
32549
32607
32233
31434
30217
28599
26603
24254
21582
18627
15422
12015
8446
4769
1024
-2729
-6451
-10084
-13586
-16906
-20004
-22834
-25364
-27557
-29384
-30822
-31854
-32459
-32636
-32383
-31696
-30592
-29081
-27187
-24929
-22344
-19461
-16321
-12964
-9436
-5781
-2052
1706
5439
9103
12644
16020
19180
22089
24704
26992
28920
30468
31610
32332
32629
32491
31921
30931
29531
27737
25576
23080
20271
17199
13896
10411
6785
3072
-683
-4427
-8117
-11695
-15120
-18344
-21328
-24023
-26404
-28434
-30088
-31341
-32181
-32595
-32574
-32123
-31247
-29955
-28266
-26206
-23793
-21069
-18063
-14820
-11378
-7789
-4092
-345
3409
7116
10730
14201
17486
20535
23315
25786
27914
29671
31038
31991
32520
32619
32286
31523
30343
28764
26798
24480
21838
18906
15721
12331
8775
5105
1365
-2389
-6117
-9759
-13276
-16613
-19730
-22590
-25147
-27371
-29233
-30709
-31775
-32421
-32640
-32422
-31776
-30711
-29236
-27373
-25151
-22592
-19735
-16616
-13279
-9762
-6120
-2392
1362
5102
8772
12328
15718
18903
21835
24479
26796
28762
30342
31523
32286
32619
32520
31992
31039
29673
27916
25787
23318
20538
17488
14204
10733
7119
3412
-342
-4089
-7786
-11375
-14817
-18061
-21066
-23790
-26204
-28264
-29953
-31246
-32123
-32573
-32595
-32182
-31342
-30090
-28436
-26406
-24025
-21330
-18346
-15123
-11698
-8120
-4433
-686
3066
6782
10405
13894
17193
20269
23075
25574
27734
29530
30929
31921
32490
32629
32333
31611
30469
28921
26994
24706
22091
19182
16023
12646
9106
5442
1709
-2048
-5778
-9434
-12961
-16319
-19458
-22342
-24927
-27186
-29079
-30591
-31696
-32382
-32636
-32459
-31855
-30823
-29385
-27558
-25366
-22836
-20006
-16909
-13589
-10087
-6454
-2733
1020
4766
8442
12012
15419
18624
21580
24252
26601
28597
30215
31434
32232
32607
32549
32057
31141
29815
28091
25997
23555
20805
17774
14513
11055
7453
3751
1
-3751
-7450
-11055
-14510
-17775
-20803
-23556
-25996
-28092
-29817
-31143
-32059
-32552
-32610
-32236
-31437
-30220
-28602
-26606
-24257
-21585
-18629
-15425
-12018
-8449
-4772
-1027
2726
6448
10081
13583
16903
20001
22831
25361
27554
29381
30819
31851
32456
32633
32380
31693
30589
29078
27184
24926
22341
19458
16319
12961
9434
5778
2049
-1709
-5442
-9106
-12647
-16023
-19183
-22092
-24707
-26995
-28923
-30471
-31613
-32335
-32632
-32494
-31924
-30934
-29534
-27740
-25579
-23083
-20274
-17202
-13899
-10414
-6788
-3075
680
4424
8114
11692
15117
18341
21325
24020
26401
28431
30085
31338
32178
32592
32571
32121
31244
29952
28263
26203
23790
21066
18060
14817
11375
7786
4089
342
-3412
-7119
-10733
-14204
-17489
-20538
-23318
-25789
-27917
-29674
-31041
-31994
-32523
-32622
-32289
-31526
-30345
-28767
-26801
-24483
-21841
-18909
-15724
-12334
-8778
-5108
-1368
2386
6114
9756
13273
16610
19727
22587
25144
27368
29230
30706
31772
32418
32637
32419
31773
30708
29233
27370
25148
22589
19732
16613
13276
9759
6117
2389
-1365
-5105
-8775
-12331
-15721
-18906
-21838
-24481
-26799
-28765
-30345
-31526
-32289
-32622
-32523
-31995
-31042
-29676
-27919
-25790
-23321
-20541
-17491
-14207
-10736
-7122
-3415
339
4086
7783
11372
14814
18058
21063
23787
26201
28261
29950
31243
32120
32570
32592
32179
31339
30087
28433
26403
24022
21327
18343
15120
11695
8117
4430
683
-3069
-6785
-10408
-13897
-17196
-20272
-23078
-25577
-27737
-29533
-30932
-31924
-32493
-32632
-32336
-31614
-30472
-28924
-26997
-24709
-22094
-19185
-16026
-12649
-9109
-5445
-1712
2045
5775
9431
12958
16316
19456
22339
24924
27183
29076
30588
31693
32379
32633
32456
31852
30820
29382
27555
25363
22833
20004
16906
13586
10084
6451
2730
-1023
-4769
-8445
-12015
-15422
-18627
-21583
-24255
-26604
-28600
-30218
-31436
-32235
-32610
-32552
-32060
-31144
-29818
-28094
-26000
-23558
-20808
-17777
-14516
-11058
-7456
-3754
-4
3748
7447
11052
14507
17772
20800
23553
25993
28089
29814
31140
32056
32549
32607
32233
31434
30217
28599
26603
24254
21582
18627
15422
12015
8446
4769
1024
-2729
-6451
-10084
-13586
-16906
-20004
-22834
-25364
-27557
-29384
-30822
-31854
-32459
-32636
-32383
-31696
-30592
-29081
-27187
-24929
-22344
-19461
-16321
-12964
-9436
-5781
-2052
1706
5439
9103
12644
16020
19180
22089
24704
26992
28920
30468
31610
32332
32629
32491
31921
30931
29531
27737
25576
23080
20271
17199
13896
10411
6785
3072
-683
-4427
-8117
-11695
-15120
-18344
-21328
-24023
-26404
-28434
-30088
-31341
-32181
-32595
-32574
-32123
-31247
-29955
-28266
-26206
-23793
-21069
-18063
-14820
-11378
-7789
-4092
-345
3409
7116
10730
14201
17486
20535
23315
25786
27914
29671
31038
31991
32520
32619
32286
31523
30343
28764
26798
24480
21838
18906
15721
12331
8775
5105
1365
-2389
-6117
-9759
-13276
-16613
-19730
-22590
-25147
-27371
-29233
-30709
-31775
-32421
-32640
-32422
-31776
-30711
-29236
-27373
-25151
-22592
-19735
-16616
-13279
-9762
-6120
-2392
1362
5102
8772
12328
15718
18903
21835
24479
26796
28762
30342
31523
32286
32619
32520
31992
31039
29673
27916
25787
23318
20538
17488
14204
10733
7119
3412
-342
-4089
-7786
-11375
-14817
-18061
-21066
-23790
-26204
-28264
-29953
-31246
-32123
-32573
-32595
-32182
-31342
-30090
-28436
-26406
-24025
-21330
-18346
-15123
-11698
-8120
-4433
-686
3066
6782
10405
13894
17193
20269
23075
25574
27734
29530
30929
31921
32490
32629
32333
31611
30469
28921
26994
24706
22091
19182
16023
12646
9106
5442
1709
-2048
-5778
-9434
-12961
-16319
-19458
-22342
-24927
-27186
-29079
-30591
-31696
-32382
-32636
-32459
-31855
-30823
-29385
-27558
-25366
-22836
-20006
-16909
-13589
-10087
-6454
-2733
1020
4766
8442
12012
15419
18624
21580
24252
26601
28597
30215
31434
32232
32607
32549
32057
31141
29815
28091
25997
23555
20805
17774
14513
11055
7453
3751
1
-3751
-7450
-11055
-14510
-17775
-20803
-23556
-25996
-28092
-29817
-31143
-32059
-32552
-32610
-32236
-31437
-30220
-28602
-26606
-24257
-21585
-18629
-15425
-12018
-8449
-4772
-1027
2726
6448
10081
13583
16903
20001
22831
25361
27554
29381
30819
31851
32456
32633
32380
31693
30589
29078
27184
24926
22341
19458
16319
12961
9434
5778
2049
-1709
-5442
-9106
-12647
-16023
-19183
-22092
-24707
-26995
-28923
-30471
-31613
-32335
-32632
-32494
-31924
-30934
-29534
-27740
-25579
-23083
-20274
-17202
-13899
-10414
-6788
-3075
680
4424
8114
11692
15117
18341
21325
24020
26401
28431
30085
31338
32178
32592
32571
32121
31244
29952
28263
26203
23790
21066
18060
14817
11375
7786
4089
342
-3412
-7119
-10733
-14204
-17489
-20538
-23318
-25789
-27917
-29674
-31041
-31994
-32523
-32622
-32289
-31526
-30345
-28767
-26801
-24483
-21841
-18909
-15724
-12334
-8778
-5108
-1368
2386
6114
9756
13273
16610
19727
22587
25144
27368
29230
30706
31772
32418
32637
32419
31773
30708
29233
27370
25148
22589
19732
16613
13276
9759
6117
2389
-1365
-5105
-8775
-12331
-15721
-18906
-21838
-24481
-26799
-28765
-30345
-31526
-32289
-32622
-32523
-31995
-31042
-29676
-27919
-25790
-23321
-20541
-17491
-14207
-10736
-7122
-3415
339
4086
7783
11372
14814
18058
21063
23787
26201
28261
29950
31243
32120
32570
32592
32179
31339
30087
28433
26403
24022
21327
18343
15120
11695
8117
4430
683
-3069
-6785
-10408
-13897
-17196
-20272
-23078
-25577
-27737
-29533
-30932
-31924
-32493
-32632
-32336
-31614
-30472
-28924
-26997
-24709
-22094
-19185
-16026
-12649
-9109
-5445
-1712
2045
5775
9431
12958
16316
19456
22339
24924
27183
29076
30588
31693
32379
32633
32456
31852
30820
29382
27555
25363
22833
20004
16906
13586
10084
6451
2730
-1023
-4769
-8445
-12015
-15422
-18627
-21583
-24255
-26604
-28600
-30218
-31436
-32235
-32610
-32552
-32060
-31144
-29818
-28094
-26000
-23558
-20808
-17777
-14516
-11058
-7456
-3754
-4
3748
7447
11052
14507
17772
20800
23553
25993
28089
29814
31140
32056
32549
32607
32233
31434
30217
28599
26603
24254
21582
18627
15422
12015
8446
4769
1024
-2729
-6451
-10084
-13586
-16906
-20004
-22834
-25364
-27557
-29384
-30822
-31854
-32459
-32636
-32383
-31696
-30592
-29081
-27187
-24929
-22344
-19461
-16321
-12964
-9436
-5781
-2052
1706
5439
9103
12644
16020
19180
22089
24704
26992
28920
30468
31610
32332
32629
32491
31921
30931
29531
27737
25576
23080
20271
17199
13896
10411
6785
3072
-683
-4427
-8117
-11695
-15120
-18344
-21328
-24023
-26404
-28434
-30088
-31341
-32181
-32595
-32574
-32123
-31247
-29955
-28266
-26206
-23793
-21069
-18063
-14820
-11378
-7789
-4092
-345
3409
7116
10730
14201
17486
20535
23315
25786
27914
29671
31038
31991
32520
32619
32286
31523
30343
28764
26798
24480
21838
18906
15721
12331
8775
5105
1365
-2389
-6117
-9759
-13276
-16613
-19730
-22590
-25147
-27371
-29233
-30709
-31775
-32421
-32640
-32422
-31776
-30711
-29236
-27373
-25151
-22592
-19735
-16616
-13279
-9762
-6120
-2392
1362
5102
8772
12328
15718
18903
21835
24479
26796
28762
30342
31523
32286
32619
32520
31992
31039
29673
27916
25787
23318
20538
17488
14204
10733
7119
3412
-342
-4089
-7786
-11375
-14817
-18061
-21066
-23790
-26204
-28264
-29953
-31246
-32123
-32573
-32595
-32182
-31342
-30090
-28436
-26406
-24025
-21330
-18346
-15123
-11698
-8120
-4433
-686
3066
6782
10405
13894
17193
20269
23075
25574
27734
29530
30929
31921
32490
32629
32333
31611
30469
28921
26994
24706
22091
19182
16023
12646
9106
5442
1709
-2048
-5778
-9434
-12961
-16319
-19458
-22342
-24927
-27186
-29079
-30591
-31696
-32382
-32636
-32459
-31855
-30823
-29385
-27558
-25366
-22836
-20006
-16909
-13589
-10087
-6454
-2733
1020
4766
8442
12012
15419
18624
21580
24252
26601
28597
30215
31434
32232
32607
32549
32057
31141
29815
28091
25997
23555
20805
17774
14513
11055
7453
3751
1
-3751
-7450
-11055
-14510
-17775
-20803
-23556
-25996
-28092
-29817
-31143
-32059
-32552
-32610
-32236
-31437
-30220
-28602
-26606
-24257
-21585
-18629
-15425
-12018
-8449
-4772
-1027
2726
6448
10081
13583
16903
20001
22831
25361
27554
29381
30819
31851
32456
32633
32380
31693
30589
29078
27184
24926
22341
19458
16319
12961
9434
5778
2049
-1709
-5442
-9106
-12647
-16023
-19183
-22092
-24707
-26995
-28923
-30471
-31613
-32335
-32632
-32494
-31924
-30934
-29534
-27740
-25579
-23083
-20274
-17202
-13899
-10414
-6788
-3075
680
4424
8114
11692
15117
18341
21325
24020
26401
28431
30085
31338
32178
32592
32571
32121
31244
29952
28263
26203
23790
21066
18060
14817
11375
7786
4089
342
-3412
-7119
-10733
-14204
-17489
-20538
-23318
-25789
-27917
-29674
-31041
-31994
-32523
-32622
-32289
-31526
-30345
-28767
-26801
-24483
-21841
-18909
-15724
-12334
-8778
-5108
-1368
2386
6114
9756
13273
16610
19727
22587
25144
27368
29230
30706
31772
32418
32637
32419
31773
30708
29233
27370
25148
22589
19732
16613
13276
9759
6117
2389
-1365
-5105
-8775
-12331
-15721
-18906
-21838
-24481
-26799
-28765
-30345
-31526
-32289
-32622
-32523
-31995
-31042
-29676
-27919
-25790
-23321
-20541
-17491
-14207
-10736
-7122
-3415
339
4086
7783
11372
14814
18058
21063
23787
26201
28261
29950
31243
32120
32570
32592
32179
31339
30087
28433
26403
24022
21327
18343
15120
11695
8117
4430
683
-3069
-6785
-10408
-13897
-17196
-20272
-23078
-25577
-27737
-29533
-30932
-31924
-32493
-32632
-32336
-31614
-30472
-28924
-26997
-24709
-22094
-19185
-16026
-12649
-9109
-5445
-1712
2045
5775
9431
12958
16316
19456
22339
24924
27183
29076
30588
31693
32379
32633
32456
31852
30820
29382
27555
25363
22833
20004
16906
13586
10084
6451
2730
-1023
-4769
-8445
-12015
-15422
-18627
-21583
-24255
-26604
-28600
-30218
-31436
-32235
-32610
-32552
-32060
-31144
-29818
-28094
-26000
-23558
-20808
-17777
-14516
-11058
-7456
-3754
-4
3748
7447
11052
14507
17772
20800
23553
25993
28089
29814
31140
32056
32549
32607
32233
31434
30217
28599
26603
24254
21582
18627
15422
12015
8446
4769
1024
-2729
-6451
-10084
-13586
-16906
-20004
-22834
-25364
-27557
-29384
-30822
-31854
-32459
-32636
-32383
-31696
-30592
-29081
-27187
-24929
-22344
-19461
-16321
-12964
-9436
-5781
-2052
1706
5439
9103
12644
16020
19180
22089
24704
26992
28920
30468
31610
32332
32629
32491
31921
30931
29531
27737
25576
23080
20271
17199
13896
10411
6785
3072
-683
-4427
-8117
-11695
-15120
-18344
-21328
-24023
-26404
-28434
-30088
-31341
-32181
-32595
-32574
-32123
-31247
-29955
-28266
-26206
-23793
-21069
-18063
-14820
-11378
-7789
-4092
-345
3409
7116
10730
14201
17486
20535
23315
25786
27914
29671
31038
31991
32520
32619
32286
31523
30343
28764
26798
24480
21838
18906
15721
12331
8775
5105
1365
-2389
-6117
-9759
-13276
-16613
-19730
-22590
-25147
-27371
-29233
-30709
-31775
-32421
-32640
-32422
-31776
-30711
-29236
-27373
-25151
-22592
-19735
-16616
-13279
-9762
-6120
-2392
1362
5102
8772
12328
15718
18903
21835
24479
26796
28762
30342
31523
32286
32619
32520
31992
31039
29673
27916
25787
23318
20538
17488
14204
10733
7119
3412
-342
-4089
-7786
-11375
-14817
-18061
-21066
-23790
-26204
-28264
-29953
-31246
-32123
-32573
-32595
-32182
-31342
-30090
-28436
-26406
-24025
-21330
-18346
-15123
-11698
-8120
-4433
-686
3066
6782
10405
13894
17193
20269
23075
25574
27734
29530
30929
31921
32490
32629
32333
31611
30469
28921
26994
24706
22091
19182
16023
12646
9106
5442
1709
-2048
-5778
-9434
-12961
-16319
-19458
-22342
-24927
-27186
-29079
-30591
-31696
-32382
-32636
-32459
-31855
-30823
-29385
-27558
-25366
-22836
-20006
-16909
-13589
-10087
-6454
-2733
1020
4766
8442
12012
15419
18624
21580
24252
26601
28597
30215
31434
32232
32607
32549
32057
31141
29815
28091
25997
23555
20805
17774
14513
11055
7453
3751
1
-3751
-7450
-11055
-14510
-17775
-20803
-23556
-25996
-28092
-29817
-31143
-32059
-32552
-32610
-32236
-31437
-30220
-28602
-26606
-24257
-21585
-18629
-15425
-12018
-8449
-4772
-1027
2726
6448
10081
13583
16903
20001
22831
25361
27554
29381
30819
31851
32456
32633
32380
31693
30589
29078
27184
24926
22341
19458
16319
12961
9434
5778
2049
-1709
-5442
-9106
-12647
-16023
-19183
-22092
-24707
-26995
-28923
-30471
-31613
-32335
-32632
-32494
-31924
-30934
-29534
-27740
-25579
-23083
-20274
-17202
-13899
-10414
-6788
-3075
680
4424
8114
11692
15117
18341
21325
24020
26401
28431
30085
31338
32178
32592
32571
32121
31244
29952
28263
26203
23790
21066
18060
14817
11375
7786
4089
342
-3412
-7119
-10733
-14204
-17489
-20538
-23318
-25789
-27917
-29674
-31041
-31994
-32523
-32622
-32289
-31526
-30345
-28767
-26801
-24483
-21841
-18909
-15724
-12334
-8778
-5108
-1368
2386
6114
9756
13273
16610
19727
22587
25144
27368
29230
30706
31772
32418
32637
32419
31773
30708
29233
27370
25148
22589
19732
16613
13276
9759
6117
2389
-1365
-5105
-8775
-12331
-15721
-18906
-21838
-24481
-26799
-28765
-30345
-31526
-32289
-32622
-32523
-31995
-31042
-29676
-27919
-25790
-23321
-20541
-17491
-14207
-10736
-7122
-3415
339
4086
7783
11372
14814
18058
21063
23787
26201
28261
29950
31243
32120
32570
32592
32179
31339
30087
28433
26403
24022
21327
18343
15120
11695
8117
4430
683
-3069
-6785
-10408
-13897
-17196
-20272
-23078
-25577
-27737
-29533
-30932
-31924
-32493
-32632
-32336
-31614
-30472
-28924
-26997
-24709
-22094
-19185
-16026
-12649
-9109
-5445
-1712
2045
5775
9431
12958
16316
19456
22339
24924
27183
29076
30588
31693
32379
32633
32456
31852
30820
29382
27555
25363
22833
20004
16906
13586
10084
6451
2730
-1023
-4769
-8445
-12015
-15422
-18627
-21583
-24255
-26604
-28600
-30218
-31436
-32235
-32610
-32552
-32060
-31144
-29818
-28094
-26000
-23558
-20808
-17777
-14516
-11058
-7456
-3754
-4
3748
7447
11052
14507
17772
20800
23553
25993
28089
29814
31140
32056
32549
32607
32233
31434
30217
28599
26603
24254
21582
18627
15422
12015
8446
4769
1024
-2729
-6451
-10084
-13586
-16906
-20004
-22834
-25364
-27557
-29384
-30822
-31854
-32459
-32636
-32383
-31696
-30592
-29081
-27187
-24929
-22344
-19461
-16321
-12964
-9436
-5781
-2052
1706
5439
9103
12644
16020
19180
22089
24704
26992
28920
30467
31610
32332
32629
32491
31921
30931
29531
27737
25576
23080
20271
17199
13896
10411
6785
3072
-683
-4427
-8117
-11695
-15120
-18344
-21328
-24023
-26404
-28434
-30088
-31341
-32181
-32595
-32574
-32123
-31247
-29955
-28266
-26206
-23793
-21069
-18063
-14820
-11378
-7789
-4092
-345
3409
7116
10730
14201
17486
20535
23315
25786
27914
29671
31038
31991
32520
32619
32286
31523
30343
28764
26798
24480
21838
18906
15721
12331
8775
5105
1365
-2389
-6117
-9759
-13273
-16613
-19730
-22590
-25147
-27371
-29233
-30709
-31775
-32421
-32640
-32422
-31776
-30711
-29236
-27373
-25151
-22592
-19735
-16616
-13279
-9762
-6120
-2392
1362
5102
8772
12328
15718
18903
21835
24479
26796
28762
30342
31523
32286
32619
32520
31992
31039
29673
27916
25787
23318
20538
17488
14204
10733
7119
3412
-342
-4089
-7786
-11375
-14817
-18061
-21066
-23790
-26204
-28264
-29953
-31246
-32123
-32573
-32595
-32182
-31342
-30090
-28436
-26406
-24025
-21330
-18346
-15123
-11701
-8120
-4433
-686
3066
6782
10405
13894
17193
20269
23075
25574
27734
29530
30929
31921
32490
32629
32333
31611
30469
28921
26994
24706
22091
19182
16023
12646
9106
5442
1709
-2048
-5778
-9434
-12961
-16319
-19458
-22342
-24927
-27186
-29079
-30591
-31696
-32382
-32636
-32459
-31855
-30823
-29385
-27558
-25366
-22836
-20006
-16909
-13589
-10087
-6454
-2733
1020
4766
8442
12012
15419
18624
21580
24252
26601
28597
30215
31434
32232
32607
32549
32057
31141
29817
28091
25997
23555
20805
17774
14513
11055
7453
3751
1
-3751
-7450
-11055
-14510
-17775
-20803
-23556
-25996
-28092
-29817
-31143
-32059
-32552
-32610
-32236
-31437
-30220
-28602
-26606
-24257
-21585
-18629
-15425
-12018
-8449
-4772
-1027
2726
6448
10081
13583
16903
20001
22831
25361
27554
29381
30819
31851
32456
32633
32380
31693
30589
29078
27184
24926
22341
19458
16319
12961
9434
5778
2049
-1709
-5442
-9106
-12647
-16023
-19183
-22092
-24707
-26995
-28923
-30470
-31613
-32335
-32632
-32494
-31924
-30934
-29534
-27740
-25579
-23083
-20274
-17202
-13899
-10414
-6788
-3075
680
4424
8114
11692
15117
18341
21325
24020
26401
28431
30085
31338
32178
32592
32571
32121
31244
29952
28263
26203
23790
21066
18060
14817
11375
7786
4089
342
-3412
-7119
-10733
-14204
-17489
-20538
-23318
-25789
-27917
-29674
-31041
-31994
-32523
-32622
-32289
-31526
-30345
-28767
-26801
-24483
-21841
-18909
-15724
-12334
-8778
-5108
-1368
2386
6114
9756
13270
16610
19727
22587
25144
27368
29230
30706
31772
32418
32637
32419
31773
30708
29233
27370
25148
22589
19732
16613
13276
9759
6117
2389
-1365
-5105
-8775
-12331
-15721
-18906
-21838
-24481
-26799
-28765
-30345
-31526
-32289
-32622
-32523
-31995
-31042
-29676
-27919
-25790
-23321
-20541
-17491
-14207
-10736
-7122
-3415
339
4086
7783
11372
14814
18058
21063
23787
26201
28261
29950
31243
32120
32570
32592
32179
31339
30087
28433
26403
24022
21327
18343
15120
11698
8117
4430
683
-3069
-6785
-10408
-13897
-17196
-20272
-23078
-25577
-27737
-29533
-30932
-31924
-32493
-32632
-32336
-31614
-30472
-28924
-26997
-24709
-22094
-19185
-16026
-12649
-9109
-5445
-1712
2045
5775
9431
12958
16316
19456
22339
24924
27183
29076
30588
31693
32379
32633
32456
31852
30820
29382
27555
25363
22833
20004
16906
13586
10084
6451
2730
-1023
-4769
-8445
-12015
-15422
-18627
-21583
-24255
-26604
-28600
-30218
-31436
-32235
-32610
-32552
-32060
-31144
-29820
-28094
-26000
-23558
-20808
-17777
-14516
-11058
-7456
-3754
-4
3748
7447
11052
14507
17772
20800
23553
25993
28089
29814
31140
32056
32549
32607
32233
31434
30217
28599
26603
24254
21582
18627
15422
12015
8446
4769
1024
-2729
-6451
-10084
-13586
-16906
-20004
-22834
-25364
-27557
-29384
-30822
-31854
-32459
-32636
-32383
-31696
-30592
-29081
-27187
-24929
-22344
-19461
-16321
-12964
-9436
-5781
-2052
1706
5439
9103
12644
16020
19180
22089
24704
26992
28920
30467
31610
32332
32629
32491
31921
30931
29531
27737
25576
23080
20271
17199
13896
10411
6785
3072
-683
-4427
-8117
-11695
-15120
-18344
-21328
-24023
-26404
-28434
-30088
-31341
-32181
-32595
-32574
-32123
-31247
-29955
-28266
-26206
-23793
-21069
-18063
-14820
-11378
-7789
-4092
-345
3409
7116
10730
14201
17486
20535
23315
25786
27914
29671
31038
31991
32520
32619
32286
31523
30343
28764
26798
24480
21838
18906
15721
12331
8775
5105
1365
-2389
-6117
-9759
-13273
-16613
-19730
-22590
-25147
-27371
-29233
-30709
-31775
-32421
-32640
-32422
-31776
-30711
-29236
-27373
-25151
-22592
-19735
-16616
-13279
-9762
-6120
-2392
1362
5102
8772
12328
15718
18903
21835
24479
26796
28762
30342
31523
32286
32619
32520
31992
31039
29673
27916
25787
23318
20538
17488
14204
10733
7119
3412
-342
-4089
-7786
-11375
-14817
-18061
-21066
-23790
-26204
-28264
-29953
-31246
-32123
-32573
-32595
-32182
-31342
-30090
-28436
-26406
-24025
-21330
-18346
-15123
-11701
-8120
-4433
-686
3066
6782
10405
13894
17193
20269
23075
25574
27734
29530
30929
31921
32490
32629
32333
31611
30469
28921
26994
24706
22091
19182
16023
12646
9106
5442
1709
-2048
-5778
-9434
-12961
-16319
-19458
-22342
-24927
-27186
-29079
-30591
-31696
-32382
-32636
-32459
-31855
-30823
-29385
-27558
-25366
-22836
-20006
-16909
-13589
-10087
-6454
-2733
1020
4766
8442
12012
15419
18624
21580
24252
26601
28597
30215
31434
32232
32607
32549
32057
31141
29817
28091
25997
23555
20805
17774
14513
11055
7453
3751
1
-3751
-7450
-11055
-14510
-17775
-20803
-23556
-25996
-28092
-29817
-31143
-32059
-32552
-32610
-32236
-31437
-30220
-28602
-26606
-24257
-21585
-18629
-15425
-12018
-8449
-4772
-1027
2726
6448
10081
13583
16903
20001
22831
25361
27554
29381
30819
31851
32456
32633
32380
31693
30589
29078
27184
24926
22341
19458
16319
12961
9434
5778
2049
-1709
-5442
-9106
-12647
-16023
-19183
-22092
-24707
-26995
-28923
-30470
-31613
-32335
-32632
-32494
-31924
-30934
-29534
-27740
-25579
-23083
-20274
-17202
-13899
-10414
-6788
-3075
680
4424
8114
11692
15117
18341
21325
24020
26401
28431
30085
31338
32178
32592
32571
32121
31244
29952
28263
26203
23790
21066
18060
14817
11375
7786
4089
342
-3412
-7119
-10733
-14204
-17489
-20538
-23318
-25789
-27917
-29674
-31041
-31994
-32523
-32622
-32289
-31526
-30345
-28767
-26801
-24483
-21841
-18909
-15724
-12334
-8778
-5108
-1368
2386
6114
9756
13270
16610
19727
22587
25144
27368
29230
30706
31772
32418
32637
32419
31773
30708
29233
27370
25148
22589
19732
16613
13276
9759
6117
2389
-1365
-5105
-8775
-12331
-15721
-18906
-21838
-24481
-26799
-28765
-30345
-31526
-32289
-32622
-32523
-31995
-31042
-29676
-27919
-25790
-23321
-20541
-17491
-14207
-10736
-7122
-3415
339
4086
7783
11372
14814
18058
21063
23787
26201
28261
29950
31243
32120
32570
32592
32179
31339
30087
28433
26403
24022
21327
18343
15120
11698
8117
4430
683
-3069
-6785
-10408
-13897
-17196
-20272
-23078
-25577
-27737
-29533
-30932
-31924
-32493
-32632
-32336
-31614
-30472
-28924
-26997
-24709
-22094
-19185
-16026
-12649
-9109
-5445
-1712
2045
5775
9431
12958
16316
19456
22339
24924
27183
29076
30588
31693
32379
32633
32456
31852
30820
29382
27555
25363
22833
20004
16906
13586
10084
6451
2730
-1023
-4769
-8445
-12015
-15422
-18627
-21583
-24255
-26604
-28600
-30218
-31436
-32235
-32610
-32552
-32060
-31144
-29820
-28094
-26000
-23558
-20808
-17777
-14516
-11058
-7456
-3754
-4
3748
7447
11052
14507
17772
20800
23553
25993
28089
29814
31140
32056
32549
32607
32233
31434
30217
28599
26603
24254
21582
18627
15422
12015
8446
4769
1024
-2729
-6451
-10084
-13586
-16906
-20004
-22834
-25364
-27557
-29384
-30822
-31854
-32459
-32636
-32383
-31696
-30592
-29081
-27187
-24929
-22344
-19461
-16321
-12964
-9436
-5781
-2052
1706
5439
9103
12644
16020
19180
22089
24704
26992
28920
30467
31610
32332
32629
32491
31921
30931
29531
27737
25576
23080
20271
17199
13896
10411
6785
3072
-683
-4427
-8117
-11695
-15120
-18344
-21328
-24023
-26404
-28434
-30088
-31341
-32181
-32595
-32574
-32123
-31247
-29955
-28266
-26206
-23793
-21069
-18063
-14820
-11378
-7789
-4092
-345
3409
7116
10730
14201
17486
20535
23315
25786
27914
29671
31038
31991
32520
32619
32286
31523
30343
28764
26798
24480
21838
18906
15721
12331
8775
5105
1365
-2389
-6117
-9759
-13273
-16613
-19730
-22590
-25147
-27371
-29233
-30709
-31775
-32421
-32640
-32422
-31776
-30711
-29236
-27373
-25151
-22592
-19735
-16616
-13279
-9762
-6120
-2392
1362
5102
8772
12328
15718
18903
21835
24479
26796
28762
30342
31523
32286
32619
32520
31992
31039
29673
27916
25787
23318
20538
17488
14204
10733
7119
3412
-342
-4089
-7786
-11375
-14817
-18061
-21066
-23790
-26204
-28264
-29953
-31246
-32123
-32573
-32595
-32182
-31342
-30090
-28436
-26406
-24025
-21330
-18346
-15123
-11701
-8120
-4433
-686
3066
6782
10405
13894
17193
20269
23075
25574
27734
29530
30929
31921
32490
32629
32333
31611
30469
28921
26994
24706
22091
19182
16023
12646
9106
5442
1709
-2048
-5778
-9434
-12961
-16319
-19458
-22342
-24927
-27186
-29079
-30591
-31696
-32382
-32636
-32459
-31855
-30823
-29385
-27558
-25366
-22836
-20006
-16909
-13589
-10087
-6454
-2733
1020
4766
8442
12012
15419
18624
21580
24252
26601
28597
30215
31434
32232
32607
32549
32057
31141
29817
28091
25997
23555
20805
17774
14513
11055
7453
3751
1
-3751
-7450
-11055
-14510
-17775
-20803
-23556
-25996
-28092
-29817
-31143
-32059
-32552
-32610
-32236
-31437
-30220
-28602
-26606
-24257
-21585
-18629
-15425
-12018
-8449
-4772
-1027
2726
6448
10081
13583
16903
20001
22831
25361
27554
29381
30819
31851
32456
32633
32380
31693
30589
29078
27184
24926
22341
19458
16319
12961
9434
5778
2049
-1709
-5442
-9106
-12647
-16023
-19183
-22092
-24707
-26995
-28923
-30470
-31613
-32335
-32632
-32494
-31924
-30934
-29534
-27740
-25579
-23083
-20274
-17202
-13899
-10414
-6788
-3075
680
4424
8114
11692
15117
18341
21325
24020
26401
28431
30085
31338
32178
32592
32571
32121
31244
29952
28263
26203
23790
21066
18060
14817
11375
7786
4089
342
-3412
-7119
-10733
-14204
-17489
-20538
-23318
-25789
-27917
-29674
-31041
-31994
-32523
-32622
-32289
-31526
-30345
-28767
-26801
-24483
-21841
-18909
-15724
-12334
-8778
-5108
-1368
2386
6114
9756
13270
16610
19727
22587
25144
27368
29230
30706
31772
32418
32637
32419
31773
30708
29233
27370
25148
22589
19732
16613
13276
9759
6117
2389
-1365
-5105
-8775
-12331
-15721
-18906
-21838
-24481
-26799
-28765
-30345
-31526
-32289
-32622
-32523
-31995
-31042
-29676
-27919
-25790
-23321
-20541
-17491
-14207
-10736
-7122
-3415
339
4086
7783
11372
14814
18058
21063
23787
26201
28261
29950
31243
32120
32570
32592
32179
31339
30087
28433
26403
24022
21327
18343
15120
11698
8117
4430
683
-3069
-6785
-10408
-13897
-17196
-20272
-23078
-25577
-27737
-29533
-30932
-31924
-32493
-32632
-32336
-31614
-30472
-28924
-26997
-24709
-22094
-19185
-16026
-12649
-9109
-5445
-1712
2045
5775
9431
12958
16316
19456
22339
24924
27183
29076
30588
31693
32379
32633
32456
31852
30820
29382
27555
25363
22833
20004
16906
13586
10084
6451
2730
-1023
-4769
-8445
-12015
-15422
-18627
-21583
-24255
-26604
-28600
-30218
-31436
-32235
-32610
-32552
-32060
-31144
-29820
-28094
-26000
-23558
-20808
-17777
-14516
-11058
-7456
-3754
-4
3748
7447
11052
14507
17772
20800
23553
25993
28089
29814
31140
32056
32549
32607
32233
31434
30217
28599
26603
24254
21582
18627
15422
12015
8446
4769
1024
-2729
-6451
-10084
-13586
-16906
-20004
-22834
-25364
-27557
-29384
-30822
-31854
-32459
-32636
-32383
-31696
-30592
-29081
-27187
-24929
-22344
-19461
-16321
-12964
-9436
-5781
-2052
1706
5439
9103
12644
16020
19180
22089
24704
26992
28920
30467
31610
32332
32629
32491
31921
30931
29531
27737
25576
23080
20271
17199
13896
10411
6785
3072
-683
-4427
-8117
-11695
-15120
-18344
-21328
-24023
-26404
-28434
-30088
-31341
-32181
-32595
-32574
-32123
-31247
-29955
-28266
-26206
-23793
-21069
-18063
-14820
-11378
-7789
-4092
-345
3409
7116
10730
14201
17486
20535
23315
25786
27914
29671
31038
31991
32520
32619
32286
31523
30343
28764
26798
24480
21838
18906
15721
12331
8775
5105
1365
-2389
-6117
-9759
-13273
-16613
-19730
-22590
-25147
-27371
-29233
-30709
-31775
-32421
-32640
-32422
-31776
-30711
-29236
-27373
-25151
-22592
-19735
-16616
-13279
-9762
-6120
-2392
1362
5102
8772
12328
15718
18903
21835
24479
26796
28762
30342
31523
32286
32619
32520
31992
31039
29673
27916
25787
23318
20538
17488
14204
10733
7119
3412
-342
-4089
-7786
-11375
-14817
-18061
-21066
-23790
-26204
-28264
-29953
-31246
-32123
-32573
-32595
-32182
-31342
-30090
-28436
-26406
-24025
-21330
-18346
-15123
-11701
-8120
-4433
-686
3066
6782
10405
13894
17193
20269
23075
25574
27734
29530
30929
31921
32490
32629
32333
31611
30469
28921
26994
24706
22091
19182
16023
12646
9106
5442
1709
-2048
-5778
-9434
-12961
-16319
-19458
-22342
-24927
-27186
-29079
-30591
-31696
-32382
-32636
-32459
-31855
-30823
-29385
-27558
-25366
-22836
-20006
-16909
-13589
-10087
-6454
-2733
1020
4766
8442
12012
15419
18624
21580
24252
26601
28597
30215
31434
32232
32607
32549
32057
31141
29817
28091
25997
23555
20805
17774
14513
11055
7453
3751
1
-3751
-7450
-11055
-14510
-17775
-20803
-23556
-25996
-28092
-29817
-31143
-32059
-32552
-32610
-32236
-31437
-30220
-28602
-26606
-24257
-21585
-18629
-15425
-12018
-8449
-4772
-1027
2726
6448
10081
13583
16903
20001
22831
25361
27554
29381
30819
31851
32456
32633
32380
31693
30589
29078
27184
24926
22341
19458
16319
12961
9434
5778
2049
-1709
-5442
-9106
-12647
-16023
-19183
-22092
-24707
-26995
-28923
-30470
-31613
-32335
-32632
-32494
-31924
-30934
-29534
-27740
-25579
-23083
-20274
-17202
-13899
-10414
-6788
-3075
680
4424
8114
11692
15117
18341
21325
24020
26401
28431
30085
31338
32178
32592
32571
32121
31244
29952
28263
26203
23790
21066
18060
14817
11375
7786
4089
342
-3412
-7119
-10733
-14204
-17489
-20538
-23318
-25789
-27917
-29674
-31041
-31994
-32523
-32622
-32289
-31526
-30345
-28767
-26801
-24483
-21841
-18909
-15724
-12334
-8778
-5108
-1368
2386
6114
9756
13270
16610
19727
22587
25144
27368
29230
30706
31772
32418
32637
32419
31773
30708
29233
27370
25148
22589
19732
16613
13276
9759
6117
2389
-1365
-5105
-8775
-12331
-15721
-18906
-21838
-24481
-26799
-28765
-30345
-31526
-32289
-32622
-32523
-31995
-31042
-29676
-27919
-25790
-23321
-20541
-17491
-14207
-10736
-7122
-3415
339
4086
7783
11372
14814
18058
21063
23787
26201
28261
29950
31243
32120
32570
32592
32179
31339
30087
28433
26403
24022
21327
18343
15120
11698
8117
4430
683
-3069
-6785
-10408
-13897
-17196
-20272
-23078
-25577
-27737
-29533
-30932
-31924
-32493
-32632
-32336
-31614
-30472
-28924
-26997
-24709
-22094
-19185
-16026
-12649
-9109
-5445
-1712
2045
5775
9431
12958
16316
19456
22339
24924
27183
29076
30588
31693
32379
32633
32456
31852
30820
29382
27555
25363
22833
20004
16906
13586
10084
6451
2730
-1023
-4769
-8445
-12015
-15422
-18627
-21583
-24255
-26604
-28600
-30218
-31436
-32235
-32610
-32552
-32060
-31144
-29820
-28094
-26000
-23558
-20808
-17777
-14516
-11058
-7456
-3754
-4
3748
7447
11052
14507
17772
20800
23553
25993
28089
29814
31140
32056
32549
32607
32233
31434
30217
28599
26603
24254
21582
18627
15422
12015
8446
4769
1024
-2729
-6451
-10084
-13586
-16906
-20004
-22834
-25364
-27557
-29384
-30822
-31854
-32459
-32636
-32383
-31696
-30592
-29081
-27187
-24929
-22344
-19461
-16321
-12964
-9436
-5781
-2052
1706
5439
9103
12644
16020
19180
22089
24704
26992
28920
30467
31610
32332
32629
32491
31921
30931
29531
27737
25576
23080
20271
17199
13896
10411
6785
3072
-683
-4427
-8117
-11695
-15120
-18344
-21328
-24023
-26404
-28434
-30088
-31341
-32181
-32595
-32574
-32123
-31247
-29955
-28266
-26206
-23793
-21069
-18063
-14820
-11378
-7789
-4092
-345
3409
7116
10730
14201
17486
20535
23315
25786
27914
29671
31038
31991
32520
32619
32286
31523
30343
28764
26798
24480
21838
18906
15721
12331
8775
5105
1365
-2389
-6117
-9759
-13273
-16613
-19730
-22590
-25147
-27371
-29233
-30709
-31775
-32421
-32640
-32422
-31776
-30711
-29236
-27373
-25151
-22592
-19735
-16616
-13279
-9762
-6120
-2392
1362
5102
8772
12328
15718
18903
21835
24479
26796
28762
30342
31523
32286
32619
32520
31992
31039
29673
27916
25787
23318
20538
17488
14204
10733
7119
3412
-342
-4089
-7786
-11375
-14817
-18061
-21066
-23790
-26204
-28264
-29953
-31246
-32123
-32573
-32595
-32182
-31342
-30090
-28436
-26406
-24025
-21330
-18346
-15123
-11701
-8120
-4433
-686
3066
6782
10405
13894
17193
20269
23075
25574
27734
29530
30929
31921
32490
32629
32333
31611
30469
28921
26994
24706
22091
19182
16023
12646
9106
5442
1709
-2048
-5778
-9434
-12961
-16319
-19458
-22342
-24927
-27186
-29079
-30591
-31696
-32382
-32636
-32459
-31855
-30823
-29385
-27558
-25366
-22836
-20006
-16909
-13589
-10087
-6454
-2733
1020
4766
8442
12012
15419
18624
21580
24252
26601
28597
30215
31434
32232
32607
32549
32057
31141
29817
28091
25997
23555
20805
17774
14513
11055
7453
3751
1
-3751
-7450
-11055
-14510
-17775
-20803
-23556
-25996
-28092
-29817
-31143
-32059
-32552
-32610
-32236
-31437
-30220
-28602
-26606
-24257
-21585
-18629
-15425
-12018
-8449
-4772
-1027
2726
6448
10081
13583
16903
20001
22831
25361
27554
29381
30819
31851
32456
32633
32380
31693
30589
29078
27184
24926
22341
19458
16319
12961
9434
5778
2049
-1709
-5442
-9106
-12647
-16023
-19183
-22092
-24707
-26995
-28923
-30470
-31613
-32335
-32632
-32494
-31924
-30934
-29534
-27740
-25579
-23083
-20274
-17202
-13899
-10414
-6788
-3075
680
4424
8114
11692
15117
18341
21325
24020
26401
28431
30085
31338
32178
32592
32571
32121
31244
29952
28263
26203
23790
21066
18060
14817
11375
7786
4089
342
-3412
-7119
-10733
-14204
-17489
-20538
-23318
-25789
-27917
-29674
-31041
-31994
-32523
-32622
-32289
-31526
-30345
-28767
-26801
-24483
-21841
-18909
-15724
-12334
-8778
-5108
-1368
2386
6114
9756
13270
16610
19727
22587
25144
27368
29230
30706
31772
32418
32637
32419
31773
30708
29233
27370
25148
22589
19732
16613
13276
9759
6117
2389
-1365
-5105
-8775
-12331
-15721
-18906
-21838
-24481
-26799
-28765
-30345
-31526
-32289
-32622
-32523
-31995
-31042
-29676
-27919
-25790
-23321
-20541
-17491
-14207
-10736
-7122
-3415
339
4086
7783
11372
14814
18058
21063
23787
26201
28261
29950
31243
32120
32570
32592
32179
31339
30087
28433
26403
24022
21327
18343
15120
11698
8117
4430
683
-3069
-6785
-10408
-13897
-17196
-20272
-23078
-25577
-27737
-29533
-30932
-31924
-32493
-32632
-32336
-31614
-30472
-28924
-26997
-24709
-22094
-19185
-16026
-12649
-9109
-5445
-1712
2045
5775
9431
12958
16316
19456
22339
24924
27183
29076
30588
31693
32379
32633
32456
31852
30820
29382
27555
25363
22833
20004
16906
13586
10084
6451
2730
-1023
-4769
-8445
-12015
-15422
-18627
-21583
-24255
-26604
-28600
-30218
-31436
-32235
-32610
-32552
-32060
-31144
-29820
-28094
-26000
-23558
-20808
-17777
-14516
-11058
-7456
-3754
-4
3748
7447
11052
14507
17772
20800
23553
25993
28089
29814
31140
32056
32549
32607
32233
31434
30217
28599
26603
24254
21582
18627
15422
12015
8446
4769
1024
-2729
-6451
-10084
-13586
-16906
-20004
-22834
-25364
-27557
-29384
-30822
-31854
-32459
-32636
-32383
-31696
-30592
-29081
-27187
-24929
-22344
-19461
-16321
-12964
-9436
-5781
-2052
1706
5439
9103
12644
16020
19180
22089
24704
26992
28920
30467
31610
32332
32629
32491
31921
30931
29531
27737
25576
23080
20271
17199
13896
10411
6785
3072
-683
-4427
-8117
-11695
-15120
-18344
-21328
-24023
-26404
-28434
-30088
-31341
-32181
-32595
-32574
-32123
-31247
-29955
-28266
-26206
-23793
-21069
-18063
-14820
-11378
-7789
-4092
-345
3409
7116
10730
14201
17486
20535
23315
25786
27914
29671
31038
31991
32520
32619
32286
31523
30343
28764
26798
24480
21838
18906
15721
12331
8775
5105
1365
-2389
-6117
-9759
-13273
-16613
-19730
-22590
-25147
-27371
-29233
-30709
-31775
-32421
-32640
-32422
-31776
-30711
-29236
-27373
-25151
-22592
-19735
-16616
-13279
-9762
-6120
-2392
1362
5102
8772
12328
15718
18903
21835
24479
26796
28762
30342
31523
32286
32619
32520
31992
31039
29673
27916
25787
23318
20538
17488
14204
10733
7119
3412
-342
-4089
-7786
-11375
-14817
-18061
-21066
-23790
-26204
-28264
-29953
-31246
-32123
-32573
-32595
-32182
-31342
-30090
-28436
-26406
-24025
-21330
-18346
-15123
-11701
-8120
-4433
-686
3066
6782
10405
13894
17193
20269
23075
25574
27734
29530
30929
31921
32490
32629
32333
31611
30469
28921
26994
24706
22091
19182
16023
12646
9106
5442
1709
-2048
-5778
-9434
-12961
-16319
-19458
-22342
-24927
-27186
-29079
-30591
-31696
-32382
-32636
-32459
-31855
-30823
-29385
-27558
-25366
-22836
-20006
-16909
-13589
-10087
-6454
-2733
1020
4766
8442
12012
15419
18624
21580
24252
26601
28597
30215
31434
32232
32607
32549
32057
31141
29817
28091
25997
23555
20805
17774
14513
11055
7453
3751
1
-3751
-7450
-11055
-14510
-17775
-20803
-23556
-25996
-28092
-29817
-31143
-32059
-32552
-32610
-32236
-31437
-30220
-28602
-26606
-24257
-21585
-18629
-15425
-12018
-8449
-4772
-1027
2726
6448
10081
13583
16903
20001
22831
25361
27554
29381
30819
31851
32456
32633
32380
31693
30589
29078
27184
24926
22341
19458
16319
12961
9434
5778
2049
-1709
-5442
-9106
-12647
-16023
-19183
-22092
-24707
-26995
-28923
-30470
-31613
-32335
-32632
-32494
-31924
-30934
-29534
-27740
-25579
-23083
-20274
-17202
-13899
-10414
-6788
-3075
680
4424
8114
11692
15117
18341
21325
24020
26401
28431
30085
31338
32178
32592
32571
32121
31244
29952
28263
26203
23790
21066
18060
14817
11375
7786
4089
342
-3412
-7119
-10733
-14204
-17489
-20538
-23318
-25789
-27917
-29674
-31041
-31994
-32523
-32622
-32289
-31526
-30345
-28767
-26801
-24483
-21841
-18909
-15724
-12334
-8778
-5108
-1368
2386
6114
9756
13270
16610
19727
22587
25144
27368
29230
30706
31772
32418
32637
32419
31773
30708
29233
27370
25148
22589
19732
16613
13276
9759
6117
2389
-1365
-5105
-8775
-12331
-15721
-18906
-21838
-24481
-26799
-28765
-30345
-31526
-32289
-32622
-32523
-31995
-31042
-29676
-27919
-25790
-23321
-20541
-17491
-14207
-10736
-7122
-3415
339
4086
7783
11372
14814
18058
21063
23787
26201
28261
29950
31243
32120
32570
32592
32179
31339
30087
28433
26403
24022
21327
18343
15120
11698
8117
4430
683
-3069
-6785
-10408
-13897
-17196
-20272
-23078
-25577
-27737
-29533
-30932
-31924
-32493
-32632
-32336
-31614
-30472
-28924
-26997
-24709
-22094
-19185
-16026
-12649
-9109
-5445
-1712
2045
5775
9431
12958
16316
19456
22339
24924
27183
29076
30588
31693
32379
32633
32456
31852
30820
29382
27555
25363
22833
20004
16906
13586
10084
6451
2730
-1023
-4769
-8445
-12015
-15422
-18627
-21583
-24255
-26604
-28600
-30218
-31436
-32235
-32610
-32552
-32060
-31144
-29820
-28094
-26000
-23558
-20808
-17777
-14516
-11058
-7456
-3754
-4
3748
7447
11052
14507
17772
20800
23553
25993
28089
29814
31140
32056
32549
32607
32233
31434
30217
28599
26603
24254
21582
18627
15422
12015
8446
4769
1024
-2729
-6451
-10084
-13586
-16906
-20004
-22834
-25364
-27557
-29384
-30822
-31854
-32459
-32636
-32383
-31696
-30592
-29081
-27187
-24929
-22344
-19461
-16321
-12964
-9436
-5781
-2052
1706
5439
9103
12644
16020
19180
22089
24704
26992
28920
30467
31610
32332
32629
32491
31921
30931
29531
27737
25576
23080
20271
17199
13896
10411
6785
3072
-683
-4427
-8117
-11695
-15120
-18344
-21328
-24023
-26404
-28434
-30088
-31341
-32181
-32595
-32574
-32123
-31247
-29955
-28266
-26206
-23793
-21069
-18063
-14820
-11378
-7789
-4092
-345
3409
7116
10730
14201
17486
20535
23315
25786
27914
29671
31038
31991
32520
32619
32286
31523
30343
28764
26798
24480
21838
18906
15721
12331
8775
5105
1365
-2389
-6117
-9759
-13273
-16613
-19730
-22590
-25147
-27371
-29233
-30709
-31775
-32421
-32640
-32422
-31776
-30711
-29236
-27373
-25151
-22592
-19735
-16616
-13279
-9762
-6120
-2392
1362
5102
8772
12328
15718
18903
21835
24479
26796
28762
30342
31523
32286
32619
32520
31992
31039
29673
27916
25787
23318
20538
17488
14204
10733
7119
3412
-342
-4089
-7786
-11375
-14817
-18061
-21066
-23790
-26204
-28264
-29953
-31246
-32123
-32573
-32595
-32182
-31342
-30090
-28436
-26406
-24025
-21330
-18346
-15123
-11701
-8120
-4433
-686
3066
6782
10405
13894
17193
20269
23075
25574
27734
29530
30929
31921
32490
32629
32333
31611
30469
28921
26994
24706
22091
19182
16023
12646
9106
5442
1709
-2048
-5778
-9434
-12961
-16319
-19458
-22342
-24927
-27186
-29079
-30591
-31696
-32382
-32636
-32459
-31855
-30823
-29385
-27558
-25366
-22836
-20006
-16909
-13589
-10087
-6454
-2733
1020
4766
8442
12012
15419
18624
21580
24252
26601
28597
30215
31434
32232
32607
32549
32057
31141
29817
28091
25997
23555
20805
17774
14513
11055
7453
3751
1
-3751
-7450
-11055
-14510
-17775
-20803
-23556
-25996
-28092
-29817
-31143
-32059
-32552
-32610
-32236
-31437
-30220
-28602
-26606
-24257
-21585
-18629
-15425
-12018
-8449
-4772
-1027
2726
6448
10081
13583
16903
20001
22831
25361
27554
29381
30819
31851
32456
32633
32380
31693
30589
29078
27184
24926
22341
19458
16319
12961
9434
5778
2049
-1709
-5442
-9106
-12647
-16023
-19183
-22092
-24707
-26995
-28923
-30470
-31613
-32335
-32632
-32494
-31924
-30934
-29534
-27740
-25579
-23083
-20274
-17202
-13899
-10414
-6788
-3075
680
4424
8114
11692
15117
18341
21325
24020
26401
28431
30085
31338
32178
32592
32571
32121
31244
29952
28263
26203
23790
21066
18060
14817
11375
7786
4089
342
-3412
-7119
-10733
-14204
-17489
-20538
-23318
-25789
-27917
-29674
-31041
-31994
-32523
-32622
-32289
-31526
-30345
-28767
-26801
-24483
-21841
-18909
-15724
-12334
-8778
-5108
-1368
2386
6114
9756
13270
16610
19727
22587
25144
27368
29230
30706
31772
32418
32637
32419
31773
30708
29233
27370
25148
22589
19732
16613
13276
9759
6117
2389
-1365
-5105
-8775
-12331
-15721
-18906
-21838
-24481
-26799
-28765
-30345
-31526
-32289
-32622
-32523
-31995
-31042
-29676
-27919
-25790
-23321
-20541
-17491
-14207
-10736
-7122
-3415
339
4086
7783
11372
14814
18058
21063
23787
26201
28261
29950
31243
32120
32570
32592
32179
31339
30087
28433
26403
24022
21327
18343
15120
11698
8117
4430
683
-3069
-6785
-10408
-13897
-17196
-20272
-23078
-25577
-27737
-29533
-30932
-31924
-32493
-32632
-32336
-31614
-30472
-28924
-26997
-24709
-22094
-19185
-16026
-12649
-9109
-5445
-1712
2045
5775
9431
12958
16316
19456
22339
24924
27183
29076
30588
31693
32379
32633
32456
31852
30820
29382
27555
25363
22833
20004
16906
13586
10084
6451
2730
-1023
-4769
-8445
-12015
-15422
-18627
-21583
-24255
-26604
-28600
-30218
-31436
-32235
-32610
-32552
-32060
-31144
-29820
-28094
-26000
-23558
-20808
-17777
-14516
-11058
-7456
-3754
-4
3748
7447
11052
14507
17772
20800
23553
25993
28089
29814
31140
32056
32549
32607
32233
31434
30217
28599
26603
24254
21582
18627
15422
12015
8446
4769
1024
-2729
-6451
-10084
-13586
-16906
-20004
-22834
-25364
-27557
-29384
-30822
-31854
-32459
-32636
-32383
-31696
-30592
-29081
-27187
-24929
-22344
-19461
-16321
-12964
-9436
-5781
-2052
1706
5439
9103
12644
16020
19180
22089
24704
26992
28920
30467
31610
32332
32629
32491
31921
30931
29531
27737
25576
23080
20271
17199
13896
10411
6785
3072
-683
-4427
-8117
-11695
-15120
-18344
-21328
-24023
-26404
-28434
-30088
-31341
-32181
-32595
-32574
-32123
-31247
-29955
-28266
-26206
-23793
-21069
-18063
-14820
-11378
-7789
-4092
-345
3409
7116
10730
14201
17486
20535
23315
25786
27914
29671
31038
31991
32520
32619
32286
31523
30343
28764
26798
24480
21838
18906
15721
12331
8775
5105
1365
-2389
-6117
-9759
-13273
-16613
-19730
-22590
-25147
-27371
-29233
-30709
-31775
-32421
-32640
-32422
-31776
-30711
-29236
-27373
-25151
-22592
-19735
-16616
-13279
-9762
-6120
-2392
1362
5102
8772
12328
15718
18903
21835
24479
26796
28762
30342
31523
32286
32619
32520
31992
31039
29673
27916
25787
23318
20538
17488
14204
10733
7119
3412
-342
-4089
-7786
-11375
-14817
-18061
-21066
-23790
-26204
-28264
-29953
-31246
-32123
-32573
-32595
-32182
-31342
-30090
-28436
-26406
-24025
-21330
-18346
-15123
-11701
-8120
-4433
-686
3066
6782
10405
13894
17193
20269
23075
25574
27734
29530
30929
31921
32490
32629
32333
31611
30469
28921
26994
24706
22091
19182
16023
12646
9106
5442
1709
-2048
-5778
-9434
-12961
-16319
-19458
-22342
-24927
-27186
-29079
-30591
-31696
-32382
-32636
-32459
-31855
-30823
-29385
-27558
-25366
-22836
-20006
-16909
-13589
-10087
-6454
-2733
1020
4766
8442
12012
15419
18624
21580
24252
26601
28597
30215
31434
32232
32607
32549
32057
31141
29817
28091
25997
23555
20805
17774
14513
11055
7453
3751
1
-3751
-7450
-11055
-14510
-17775
-20803
-23556
-25996
-28092
-29817
-31143
-32059
-32552
-32610
-32236
-31437
-30220
-28602
-26606
-24257
-21585
-18629
-15425
-12018
-8449
-4772
-1027
2726
6448
10081
13583
16903
20001
22831
25361
27554
29381
30819
31851
32456
32633
32380
31693
30589
29078
27184
24926
22341
19458
16319
12961
9434
5778
2049
-1709
-5442
-9106
-12647
-16023
-19183
-22092
-24707
-26995
-28923
-30470
-31613
-32335
-32632
-32494
-31924
-30934
-29534
-27740
-25579
-23083
-20274
-17202
-13899
-10414
-6788
-3075
680
4424
8114
11692
15117
18341
21325
24020
26401
28431
30085
31338
32178
32592
32571
32121
31244
29952
28263
26203
23790
21066
18060
14817
11375
7786
4089
342
-3412
-7119
-10733
-14204
-17489
-20538
-23318
-25789
-27917
-29674
-31041
-31994
-32523
-32622
-32289
-31526
-30345
-28767
-26801
-24483
-21841
-18909
-15724
-12334
-8778
-5108
-1368
2386
6114
9756
13270
16610
19727
22587
25144
27368
29230
30706
31772
32418
32637
32419
31773
30708
29233
27370
25148
22589
19732
16613
13276
9759
6117
2389
-1365
-5105
-8775
-12331
-15721
-18906
-21838
-24481
-26799
-28765
-30345
-31526
-32289
-32622
-32523
-31995
-31042
-29676
-27919
-25790
-23321
-20541
-17491
-14207
-10736
-7122
-3415
339
4086
7783
11372
14814
18058
21063
23787
26201
28261
29950
31243
32120
32570
32592
32179
31339
30087
28433
26403
24022
21327
18343
15120
11698
8117
4430
683
-3069
-6785
-10408
-13897
-17196
-20272
-23078
-25577
-27737
-29533
-30932
-31924
-32493
-32632
-32336
-31614
-30472
-28924
-26997
-24709
-22094
-19185
-16026
-12649
-9109
-5445
-1712
2045
5775
9431
12958
16316
19456
22339
24924
27183
29076
30588
31693
32379
32633
32456
31852
30820
29382
27555
25363
22833
20004
16906
13586
10084
6451
2730
-1023
-4769
-8445
-12015
-15422
-18627
-21583
-24255
-26604
-28600
-30218
-31436
-32235
-32610
-32552
-32060
-31144
-29820
-28094
-26000
-23558
-20808
-17777
-14516
-11058
-7456
-3754
-4
3748
7447
11052
14507
17772
20800
23553
25993
28089
29814
31140
32056
32549
32607
32233
31434
30217
28599
26603
24254
21582
18627
15422
12015
8446
4769
1024
-2729
-6451
-10084
-13586
-16906
-20004
-22834
-25364
-27557
-29384
-30822
-31854
-32459
-32636
-32383
-31696
-30592
-29081
-27187
-24929
-22344
-19461
-16321
-12964
-9436
-5781
-2052
1706
5439
9103
12644
16020
19180
22089
24704
26992
28920
30467
31610
32332
32629
32491
31921
30931
29531
27737
25576
23080
20271
17199
13896
10411
6785
3072
-683
-4427
-8117
-11695
-15120
-18344
-21328
-24023
-26404
-28434
-30088
-31341
-32181
-32595
-32574
-32123
-31247
-29955
-28266
-26206
-23793
-21069
-18063
-14820
-11378
-7789
-4092
-345
3409
7116
10730
14201
17486
20535
23315
25786
27914
29671
31038
31991
32520
32619
32286
31523
30343
28764
26798
24480
21838
18906
15721
12331
8775
5105
1365
-2389
-6117
-9759
-13273
-16613
-19730
-22590
-25147
-27371
-29233
-30709
-31775
-32421
-32640
-32422
-31776
-30711
-29236
-27373
-25151
-22592
-19735
-16616
-13279
-9762
-6120
-2392
1362
5102
8772
12328
15718
18903
21835
24479
26796
28762
30342
31523
32286
32619
32520
31992
31039
29673
27916
25787
23318
20538
17488
14204
10733
7119
3412
-342
-4089
-7786
-11375
-14817
-18061
-21066
-23790
-26204
-28264
-29953
-31246
-32123
-32573
-32595
-32182
-31342
-30090
-28436
-26406
-24025
-21330
-18346
-15123
-11701
-8120
-4433
-686
3066
6782
10405
13894
17193
20269
23075
25574
27734
29530
30929
31921
32490
32629
32333
31611
30469
28921
26994
24706
22091
19182
16023
12646
9106
5442
1709
-2048
-5778
-9434
-12961
-16319
-19458
-22342
-24927
-27186
-29079
-30591
-31696
-32382
-32636
-32459
-31855
-30823
-29385
-27558
-25366
-22836
-20006
-16909
-13589
-10087
-6454
-2733
1020
4766
8442
12012
15419
18624
21580
24252
26601
28597
30215
31434
32232
32607
32549
32057
31141
29817
28091
25997
23555
20805
17774
14513
11055
7453
3751
1
-3751
-7450
-11055
-14510
-17775
-20803
-23556
-25996
-28092
-29817
-31143
-32059
-32552
-32610
-32236
-31437
-30220
-28602
-26606
-24257
-21585
-18629
-15425
-12018
-8449
-4772
-1027
2726
6448
10081
13583
16903
20001
22831
25361
27554
29381
30819
31851
32456
32633
32380
31693
30589
29078
27184
24926
22341
19458
16319
12961
9434
5778
2049
-1709
-5442
-9106
-12647
-16023
-19183
-22092
-24707
-26995
-28923
-30470
-31613
-32335
-32632
-32494
-31924
-30934
-29534
-27740
-25579
-23083
-20274
-17202
-13899
-10414
-6788
-3075
680
4424
8114
11692
15117
18341
21325
24020
26401
28431
30085
31338
32178
32592
32571
32121
31244
29952
28263
26203
23790
21066
18060
14817
11375
7786
4089
342
-3412
-7119
-10733
-14204
-17489
-20538
-23318
-25789
-27917
-29674
-31041
-31994
-32523
-32622
-32289
-31526
-30345
-28767
-26801
-24483
-21841
-18909
-15724
-12334
-8778
-5108
-1368
2386
6114
9756
13270
16610
19727
22587
25144
27368
29230
30706
31772
32418
32637
32419
31773
30708
29233
27370
25148
22589
19732
16613
13276
9759
6117
2389
-1365
-5105
-8775
-12331
-15721
-18906
-21838
-24481
-26799
-28765
-30345
-31526
-32289
-32622
-32523
-31995
-31042
-29676
-27919
-25790
-23321
-20541
-17491
-14207
-10736
-7122
-3415
339
4086
7783
11372
14814
18058
21063
23787
26201
28261
29950
31243
32120
32570
32592
32179
31339
30087
28433
26403
24022
21327
18343
15120
11698
8117
4430
683
-3069
-6785
-10408
-13897
-17196
-20272
-23078
-25577
-27737
-29533
-30932
-31924
-32493
-32632
-32336
-31614
-30472
-28924
-26997
-24709
-22094
-19185
-16026
-12649
-9109
-5445
-1712
2045
5775
9431
12958
16316
19456
22339
24924
27183
29076
30588
31693
32379
32633
32456
31852
30820
29382
27555
25363
22833
20004
16906
13586
10084
6451
2730
-1023
-4769
-8445
-12015
-15422
-18627
-21583
-24255
-26604
-28600
-30218
-31436
-32235
-32610
-32552
-32060
-31144
-29820
-28094
-26000
-23558
-20808
-17777
-14516
-11058
-7456
-3754
-4
3748
7447
11052
14507
17772
20800
23553
25993
28089
29814
31140
32056
32549
32607
32233
31434
30217
28599
26603
24254
21582
18627
15422
12015
8446
4769
1024
-2729
-6451
-10084
-13586
-16906
-20004
-22834
-25364
-27557
-29384
-30822
-31854
-32459
-32636
-32383
-31696
-30592
-29081
-27187
-24929
-22344
-19461
-16321
-12964
-9436
-5781
-2052
1706
5439
9103
12644
16020
19180
22089
24704
26992
28920
30467
31610
32332
32629
32491
31921
30931
29531
27737
25576
23080
20271
17199
13896
10411
6785
3072
-683
-4427
-8117
-11695
-15120
-18344
-21328
-24023
-26404
-28434
-30088
-31341
-32181
-32595
-32574
-32123
-31247
-29955
-28266
-26206
-23793
-21069
-18063
-14820
-11378
-7789
-4092
-345
3409
7116
10730
14201
17486
20535
23315
25786
27914
29671
31038
31991
32520
32619
32286
31523
30343
28764
26798
24480
21838
18906
15721
12331
8775
5105
1365
-2389
-6117
-9759
-13273
-16613
-19730
-22590
-25147
-27371
-29233
-30709
-31775
-32421
-32640
-32422
-31776
-30711
-29236
-27373
-25151
-22592
-19735
-16616
-13279
-9762
-6120
-2392
1362
5102
8772
12328
15718
18903
21835
24479
26796
28762
30342
31523
32286
32619
32520
31992
31039
29673
27916
25787
23318
20538
17488
14204
10733
7119
3412
-342
-4089
-7786
-11375
-14817
-18061
-21066
-23790
-26204
-28264
-29953
-31246
-32123
-32573
-32595
-32182
-31342
-30090
-28436
-26406
-24025
-21330
-18346
-15123
-11701
-8120
-4433
-686
3066
6782
10405
13894
17193
20269
23075
25574
27734
29530
30929
31921
32490
32629
32333
31611
30469
28921
26994
24706
22091
19182
16023
12646
9106
5442
1709
-2048
-5778
-9434
-12961
-16319
-19458
-22342
-24927
-27186
-29079
-30591
-31696
-32382
-32636
-32459
-31855
-30823
-29385
-27558
-25366
-22836
-20006
-16909
-13589
-10087
-6454
-2733
1020
4766
8442
12012
15419
18624
21580
24252
26601
28597
30215
31434
32232
32607
32549
32057
31141
29817
28091
25997
23555
20805
17774
14513
11055
7453
3751
1
-3751
-7450
-11055
-14510
-17775
-20803
-23556
-25996
-28092
-29817
-31143
-32059
-32552
-32610
-32236
-31437
-30220
-28602
-26606
-24257
-21585
-18629
-15425
-12018
-8449
-4772
-1027
2726
6448
10081
13583
16903
20001
22831
25361
27554
29381
30819
31851
32456
32633
32380
31693
30589
29078
27184
24926
22341
19458
16319
12961
9434
5778
2049
-1709
-5442
-9106
-12647
-16023
-19183
-22092
-24707
-26995
-28923
-30470
-31613
-32335
-32632
-32494
-31924
-30934
-29534
-27740
-25579
-23083
-20274
-17202
-13899
-10414
-6788
-3075
680
4424
8114
11692
15117
18341
21325
24020
26401
28431
30085
31338
32178
32592
32571
32121
31244
29952
28263
26203
23790
21066
18060
14817
11375
7786
4089
342
-3412
-7119
-10733
-14204
-17489
-20538
-23318
-25789
-27917
-29674
-31041
-31994
-32523
-32622
-32289
-31526
-30345
-28767
-26801
-24483
-21841
-18909
-15724
-12334
-8778
-5108
-1368
2386
6114
9756
13270
16610
19727
22587
25144
27368
29230
30706
31772
32418
32637
32419
31773
30708
29233
27370
25148
22589
19732
16613
13276
9759
6117
2389
-1365
-5105
-8775
-12331
-15721
-18906
-21838
-24481
-26799
-28765
-30345
-31526
-32289
-32622
-32523
-31995
-31042
-29676
-27919
-25790
-23321
-20541
-17491
-14207
-10736
-7122
-3415
339
4086
7783
11372
14814
18058
21063
23787
26201
28261
29950
31243
32120
32570
32592
32179
31339
30087
28433
26403
24022
21327
18343
15120
11698
8117
4430
683
-3069
-6785
-10408
-13897
-17196
-20272
-23078
-25577
-27737
-29533
-30932
-31924
-32493
-32632
-32336
-31614
-30472
-28924
-26997
-24709
-22094
-19185
-16026
-12649
-9109
-5445
-1712
2045
5775
9431
12958
16316
19456
22339
24924
27183
29076
30588
31693
32379
32633
32456
31852
30820
29382
27555
25363
22833
20004
16906
13586
10084
6451
2730
-1023
-4769
-8445
-12015
-15422
-18627
-21583
-24255
-26604
-28600
-30218
-31436
-32235
-32610
-32552
-32060
-31144
-29820
-28094
-26000
-23558
-20808
-17777
-14516
-11058
-7456
-32640
-32640
-32640
32638
32638
32638
32638
32638
32638
32638
32638
32638
32638
32638
32638
32638
32638
32638
32638
32638
32638
32638
32638
32638
32638
32638
32638
32638
32638
32638
32638
32638
32638
32638
32638
32638
32638
32638
32638
32638
32638
32638
32638
32638
32638
32638
32638
32638
32638
32638
32638
32638
32638
32638
32638
32638
32638
-32640
-32640
-32640
-32640
-32640
-32640
-32640
-32640
-32640
-32640
-32640
-32640
-32640
-32640
-32640
-32640
-32640
-32640
-32640
-32640
-32640
-32640
-32640
-32640
-32640
-32640
-32640
-32640
-32640
-32640
-32640
-32640
-32640
-32640
-32640
-32640
-32640
-32640
-32640
-32640
-32640
-32640
-32640
-32640
-32640
-32640
-32640
-32640
-32640
-32640
-32640
-32640
-32640
-32640
-32640
32638
32638
32638
32638
32638
32638
32638
32638
32638
32638
32638
32638
32638
32638
32638
32638
32638
32638
32638
32638
32638
32638
32638
32638
32638
32638
32638
32638
32638
32638
32638
32638
32638
32638
32638
32638
32638
32638
32638
32638
32638
32638
32638
32638
32638
32638
32638
32638
32638
32638
32638
32638
32638
32638
-32640
-32640
-32640
-32640
-32640
-32640
-32640
-32640
-32640
-32640
-32640
-32640
-32640
-32640
-32640
-32640
-32640
-32640
-32640
-32640
-32640
-32640
-32640
-32640
-32640
-32640
-32640
-32640
-32640
-32640
-32640
-32640
-32640
-32640
-32640
-32640
-32640
-32640
-32640
-32640
-32640
-32640
-32640
-32640
-32640
-32640
-32640
-32640
-32640
-32640
-32640
-32640
-32640
-32640
-32640
32638
32638
32638
32638
32638
32638
32638
32638
32638
32638
32638
32638
32638
32638
32638
32638
32638
32638
32638
32638
32638
32638
32638
32638
32638
32638
32638
32638
32638
32638
32638
32638
32638
32638
32638
32638
32638
32638
32638
32638
32638
32638
32638
32638
32638
32638
32638
32638
32638
32638
32638
32638
32638
32638
-32640
-32640
-32640
-32640
-32640
-32640
-32640
-32640
-32640
-32640
-32640
-32640
-32640
-32640
-32640
-32640
-32640
-32640
-32640
-32640
-32640
-32640
-32640
-32640
-32640
-32640
-32640
-32640
-32640
-32640
-32640
-32640
-32640
-32640
-32640
-32640
-32640
-32640
-32640
-32640
-32640
-32640
-32640
-32640
-32640
-32640
-32640
-32640
-32640
-32640
-32640
-32640
-32640
-32640
-32640
32638
32638
32638
32638
32638
32638
32638
32638
32638
32638
32638
32638
32638
32638
32638
32638
32638
32638
32638
32638
32638
32638
32638
32638
32638
32638
32638
32638
32638
32638
32638
32638
32638
32638
32638
32638
32638
32638
32638
32638
32638
32638
32638
32638
32638
32638
32638
32638
32638
32638
32638
32638
32638
32638
-32640
-32640
-32640
-32640
-32640
-32640
-32640
-32640
-32640
-32640
-32640
-32640
-32640
-32640
-32640
-32640
-32640
-32640
-32640
-32640
-32640
-32640
-32640
-32640
-32640
-32640
-32640
-32640
-32640
-32640
-32640
-32640
-32640
-32640
-32640
-32640
-32640
-32640
-32640
-32640
-32640
-32640
-32640
-32640
-32640
-32640
-32640
-32640
-32640
-32640
-32640
-32640
-32640
-32640
-32640
32638
32638
32638
32638
32638
32638
32638
32638
32638
32638
32638
32638
32638
32638
32638
32638
32638
32638
32638
32638
32638
32638
32638
32638
32638
32638
32638
32638
32638
32638
32638
32638
32638
32638
32638
32638
32638
32638
32638
32638
32638
32638
32638
32638
32638
32638
32638
32638
32638
32638
32638
32638
32638
32638
-32640
-32640
-32640
-32640
-32640
-32640
-32640
-32640
-32640
-32640
-32640
-32640
-32640
-32640
-32640
-32640
-32640
-32640
-32640
-32640
-32640
-32640
-32640
-32640
-32640
-32640
-32640
-32640
-32640
-32640
-32640
-32640
-32640
-32640
-32640
-32640
-32640
-32640
-32640
-32640
-32640
-32640
-32640
-32640
-32640
-32640
-32640
-32640
-32640
-32640
-32640
-32640
-32640
-32640
-32640
32638
32638
32638
32638
32638
32638
32638
32638
32638
32638
32638
32638
32638
32638
32638
32638
32638
32638
32638
32638
32638
32638
32638
32638
32638
32638
32638
32638
32638
32638
32638
32638
32638
32638
32638
32638
32638
32638
32638
32638
32638
32638
32638
32638
32638
32638
32638
32638
32638
32638
32638
32638
32638
32638
32638
-32640
-32640
-32640
-32640
-32640
-32640
-32640
-32640
-32640
-32640
-32640
-32640
-32640
-32640
-32640
-32640
-32640
-32640
-32640
-32640
-32640
-32640
-32640
-32640
-32640
-32640
-32640
-32640
-32640
-32640
-32640
-32640
-32640
-32640
-32640
-32640
-32640
-32640
-32640
-32640
-32640
-32640
-32640
-32640
-32640
-32640
-32640
-32640
-32640
-32640
-32640
-32640
-32640
-32640
32638
32638
32638
32638
32638
32638
32638
32638
32638
32638
32638
32638
32638
32638
32638
32638
32638
32638
32638
32638
32638
32638
32638
32638
32638
32638
32638
32638
32638
32638
32638
32638
32638
32638
32638
32638
32638
32638
32638
32638
32638
32638
32638
32638
32638
32638
32638
32638
32638
32638
32638
32638
32638
32638
32638
-32640
-32640
-32640
-32640
-32640
-32640
-32640
-32640
-32640
-32640
-32640
-32640
-32640
-32640
-32640
-32640
-32640
-32640
-32640
-32640
-32640
-32640
-32640
-32640
-32640
-32640
-32640
-32640
-32640
-32640
-32640
-32640
-32640
-32640
-32640
-32640
-32640
-32640
-32640
-32640
-32640
-32640
-32640
-32640
-32640
-32640
-32640
-32640
-32640
-32640
-32640
-32640
-32640
-32640
32638
32638
32638
32638
32638
32638
32638
32638
32638
32638
32638
32638
32638
32638
32638
32638
32638
32638
32638
32638
32638
32638
32638
32638
32638
32638
32638
32638
32638
32638
32638
32638
32638
32638
32638
32638
32638
32638
32638
32638
32638
32638
32638
32638
32638
32638
32638
32638
32638
32638
32638
32638
32638
32638
32638
-32640
-32640
-32640
-32640
-32640
-32640
-32640
-32640
-32640
-32640
-32640
-32640
-32640
-32640
-32640
-32640
-32640
-32640
-32640
-32640
-32640
-32640
-32640
-32640
-32640
-32640
-32640
-32640
-32640
-32640
-32640
-32640
-32640
-32640
-32640
-32640
-32640
-32640
-32640
-32640
-32640
-32640
-32640
-32640
-32640
-32640
-32640
-32640
-32640
-32640
-32640
-32640
-32640
-32640
32638
32638
32638
32638
32638
32638
32638
32638
32638
32638
32638
32638
32638
32638
32638
32638
32638
32638
32638
32638
32638
32638
32638
32638
32638
32638
32638
32638
32638
32638
32638
32638
32638
32638
32638
32638
32638
32638
32638
32638
32638
32638
32638
32638
32638
32638
32638
32638
32638
32638
32638
32638
32638
32638
32638
-32640
-32640
-32640
-32640
-32640
-32640
-32640
-32640
-32640
-32640
-32640
-32640
-32640
-32640
-32640
-32640
-32640
-32640
-32640
-32640
-32640
-32640
-32640
-32640
-32640
-32640
-32640
-32640
-32640
-32640
-32640
-32640
-32640
-32640
-32640
-32640
-32640
-32640
-32640
-32640
-32640
-32640
-32640
-32640
-32640
-32640
-32640
-32640
-32640
-32640
-32640
-32640
-32640
-32640
32638
32638
32638
32638
32638
32638
32638
32638
32638
32638
32638
32638
32638
32638
32638
32638
32638
32638
32638
32638
32638
32638
32638
32638
32638
32638
32638
32638
32638
32638
32638
32638
32638
32638
32638
32638
32638
32638
32638
32638
32638
32638
32638
32638
32638
32638
32638
32638
32638
32638
32638
32638
32638
32638
32638
-32640
-32640
-32640
-32640
-32640
-32640
-32640
-32640
-32640
-32640
-32640
-32640
-32640
-32640
-32640
-32640
-32640
-32640
-32640
-32640
-32640
-32640
-32640
-32640
-32640
-32640
-32640
-32640
-32640
-32640
-32640
-32640
-32640
-32640
-32640
-32640
-32640
-32640
-32640
-32640
-32640
-32640
-32640
-32640
-32640
-32640
-32640
-32640
-32640
-32640
-32640
-32640
-32640
-32640
32638
32638
32638
32638
32638
32638
32638
32638
32638
32638
32638
32638
32638
32638
32638
32638
32638
32638
32638
32638
32638
32638
32638
32638
32638
32638
32638
32638
32638
32638
32638
32638
32638
32638
32638
32638
32638
32638
32638
32638
32638
32638
32638
32638
32638
32638
32638
32638
32638
32638
32638
32638
32638
32638
32638
-32640
-32640
-32640
-32640
-32640
-32640
-32640
-32640
-32640
-32640
-32640
-32640
-32640
-32640
-32640
-32640
-32640
-32640
-32640
-32640
-32640
-32640
-32640
-32640
-32640
-32640
-32640
-32640
-32640
-32640
-32640
-32640
-32640
-32640
-32640
-32640
-32640
-32640
-32640
-32640
-32640
-32640
-32640
-32640
-32640
-32640
-32640
-32640
-32640
-32640
-32640
-32640
-32640
-32640
-32640
32638
32638
32638
32638
32638
32638
32638
32638
32638
32638
32638
32638
32638
32638
32638
32638
32638
32638
32638
32638
32638
32638
32638
32638
32638
32638
32638
32638
32638
32638
32638
32638
32638
32638
32638
32638
32638
32638
32638
32638
32638
32638
32638
32638
32638
32638
32638
32638
32638
32638
32638
32638
32638
32638
-32640
-32640
-32640
-32640
-32640
-32640
-32640
-32640
-32640
-32640
-32640
-32640
-32640
-32640
-32640
-32640
-32640
-32640
-32640
-32640
-32640
-32640
-32640
-32640
-32640
-32640
-32640
-32640
-32640
-32640
-32640
-32640
-32640
-32640
-32640
-32640
-32640
-32640
-32640
-32640
-32640
-32640
-32640
-32640
-32640
-32640
-32640
-32640
-32640
-32640
-32640
-32640
-32640
-32640
-32640
32638
32638
32638
32638
32638
32638
32638
32638
32638
32638
32638
32638
32638
32638
32638
32638
32638
32638
32638
32638
32638
32638
32638
32638
32638
32638
32638
32638
32638
32638
32638
32638
32638
32638
32638
32638
32638
32638
32638
32638
32638
32638
32638
32638
32638
32638
32638
32638
32638
32638
32638
32638
32638
32638
-32640
-32640
-32640
-32640
-32640
-32640
-32640
-32640
-32640
-32640
-32640
-32640
-32640
-32640
-32640
-32640
-32640
-32640
-32640
-32640
-32640
-32640
-32640
-32640
-32640
-32640
-32640
-32640
-32640
-32640
-32640
-32640
-32640
-32640
-32640
-32640
-32640
-32640
-32640
-32640
-32640
-32640
-32640
-32640
-32640
-32640
-32640
-32640
-32640
-32640
-32640
-32640
-32640
-32640
-32640
32638
32638
32638
32638
32638
32638
32638
32638
32638
32638
32638
32638
32638
32638
32638
32638
32638
32638
32638
32638
32638
32638
32638
32638
32638
32638
32638
32638
32638
32638
32638
32638
32638
32638
32638
32638
32638
32638
32638
32638
32638
32638
32638
32638
32638
32638
32638
32638
32638
32638
32638
32638
32638
32638
-32640
-32640
-32640
-32640
-32640
-32640
-32640
-32640
-32640
-32640
-32640
-32640
-32640
-32640
-32640
-32640
-32640
-32640
-32640
-32640
-32640
-32640
-32640
-32640
-32640
-32640
-32640
-32640
-32640
-32640
-32640
-32640
-32640
-32640
-32640
-32640
-32640
-32640
-32640
-32640
-32640
-32640
-32640
-32640
-32640
-32640
-32640
-32640
-32640
-32640
-32640
-32640
-32640
-32640
-32640
32638
32638
32638
32638
32638
32638
32638
32638
32638
32638
32638
32638
32638
32638
32638
32638
32638
32638
32638
32638
32638
32638
32638
32638
32638
32638
32638
32638
32638
32638
32638
32638
32638
32638
32638
32638
32638
32638
32638
32638
32638
32638
32638
32638
32638
32638
32638
32638
32638
32638
32638
32638
32638
32638
-32640
-32640
-32640
-32640
-32640
-32640
-32640
-32640
-32640
-32640
-32640
-32640
-32640
-32640
-32640
-32640
-32640
-32640
-32640
-32640
-32640
-32640
-32640
-32640
-32640
-32640
-32640
-32640
-32640
-32640
-32640
-32640
-32640
-32640
-32640
-32640
-32640
-32640
-32640
-32640
-32640
-32640
-32640
-32640
-32640
-32640
-32640
-32640
-32640
-32640
-32640
-32640
-32640
-32640
-32640
32638
32638
32638
32638
32638
32638
32638
32638
32638
32638
32638
32638
32638
32638
32638
32638
32638
32638
32638
32638
32638
32638
32638
32638
32638
32638
32638
32638
32638
32638
32638
32638
32638
32638
32638
32638
32638
32638
32638
32638
32638
32638
32638
32638
32638
32638
32638
32638
32638
32638
32638
32638
32638
32638
-32640
-32640
-32640
-32640
-32640
-32640
-32640
-32640
-32640
-32640
-32640
-32640
-32640
-32640
-32640
-32640
-32640
-32640
-32640
-32640
-32640
-32640
-32640
-32640
-32640
-32640
-32640
-32640
-32640
-32640
-32640
-32640
-32640
-32640
-32640
-32640
-32640
-32640
-32640
-32640
-32640
-32640
-32640
-32640
-32640
-32640
-32640
-32640
-32640
-32640
-32640
-32640
-32640
-32640
-32640
32638
32638
32638
32638
32638
32638
32638
32638
32638
32638
32638
32638
32638
32638
32638
32638
32638
32638
32638
32638
32638
32638
32638
32638
32638
32638
32638
32638
32638
32638
32638
32638
32638
32638
32638
32638
32638
32638
32638
32638
32638
32638
32638
32638
32638
32638
32638
32638
32638
32638
32638
32638
32638
32638
32638
-32640
-32640
-32640
-32640
-32640
-32640
-32640
-32640
-32640
-32640
-32640
-32640
-32640
-32640
-32640
-32640
-32640
-32640
-32640
-32640
-32640
-32640
-32640
-32640
-32640
-32640
-32640
-32640
-32640
-32640
-32640
-32640
-32640
-32640
-32640
-32640
-32640
-32640
-32640
-32640
-32640
-32640
-32640
-32640
-32640
-32640
-32640
-32640
-32640
-32640
-32640
-32640
-32640
-32640
32638
32638
32638
32638
32638
32638
32638
32638
32638
32638
32638
32638
32638
32638
32638
32638
32638
32638
32638
32638
32638
32638
32638
32638
32638
32638
32638
32638
32638
32638
32638
32638
32638
32638
32638
32638
32638
32638
32638
32638
32638
32638
32638
32638
32638
32638
32638
32638
32638
32638
32638
32638
32638
32638
32638
-32640
-32640
-32640
-32640
-32640
-32640
-32640
-32640
-32640
-32640
-32640
-32640
-32640
-32640
-32640
-32640
-32640
-32640
-32640
-32640
-32640
-32640
-32640
-32640
-32640
-32640
-32640
-32640
-32640
-32640
-32640
-32640
-32640
-32640
-32640
-32640
-32640
-32640
-32640
-32640
-32640
-32640
-32640
-32640
-32640
-32640
-32640
-32640
-32640
-32640
-32640
-32640
-32640
-32640
32638
32638
32638
32638
32638
32638
32638
32638
32638
32638
32638
32638
32638
32638
32638
32638
32638
32638
32638
32638
32638
32638
32638
32638
32638
32638
32638
32638
32638
32638
32638
32638
32638
32638
32638
32638
32638
32638
32638
32638
32638
32638
32638
32638
32638
32638
32638
32638
32638
32638
32638
32638
32638
32638
32638
-32640
-32640
-32640
-32640
-32640
-32640
-32640
-32640
-32640
-32640
-32640
-32640
-32640
-32640
-32640
-32640
-32640
-32640
-32640
-32640
-32640
-32640
-32640
-32640
-32640
-32640
-32640
-32640
-32640
-32640
-32640
-32640
-32640
-32640
-32640
-32640
-32640
-32640
-32640
-32640
-32640
-32640
-32640
-32640
-32640
-32640
-32640
-32640
-32640
-32640
-32640
-32640
-32640
-32640
32638
32638
32638
32638
32638
32638
32638
32638
32638
32638
32638
32638
32638
32638
32638
32638
32638
32638
32638
32638
32638
32638
32638
32638
32638
32638
32638
32638
32638
32638
32638
32638
32638
32638
32638
32638
32638
32638
32638
32638
32638
32638
32638
32638
32638
32638
32638
32638
32638
32638
32638
32638
32638
32638
32638
-32640
-32640
-32640
-32640
-32640
-32640
-32640
-32640
-32640
-32640
-32640
-32640
-32640
-32640
-32640
-32640
-32640
-32640
-32640
-32640
-32640
-32640
-32640
-32640
-32640
-32640
-32640
-32640
-32640
-32640
-32640
-32640
-32640
-32640
-32640
-32640
-32640
-32640
-32640
-32640
-32640
-32640
-32640
-32640
-32640
-32640
-32640
-32640
-32640
-32640
-32640
-32640
-32640
-32640
32638
32638
32638
32638
32638
32638
32638
32638
32638
32638
32638
32638
32638
32638
32638
32638
32638
32638
32638
32638
32638
32638
32638
32638
32638
32638
32638
32638
32638
32638
32638
32638
32638
32638
32638
32638
32638
32638
32638
32638
32638
32638
32638
32638
32638
32638
32638
32638
32638
32638
32638
32638
32638
32638
32638
-32640
-32640
-32640
-32640
-32640
-32640
-32640
-32640
-32640
-32640
-32640
-32640
-32640
-32640
-32640
-32640
-32640
-32640
-32640
-32640
-32640
-32640
-32640
-32640
-32640
-32640
-32640
-32640
-32640
-32640
-32640
-32640
-32640
-32640
-32640
-32640
-32640
-32640
-32640
-32640
-32640
-32640
-32640
-32640
-32640
-32640
-32640
-32640
-32640
-32640
-32640
-32640
-32640
-32640
32638
32638
32638
32638
32638
32638
32638
32638
32638
32638
32638
32638
32638
32638
32638
32638
32638
32638
32638
32638
32638
32638
32638
32638
32638
32638
32638
32638
32638
32638
32638
32638
32638
32638
32638
32638
32638
32638
32638
32638
32638
32638
32638
32638
32638
32638
32638
32638
32638
32638
32638
32638
32638
32638
32638
-32640
-32640
-32640
-32640
-32640
-32640
-32640
-32640
-32640
-32640
-32640
-32640
-32640
-32640
-32640
-32640
-32640
-32640
-32640
-32640
-32640
-32640
-32640
-32640
-32640
-32640
-32640
-32640
-32640
-32640
-32640
-32640
-32640
-32640
-32640
-32640
-32640
-32640
-32640
-32640
-32640
-32640
-32640
-32640
-32640
-32640
-32640
-32640
-32640
-32640
-32640
-32640
-32640
-32640
-32640
32638
32638
32638
32638
32638
32638
32638
32638
32638
32638
32638
32638
32638
32638
32638
32638
32638
32638
32638
32638
32638
32638
32638
32638
32638
32638
32638
32638
32638
32638
32638
32638
32638
32638
32638
32638
32638
32638
32638
32638
32638
32638
32638
32638
32638
32638
32638
32638
32638
32638
32638
32638
32638
32638
-32640
-32640
-32640
-32640
-32640
-32640
-32640
-32640
-32640
-32640
-32640
-32640
-32640
-32640
-32640
-32640
-32640
-32640
-32640
-32640
-32640
-32640
-32640
-32640
-32640
-32640
-32640
-32640
-32640
-32640
-32640
-32640
-32640
-32640
-32640
-32640
-32640
-32640
-32640
-32640
-32640
-32640
-32640
-32640
-32640
-32640
-32640
-32640
-32640
-32640
-32640
-32640
-32640
-32640
-32640
32638
32638
32638
32638
32638
32638
32638
32638
32638
32638
32638
32638
32638
32638
32638
32638
32638
32638
32638
32638
32638
32638
32638
32638
32638
32638
32638
32638
32638
32638
32638
32638
32638
32638
32638
32638
32638
32638
32638
32638
32638
32638
32638
32638
32638
32638
32638
32638
32638
32638
32638
32638
32638
32638
-32640
-32640
-32640
-32640
-32640
-32640
-32640
-32640
-32640
-32640
-32640
-32640
-32640
-32640
-32640
-32640
-32640
-32640
-32640
-32640
-32640
-32640
-32640
-32640
-32640
-32640
-32640
-32640
-32640
-32640
-32640
-32640
-32640
-32640
-32640
-32640
-32640
-32640
-32640
-32640
-32640
-32640
-32640
-32640
-32640
-32640
-32640
-32640
-32640
-32640
-32640
-32640
-32640
-32640
-32640
32638
32638
32638
32638
32638
32638
32638
32638
32638
32638
32638
32638
32638
32638
32638
32638
32638
32638
32638
32638
32638
32638
32638
32638
32638
32638
32638
32638
32638
32638
32638
32638
32638
32638
32638
32638
32638
32638
32638
32638
32638
32638
32638
32638
32638
32638
32638
32638
32638
32638
32638
32638
32638
32638
-32640
-32640
-32640
-32640
-32640
-32640
-32640
-32640
-32640
-32640
-32640
-32640
-32640
-32640
-32640
-32640
-32640
-32640
-32640
-32640
-32640
-32640
-32640
-32640
-32640
-32640
-32640
-32640
-32640
-32640
-32640
-32640
-32640
-32640
-32640
-32640
-32640
-32640
-32640
-32640
-32640
-32640
-32640
-32640
-32640
-32640
-32640
-32640
-32640
-32640
-32640
-32640
-32640
-32640
-32640
32638
32638
32638
32638
32638
32638
32638
32638
32638
32638
32638
32638
32638
32638
32638
32638
32638
32638
32638
32638
32638
32638
32638
32638
32638
32638
32638
32638
32638
32638
32638
32638
32638
32638
32638
32638
32638
32638
32638
32638
32638
32638
32638
32638
32638
32638
32638
32638
32638
32638
32638
32638
32638
32638
-32640
-32640
-32640
-32640
-32640
-32640
-32640
-32640
-32640
-32640
-32640
-32640
-32640
-32640
-32640
-32640
-32640
-32640
-32640
-32640
-32640
-32640
-32640
-32640
-32640
-32640
-32640
-32640
-32640
-32640
-32640
-32640
-32640
-32640
-32640
-32640
-32640
-32640
-32640
-32640
-32640
-32640
-32640
-32640
-32640
-32640
-32640
-32640
-32640
-32640
-32640
-32640
-32640
-32640
-32640
32638
32638
32638
32638
32638
32638
32638
32638
32638
32638
32638
32638
32638
32638
32638
32638
32638
32638
32638
32638
32638
32638
32638
32638
32638
32638
32638
32638
32638
32638
32638
32638
32638
32638
32638
32638
32638
32638
32638
32638
32638
32638
32638
32638
32638
32638
32638
32638
32638
32638
32638
32638
32638
32638
-32640
-32640
-32640
-32640
-32640
-32640
-32640
-32640
-32640
-32640
-32640
-32640
-32640
-32640
-32640
-32640
-32640
-32640
-32640
-32640
-32640
-32640
-32640
-32640
-32640
-32640
-32640
-32640
-32640
-32640
-32640
-32640
-32640
-32640
-32640
-32640
-32640
-32640
-32640
-32640
-32640
-32640
-32640
-32640
-32640
-32640
-32640
-32640
-32640
-32640
-32640
-32640
-32640
-32640
-32640
32638
32638
32638
32638
32638
32638
32638
32638
32638
32638
32638
32638
32638
32638
32638
32638
32638
32638
32638
32638
32638
32638
32638
32638
32638
32638
32638
32638
32638
32638
32638
32638
32638
32638
32638
32638
32638
32638
32638
32638
32638
32638
32638
32638
32638
32638
32638
32638
32638
32638
32638
32638
32638
32638
32638
-32640
-32640
-32640
-32640
-32640
-32640
-32640
-32640
-32640
-32640
-32640
-32640
-32640
-32640
-32640
-32640
-32640
-32640
-32640
-32640
-32640
-32640
-32640
-32640
-32640
-32640
-32640
-32640
-32640
-32640
-32640
-32640
-32640
-32640
-32640
-32640
-32640
-32640
-32640
-32640
-32640
-32640
-32640
-32640
-32640
-32640
-32640
-32640
-32640
-32640
-32640
-32640
-32640
-32640
32638
32638
32638
32638
32638
32638
32638
32638
32638
32638
32638
32638
32638
32638
32638
32638
32638
32638
32638
32638
32638
32638
32638
32638
32638
32638
32638
32638
32638
32638
32638
32638
32638
32638
32638
32638
32638
32638
32638
32638
32638
32638
32638
32638
32638
32638
32638
32638
32638
32638
32638
32638
32638
32638
32638
-32640
-32640
-32640
-32640
-32640
-32640
-32640
-32640
-32640
-32640
-32640
-32640
-32640
-32640
-32640
-32640
-32640
-32640
-32640
-32640
-32640
-32640
-32640
-32640
-32640
-32640
-32640
-32640
-32640
-32640
-32640
-32640
-32640
-32640
-32640
-32640
-32640
-32640
-32640
-32640
-32640
-32640
-32640
-32640
-32640
-32640
-32640
-32640
-32640
-32640
-32640
-32640
-32640
-32640
32638
32638
32638
32638
32638
32638
32638
32638
32638
32638
32638
32638
32638
32638
32638
32638
32638
32638
32638
32638
32638
32638
32638
32638
32638
32638
32638
32638
32638
32638
32638
32638
32638
32638
32638
32638
32638
32638
32638
32638
32638
32638
32638
32638
32638
32638
32638
32638
32638
32638
32638
32638
32638
32638
32638
-32640
-32640
-32640
-32640
-32640
-32640
-32640
-32640
-32640
-32640
-32640
-32640
-32640
-32640
-32640
-32640
-32640
-32640
-32640
-32640
-32640
-32640
-32640
-32640
-32640
-32640
-32640
-32640
-32640
-32640
-32640
-32640
-32640
-32640
-32640
-32640
-32640
-32640
-32640
-32640
-32640
-32640
-32640
-32640
-32640
-32640
-32640
-32640
-32640
-32640
-32640
-32640
-32640
-32640
32638
32638
32638
32638
32638
32638
32638
32638
32638
32638
32638
32638
32638
32638
32638
32638
32638
32638
32638
32638
32638
32638
32638
32638
32638
32638
32638
32638
32638
32638
32638
32638
32638
32638
32638
32638
32638
32638
32638
32638
32638
32638
32638
32638
32638
32638
32638
32638
32638
32638
32638
32638
32638
32638
32638
-32640
-32640
-32640
-32640
-32640
-32640
-32640
-32640
-32640
-32640
-32640
-32640
-32640
-32640
-32640
-32640
-32640
-32640
-32640
-32640
-32640
-32640
-32640
-32640
-32640
-32640
-32640
-32640
-32640
-32640
-32640
-32640
-32640
-32640
-32640
-32640
-32640
-32640
-32640
-32640
-32640
-32640
-32640
-32640
-32640
-32640
-32640
-32640
-32640
-32640
-32640
-32640
-32640
-32640
32638
32638
32638
32638
32638
32638
32638
32638
32638
32638
32638
32638
32638
32638
32638
32638
32638
32638
32638
32638
32638
32638
32638
32638
32638
32638
32638
32638
32638
32638
32638
32638
32638
32638
32638
32638
32638
32638
32638
32638
32638
32638
32638
32638
32638
32638
32638
32638
32638
32638
32638
32638
32638
32638
32638
-32640
-32640
-32640
-32640
-32640
-32640
-32640
-32640
-32640
-32640
-32640
-32640
-32640
-32640
-32640
-32640
-32640
-32640
-32640
-32640
-32640
-32640
-32640
-32640
-32640
-32640
-32640
-32640
-32640
-32640
-32640
-32640
-32640
-32640
-32640
-32640
-32640
-32640
-32640
-32640
-32640
-32640
-32640
-32640
-32640
-32640
-32640
-32640
-32640
-32640
-32640
-32640
-32640
-32640
32638
32638
32638
32638
32638
32638
32638
32638
32638
32638
32638
32638
32638
32638
32638
32638
32638
32638
32638
32638
32638
32638
32638
32638
32638
32638
32638
32638
32638
32638
32638
32638
32638
32638
32638
32638
32638
32638
32638
32638
32638
32638
32638
32638
32638
32638
32638
32638
32638
32638
32638
32638
32638
32638
32638
-32640
-32640
-32640
-32640
-32640
-32640
-32640
-32640
-32640
-32640
-32640
-32640
-32640
-32640
-32640
-32640
-32640
-32640
-32640
-32640
-32640
-32640
-32640
-32640
-32640
-32640
-32640
-32640
-32640
-32640
-32640
-32640
-32640
-32640
-32640
-32640
-32640
-32640
-32640
-32640
-32640
-32640
-32640
-32640
-32640
-32640
-32640
-32640
-32640
-32640
-32640
-32640
-32640
-32640
-32640
32638
32638
32638
32638
32638
32638
32638
32638
32638
32638
32638
32638
32638
32638
32638
32638
32638
32638
32638
32638
32638
32638
32638
32638
32638
32638
32638
32638
32638
32638
32638
32638
32638
32638
32638
32638
32638
32638
32638
32638
32638
32638
32638
32638
32638
32638
32638
32638
32638
32638
32638
32638
32638
32638
-32640
-32640
-32640
-32640
-32640
-32640
-32640
-32640
-32640
-32640
-32640
-32640
-32640
-32640
-32640
-32640
-32640
-32640
-32640
-32640
-32640
-32640
-32640
-32640
-32640
-32640
-32640
-32640
-32640
-32640
-32640
-32640
-32640
-32640
-32640
-32640
-32640
-32640
-32640
-32640
-32640
-32640
-32640
-32640
-32640
-32640
-32640
-32640
-32640
-32640
-32640
-32640
-32640
-32640
-32640
32638
32638
32638
32638
32638
32638
32638
32638
32638
32638
32638
32638
32638
32638
32638
32638
32638
32638
32638
32638
32638
32638
32638
32638
32638
32638
32638
32638
32638
32638
32638
32638
32638
32638
32638
32638
32638
32638
32638
32638
32638
32638
32638
32638
32638
32638
32638
32638
32638
32638
32638
32638
32638
32638
-32640
-32640
-32640
-32640
-32640
-32640
-32640
-32640
-32640
-32640
-32640
-32640
-32640
-32640
-32640
-32640
-32640
-32640
-32640
-32640
-32640
-32640
-32640
-32640
-32640
-32640
-32640
-32640
-32640
-32640
-32640
-32640
-32640
-32640
-32640
-32640
-32640
-32640
-32640
-32640
-32640
-32640
-32640
-32640
-32640
-32640
-32640
-32640
-32640
-32640
-32640
-32640
-32640
-32640
-32640
32638
32638
32638
32638
32638
32638
32638
32638
32638
32638
32638
32638
32638
32638
32638
32638
32638
32638
32638
32638
32638
32638
32638
32638
32638
32638
32638
32638
32638
32638
32638
32638
32638
32638
32638
32638
32638
32638
32638
32638
32638
32638
32638
32638
32638
32638
32638
32638
32638
32638
32638
32638
32638
32638
-32640
-32640
-32640
-32640
-32640
-32640
-32640
-32640
-32640
-32640
-32640
-32640
-32640
-32640
-32640
-32640
-32640
-32640
-32640
-32640
-32640
-32640
-32640
-32640
-32640
-32640
-32640
-32640
-32640
-32640
-32640
-32640
-32640
-32640
-32640
-32640
-32640
-32640
-32640
-32640
-32640
-32640
-32640
-32640
-32640
-32640
-32640
-32640
-32640
-32640
-32640
-32640
-32640
-32640
-32640
32638
32638
32638
32638
32638
32638
32638
32638
32638
32638
32638
32638
32638
32638
32638
32638
32638
32638
32638
32638
32638
32638
32638
32638
32638
32638
32638
32638
32638
32638
32638
32638
32638
32638
32638
32638
32638
32638
32638
32638
32638
32638
32638
32638
32638
32638
32638
32638
32638
32638
32638
32638
32638
32638
-32640
-32640
-32640
-32640
-32640
-32640
-32640
-32640
-32640
-32640
-32640
-32640
-32640
-32640
-32640
-32640
-32640
-32640
-32640
-32640
-32640
-32640
-32640
-32640
-32640
-32640
-32640
-32640
-32640
-32640
-32640
-32640
-32640
-32640
-32640
-32640
-32640
-32640
-32640
-32640
-32640
-32640
-32640
-32640
-32640
-32640
-32640
-32640
-32640
-32640
-32640
-32640
-32640
-32640
-32640
32638
32638
32638
32638
32638
32638
32638
32638
32638
32638
32638
32638
32638
32638
32638
32638
32638
32638
32638
32638
32638
32638
32638
32638
32638
32638
32638
32638
32638
32638
32638
32638
32638
32638
32638
32638
32638
32638
32638
32638
32638
32638
32638
32638
32638
32638
32638
32638
32638
32638
32638
32638
32638
32638
-32640
-32640
-32640
-32640
-32640
-32640
-32640
-32640
-32640
-32640
-32640
-32640
-32640
-32640
-32640
-32640
-32640
-32640
-32640
-32640
-32640
-32640
-32640
-32640
-32640
-32640
-32640
-32640
-32640
-32640
-32640
-32640
-32640
-32640
-32640
-32640
-32640
-32640
-32640
-32640
-32640
-32640
-32640
-32640
-32640
-32640
-32640
-32640
-32640
-32640
-32640
-32640
-32640
-32640
-32640
32638
32638
32638
32638
32638
32638
32638
32638
32638
32638
32638
32638
32638
32638
32638
32638
32638
32638
32638
32638
32638
32638
32638
32638
32638
32638
32638
32638
32638
32638
32638
32638
32638
32638
32638
32638
32638
32638
32638
32638
32638
32638
32638
32638
32638
32638
32638
32638
32638
32638
32638
32638
32638
32638
32638
-32640
-32640
-32640
-32640
-32640
-32640
-32640
-32640
-32640
-32640
-32640
-32640
-32640
-32640
-32640
-32640
-32640
-32640
-32640
-32640
-32640
-32640
-32640
-32640
-32640
-32640
-32640
-32640
-32640
-32640
-32640
-32640
-32640
-32640
-32640
-32640
-32640
-32640
-32640
-32640
-32640
-32640
-32640
-32640
-32640
-32640
-32640
-32640
-32640
-32640
-32640
-32640
-32640
-32640
32638
32638
32638
32638
32638
32638
32638
32638
32638
32638
32638
32638
32638
32638
32638
32638
32638
32638
32638
32638
32638
32638
32638
32638
32638
32638
32638
32638
32638
32638
32638
32638
32638
32638
32638
32638
32638
32638
32638
32638
32638
32638
32638
32638
32638
32638
32638
32638
32638
32638
32638
32638
32638
32638
32638
-32640
-32640
-32640
-32640
-32640
-32640
-32640
-32640
-32640
-32640
-32640
-32640
-32640
-32640
-32640
-32640
-32640
-32640
-32640
-32640
-32640
-32640
-32640
-32640
-32640
-32640
-32640
-32640
-32640
-32640
-32640
-32640
-32640
-32640
-32640
-32640
-32640
-32640
-32640
-32640
-32640
-32640
-32640
-32640
-32640
-32640
-32640
-32640
-32640
-32640
-32640
-32640
-32640
-32640
32638
32638
32638
32638
32638
32638
32638
32638
32638
32638
32638
32638
32638
32638
32638
32638
32638
32638
32638
32638
32638
32638
32638
32638
32638
32638
32638
32638
32638
32638
32638
32638
32638
32638
32638
32638
32638
32638
32638
32638
32638
32638
32638
32638
32638
32638
32638
32638
32638
32638
32638
32638
32638
32638
32638
-32640
-32640
-32640
-32640
-32640
-32640
-32640
-32640
-32640
-32640
-32640
-32640
-32640
-32640
-32640
-32640
-32640
-32640
-32640
-32640
-32640
-32640
-32640
-32640
-32640
-32640
-32640
-32640
-32640
-32640
-32640
-32640
-32640
-32640
-32640
-32640
-32640
-32640
-32640
-32640
-32640
-32640
-32640
-32640
-32640
-32640
-32640
-32640
-32640
-32640
-32640
-32640
-32640
-32640
32638
32638
32638
32638
32638
32638
32638
32638
32638
32638
32638
32638
32638
32638
32638
32638
32638
32638
32638
32638
32638
32638
32638
32638
32638
32638
32638
32638
32638
32638
32638
32638
32638
32638
32638
32638
32638
32638
32638
32638
32638
32638
32638
32638
32638
32638
32638
32638
32638
32638
32638
32638
32638
32638
32638
-32640
-32640
-32640
-32640
-32640
-32640
-32640
-32640
-32640
-32640
-32640
-32640
-32640
-32640
-32640
-32640
-32640
-32640
-32640
-32640
-32640
-32640
-32640
-32640
-32640
-32640
-32640
-32640
-32640
-32640
-32640
-32640
-32640
-32640
-32640
-32640
-32640
-32640
-32640
-32640
-32640
-32640
-32640
-32640
-32640
-32640
-32640
-32640
-32640
-32640
-32640
-32640
-32640
-32640
32638
32638
32638
32638
32638
32638
32638
32638
32638
32638
32638
32638
32638
32638
32638
32638
32638
32638
32638
32638
32638
32638
32638
32638
32638
32638
32638
32638
32638
32638
32638
32638
32638
32638
32638
32638
32638
32638
32638
32638
32638
32638
32638
32638
32638
32638
32638
32638
32638
32638
32638
32638
32638
32638
32638
-32640
-32640
-32640
-32640
-32640
-32640
-32640
-32640
-32640
-32640
-32640
-32640
-32640
-32640
-32640
-32640
-32640
-32640
-32640
-32640
-32640
-32640
-32640
-32640
-32640
-32640
-32640
-32640
-32640
-32640
-32640
-32640
-32640
-32640
-32640
-32640
-32640
-32640
-32640
-32640
-32640
-32640
-32640
-32640
-32640
-32640
-32640
-32640
-32640
-32640
-32640
-32640
-32640
-32640
32638
32638
32638
32638
32638
32638
32638
32638
32638
32638
32638
32638
32638
32638
32638
32638
32638
32638
32638
32638
32638
32638
32638
32638
32638
32638
32638
32638
32638
32638
32638
32638
32638
32638
32638
32638
32638
32638
32638
32638
32638
32638
32638
32638
32638
32638
32638
32638
32638
32638
32638
32638
32638
32638
32638
-32640
-32640
-32640
-32640
-32640
-32640
-32640
-32640
-32640
-32640
-32640
-32640
-32640
-32640
-32640
-32640
-32640
-32640
-32640
-32640
-32640
-32640
-32640
-32640
-32640
-32640
-32640
-32640
-32640
-32640
-32640
-32640
-32640
-32640
-32640
-32640
-32640
-32640
-32640
-32640
-32640
-32640
-32640
-32640
-32640
-32640
-32640
-32640
-32640
-32640
-32640
-32640
-32640
-32640
-32640
32638
32638
32638
32638
32638
32638
32638
32638
32638
32638
32638
32638
32638
32638
32638
32638
32638
32638
32638
32638
32638
32638
32638
32638
32638
32638
32638
32638
32638
32638
32638
32638
32638
32638
32638
32638
32638
32638
32638
32638
32638
32638
32638
32638
32638
32638
32638
32638
32638
32638
32638
32638
32638
32638
-32640
-32640
-32640
-32640
-32640
-32640
-32640
-32640
-32640
-32640
-32640
-32640
-32640
-32640
-32640
-32640
-32640
-32640
-32640
-32640
-32640
-32640
-32640
-32640
-32640
-32640
-32640
-32640
-32640
-32640
-32640
-32640
-32640
-32640
-32640
-32640
-32640
-32640
-32640
-32640
-32640
-32640
-32640
-32640
-32640
-32640
-32640
-32640
-32640
-32640
-32640
-32640
-32640
-32640
-32640
32638
32638
32638
32638
32638
32638
32638
32638
32638
32638
32638
32638
32638
32638
32638
32638
32638
32638
32638
32638
32638
32638
32638
32638
32638
32638
32638
32638
32638
32638
32638
32638
32638
32638
32638
32638
32638
32638
32638
32638
32638
32638
32638
32638
32638
32638
32638
32638
32638
32638
32638
32638
32638
32638
-32640
-32640
-32640
-32640
-32640
-32640
-32640
-32640
-32640
-32640
-32640
-32640
-32640
-32640
-32640
-32640
-32640
-32640
-32640
-32640
-32640
-32640
-32640
-32640
-32640
-32640
-32640
-32640
-32640
-32640
-32640
-32640
-32640
-32640
-32640
-32640
-32640
-32640
-32640
-32640
-32640
-32640
-32640
-32640
-32640
-32640
-32640
-32640
-32640
-32640
-32640
-32640
-32640
-32640
-32640
32638
32638
32638
32638
32638
32638
32638
32638
32638
32638
32638
32638
32638
32638
32638
32638
32638
32638
32638
32638
32638
32638
32638
32638
32638
32638
32638
32638
32638
32638
32638
32638
32638
32638
32638
32638
32638
32638
32638
32638
32638
32638
32638
32638
32638
32638
32638
32638
32638
32638
32638
32638
32638
32638
-32640
-32640
-32640
-32640
-32640
-32640
-32640
-32640
-32640
-32640
-32640
-32640
-32640
-32640
-32640
-32640
-32640
-32640
-32640
-32640
-32640
-32640
-32640
-32640
-32640
-32640
-32640
-32640
-32640
-32640
-32640
-32640
-32640
-32640
-32640
-32640
-32640
-32640
-32640
-32640
-32640
-32640
-32640
-32640
-32640
-32640
-32640
-32640
-32640
-32640
-32640
-32640
-32640
-32640
-32640
32638
32638
32638
32638
32638
32638
32638
32638
32638
32638
32638
32638
32638
32638
32638
32638
32638
32638
32638
32638
32638
32638
32638
32638
32638
32638
32638
32638
32638
32638
32638
32638
32638
32638
32638
32638
32638
32638
32638
32638
32638
32638
32638
32638
32638
32638
32638
32638
32638
32638
32638
32638
32638
32638
-32640
-32640
-32640
-32640
-32640
-32640
-32640
-32640
-32640
-32640
-32640
-32640
-32640
-32640
-32640
-32640
-32640
-32640
-32640
-32640
-32640
-32640
-32640
-32640
-32640
-32640
-32640
-32640
-32640
-32640
-32640
-32640
-32640
-32640
-32640
-32640
-32640
-32640
-32640
-32640
-32640
-32640
-32640
-32640
-32640
-32640
-32640
-32640
-32640
-32640
-32640
-32640
-32640
-32640
-32640
32638
32638
32638
32638
32638
32638
32638
32638
32638
32638
32638
32638
32638
32638
32638
32638
32638
32638
32638
32638
32638
32638
32638
32638
32638
32638
32638
32638
32638
32638
32638
32638
32638
32638
32638
32638
32638
32638
32638
32638
32638
32638
32638
32638
32638
32638
32638
32638
32638
32638
32638
32638
32638
32638
-32640
-32640
-32640
-32640
-32640
-32640
-32640
-32640
-32640
-32640
-32640
-32640
-32640
-32640
-32640
-32640
-32640
-32640
-32640
-32640
-32640
-32640
-32640
-32640
-32640
-32640
-32640
-32640
-32640
-32640
-32640
-32640
-32640
-32640
-32640
-32640
-32640
-32640
-32640
-32640
-32640
-32640
-32640
-32640
-32640
-32640
-32640
-32640
-32640
-32640
-32640
-32640
-32640
-32640
-32640
32638
32638
32638
32638
32638
32638
32638
32638
32638
32638
32638
32638
32638
32638
32638
32638
32638
32638
32638
32638
32638
32638
32638
32638
32638
32638
32638
32638
32638
32638
32638
32638
32638
32638
32638
32638
32638
32638
32638
32638
32638
32638
32638
32638
32638
32638
32638
32638
32638
32638
32638
32638
32638
32638
32638
-32640
-32640
-32640
-32640
-32640
-32640
-32640
-32640
-32640
-32640
-32640
-32640
-32640
-32640
-32640
-32640
-32640
-32640
-32640
-32640
-32640
-32640
-32640
-32640
-32640
-32640
-32640
-32640
-32640
-32640
-32640
-32640
-32640
-32640
-32640
-32640
-32640
-32640
-32640
-32640
-32640
-32640
-32640
-32640
-32640
-32640
-32640
-32640
-32640
-32640
-32640
-32640
-32640
-32640
32638
32638
32638
32638
32638
32638
32638
32638
32638
32638
32638
32638
32638
32638
32638
32638
32638
32638
32638
32638
32638
32638
32638
32638
32638
32638
32638
32638
32638
32638
32638
32638
32638
32638
32638
32638
32638
32638
32638
32638
32638
32638
32638
32638
32638
32638
32638
32638
32638
32638
32638
32638
32638
32638
32638
-32640
-32640
-32640
-32640
-32640
-32640
-32640
-32640
-32640
-32640
-32640
-32640
-32640
-32640
-32640
-32640
-32640
-32640
-32640
-32640
-32640
-32640
-32640
-32640
-32640
-32640
-32640
-32640
-32640
-32640
-32640
-32640
-32640
-32640
-32640
-32640
-32640
-32640
-32640
-32640
-32640
-32640
-32640
-32640
-32640
-32640
-32640
-32640
-32640
-32640
-32640
-32640
-32640
-32640
32638
32638
32638
32638
32638
32638
32638
32638
32638
32638
32638
32638
32638
32638
32638
32638
32638
32638
32638
32638
32638
32638
32638
32638
32638
32638
32638
32638
32638
32638
32638
32638
32638
32638
32638
32638
32638
32638
32638
32638
32638
32638
32638
32638
32638
32638
32638
32638
32638
32638
32638
32638
32638
32638
32638
-32640
-32640
-32640
-32640
-32640
-32640
-32640
-32640
-32640
-32640
-32640
-32640
-32640
-32640
-32640
-32640
-32640
-32640
-32640
-32640
-32640
-32640
-32640
-32640
-32640
-32640
-32640
-32640
-32640
-32640
-32640
-32640
-32640
-32640
-32640
-32640
-32640
-32640
-32640
-32640
-32640
-32640
-32640
-32640
-32640
-32640
-32640
-32640
-32640
-32640
-32640
-32640
-32640
-32640
32638
32638
32638
32638
32638
32638
32638
32638
32638
32638
32638
32638
32638
32638
32638
32638
32638
32638
32638
32638
32638
32638
32638
32638
32638
32638
32638
32638
32638
32638
32638
32638
32638
32638
32638
32638
32638
32638
32638
32638
32638
32638
32638
32638
32638
32638
32638
32638
32638
32638
32638
32638
32638
32638
32638
-32640
-32640
-32640
-32640
-32640
-32640
-32640
-32640
-32640
-32640
-32640
-32640
-32640
-32640
-32640
-32640
-32640
-32640
-32640
-32640
-32640
-32640
-32640
-32640
-32640
-32640
-32640
-32640
-32640
-32640
-32640
-32640
-32640
-32640
-32640
-32640
-32640
-32640
-32640
-32640
-32640
-32640
-32640
-32640
-32640
-32640
-32640
-32640
-32640
-32640
-32640
-32640
-32640
-32640
32638
32638
32638
32638
32638
32638
32638
32638
32638
32638
32638
32638
32638
32638
32638
32638
32638
32638
32638
32638
32638
32638
32638
32638
32638
32638
32638
32638
32638
32638
32638
32638
32638
32638
32638
32638
32638
32638
32638
32638
32638
32638
32638
32638
32638
32638
32638
32638
32638
32638
32638
32638
32638
32638
32638
-32640
-32640
-32640
-32640
-32640
-32640
-32640
-32640
-32640
-32640
-32640
-32640
-32640
-32640
-32640
-32640
-32640
-32640
-32640
-32640
-32640
-32640
-32640
-32640
-32640
-32640
-32640
-32640
-32640
-32640
-32640
-32640
-32640
-32640
-32640
-32640
-32640
-32640
-32640
-32640
-32640
-32640
-32640
-32640
-32640
-32640
-32640
-32640
-32640
-32640
-32640
-32640
-32640
-32640
32638
32638
32638
32638
32638
32638
32638
32638
32638
32638
32638
32638
32638
32638
32638
32638
32638
32638
32638
32638
32638
32638
32638
32638
32638
32638
32638
32638
32638
32638
32638
32638
32638
32638
32638
32638
32638
32638
32638
32638
32638
32638
32638
32638
32638
32638
32638
32638
32638
32638
32638
32638
32638
32638
32638
-32640
-32640
-32640
-32640
-32640
-32640
-32640
-32640
-32640
-32640
-32640
-32640
-32640
-32640
-32640
-32640
-32640
-32640
-32640
-32640
-32640
-32640
-32640
-32640
-32640
-32640
-32640
-32640
-32640
-32640
-32640
-32640
-32640
-32640
-32640
-32640
-32640
-32640
-32640
-32640
-32640
-32640
-32640
-32640
-32640
-32640
-32640
-32640
-32640
-32640
-32640
-32640
-32640
-32640
-32640
32638
32638
32638
32638
32638
32638
32638
32638
32638
32638
32638
32638
32638
32638
32638
32638
32638
32638
32638
32638
32638
32638
32638
32638
32638
32638
32638
32638
32638
32638
32638
32638
32638
32638
32638
32638
32638
32638
32638
32638
32638
32638
32638
32638
32638
32638
32638
32638
32638
32638
32638
32638
32638
32638
-32640
-32640
-32640
-32640
-32640
-32640
-32640
-32640
-32640
-32640
-32640
-32640
-32640
-32640
-32640
-32640
-32640
-32640
-32640
-32640
-32640
-32640
-32640
-32640
-32640
-32640
-32640
-32640
-32640
-32640
-32640
-32640
-32640
-32640
-32640
-32640
-32640
-32640
-32640
-32640
-32640
-32640
-32640
-32640
-32640
-32640
-32640
-32640
-32640
-32640
-32640
-32640
-32640
-32640
-32640
32638
32638
32638
32638
32638
32638
32638
32638
32638
32638
32638
32638
32638
32638
32638
32638
32638
32638
32638
32638
32638
32638
32638
32638
32638
32638
32638
32638
32638
32638
32638
32638
32638
32638
32638
32638
32638
32638
32638
32638
32638
32638
32638
32638
32638
32638
32638
32638
32638
32638
32638
32638
32638
32638
-32640
-32640
-32640
-32640
-32640
-32640
-32640
-32640
-32640
-32640
-32640
-32640
-32640
-32640
-32640
-32640
-32640
-32640
-32640
-32640
-32640
-32640
-32640
-32640
-32640
-32640
-32640
-32640
-32640
-32640
-32640
-32640
-32640
-32640
-32640
-32640
-32640
-32640
-32640
-32640
-32640
-32640
-32640
-32640
-32640
-32640
-32640
-32640
-32640
-32640
-32640
-32640
-32640
-32640
-32640
32638
32638
32638
32638
32638
32638
32638
32638
32638
32638
32638
32638
32638
32638
32638
32638
32638
32638
32638
32638
32638
32638
32638
32638
32638
32638
32638
32638
32638
32638
32638
32638
32638
32638
32638
32638
32638
32638
32638
32638
32638
32638
32638
32638
32638
32638
32638
32638
32638
32638
32638
32638
32638
32638
-32640
-32640
-32640
-32640
-32640
-32640
-32640
-32640
-32640
-32640
-32640
-32640
-32640
-32640
-32640
-32640
-32640
-32640
-32640
-32640
-32640
-32640
-32640
-32640
-32640
-32640
-32640
-32640
-32640
-32640
-32640
-32640
-32640
-32640
-32640
-32640
-32640
-32640
-32640
-32640
-32640
-32640
-32640
-32640
-32640
-32640
-32640
-32640
-32640
-32640
-32640
-32640
-32640
-32640
-32640
32638
32638
32638
32638
32638
32638
32638
32638
32638
32638
32638
32638
32638
32638
32638
32638
32638
32638
32638
32638
32638
32638
32638
32638
32638
32638
32638
32638
32638
32638
32638
32638
32638
32638
32638
32638
32638
32638
32638
32638
32638
32638
32638
32638
32638
32638
32638
32638
32638
32638
32638
32638
32638
32638
-32640
-32640
-32640
-32640
-32640
-32640
-32640
-32640
-32640
-32640
-32640
-32640
-32640
-32640
-32640
-32640
-32640
-32640
-32640
-32640
-32640
-32640
-32640
-32640
-32640
-32640
-32640
-32640
-32640
-32640
-32640
-32640
-32640
-32640
-32640
-32640
-32640
-32640
-32640
-32640
-32640
-32640
-32640
-32640
-32640
-32640
-32640
-32640
-32640
-32640
-32640
-32640
-32640
-32640
-32640
32638
32638
32638
32638
32638
32638
32638
32638
32638
32638
32638
32638
32638
32638
32638
32638
32638
32638
32638
32638
32638
32638
32638
32638
32638
32638
32638
32638
32638
32638
32638
32638
32638
32638
32638
32638
32638
32638
32638
32638
32638
32638
32638
32638
32638
32638
32638
32638
32638
32638
32638
32638
32638
32638
-32640
-32640
-32640
-32640
-32640
-32640
-32640
-32640
-32640
-32640
-32640
-32640
-32640
-32640
-32640
-32640
-32640
-32640
-32640
-32640
-32640
-32640
-32640
-32640
-32640
-32640
-32640
-32640
-32640
-32640
-32640
-32640
-32640
-32640
-32640
-32640
-32640
-32640
-32640
-32640
-32640
-32640
-32640
-32640
-32640
-32640
-32640
-32640
-32640
-32640
-32640
-32640
-32640
-32640
-32640
32638
32638
32638
32638
32638
32638
32638
32638
32638
32638
32638
32638
32638
32638
32638
32638
32638
32638
32638
32638
32638
32638
32638
32638
32638
32638
32638
32638
32638
32638
32638
32638
32638
32638
32638
32638
32638
32638
32638
32638
32638
32638
32638
32638
32638
32638
32638
32638
32638
32638
32638
32638
32638
32638
32638
-32640
-32640
-32640
-32640
-32640
-32640
-32640
-32640
-32640
-32640
-32640
-32640
-32640
-32640
-32640
-32640
-32640
-32640
-32640
-32640
-32640
-32640
-32640
-32640
-32640
-32640
-32640
-32640
-32640
-32640
-32640
-32640
-32640
-32640
-32640
-32640
-32640
-32640
-32640
-32640
-32640
-32640
-32640
-32640
-32640
-32640
-32640
-32640
-32640
-32640
-32640
-32640
-32640
-32640
32638
32638
32638
32638
32638
32638
32638
32638
32638
32638
32638
32638
32638
32638
32638
32638
32638
32638
32638
32638
32638
32638
32638
32638
32638
32638
32638
32638
32638
32638
32638
32638
32638
32638
32638
32638
32638
32638
32638
32638
32638
32638
32638
32638
32638
32638
32638
32638
32638
32638
32638
32638
32638
32638
32638
-32640
-32640
-32640
-32640
-32640
-32640
-32640
-32640
-32640
-32640
-32640
-32640
-32640
-32640
-32640
-32640
-32640
-32640
-32640
-32640
-32640
-32640
-32640
-32640
-32640
-32640
-32640
-32640
-32640
-32640
-32640
-32640
-32640
-32640
-32640
-32640
-32640
-32640
-32640
-32640
-32640
-32640
-32640
-32640
-32640
-32640
-32640
-32640
-32640
-32640
-32640
-32640
-32640
-32640
32638
32638
32638
32638
32638
32638
32638
32638
32638
32638
32638
32638
32638
32638
32638
32638
32638
32638
32638
32638
32638
32638
32638
32638
32638
32638
32638
32638
32638
32638
32638
32638
32638
32638
32638
32638
32638
32638
32638
32638
32638
32638
32638
32638
32638
32638
32638
32638
32638
32638
32638
32638
32638
32638
32638
-32640
-32640
-32640
-32640
-32640
-32640
-32640
-32640
-32640
-32640
-32640
-32640
-32640
-32640
-32640
-32640
-32640
-32640
-32640
-32640
-32640
-32640
-32640
-32640
-32640
-32640
-32640
-32640
-32640
-32640
-32640
-32640
-32640
-32640
-32640
-32640
-32640
-32640
-32640
-32640
-32640
-32640
-32640
-32640
-32640
-32640
-32640
-32640
-32640
-32640
-32640
-32640
-32640
-32640
32638
32638
32638
32638
32638
32638
32638
32638
32638
32638
32638
32638
32638
32638
32638
32638
32638
32638
32638
32638
32638
32638
32638
32638
32638
32638
32638
32638
32638
32638
32638
32638
32638
32638
32638
32638
32638
32638
32638
32638
32638
32638
32638
32638
32638
32638
32638
32638
32638
32638
32638
32638
32638
32638
32638
-32640
-32640
-32640
-32640
-32640
-32640
-32640
-32640
-32640
-32640
-32640
-32640
-32640
-32640
-32640
-32640
-32640
-32640
-32640
-32640
-32640
-32640
-32640
-32640
-32640
-32640
-32640
-32640
-32640
-32640
-32640
-32640
-32640
-32640
-32640
-32640
-32640
-32640
-32640
-32640
-32640
-32640
-32640
-32640
-32640
-32640
-32640
-32640
-32640
-32640
-32640
-32640
-32640
-32640
32638
32638
32638
32638
32638
32638
32638
32638
32638
32638
32638
32638
32638
32638
32638
32638
32638
32638
32638
32638
32638
32638
32638
32638
32638
32638
32638
32638
32638
32638
32638
32638
32638
32638
32638
32638
32638
32638
32638
32638
32638
32638
32638
32638
32638
32638
32638
32638
32638
32638
32638
32638
32638
32638
32638
-32640
-32640
-32640
-32640
-32640
-32640
-32640
-32640
-32640
-32640
-32640
-32640
-32640
-32640
-32640
-32640
-32640
-32640
-32640
-32640
-32640
-32640
-32640
-32640
-32640
-32640
-32640
-32640
-32640
-32640
-32640
-32640
-32640
-32640
-32640
-32640
-32640
-32640
-32640
-32640
-32640
-32640
-32640
-32640
-32640
-32640
-32640
-32640
-32640
-32640
-32640
-32640
-32640
-32640
32638
32638
32638
32638
32638
32638
32638
32638
32638
32638
32638
32638
32638
32638
32638
32638
32638
32638
32638
32638
32638
32638
32638
32638
32638
32638
32638
32638
32638
32638
32638
32638
32638
32638
32638
32638
32638
32638
32638
32638
32638
32638
32638
32638
32638
32638
32638
32638
32638
32638
32638
32638
32638
32638
32638
-32640
-32640
-32640
-32640
-32640
-32640
-32640
-32640
-32640
-32640
-32640
-32640
-32640
-32640
-32640
-32640
-32640
-32640
-32640
-32640
-32640
-32640
-32640
-32640
-32640
-32640
-32640
-32640
-32640
-32640
-32640
-32640
-32640
-32640
-32640
-32640
-32640
-32640
-32640
-32640
-32640
-32640
-32640
-32640
-32640
-32640
-32640
-32640
-32640
-32640
-32640
-32640
-32640
-32640
-32640
32638
32638
32638
32638
32638
32638
32638
32638
32638
32638
32638
32638
32638
32638
32638
32638
32638
32638
32638
32638
32638
32638
32638
32638
32638
32638
32638
32638
32638
32638
32638
32638
32638
32638
32638
32638
32638
32638
32638
32638
32638
32638
32638
32638
32638
32638
32638
32638
32638
32638
32638
32638
32638
32638
-32640
-32640
-32640
-32640
-32640
-32640
-32640
-32640
-32640
-32640
-32640
-32640
-32640
-32640
-32640
-32640
-32640
-32640
-32640
-32640
-32640
-32640
-32640
-32640
-32640
-32640
-32640
-32640
-32640
-32640
-32640
-32640
-32640
-32640
-32640
-32640
-32640
-32640
-32640
-32640
-32640
-32640
-32640
-32640
-32640
-32640
-32640
-32640
-32640
-32640
-32640
-32640
-32640
-32640
-32640
32638
32638
32638
32638
32638
32638
32638
32638
32638
32638
32638
32638
32638
32638
32638
32638
32638
32638
32638
32638
32638
32638
32638
32638
32638
32638
32638
32638
32638
32638
32638
32638
32638
32638
32638
32638
32638
32638
32638
32638
32638
32638
32638
32638
32638
32638
32638
32638
32638
32638
32638
32638
32638
32638
-32640
-32640
-32640
-32640
-32640
-32640
-32640
-32640
-32640
-32640
-32640
-32640
-32640
-32640
-32640
-32640
-32640
-32640
-32640
-32640
-32640
-32640
-32640
-32640
-32640
-32640
-32640
-32640
-32640
-32640
-32640
-32640
-32640
-32640
-32640
-32640
-32640
-32640
-32640
-32640
-32640
-32640
-32640
-32640
-32640
-32640
-32640
-32640
-32640
-32640
-32640
-32640
-32640
-32640
-32640
32638
32638
32638
32638
32638
32638
32638
32638
32638
32638
32638
32638
32638
32638
32638
32638
32638
32638
32638
32638
32638
32638
32638
32638
32638
32638
32638
32638
32638
32638
32638
32638
32638
32638
32638
32638
32638
32638
32638
32638
32638
32638
32638
32638
32638
32638
32638
32638
32638
32638
32638
32638
32638
32638
-32640
-32640
-32640
-32640
-32640
-32640
-32640
-32640
-32640
-32640
-32640
-32640
-32640
-32640
-32640
-32640
-32640
-32640
-32640
-32640
-32640
-32640
-32640
-32640
-32640
-32640
-32640
-32640
-32640
-32640
-32640
-32640
-32640
-32640
-32640
-32640
-32640
-32640
-32640
-32640
-32640
-32640
-32640
-32640
-32640
-32640
-32640
-32640
-32640
-32640
-32640
-32640
-32640
-32640
-32640
32638
32638
32638
32638
32638
32638
32638
32638
32638
32638
32638
32638
32638
32638
32638
32638
32638
32638
32638
32638
32638
32638
32638
32638
32638
32638
32638
32638
32638
32638
32638
32638
32638
32638
32638
32638
32638
32638
32638
32638
32638
32638
32638
32638
32638
32638
32638
32638
32638
32638
32638
32638
32638
32638
-32640
-32640
-32640
-32640
-32640
-32640
-32640
-32640
-32640
-32640
-32640
-32640
-32640
-32640
-32640
-32640
-32640
-32640
-32640
-32640
-32640
-32640
-32640
-32640
-32640
-32640
-32640
-32640
-32640
-32640
-32640
-32640
-32640
-32640
-32640
-32640
-32640
-32640
-32640
-32640
-32640
-32640
-32640
-32640
-32640
-32640
-32640
-32640
-32640
-32640
-32640
-32640
-32640
-32640
-32640
32638
32638
32638
32638
32638
32638
32638
32638
32638
32638
32638
32638
32638
32638
32638
32638
32638
32638
32638
32638
32638
32638
32638
32638
32638
32638
32638
32638
32638
32638
32638
32638
32638
32638
32638
32638
32638
32638
32638
32638
32638
32638
32638
32638
32638
32638
32638
32638
32638
32638
32638
32638
32638
32638
-32640
-32640
-32640
-32640
-32640
-32640
-32640
-32640
-32640
-32640
-32640
-32640
-32640
-32640
-32640
-32640
-32640
-32640
-32640
-32640
-32640
-32640
-32640
-32640
-32640
-32640
-32640
-32640
-32640
-32640
-32640
-32640
-32640
-32640
-32640
-32640
-32640
-32640
-32640
-32640
-32640
-32640
-32640
-32640
-32640
-32640
-32640
-32640
-32640
-32640
-32640
-32640
-32640
-32640
-32640
32638
32638
32638
32638
32638
32638
32638
32638
32638
32638
32638
32638
32638
32638
32638
32638
32638
32638
32638
32638
32638
32638
32638
32638
32638
32638
32638
32638
32638
32638
32638
32638
32638
32638
32638
32638
32638
32638
32638
32638
32638
32638
32638
32638
32638
32638
32638
32638
32638
32638
32638
32638
32638
32638
32638
-32640
-32640
-32640
-32640
-32640
-32640
-32640
-32640
-32640
-32640
-32640
-32640
-32640
-32640
-32640
-32640
-32640
-32640
-32640
-32640
-32640
-32640
-32640
-32640
-32640
-32640
-32640
-32640
-32640
-32640
-32640
-32640
-32640
-32640
-32640
-32640
-32640
-32640
-32640
-32640
-32640
-32640
-32640
-32640
-32640
-32640
-32640
-32640
-32640
-32640
-32640
-32640
-32640
-32640
32638
32638
32638
32638
32638
32638
32638
32638
32638
32638
32638
32638
32638
32638
32638
32638
32638
32638
32638
32638
32638
32638
32638
32638
32638
32638
32638
32638
32638
32638
32638
32638
32638
32638
32638
32638
32638
32638
32638
32638
32638
32638
32638
32638
32638
32638
32638
32638
32638
32638
32638
32638
32638
32638
32638
-32640
-32640
-32640
-32640
-32640
-32640
-32640
-32640
-32640
-32640
-32640
-32640
-32640
-32640
-32640
-32640
-32640
-32640
-32640
-32640
-32640
-32640
-32640
-32640
-32640
-32640
-32640
-32640
-32640
-32640
-32640
-32640
-32640
-32640
-32640
-32640
-32640
-32640
-32640
-32640
-32640
-32640
-32640
-32640
-32640
-32640
-32640
-32640
-32640
-32640
-32640
-32640
-32640
-32640
32638
32638
32638
32638
32638
32638
32638
32638
32638
32638
32638
32638
32638
32638
32638
32638
32638
32638
32638
32638
32638
32638
32638
32638
32638
32638
32638
32638
32638
32638
32638
32638
32638
32638
32638
32638
32638
32638
32638
32638
32638
32638
32638
32638
32638
32638
32638
32638
32638
32638
32638
32638
32638
32638
32638
-32640
-32640
-32640
-32640
-32640
-32640
-32640
-32640
-32640
-32640
-32640
-32640
-32640
-32640
-32640
-32640
-32640
-32640
-32640
-32640
-32640
-32640
-32640
-32640
-32640
-32640
-32640
-32640
-32640
-32640
-32640
-32640
-32640
-32640
-32640
-32640
-32640
-32640
-32640
-32640
-32640
-32640
-32640
-32640
-32640
-32640
-32640
-32640
-32640
-32640
-32640
-32640
-32640
-32640
32638
32638
32638
32638
32638
32638
32638
32638
32638
32638
32638
32638
32638
32638
32638
32638
32638
32638
32638
32638
32638
32638
32638
32638
32638
32638
32638
32638
32638
32638
32638
32638
32638
32638
32638
32638
32638
32638
32638
32638
32638
32638
32638
32638
32638
32638
32638
32638
32638
32638
32638
32638
32638
32638
32638
-32640
-32640
-32640
-32640
-32640
-32640
-32640
-32640
-32640
-32640
-32640
-32640
-32640
-32640
-32640
-32640
-32640
-32640
-32640
-32640
-32640
-32640
-32640
-32640
-32640
-32640
-32640
-32640
-32640
-32640
-32640
-32640
-32640
-32640
-32640
-32640
-32640
-32640
-32640
-32640
-32640
-32640
-32640
-32640
-32640
-32640
-32640
-32640
-32640
-32640
-32640
-32640
-32640
-32640
32638
32638
32638
32638
32638
32638
32638
32638
32638
32638
32638
32638
32638
32638
32638
32638
32638
32638
32638
32638
32638
32638
32638
32638
32638
32638
32638
32638
32638
32638
32638
32638
32638
32638
32638
32638
32638
32638
32638
32638
32638
32638
32638
32638
32638
32638
32638
32638
32638
32638
32638
32638
32638
32638
32638
-32640
-32640
-32640
-32640
-32640
-32640
-32640
-32640
-32640
-32640
-32640
-32640
-32640
-32640
-32640
-32640
-32640
-32640
-32640
-32640
-32640
-32640
-32640
-32640
-32640
-32640
-32640
-32640
-32640
-32640
-32640
-32640
-32640
-32640
-32640
-32640
-32640
-32640
-32640
-32640
-32640
-32640
-32640
-32640
-32640
-32640
-32640
-32640
-32640
-32640
-32640
-32640
-32640
-32640
32638
32638
32638
32638
32638
32638
32638
32638
32638
32638
32638
32638
32638
32638
32638
32638
32638
32638
32638
32638
32638
32638
32638
32638
32638
32638
32638
32638
32638
32638
32638
32638
32638
32638
32638
32638
32638
32638
32638
32638
32638
32638
32638
32638
32638
32638
32638
32638
32638
32638
32638
32638
32638
32638
32638
-32640
-32640
-32640
-32640
-32640
-32640
-32640
-32640
-32640
-32640
-32640
-32640
-32640
-32640
-32640
-32640
-32640
-32640
-32640
-32640
-32640
-32640
-32640
-32640
-32640
-32640
-32640
-32640
-32640
-32640
-32640
-32640
-32640
-32640
-32640
-32640
-32640
-32640
-32640
-32640
-32640
-32640
-32640
-32640
-32640
-32640
-32640
-32640
-32640
-32640
-32640
-32640
-32640
-32640
-32640
32638
32638
32638
32638
32638
32638
32638
32638
32638
32638
32638
32638
32638
32638
32638
32638
32638
32638
32638
32638
32638
32638
32638
32638
32638
32638
32638
32638
32638
32638
32638
32638
32638
32638
32638
32638
32638
32638
32638
32638
32638
32638
32638
32638
32638
32638
32638
32638
32638
32638
32638
32638
32638
32638
-32640
-32640
-32640
-32640
-32640
-32640
-32640
-32640
-32640
-32640
-32640
-32640
-32640
-32640
-32640
-32640
-32640
-32640
-32640
-32640
-32640
-32640
-32640
-32640
-32640
-32640
-32640
-32640
-32640
-32640
-32640
-32640
-32640
-32640
-32640
-32640
-32640
-32640
-32640
-32640
-32640
-32640
-32640
-32640
-32640
-32640
-32640
-32640
-32640
-32640
-32640
-32640
-32640
-32640
-32640
32638
32638
32638
32638
32638
32638
32638
32638
32638
32638
32638
32638
32638
32638
32638
32638
32638
32638
32638
32638
32638
32638
32638
32638
32638
32638
32638
32638
32638
32638
32638
32638
32638
32638
32638
32638
32638
32638
32638
32638
32638
32638
32638
32638
32638
32638
32638
32638
32638
32638
32638
32638
32638
32638
-32640
-32640
-32640
-32640
-32640
-32640
-32640
-32640
-32640
-32640
-32640
-32640
-32640
-32640
-32640
-32640
-32640
-32640
-32640
-32640
-32640
-32640
-32640
-32640
-32640
-32640
-32640
-32640
-32640
-32640
-32640
-32640
-32640
-32640
-32640
-32640
-32640
-32640
-32640
-32640
-32640
-32640
-32640
-32640
-32640
-32640
-32640
-32640
-32640
-32640
-32640
-32640
-32640
-32640
-32640
32638
32638
32638
32638
32638
32638
32638
32638
32638
32638
32638
32638
32638
32638
32638
32638
32638
32638
32638
32638
32638
32638
32638
32638
32638
32638
32638
32638
32638
32638
32638
32638
32638
32638
32638
32638
32638
32638
32638
32638
32638
32638
32638
32638
32638
32638
32638
32638
32638
32638
32638
32638
32638
32638
-32640
-32640
-32640
-32640
-32640
-32640
-32640
-32640
-32640
-32640
-32640
-32640
-32640
-32640
-32640
-32640
-32640
-32640
-32640
-32640
-32640
-32640
-32640
-32640
-32640
-32640
-32640
-32640
-32640
-32640
-32640
-32640
-32640
-32640
-32640
-32640
-32640
-32640
-32640
-32640
-32640
-32640
-32640
-32640
-32640
-32640
-32640
-32640
-32640
-32640
-32640
-32640
-32640
-32640
-32640
32638
32638
32638
32638
32638
32638
32638
32638
32638
32638
32638
32638
32638
32638
32638
32638
32638
32638
32638
32638
32638
32638
32638
32638
32638
32638
32638
32638
32638
32638
32638
32638
32638
32638
32638
32638
32638
32638
32638
32638
32638
32638
32638
32638
32638
32638
32638
32638
32638
32638
32638
32638
32638
32638
-32640
-32640
-32640
-32640
-32640
-32640
-32640
-32640
-32640
-32640
-32640
-32640
-32640
-32640
-32640
-32640
-32640
-32640
-32640
-32640
-32640
-32640
-32640
-32640
-32640
-32640
-32640
-32640
-32640
-32640
-32640
-32640
-32640
-32640
-32640
-32640
-32640
-32640
-32640
-32640
-32640
-32640
-32640
-32640
-32640
-32640
-32640
-32640
-32640
-32640
-32640
-32640
-32640
-32640
-32640
32638
32638
32638
32638
32638
32638
32638
32638
32638
32638
32638
32638
32638
32638
32638
32638
32638
32638
32638
32638
32638
32638
32638
32638
32638
32638
32638
32638
32638
32638
32638
32638
32638
32638
32638
32638
32638
32638
32638
32638
32638
32638
32638
32638
32638
32638
32638
32638
32638
32638
32638
32638
32638
32638
-32640
-32640
-32640
-32640
-32640
-32640
-32640
-32640
-32640
-32640
-32640
-32640
-32640
-32640
-32640
-32640
-32640
-32640
-32640
-32640
-32640
-32640
-32640
-32640
-32640
-32640
-32640
-32640
-32640
-32640
-32640
-32640
-32640
-32640
-32640
-32640
-32640
-32640
-32640
-32640
-32640
-32640
-32640
-32640
-32640
-32640
-32640
-32640
-32640
-32640
-32640
-32640
-32640
-32640
-32640
32638
32638
32638
32638
32638
32638
32638
32638
32638
32638
32638
32638
32638
32638
32638
32638
32638
32638
32638
32638
32638
32638
32638
32638
32638
32638
32638
32638
32638
32638
32638
32638
32638
32638
32638
32638
32638
32638
32638
32638
32638
32638
32638
32638
32638
32638
32638
32638
32638
32638
32638
32638
32638
32638
32638
-32640
-32640
-32640
-32640
-32640
-32640
-32640
-32640
-32640
-32640
-32640
-32640
-32640
-32640
-32640
-32640
-32640
-32640
-32640
-32640
-32640
-32640
-32640
-32640
-32640
-32640
-32640
-32640
-32640
-32640
-32640
-32640
-32640
-32640
-32640
-32640
-32640
-32640
-32640
-32640
-32640
-32640
-32640
-32640
-32640
-32640
-32640
-32640
-32640
-32640
-32640
-32640
-32640
-32640
32638
32638
32638
32638
32638
32638
32638
32638
32638
32638
32638
32638
32638
32638
32638
32638
32638
32638
32638
32638
32638
32638
32638
32638
32638
32638
32638
32638
32638
32638
32638
32638
32638
32638
32638
32638
32638
32638
32638
32638
32638
32638
32638
32638
32638
32638
32638
32638
32638
32638
32638
32638
32638
32638
32638
-32640
-32640
-32640
-32640
-32640
-32640
-32640
-32640
-32640
-32640
-32640
-32640
-32640
-32640
-32640
-32640
-32640
-32640
-32640
-32640
-32640
-32640
-32640
-32640
-32640
-32640
-32640
-32640
-32640
-32640
-32640
-32640
-32640
-32640
-32640
-32640
-32640
-32640
-32640
-32640
-32640
-32640
-32640
-32640
-32640
-32640
-32640
-32640
-32640
-32640
-32640
-32640
-32640
-32640
32638
32638
32638
32638
32638
32638
32638
32638
32638
32638
32638
32638
32638
32638
32638
32638
32638
32638
32638
32638
32638
32638
32638
32638
32638
32638
32638
32638
32638
32638
32638
32638
32638
32638
32638
32638
32638
32638
32638
32638
32638
32638
32638
32638
32638
32638
32638
32638
32638
32638
32638
32638
32638
32638
32638
-32640
-32640
-32640
-32640
-32640
-32640
-32640
-32640
-32640
-32640
-32640
-32640
-32640
-32640
-32640
-32640
-32640
-32640
-32640
-32640
-32640
-32640
-32640
-32640
-32640
-32640
-32640
-32640
-32640
-32640
-32640
-32640
-32640
-32640
-32640
-32640
-32640
-32640
-32640
-32640
-32640
-32640
-32640
-32640
-32640
-32640
-32640
-32640
-32640
-32640
-32640
-32640
-32640
-32640
32638
32638
32638
32638
32638
32638
32638
32638
32638
32638
32638
32638
32638
32638
32638
32638
32638
32638
32638
32638
32638
32638
32638
32638
32638
32638
32638
32638
32638
32638
32638
32638
32638
32638
32638
32638
32638
32638
32638
32638
32638
32638
32638
32638
32638
32638
32638
32638
32638
32638
32638
32638
32638
32638
32638
-32640
-32640
-32640
-32640
-32640
-32640
-32640
-32640
-32640
-32640
-32640
-32640
-32640
-32640
-32640
-32640
-32640
-32640
-32640
-32640
-32640
-32640
-32640
-32640
-32640
-32640
-32640
-32640
-32640
-32640
-32640
-32640
-32640
-32640
-32640
-32640
-32640
-32640
-32640
-32640
-32640
-32640
-32640
-32640
-32640
-32640
-32640
-32640
-32640
-32640
-32640
-32640
-32640
-32640
32638
32638
32638
32638
32638
32638
32638
32638
32638
32638
32638
32638
32638
32638
32638
32638
32638
32638
32638
32638
32638
32638
32638
32638
32638
32638
32638
32638
32638
32638
32638
32638
32638
32638
32638
32638
32638
32638
32638
32638
32638
32638
32638
32638
32638
32638
32638
32638
32638
32638
32638
32638
32638
32638
32638
-32640
-32640
-32640
-32640
-32640
-32640
-32640
-32640
-32640
-32640
-32640
-32640
-32640
-32640
-32640
-32640
-32640
-32640
-32640
-32640
-32640
-32640
-32640
-32640
-32640
-32640
-32640
-32640
-32640
-32640
-32640
-32640
-32640
-32640
-32640
-32640
-32640
-32640
-32640
-32640
-32640
-32640
-32640
-32640
-32640
-32640
-32640
-32640
-32640
-32640
-32640
-32640
-32640
-32640
32638
32638
32638
32638
32638
32638
32638
32638
32638
32638
32638
32638
32638
32638
32638
32638
32638
32638
32638
32638
32638
32638
32638
32638
32638
32638
32638
32638
32638
32638
32638
32638
32638
32638
32638
32638
32638
32638
32638
32638
32638
32638
32638
32638
32638
32638
32638
32638
32638
32638
32638
32638
32638
32638
32638
-32640
-32640
-32640
-32640
-32640
-32640
-32640
-32640
-32640
-32640
-32640
-32640
-32640
-32640
-32640
-32640
-32640
-32640
-32640
-32640
-32640
-32640
-32640
-32640
-32640
-32640
-32640
-32640
-32640
-32640
-32640
-32640
-32640
-32640
-32640
-32640
-32640
-32640
-32640
-32640
-32640
-32640
-32640
-32640
-32640
-32640
-32640
-32640
-32640
-32640
-32640
-32640
-32640
-32640
-32640
32638
32638
32638
32638
32638
32638
32638
32638
32638
32638
32638
32638
32638
32638
32638
32638
32638
32638
32638
32638
32638
32638
32638
32638
32638
32638
32638
32638
32638
32638
32638
32638
32638
32638
32638
32638
32638
32638
32638
32638
32638
32638
32638
32638
32638
32638
32638
32638
32638
32638
32638
32638
32638
32638
-32640
-32640
-32640
-32640
-32640
-32640
-32640
-32640
-32640
-32640
-32640
-32640
-32640
-32640
-32640
-32640
-32640
-32640
-32640
-32640
-32640
-32640
-32640
-32640
-32640
-32640
-32640
-32640
-32640
-32640
-32640
-32640
-32640
-32640
-32640
-32640
-32640
-32640
-32640
-32640
-32640
-32640
-32640
-32640
-32640
-32640
-32640
-32640
-32640
-32640
-32640
-32640
-32640
-32640
-32640
32638
32638
32638
32638
32638
32638
32638
32638
32638
32638
32638
32638
32638
32638
32638
32638
32638
32638
32638
32638
32638
32638
32638
32638
32638
32638
32638
32638
32638
32638
32638
32638
32638
32638
32638
32638
32638
32638
32638
32638
32638
32638
32638
32638
32638
32638
32638
32638
32638
32638
32638
32638
32638
32638
-32640
-32640
-32640
-32640
-32640
-32640
-32640
-32640
-32640
-32640
-32640
-32640
-32640
-32640
-32640
-32640
-32640
-32640
-32640
-32640
-32640
-32640
-32640
-32640
-32640
-32640
-32640
-32640
-32640
-32640
-32640
-32640
-32640
-32640
-32640
-32640
-32640
-32640
-32640
-32640
-32640
-32640
-32640
-32640
-32640
-32640
-32640
-32640
-32640
-32640
-32640
-32640
-32640
-32640
-32640
32638
32638
32638
32638
32638
32638
32638
32638
32638
32638
32638
32638
32638
32638
32638
32638
32638
32638
32638
32638
32638
32638
32638
32638
32638
32638
32638
32638
32638
32638
32638
32638
32638
32638
32638
32638
32638
32638
32638
32638
32638
32638
32638
32638
32638
32638
32638
32638
32638
32638
32638
32638
32638
32638
-32640
-32640
-32640
-32640
-32640
-32640
-32640
-32640
-32640
-32640
-32640
-32640
-32640
-32640
-32640
-32640
-32640
-32640
-32640
-32640
-32640
-32640
-32640
-32640
-32640
-32640
-32640
-32640
-32640
-32640
-32640
-32640
-32640
-32640
-32640
-32640
-32640
-32640
-32640
-32640
-32640
-32640
-32640
-32640
-32640
-32640
-32640
-32640
-32640
-32640
-32640
-32640
-32640
-32640
-32640
32638
32638
32638
32638
32638
32638
32638
32638
32638
32638
32638
32638
32638
32638
32638
32638
32638
32638
32638
32638
32638
32638
32638
32638
32638
32638
32638
32638
32638
32638
32638
32638
32638
32638
32638
32638
32638
32638
32638
32638
32638
32638
32638
32638
32638
32638
32638
32638
32638
32638
32638
32638
32638
32638
-32640
-32640
-32640
-32640
-32640
-32640
-32640
-32640
-32640
-32640
-32640
-32640
-32640
-32640
-32640
-32640
-32640
-32640
-32640
-32640
-32640
-32640
-32640
-32640
-32640
-32640
-32640
-32640
-32640
-32640
-32640
-32640
-32640
-32640
-32640
-32640
-32640
-32640
-32640
-32640
-32640
-32640
-32640
-32640
-32640
-32640
-32640
-32640
-32640
-32640
-32640
-32640
-32640
-32640
-32640
32638
32638
32638
32638
32638
32638
32638
32638
32638
32638
32638
32638
32638
32638
32638
32638
32638
32638
32638
32638
32638
32638
32638
32638
32638
32638
32638
32638
32638
32638
32638
32638
32638
32638
32638
32638
32638
32638
32638
32638
32638
32638
32638
32638
32638
32638
32638
32638
32638
32638
32638
32638
32638
32638
-32640
-32640
-32640
-32640
-32640
-32640
-32640
-32640
-32640
-32640
-32640
-32640
-32640
-32640
-32640
-32640
-32640
-32640
-32640
-32640
-32640
-32640
-32640
-32640
-32640
-32640
-32640
-32640
-32640
-32640
-32640
-32640
-32640
-32640
-32640
-32640
-32640
-32640
-32640
-32640
-32640
-32640
-32640
-32640
-32640
-32640
-32640
-32640
-32640
-32640
-32640
-32640
-32640
-32640
-32640
32638
32638
32638
32638
32638
32638
32638
32638
32638
32638
32638
32638
32638
32638
32638
32638
32638
32638
32638
32638
32638
32638
32638
32638
32638
32638
32638
32638
32638
32638
32638
32638
32638
32638
32638
32638
32638
32638
32638
32638
32638
32638
32638
32638
32638
32638
32638
32638
32638
32638
32638
32638
32638
32638
32638
-32640
-32640
-32640
-32640
-32640
-32640
-32640
-32640
-32640
-32640
-32640
-32640
-32640
-32640
-32640
-32640
-32640
-32640
-32640
-32640
-32640
-32640
-32640
-32640
-32640
-32640
-32640
-32640
-32640
-32640
-32640
-32640
-32640
-32640
-32640
-32640
-32640
-32640
-32640
-32640
-32640
-32640
-32640
-32640
-32640
-32640
-32640
-32640
-32640
-32640
-32640
-32640
-32640
-32640
32638
32638
32638
32638
32638
32638
32638
32638
32638
32638
32638
32638
32638
32638
32638
32638
32638
32638
32638
32638
32638
32638
32638
32638
32638
32638
32638
32638
32638
32638
32638
32638
32638
32638
32638
32638
32638
32638
32638
32638
32638
32638
32638
32638
32638
32638
32638
32638
32638
32638
32638
32638
32638
32638
32638
-32640
-32640
-32640
-32640
-32640
-32640
-32640
-32640
-32640
-32640
-32640
-32640
-32640
-32640
-32640
-32640
-32640
-32640
-32640
-32640
-32640
-32640
-32640
-32640
-32640
-32640
-32640
-32640
-32640
-32640
-32640
-32640
-32640
-32640
-32640
-32640
-32640
-32640
-32640
-32640
-32640
-32640
-32640
-32640
-32640
-32640
-32640
-32640
-32640
-32640
-32640
-32640
-32640
-32640
32638
32638
32638
32638
32638
32638
32638
32638
32638
32638
32638
32638
32638
32638
32638
32638
32638
32638
32638
32638
32638
32638
32638
32638
32638
32638
32638
32638
32638
32638
32638
32638
32638
32638
32638
32638
32638
32638
32638
32638
32638
32638
32638
32638
32638
32638
32638
32638
32638
32638
32638
32638
32638
32638
32638
-32640
-32640
-32640
-32640
-32640
-32640
-32640
-32640
-32640
-32640
-32640
-32640
-32640
-32640
-32640
-32640
-32640
-32640
-32640
-32640
-32640
-32640
-32640
-32640
-32640
-32640
-32640
-32640
-32640
-32640
-32640
-32640
-32640
-32640
-32640
-32640
-32640
-32640
-32640
-32640
-32640
-32640
-32640
-32640
-32640
-32640
-32640
-32640
-32640
-32640
-32640
-32640
-32640
-32640
32638
32638
32638
32638
32638
32638
32638
32638
32638
32638
32638
32638
32638
32638
32638
32638
32638
32638
32638
32638
32638
32638
32638
32638
32638
32638
32638
32638
32638
32638
32638
32638
32638
32638
32638
32638
32638
32638
32638
32638
32638
32638
32638
32638
32638
32638
32638
32638
32638
32638
32638
32638
32638
32638
32638
-32640
-32640
-32640
-32640
-32640
-32640
-32640
-32640
-32640
-32640
-32640
-32640
-32640
-32640
-32640
-32640
-32640
-32640
-32640
-32640
-32640
-32640
-32640
-32640
-32640
-32640
-32640
-32640
-32640
-32640
-32640
-32640
-32640
-32640
-32640
-32640
-32640
-32640
-32640
-32640
-32640
-32640
-32640
-32640
-32640
-32640
-32640
-32640
-32640
-32640
-32640
-32640
-32640
-32640
32638
32638
32638
32638
32638
32638
32638
32638
32638
32638
32638
32638
32638
32638
32638
32638
32638
32638
32638
32638
32638
32638
32638
32638
32638
32638
32638
32638
32638
32638
32638
32638
32638
32638
32638
32638
32638
32638
32638
32638
32638
32638
32638
32638
32638
32638
32638
32638
32638
32638
32638
32638
32638
32638
32638
-32640
-32640
-32640
-32640
-32640
-32640
-32640
-32640
-32640
-32640
-32640
-32640
-32640
-32640
-32640
-32640
-32640
-32640
-32640
-32640
-32640
-32640
-32640
-32640
-32640
-32640
-32640
-32640
-32640
-32640
-32640
-32640
-32640
-32640
-32640
-32640
-32640
-32640
-32640
-32640
-32640
-32640
-32640
-32640
-32640
-32640
-32640
-32640
-32640
-32640
-32640
-32640
-32640
-32640
32638
32638
32638
32638
32638
32638
32638
32638
32638
32638
32638
32638
32638
32638
32638
32638
32638
32638
32638
32638
32638
32638
32638
32638
32638
32638
32638
32638
32638
32638
32638
32638
32638
32638
32638
32638
32638
32638
32638
32638
32638
32638
32638
32638
32638
32638
32638
32638
32638
32638
32638
32638
32638
32638
32638
-32640
-32640
-32640
-32640
-32640
-32640
-32640
-32640
-32640
-32640
-32640
-32640
-32640
-32640
-32640
-32640
-32640
-32640
-32640
-32640
-32640
-32640
-32640
-32640
-32640
-32640
-32640
-32640
-32640
-32640
-32640
-32640
-32640
-32640
-32640
-32640
-32640
-32640
-32640
-32640
-32640
-32640
-32640
-32640
-32640
-32640
-32640
-32640
-32640
-32640
-32640
-32640
-32640
-32640
-32640
32638
32638
32638
32638
32638
32638
32638
32638
32638
32638
32638
32638
32638
32638
32638
32638
32638
32638
32638
32638
32638
32638
32638
32638
32638
32638
32638
32638
32638
32638
32638
32638
32638
32638
32638
32638
32638
32638
32638
32638
32638
32638
32638
32638
32638
32638
32638
32638
32638
32638
32638
32638
32638
32638
-32640
-32640
-32640
-32640
-32640
-32640
-32640
-32640
-32640
-32640
-32640
-32640
-32640
-32640
-32640
-32640
-32640
-32640
-32640
-32640
-32640
-32640
-32640
-32640
-32640
-32640
-32640
-32640
-32640
-32640
-32640
-32640
-32640
-32640
-32640
-32640
-32640
-32640
-32640
-32640
-32640
-32640
-32640
-32640
-32640
-32640
-32640
-32640
-32640
-32640
-32640
-32640
-32640
-32640
-32640
32638
32638
32638
32638
32638
32638
32638
32638
32638
32638
32638
32638
32638
32638
32638
32638
32638
32638
32638
32638
32638
32638
32638
32638
32638
32638
32638
32638
32638
32638
32638
32638
32638
32638
32638
32638
32638
32638
32638
32638
32638
32638
32638
32638
32638
32638
32638
32638
32638
32638
32638
32638
32638
32638
-32640
-32640
-32640
-32640
-32640
-32640
-32640
-32640
-32640
-32640
-32640
-32640
-32640
-32640
-32640
-32640
-32640
-32640
-32640
-32640
-32640
-32640
-32640
-32640
-32640
-32640
-32640
-32640
-32640
-32640
-32640
-32640
-32640
-32640
-32640
-32640
-32640
-32640
-32640
-32640
-32640
-32640
-32640
-32640
-32640
-32640
-32640
-32640
-32640
-32640
-32640
-32640
-32640
-32640
-32640
32638
32638
32638
32638
32638
32638
32638
32638
32638
32638
32638
32638
32638
32638
32638
32638
32638
32638
32638
32638
32638
32638
32638
32638
32638
32638
32638
32638
32638
32638
32638
32638
32638
32638
32638
32638
32638
32638
32638
32638
32638
32638
32638
32638
32638
32638
32638
32638
32638
32638
32638
32638
32638
32638
-32640
-32640
-32640
-32640
-32640
-32640
-32640
-32640
-32640
-32640
-32640
-32640
-32640
-32640
-32640
-32640
-32640
-32640
-32640
-32640
-32640
-32640
-32640
-32640
-32640
-32640
-32640
-32640
-32640
-32640
-32640
-32640
-32640
-32640
-32640
-32640
-32640
-32640
-32640
-32640
-32640
-32640
-32640
-32640
-32640
-32640
-32640
-32640
-32640
-32640
-32640
-32640
-32640
-32640
-32640
32638
32638
32638
32638
32638
32638
32638
32638
32638
32638
32638
32638
32638
32638
32638
32638
32638
32638
32638
32638
32638
32638
32638
32638
32638
32638
32638
32638
32638
32638
32638
32638
32638
32638
32638
32638
32638
32638
32638
32638
32638
32638
32638
32638
32638
32638
32638
32638
32638
32638
32638
32638
32638
32638
-32640
-32640
-32640
-32640
-32640
-32640
-32640
-32640
-32640
-32640
-32640
-32640
-32640
-32640
-32640
-32640
-32640
-32640
-32640
-32640
-32640
-32640
-32640
-32640
-32640
-32640
-32640
-32640
-32640
-32640
-32640
-32640
-32640
-32640
-32640
-32640
-32640
-32640
-32640
-32640
-32640
-32640
-32640
-32640
-32640
-32640
-32640
-32640
-32640
-32640
-32640
-32640
-32640
-32640
-32640
32638
32638
32638
32638
32638
32638
32638
32638
32638
32638
32638
32638
32638
32638
32638
32638
32638
32638
32638
32638
32638
32638
32638
32638
32638
32638
32638
32638
32638
32638
32638
32638
32638
32638
32638
32638
32638
32638
32638
32638
32638
32638
32638
32638
32638
32638
32638
32638
32638
32638
32638
32638
32638
32638
-32640
-32640
-32640
-32640
-32640
-32640
-32640
-32640
-32640
-32640
-32640
-32640
-32640
-32640
-32640
-32640
-32640
-32640
-32640
-32640
-32640
-32640
-32640
-32640
-32640
-32640
-32640
-32640
-32640
-32640
-32640
-32640
-32640
-32640
-32640
-32640
-32640
-32640
-32640
-32640
-32640
-32640
-32640
-32640
-32640
-32640
-32640
-32640
-32640
-32640
-32640
-32640
-32640
-32640
-32640
32638
32638
32638
32638
32638
32638
32638
32638
32638
32638
32638
32638
32638
32638
32638
32638
32638
32638
32638
32638
32638
32638
32638
32638
32638
32638
32638
32638
32638
32638
32638
32638
32638
32638
32638
32638
32638
32638
32638
32638
32638
32638
32638
32638
32638
32638
32638
32638
32638
32638
32638
32638
32638
32638
-32640
-32640
-32640
-32640
-32640
-32640
-32640
-32640
-32640
-32640
-32640
-32640
-32640
-32640
-32640
-32640
-32640
-32640
-32640
-32640
-32640
-32640
-32640
-32640
-32640
-32640
-32640
-32640
-32640
-32640
-32640
-32640
-32640
-32640
-32640
-32640
-32640
-32640
-32640
-32640
-32640
-32640
-32640
-32640
-32640
-32640
-32640
-32640
-32640
-32640
-32640
-32640
-32640
-32640
-32640
32638
32638
32638
32638
32638
32638
32638
32638
32638
32638
32638
32638
32638
32638
32638
32638
32638
32638
32638
32638
32638
32638
32638
32638
32638
32638
32638
32638
32638
32638
32638
32638
32638
32638
32638
32638
32638
32638
32638
32638
32638
32638
32638
32638
32638
32638
32638
32638
32638
32638
32638
32638
32638
32638
32638
-32640
-32640
-32640
-32640
-32640
-32640
-32640
-32640
-32640
-32640
-32640
-32640
-32640
-32640
-32640
-32640
-32640
-32640
-32640
-32640
-32640
-32640
-32640
-32640
-32640
-32640
-32640
-32640
-32640
-32640
-32640
-32640
-32640
-32640
-32640
-32640
-32640
-32640
-32640
-32640
-32640
-32640
-32640
-32640
-32640
-32640
-32640
-32640
-32640
-32640
-32640
-32640
-32640
-32640
32638
32638
32638
32638
32638
32638
32638
32638
32638
32638
32638
32638
32638
32638
32638
32638
32638
32638
32638
32638
32638
32638
32638
32638
32638
32638
32638
32638
32638
32638
32638
32638
32638
32638
32638
32638
32638
32638
32638
32638
32638
32638
32638
32638
32638
32638
32638
32638
32638
32638
32638
32638
32638
32638
32638
-32640
-32640
-32640
-32640
-32640
-32640
-32640
-32640
-32640
-32640
-32640
-32640
-32640
-32640
-32640
-32640
-32640
-32640
-32640
-32640
-32640
-32640
-32640
-32640
-32640
-32640
-32640
-32640
-32640
-32640
-32640
-32640
-32640
-32640
-32640
-32640
-32640
-32640
-32640
-32640
-32640
-32640
-32640
-32640
-32640
-32640
-32640
-32640
-32640
-32640
-32640
-32640
-32640
-32640
32638
32638
32638
32638
32638
32638
32638
32638
32638
32638
32638
32638
32638
32638
32638
32638
32638
32638
32638
32638
32638
32638
32638
32638
32638
32638
32638
32638
32638
32638
32638
32638
32638
32638
32638
32638
32638
32638
32638
32638
32638
32638
32638
32638
32638
32638
32638
32638
32638
32638
32638
32638
32638
32638
32638
-32640
-32640
-32640
-32640
-32640
-32640
-32640
-32640
-32640
-32640
-32640
-32640
-32640
-32640
-32640
-32640
-32640
-32640
-32640
-32640
-32640
-32640
-32640
-32640
-32640
-32640
-32640
-32640
-32640
-32640
-32640
-32640
-32640
-32640
-32640
-32640
-32640
-32640
-32640
-32640
-32640
-32640
-32640
-32640
-32640
-32640
-32640
-32640
-32640
-32640
-32640
-32640
-32640
-32640
32638
32638
32638
32638
32638
32638
32638
32638
32638
32638
32638
32638
32638
32638
32638
32638
32638
32638
32638
32638
32638
32638
32638
32638
32638
32638
32638
32638
32638
32638
32638
32638
32638
32638
32638
32638
32638
32638
32638
32638
32638
32638
32638
32638
32638
32638
32638
32638
32638
32638
32638
32638
32638
32638
32638
-32640
-32640
-32640
-32640
-32640
-32640
-32640
-32640
-32640
-32640
-32640
-32640
-32640
-32640
-32640
-32640
-32640
-32640
-32640
-32640
-32640
-32640
-32640
-32640
-32640
-32640
-32640
-32640
-32640
-32640
-32640
-32640
-32640
-32640
-32640
-32640
-32640
-32640
-32640
-32640
-32640
-32640
-32640
-32640
-32640
-32640
-32640
-32640
-32640
-32640
-32640
-32640
-32640
-32640
32638
32638
32638
32638
32638
32638
32638
32638
32638
32638
32638
32638
32638
32638
32638
32638
32638
32638
32638
32638
32638
32638
32638
32638
32638
32638
32638
32638
32638
32638
32638
32638
32638
32638
32638
32638
32638
32638
32638
32638
32638
32638
32638
32638
32638
32638
32638
32638
32638
32638
32638
32638
32638
32638
32638
-32640
-32640
-32640
-32640
-32640
-32640
-32640
-32640
-32640
-32640
-32640
-32640
-32640
-32640
-32640
-32640
-32640
-32640
-32640
-32640
-32640
-32640
-32640
-32640
-32640
-32640
-32640
-32640
-32640
-32640
-32640
-32640
-32640
-32640
-32640
-32640
-32640
-32640
-32640
-32640
-32640
-32640
-32640
-32640
-32640
-32640
-32640
-32640
-32640
-32640
-32640
-32640
31441
32040
-32640
-32043
-31444
-30846
-30248
-29649
-29051
-28452
-27854
-27256
-26657
-26058
-25461
-24862
-24263
-23665
-23067
-22468
-21870
-21271
-20673
-20075
-19476
-18877
-18280
-17681
-17083
-16484
-15886
-15288
-14689
-14090
-13493
-12894
-12295
-11697
-11099
-10500
-9902
-9303
-8705
-8107
-7508
-6909
-6312
-5713
-5114
-4516
-3918
-3319
-2721
-2122
-1525
-926
-327
270
868
1467
2065
2664
3262
3860
4459
5058
5655
6254
6853
7451
8049
8648
9246
9845
10443
11041
11640
12239
12836
13435
14033
14631
15230
15828
16427
17025
17623
18222
18821
19418
20017
20616
21214
21812
22411
23009
23608
24206
24804
25403
26002
26599
27198
27796
28395
28993
29591
30190
30789
31386
31985
32584
-32097
-31499
-30900
-30302
-29703
-29105
-28507
-27908
-27309
-26712
-26113
-25514
-24916
-24318
-23719
-23121
-22522
-21925
-21326
-20727
-20129
-19531
-18932
-18334
-17735
-17137
-16539
-15940
-15341
-14744
-14145
-13546
-12948
-12350
-11751
-11153
-10554
-9956
-9358
-8759
-8160
-7563
-6964
-6366
-5768
-5169
-4571
-3972
-3374
-2776
-2177
-1578
-981
-382
216
814
1412
2011
2609
3208
3806
4404
5003
5602
6199
6798
7396
7995
8593
9191
9790
10389
10986
11585
12184
12782
13380
13979
14577
15176
15774
16372
16971
17570
18167
18766
19365
19963
20561
21160
21758
22357
22954
23553
24152
24750
25348
25947
26545
27144
27742
28340
28939
29538
30135
30734
31333
31931
32529
-32151
-31553
-30954
-30356
-29758
-29159
-28560
-27963
-27364
-26766
-26168
-25569
-24971
-24372
-23774
-23176
-22577
-21978
-21381
-20782
-20183
-19585
-18987
-18388
-17790
-17191
-16593
-15995
-15396
-14797
-14200
-13601
-13003
-12404
-11806
-11208
-10609
-10010
-9413
-8814
-8215
-7617
-7019
-6420
-5822
-5223
-4625
-4027
-3428
-2829
-2232
-1633
-1034
-436
161
760
1358
1957
2554
3153
3752
4350
4948
5547
6145
6744
7342
7940
8539
9138
9735
10334
10933
11531
12129
12728
13326
13925
14523
15121
15720
16319
16916
17515
18113
18711
19310
19908
20507
21105
21703
22302
22901
23498
24097
24696
25294
25892
26491
27089
27688
28286
28884
29483
30082
30679
31278
31876
32475
-32206
-31608
-31009
-30410
-29813
-29214
-28615
-28017
-27419
-26820
-26222
-25623
-25025
-24427
-23828
-23229
-22632
-22033
-21434
-20836
-20238
-19639
-19041
-18442
-17845
-17246
-16647
-16049
-15451
-14852
-14254
-13655
-13057
-12459
-11860
-11261
-10664
-10065
-9466
-8868
-8270
-7671
-7073
-6474
-5876
-5278
-4679
-4080
-3483
-2884
-2286
-1688
-1089
-491
107
705
1303
1902
2501
3098
3697
4296
4894
5492
6091
6689
7288
7886
8484
9083
9682
10279
10878
11476
12075
12673
13271
13870
14469
15066
15665
16264
16862
17460
18059
18657
19256
19854
20452
21051
21650
22247
22846
23445
24043
24641
25240
25838
26437
27034
27633
28232
28830
29428
30027
30625
31224
31822
32420
-32260
-31661
-31064
-30465
-29866
-29268
-28670
-28071
-27473
-26874
-26276
-25678
-25079
-24480
-23883
-23284
-22686
-22088
-21489
-20891
-20292
-19694
-19096
-18497
-17898
-17301
-16702
-16103
-15505
-14907
-14308
-13710
-13111
-12513
-11915
-11316
-10717
-10120
-9521
-8923
-8324
-7726
-7128
-6529
-5930
-5333
-4734
-4135
-3537
-2939
-2340
-1742
-1143
-545
52
651
1250
1847
2446
3045
3643
4241
4840
5438
6037
6634
7233
7832
8430
9028
9627
10225
10824
11422
12020
12619
13218
13815
14414
15013
15611
16209
16808
17406
18005
18603
19201
19800
20399
20996
21595
22193
22791
23390
23988
24587
25185
25783
26382
26981
27578
28177
28776
29374
29972
30571
31169
31768
32366
-32315
-31716
-31117
-30520
-29921
-29323
-28724
-28126
-27528
-26929
-26330
-25733
-25134
-24535
-23937
-23339
-22740
-22142
-21543
-20945
-20347
-19748
-19149
-18552
-17953
-17354
-16756
-16158
-15559
-14961
-14362
-13765
-13166
-12567
-11969
-11371
-10772
-10174
-9575
-8977
-8379
-7780
-7181
-6584
-5985
-5386
-4788
-4190
-3591
-2993
-2394
-1796
-1198
-599
0
596
1195
1793
2391
2990
3588
4187
4785
5383
5982
6581
7178
7777
8376
8974
9572
10171
10769
11368
11966
12564
13163
13762
14359
14958
15556
16155
16753
17351
17950
18549
19146
19745
20344
20942
21540
22139
22737
23336
23934
24532
25131
25730
26327
26926
27525
28123
28721
29320
29918
30517
31114
31713
32312
-32369
-31771
-31172
-30574
-29975
-29377
-28779
-28180
-27581
-26984
-26385
-25786
-25188
-24590
-23991
-23393
-22794
-22196
-21598
-20999
-20400
-19803
-19204
-18606
-18008
-17409
-16811
-16212
-15614
-15016
-14417
-13818
-13221
-12622
-12023
-11425
-10827
-10228
-9630
-9031
-8433
-7835
-7236
-6637
-6040
-5441
-4843
-4244
-3646
-3048
-2449
-1850
-1253
-654
-55
542
1140
1739
2337
2936
3534
4132
4731
5330
5927
6526
7125
7723
8321
8920
9518
10117
10714
11313
11912
12510
13108
13707
14305
14904
15502
16100
16699
17298
17895
18494
19093
19691
20289
20888
21486
22085
22683
23281
23880
24479
25076
25675
26273
26871
27470
28068
28667
29265
29863
30462
31061
31658
32257
-32423
-31825
-31227
-30628
-30030
-29431
-28833
-28235
-27636
-27037
-26440
-25841
-25243
-24644
-24046
-23448
-22849
-22250
-21653
-21054
-20455
-19857
-19259
-18660
-18062
-17463
-16865
-16267
-15668
-15069
-14472
-13873
-13274
-12676
-12078
-11479
-10881
-10282
-9685
-9086
-8487
-7889
-7291
-6692
-6094
-5495
-4897
-4299
-3700
-3101
-2504
-1905
-1306
-708
-110
488
1086
1685
2283
2881
3480
4079
4676
5275
5873
6472
7070
7668
8267
8865
9463
10062
10661
11258
11857
12456
13054
13652
14251
14849
15448
16046
16644
17243
17842
18439
19038
19636
20235
20833
21431
22030
22629
23226
23825
24424
25022
25620
26219
26817
27416
28014
28612
29211
29810
30407
31006
31605
32203
-32478
-31879
-31281
-30682
-30085
-29486
-28887
-28289
-27691
-27092
-26494
-25895
-25297
-24699
-24100
-23501
-22904
-22305
-21706
-21108
-20510
-19911
-19313
-18714
-18116
-17518
-16919
-16320
-15723
-15124
-14526
-13927
-13329
-12731
-12132
-11534
-10936
-10337
-9738
-9141
-8542
-7943
-7345
-6747
-6148
-5550
-4951
-4353
-3755
-3156
-2557
-1960
-1361
-763
-164
433
1031
1630
2229
2826
3425
4024
4622
5220
5819
6417
7016
7614
8212
8811
9410
10007
10606
11205
11803
12401
13000
13598
14197
14794
15393
15992
16590
17188
17787
18385
18984
19582
20180
20779
21378
21975
22574
23173
23771
24369
24968
25566
26165
26763
27361
27960
28559
29156
29755
30353
30952
31550
32148
-32532
-31934
-31336
-30737
-30138
-29541
-28942
-28343
-27745
-27147
-26548
-25950
-25351
-24753
-24155
-23556
-22957
-22360
-21761
-21163
-20564
-19966
-19368
-18769
-18170
-17573
-16974
-16375
-15777
-15179
-14580
-13982
-13383
-12785
-12187
-11588
-10989
-10392
-9793
-9194
-8596
-7998
-7399
-6801
-6202
-5605
-5006
-4407
-3809
-3211
-2612
-2014
-1415
-817
-219
379
978
1575
2174
2773
3371
3969
4568
5166
5765
6363
6961
7560
8159
8756
9355
9953
10552
11150
11748
12347
12945
13543
14142
14741
15338
15937
16536
17134
17732
18331
18929
19528
20126
20724
21323
21922
22519
23118
23716
24315
24913
25511
26110
26709
27306
27905
28504
29102
29700
30299
30897
31496
32094
-32587
-31988
-31389
-30792
-30193
-29594
-28996
-28398
-27799
-27201
-26602
-26005
-25406
-24807
-24209
-23611
-23012
-22414
-21815
-21217
-20619
-20020
-19421
-18824
-18225
-17626
-17028
-16430
-15831
-15233
-14634
-14036
-13438
-12839
-12240
-11643
-11044
-10446
-9847
-9249
-8651
-8052
-7454
-6856
-6257
-5658
-5061
-4462
-3863
-3265
-2667
-2068
-1470
-871
-273
324
923
1522
2119
2718
3316
3915
4513
5111
5710
6309
6906
7505
8104
8702
9300
9899
10497
11096
11694
12292
12891
13490
14087
14686
15285
15883
16481
17080
17678
18277
18874
19473
20072
20670
21268
21867
22465
23064
23662
24260
24859
25458
26055
26654
27253
27851
28449
29048
29646
30245
30843
31441
32040
-32640
-32043
-31444
-30846
-30247
-29649
-29051
-28452
-27854
-27256
-26657
-26058
-25461
-24862
-24263
-23665
-23067
-22468
-21870
-21271
-20673
-20075
-19476
-18877
-18280
-17681
-17083
-16484
-15886
-15288
-14689
-14090
-13493
-12894
-12295
-11697
-11099
-10500
-9902
-9303
-8705
-8107
-7508
-6909
-6312
-5713
-5114
-4516
-3918
-3319
-2721
-2122
-1525
-926
-327
270
868
1467
2065
2664
3262
3860
4459
5058
5655
6254
6853
7451
8049
8648
9246
9845
10443
11041
11640
12239
12836
13435
14033
14632
15230
15828
16427
17025
17623
18222
18821
19418
20017
20616
21214
21812
22411
23009
23608
24206
24804
25403
26002
26599
27198
27796
28395
28993
29591
30190
30789
31386
31985
32584
-32097
-31499
-30900
-30302
-29703
-29105
-28507
-27908
-27309
-26712
-26113
-25514
-24916
-24318
-23719
-23121
-22522
-21925
-21326
-20727
-20129
-19531
-18932
-18334
-17735
-17137
-16539
-15940
-15341
-14744
-14145
-13546
-12948
-12350
-11751
-11153
-10554
-9956
-9358
-8759
-8160
-7563
-6964
-6366
-5767
-5169
-4571
-3972
-3374
-2776
-2177
-1578
-981
-382
216
814
1412
2011
2609
3208
3806
4404
5003
5602
6199
6798
7396
7995
8593
9191
9790
10389
10986
11585
12184
12782
13380
13979
14577
15176
15774
16372
16971
17570
18167
18766
19365
19963
20561
21160
21758
22357
22954
23553
24152
24750
25348
25947
26545
27144
27742
28340
28939
29538
30135
30734
31333
31931
32529
-32151
-31553
-30954
-30356
-29758
-29159
-28560
-27963
-27364
-26766
-26167
-25569
-24971
-24372
-23774
-23176
-22577
-21978
-21381
-20782
-20183
-19585
-18987
-18388
-17790
-17191
-16593
-15995
-15396
-14797
-14200
-13601
-13003
-12404
-11806
-11208
-10609
-10010
-9413
-8814
-8215
-7617
-7019
-6420
-5822
-5223
-4625
-4027
-3428
-2829
-2232
-1633
-1034
-436
161
760
1358
1957
2554
3153
3752
4350
4948
5547
6145
6744
7342
7940
8539
9138
9735
10334
10933
11531
12129
12728
13326
13925
14523
15121
15720
16319
16916
17515
18113
18712
19310
19908
20507
21105
21703
22302
22901
23498
24097
24696
25294
25892
26491
27089
27688
28286
28884
29483
30082
30679
31278
31876
32475
-32206
-31608
-31009
-30410
-29813
-29214
-28615
-28017
-27419
-26820
-26222
-25623
-25025
-24427
-23828
-23229
-22632
-22033
-21434
-20836
-20238
-19639
-19041
-18442
-17845
-17246
-16647
-16049
-15451
-14852
-14254
-13655
-13057
-12459
-11860
-11261
-10664
-10065
-9466
-8868
-8270
-7671
-7073
-6474
-5876
-5278
-4679
-4080
-3483
-2884
-2286
-1687
-1089
-491
107
705
1303
1902
2501
3098
3697
4296
4894
5492
6091
6689
7288
7886
8484
9083
9682
10279
10878
11476
12075
12673
13271
13870
14469
15066
15665
16264
16862
17460
18059
18657
19256
19854
20452
21051
21650
22247
22846
23445
24043
24641
25240
25838
26437
27034
27633
28232
28830
29428
30027
30625
31224
31822
32420
-32260
-31661
-31064
-30465
-29866
-29268
-28670
-28071
-27473
-26874
-26276
-25678
-25079
-24480
-23883
-23284
-22686
-22087
-21489
-20891
-20292
-19694
-19096
-18497
-17898
-17301
-16702
-16103
-15505
-14907
-14308
-13710
-13111
-12513
-11915
-11316
-10717
-10120
-9521
-8923
-8324
-7726
-7128
-6529
-5930
-5333
-4734
-4135
-3537
-2939
-2340
-1742
-1143
-545
52
651
1250
1847
2446
3045
3643
4241
4840
5438
6037
6634
7233
7832
8430
9028
9627
10225
10824
11422
12020
12619
13218
13815
14414
15013
15611
16209
16808
17406
18005
18603
19201
19800
20399
20996
21595
22193
22792
23390
23988
24587
25185
25783
26382
26981
27578
28177
28776
29374
29972
30571
31169
31768
32366
-32315
-31716
-31117
-30520
-29921
-29323
-28724
-28126
-27528
-26929
-26330
-25733
-25134
-24535
-23937
-23339
-22740
-22142
-21543
-20945
-20347
-19748
-19149
-18552
-17953
-17354
-16756
-16158
-15559
-14961
-14362
-13765
-13166
-12567
-11969
-11371
-10772
-10174
-9575
-8977
-8379
-7780
-7181
-6584
-5985
-5386
-4788
-4190
-3591
-2993
-2394
-1796
-1198
-599
0
596
1195
1793
2392
2990
3588
4187
4785
5383
5982
6581
7178
7777
8376
8974
9572
10171
10769
11368
11966
12564
13163
13762
14359
14958
15556
16155
16753
17351
17950
18549
19146
19745
20344
20942
21540
22139
22737
23336
23934
24532
25131
25730
26327
26926
27525
28123
28721
29320
29918
30517
31114
31713
32312
-32369
-31771
-31172
-30574
-29975
-29377
-28779
-28180
-27581
-26984
-26385
-25786
-25188
-24590
-23991
-23393
-22794
-22196
-21598
-20999
-20400
-19803
-19204
-18606
-18007
-17409
-16811
-16212
-15614
-15016
-14417
-13818
-13221
-12622
-12023
-11425
-10827
-10228
-9630
-9031
-8433
-7835
-7236
-6637
-6040
-5441
-4843
-4244
-3646
-3048
-2449
-1850
-1253
-654
-55
542
1140
1739
2337
2936
3534
4132
4731
5330
5927
6526
7125
7723
8321
8920
9518
10117
10714
11313
11912
12510
13108
13707
14305
14904
15502
16100
16699
17298
17895
18494
19093
19691
20289
20888
21486
22085
22683
23281
23880
24479
25076
25675
26273
26872
27470
28068
28667
29265
29863
30462
31061
31658
32257
-32423
-31825
-31227
-30628
-30030
-29431
-28833
-28235
-27636
-27037
-26440
-25841
-25243
-24644
-24046
-23448
-22849
-22250
-21653
-21054
-20455
-19857
-19259
-18660
-18062
-17463
-16865
-16267
-15668
-15069
-14472
-13873
-13274
-12676
-12078
-11479
-10881
-10282
-9685
-9086
-8487
-7889
-7291
-6692
-6094
-5495
-4897
-4299
-3700
-3101
-2504
-1905
-1306
-708
-110
488
1086
1685
2283
2881
3480
4079
4676
5275
5873
6472
7070
7668
8267
8865
9463
10062
10661
11258
11857
12456
13054
13652
14251
14849
15448
16046
16644
17243
17842
18439
19038
19636
20235
20833
21431
22030
22629
23226
23825
24424
25022
25620
26219
26817
27416
28014
28612
29211
29810
30407
31006
31605
32203
-32478
-31879
-31281
-30682
-30085
-29486
-28887
-28289
-27691
-27092
-26494
-25895
-25297
-24699
-24100
-23501
-22904
-22305
-21706
-21108
-20510
-19911
-19313
-18714
-18116
-17518
-16919
-16320
-15723
-15124
-14526
-13927
-13329
-12731
-12132
-11534
-10936
-10337
-9738
-9141
-8542
-7943
-7345
-6747
-6148
-5550
-4951
-4353
-3755
-3156
-2557
-1960
-1361
-763
-164
433
1031
1630
2229
2826
3425
4024
4622
5220
5819
6417
7016
7614
8212
8811
9410
10007
10606
11205
11803
12401
13000
13598
14197
14794
15393
15992
16590
17188
17787
18385
18984
19582
20180
20779
21378
21975
22574
23173
23771
24369
24968
25566
26165
26763
27361
27960
28559
29156
29755
30353
30952
31550
32148
-32532
-31934
-31336
-30737
-30138
-29541
-28942
-28343
-27745
-27147
-26548
-25950
-25351
-24753
-24155
-23556
-22957
-22360
-21761
-21163
-20564
-19966
-19368
-18769
-18170
-17573
-16974
-16375
-15777
-15179
-14580
-13982
-13383
-12785
-12187
-11588
-10989
-10392
-9793
-9194
-8596
-7998
-7399
-6801
-6202
-5605
-5006
-4407
-3809
-3211
-2612
-2014
-1415
-817
-219
379
978
1575
2174
2773
3371
3969
4568
5166
5765
6363
6961
7560
8159
8756
9355
9953
10552
11150
11748
12347
12945
13543
14142
14741
15338
15937
16536
17134
17732
18331
18929
19528
20126
20724
21323
21922
22519
23118
23716
24315
24913
25511
26110
26709
27306
27905
28504
29102
29700
30299
30897
31496
32094
-32587
-31988
-31389
-30792
-30193
-29594
-28996
-28398
-27799
-27201
-26602
-26005
-25406
-24807
-24209
-23611
-23012
-22414
-21815
-21217
-20619
-20020
-19421
-18824
-18225
-17626
-17028
-16430
-15831
-15233
-14634
-14036
-13438
-12839
-12240
-11643
-11044
-10446
-9847
-9249
-8651
-8052
-7454
-6856
-6257
-5658
-5061
-4462
-3863
-3265
-2667
-2068
-1470
-871
-273
324
923
1522
2119
2718
3316
3915
4513
5111
5710
6309
6906
7505
8104
8702
9300
9899
10497
11096
11694
12292
12891
13490
14087
14686
15285
15883
16481
17080
17678
18277
18874
19473
20072
20670
21268
21867
22465
23064
23662
24260
24859
25458
26055
26654
27253
27851
28449
29048
29646
30245
30843
31441
32040
-32640
-32043
-31444
-30846
-30247
-29649
-29051
-28452
-27854
-27256
-26657
-26058
-25461
-24862
-24263
-23665
-23067
-22468
-21870
-21271
-20673
-20075
-19476
-18877
-18280
-17681
-17083
-16484
-15886
-15288
-14689
-14090
-13493
-12894
-12295
-11697
-11099
-10500
-9902
-9303
-8705
-8107
-7508
-6909
-6312
-5713
-5114
-4516
-3918
-3319
-2721
-2122
-1525
-926
-327
270
868
1467
2065
2664
3262
3860
4459
5058
5655
6254
6853
7451
8049
8648
9246
9845
10443
11041
11640
12239
12836
13435
14033
14632
15230
15828
16427
17025
17623
18222
18821
19418
20017
20616
21214
21812
22411
23009
23608
24206
24804
25403
26002
26599
27198
27796
28395
28993
29591
30190
30789
31386
31985
32584
-32097
-31499
-30900
-30302
-29703
-29105
-28507
-27908
-27309
-26712
-26113
-25514
-24916
-24318
-23719
-23121
-22522
-21925
-21326
-20727
-20129
-19531
-18932
-18334
-17735
-17137
-16539
-15940
-15341
-14744
-14145
-13546
-12948
-12350
-11751
-11153
-10554
-9956
-9358
-8759
-8160
-7563
-6964
-6366
-5767
-5169
-4571
-3972
-3374
-2776
-2177
-1578
-981
-382
216
814
1412
2011
2609
3208
3806
4404
5003
5602
6199
6798
7396
7995
8593
9191
9790
10389
10986
11585
12184
12782
13380
13979
14577
15176
15774
16372
16971
17570
18167
18766
19365
19963
20561
21160
21758
22357
22954
23553
24152
24750
25348
25947
26545
27144
27742
28340
28939
29538
30135
30734
31333
31931
32529
-32151
-31553
-30954
-30356
-29758
-29159
-28560
-27963
-27364
-26766
-26167
-25569
-24971
-24372
-23774
-23176
-22577
-21978
-21381
-20782
-20183
-19585
-18987
-18388
-17790
-17191
-16593
-15995
-15396
-14797
-14200
-13601
-13003
-12404
-11806
-11208
-10609
-10010
-9413
-8814
-8215
-7617
-7019
-6420
-5822
-5223
-4625
-4027
-3428
-2829
-2232
-1633
-1034
-436
161
760
1358
1957
2554
3153
3752
4350
4948
5547
6145
6744
7342
7940
8539
9138
9735
10334
10933
11531
12129
12728
13326
13925
14523
15121
15720
16319
16916
17515
18113
18712
19310
19908
20507
21105
21703
22302
22901
23498
24097
24696
25294
25892
26491
27089
27688
28286
28884
29483
30082
30679
31278
31876
32475
-32206
-31608
-31009
-30410
-29813
-29214
-28615
-28017
-27419
-26820
-26222
-25623
-25025
-24427
-23828
-23229
-22632
-22033
-21434
-20836
-20238
-19639
-19041
-18442
-17845
-17246
-16647
-16049
-15451
-14852
-14254
-13655
-13057
-12459
-11860
-11261
-10664
-10065
-9466
-8868
-8270
-7671
-7073
-6474
-5876
-5278
-4679
-4080
-3483
-2884
-2286
-1687
-1089
-491
107
706
1303
1902
2501
3098
3697
4296
4894
5492
6091
6689
7288
7886
8484
9083
9682
10279
10878
11476
12075
12673
13271
13870
14469
15066
15665
16264
16862
17460
18059
18657
19256
19854
20452
21051
21650
22247
22846
23445
24043
24641
25240
25838
26437
27034
27633
28232
28830
29428
30027
30625
31224
31822
32420
-32260
-31661
-31064
-30465
-29866
-29268
-28670
-28071
-27473
-26874
-26276
-25678
-25079
-24480
-23883
-23284
-22686
-22087
-21489
-20891
-20292
-19693
-19096
-18497
-17898
-17301
-16702
-16103
-15505
-14907
-14308
-13710
-13111
-12513
-11915
-11316
-10717
-10120
-9521
-8923
-8324
-7726
-7128
-6529
-5930
-5333
-4734
-4135
-3537
-2939
-2340
-1742
-1143
-545
52
651
1250
1847
2446
3045
3643
4241
4840
5438
6037
6634
7233
7832
8430
9028
9627
10225
10824
11422
12020
12619
13218
13815
14414
15013
15611
16209
16808
17406
18005
18603
19201
19800
20399
20996
21595
22193
22792
23390
23988
24587
25186
25783
26382
26981
27578
28177
28776
29374
29972
30571
31169
31768
32366
-32315
-31716
-31117
-30520
-29921
-29323
-28724
-28126
-27528
-26929
-26330
-25733
-25134
-24535
-23937
-23339
-22740
-22142
-21543
-20945
-20347
-19748
-19149
-18552
-17953
-17354
-16756
-16158
-15559
-14961
-14362
-13765
-13166
-12567
-11969
-11371
-10772
-10174
-9575
-8977
-8379
-7780
-7181
-6584
-5985
-5386
-4788
-4190
-3591
-2993
-2394
-1796
-1198
-599
0
596
1195
1793
2392
2990
3588
4187
4786
5383
5982
6581
7178
7777
8376
8974
9572
10171
10769
11368
11966
12564
13163
13762
14359
14958
15556
16155
16753
17351
17950
18549
19146
19745
20344
20942
21540
22139
22737
23336
23934
24532
25131
25730
26327
26926
27525
28123
28721
29320
29918
30517
31114
31713
32312
-32369
-31771
-31172
-30574
-29975
-29377
-28779
-28180
-27581
-26984
-26385
-25786
-25188
-24590
-23991
-23393
-22794
-22196
-21598
-20999
-20400
-19803
-19204
-18606
-18007
-17409
-16811
-16212
-15613
-15016
-14417
-13818
-13221
-12622
-12023
-11425
-10827
-10228
-9630
-9031
-8433
-7835
-7236
-6637
-6040
-5441
-4843
-4244
-3646
-3048
-2449
-1850
-1253
-654
-55
542
1140
1739
2337
2936
3534
4132
4731
5330
5927
6526
7125
7723
8321
8920
9518
10117
10714
11313
11912
12510
13108
13707
14305
14904
15502
16100
16699
17298
17895
18494
19093
19691
20289
20888
21486
22085
22683
23281
23880
24479
25076
25675
26273
26872
27470
28068
28667
29266
29863
30462
31061
31658
32257
-32423
-31825
-31227
-30628
-30030
-29431
-28833
-28235
-27636
-27037
-26440
-25841
-25243
-24644
-24046
-23448
-22849
-22250
-21653
-21054
-20455
-19857
-19259
-18660
-18062
-17463
-16865
-16267
-15668
-15069
-14472
-13873
-13274
-12676
-12078
-11479
-10881
-10282
-9685
-9086
-8487
-7889
-7291
-6692
-6094
-5495
-4897
-4299
-3700
-3101
-2504
-1905
-1306
-708
-110
488
1086
1685
2283
2881
3480
4079
4676
5275
5873
6472
7070
7668
8267
8866
9463
10062
10661
11258
11857
12456
13054
13652
14251
14849
15448
16046
16644
17243
17842
18439
19038
19636
20235
20833
21431
22030
22629
23226
23825
24424
25022
25620
26219
26817
27416
28014
28612
29211
29810
30407
31006
31605
32203
-32478
-31879
-31281
-30682
-30085
-29486
-28887
-28289
-27691
-27092
-26494
-25895
-25297
-24699
-24100
-23501
-22904
-22305
-21706
-21108
-20510
-19911
-19313
-18714
-18116
-17518
-16919
-16320
-15723
-15124
-14526
-13927
-13329
-12731
-12132
-11533
-10936
-10337
-9738
-9141
-8542
-7943
-7345
-6747
-6148
-5550
-4951
-4353
-3755
-3156
-2557
-1960
-1361
-763
-164
433
1031
1630
2229
2826
3425
4024
4622
5220
5819
6417
7016
7614
8212
8811
9410
10007
10606
11205
11803
12401
13000
13598
14197
14794
15393
15992
16590
17188
17787
18385
18984
19582
20180
20779
21378
21975
22574
23173
23771
24369
24968
25566
26165
26763
27361
27960
28559
29156
29755
30353
30952
31550
32148
-32532
-31933
-31336
-30737
-30138
-29541
-28942
-28343
-27745
-27147
-26548
-25950
-25351
-24753
-24155
-23556
-22957
-22360
-21761
-21163
-20564
-19966
-19368
-18769
-18170
-17573
-16974
-16375
-15777
-15179
-14580
-13982
-13383
-12785
-12187
-11588
-10989
-10392
-9793
-9194
-8596
-7998
-7399
-6801
-6202
-5605
-5006
-4407
-3809
-3211
-2612
-2014
-1415
-817
-219
379
978
1575
2174
2773
3371
3969
4568
5166
5765
6363
6961
7560
8159
8756
9355
9953
10552
11150
11748
12347
12946
13543
14142
14741
15338
15937
16536
17134
17732
18331
18929
19528
20126
20724
21323
21922
22519
23118
23716
24315
24913
25511
26110
26709
27306
27905
28504
29102
29700
30299
30897
31496
32094
-32587
-31988
-31389
-30792
-30193
-29594
-28996
-28398
-27799
-27201
-26602
-26005
-25406
-24807
-24209
-23611
-23012
-22414
-21815
-21217
-20619
-20020
-19421
-18824
-18225
-17626
-17028
-16430
-15831
-15233
-14634
-14036
-13438
-12839
-12240
-11643
-11044
-10446
-9847
-9249
-8651
-8052
-7453
-6856
-6257
-5658
-5061
-4462
-3863
-3265
-2667
-2068
-1470
-871
-273
324
923
1522
2119
2718
3316
3915
4513
5111
5710
6309
6906
7505
8104
8702
9300
9899
10497
11096
11694
12292
12891
13490
14087
14686
15285
15883
16481
17080
17678
18277
18874
19473
20072
20670
21268
21867
22465
23064
23662
24260
24859
25458
26055
26654
27253
27851
28449
29048
29646
30245
30843
31441
32040
-32640
-32043
-31444
-30846
-30247
-29649
-29051
-28452
-27853
-27256
-26657
-26058
-25461
-24862
-24263
-23665
-23067
-22468
-21870
-21271
-20673
-20075
-19476
-18877
-18280
-17681
-17083
-16484
-15886
-15288
-14689
-14090
-13493
-12894
-12295
-11697
-11099
-10500
-9902
-9303
-8705
-8107
-7508
-6909
-6312
-5713
-5114
-4516
-3918
-3319
-2721
-2122
-1525
-926
-327
270
868
1467
2065
2664
3262
3860
4459
5058
5655
6254
6853
7451
8049
8648
9246
9845
10443
11041
11640
12239
12836
13435
14033
14632
15230
15828
16427
17026
17623
18222
18821
19418
20017
20616
21214
21812
22411
23009
23608
24206
24804
25403
26002
26599
27198
27796
28395
28993
29591
30190
30789
31386
31985
32584
-32097
-31499
-30900
-30302
-29703
-29105
-28507
-27908
-27309
-26712
-26113
-25514
-24916
-24318
-23719
-23121
-22522
-21925
-21326
-20727
-20129
-19531
-18932
-18334
-17735
-17137
-16539
-15940
-15341
-14744
-14145
-13546
-12948
-12350
-11751
-11153
-10554
-9956
-9358
-8759
-8160
-7563
-6964
-6366
-5767
-5169
-4571
-3972
-3373
-2776
-2177
-1578
-981
-382
216
814
1412
2011
2609
3208
3806
4404
5003
5602
6199
6798
7396
7995
8593
9191
9790
10389
10986
11585
12184
12782
13380
13979
14577
15176
15774
16372
16971
17570
18167
18766
19365
19963
20561
21160
21758
22357
22954
23553
24152
24750
25348
25947
26545
27144
27742
28340
28939
29538
30135
30734
31333
31931
32529
-32151
-31553
-30954
-30356
-29758
-29159
-28560
-27963
-27364
-26766
-26167
-25569
-24971
-24372
-23773
-23176
-22577
-21978
-21381
-20782
-20183
-19585
-18987
-18388
-17790
-17191
-16593
-15995
-15396
-14797
-14200
-13601
-13003
-12404
-11806
-11208
-10609
-10010
-9413
-8814
-8215
-7617
-7019
-6420
-5822
-5223
-4625
-4027
-3428
-2829
-2232
-1633
-1034
-436
161
760
1358
1957
2554
3153
3752
4350
4948
5547
6145
6744
7342
7940
8539
9138
9735
10334
10933
11531
12129
12728
13326
13925
14523
15121
15720
16319
16916
17515
18113
18712
19310
19908
20507
21106
21703
22302
22901
23498
24097
24696
25294
25892
26491
27089
27688
28286
28884
29483
30082
30679
31278
31876
32475
-32206
-31608
-31009
-30410
-29813
-29214
-28615
-28017
-27419
-26820
-26222
-25623
-25025
-24427
-23828
-23229
-22632
-22033
-21434
-20836
-20238
-19639
-19041
-18442
-17845
-17246
-16647
-16049
-15451
-14852
-14254
-13655
-13057
-12459
-11860
-11261
-10664
-10065
-9466
-8868
-8270
-7671
-7073
-6474
-5876
-5278
-4679
-4080
-3483
-2884
-2286
-1687
-1089
-491
107
706
1303
1902
2501
3098
3697
4296
4894
5492
6091
6689
7288
7886
8484
9083
9682
10279
10878
11476
12075
12673
13271
13870
14469
15066
15665
16264
16862
17460
18059
18657
19256
19854
20452
21051
21650
22247
22846
23445
24043
24641
25240
25838
26437
27034
27633
28232
28830
29428
30027
30625
31224
31822
32420
-32260
-31661
-31064
-30465
-29866
-29268
-28670
-28071
-27473
-26874
-26276
-25678
-25079
-24480
-23883
-23284
-22686
-22087
-21489
-20891
-20292
-19693
-19096
-18497
-17898
-17301
-16702
-16103
-15505
-14907
-14308
-13710
-13111
-12513
-11915
-11316
-10717
-10120
-9521
-8923
-8324
-7726
-7128
-6529
-5930
-5333
-4734
-4135
-3537
-2939
-2340
-1742
-1143
-545
52
651
1250
1847
2446
3045
3643
4241
4840
5438
6037
6634
7233
7832
8430
9028
9627
10225
10824
11422
12020
12619
13218
13815
14414
15013
15611
16209
16808
17406
18005
18603
19201
19800
20399
20996
21595
22193
22792
23390
23988
24587
25186
25783
26382
26981
27578
28177
28776
29374
29972
30571
31169
31768
32366
-32315
-31716
-31117
-30520
-29921
-29323
-28724
-28126
-27528
-26929
-26330
-25733
-25134
-24535
-23937
-23339
-22740
-22142
-21543
-20945
-20347
-19748
-19149
-18552
-17953
-17354
-16756
-16158
-15559
-14961
-14362
-13765
-13166
-12567
-11969
-11371
-10772
-10174
-9575
-8977
-8379
-7780
-7181
-6584
-5985
-5386
-4788
-4190
-3591
-2993
-2394
-1796
-1198
-599
0
596
1195
1793
2392
2990
3588
4187
4786
5383
5982
6581
7178
7777
8376
8974
9572
10171
10769
11368
11966
12564
13163
13762
14359
14958
15556
16155
16753
17351
17950
18549
19146
19745
20344
20942
21540
22139
22737
23336
23934
24532
25131
25730
26327
26926
27525
28123
28721
29320
29918
30517
31114
31713
32312
-32369
-31771
-31172
-30574
-29975
-29377
-28779
-28180
-27581
-26984
-26385
-25786
-25188
-24590
-23991
-23393
-22794
-22196
-21598
-20999
-20400
-19803
-19204
-18606
-18007
-17409
-16811
-16212
-15613
-15016
-14417
-13818
-13221
-12622
-12023
-11425
-10827
-10228
-9630
-9031
-8433
-7835
-7236
-6637
-6040
-5441
-4843
-4244
-3646
-3048
-2449
-1850
-1253
-654
-55
542
1140
1739
2337
2936
3534
4132
4731
5330
5927
6526
7125
7723
8321
8920
9518
10117
10714
11313
11912
12510
13108
13707
14305
14904
15502
16100
16699
17298
17895
18494
19093
19691
20289
20888
21486
22085
22683
23281
23880
24479
25076
25675
26273
26872
27470
28068
28667
29266
29863
30462
31061
31658
32257
-32423
-31825
-31227
-30628
-30030
-29431
-28833
-28235
-27636
-27037
-26440
-25841
-25243
-24644
-24046
-23448
-22849
-22250
-21653
-21054
-20455
-19857
-19259
-18660
-18062
-17463
-16865
-16267
-15668
-15069
-14472
-13873
-13274
-12676
-12078
-11479
-10881
-10282
-9685
-9086
-8487
-7889
-7291
-6692
-6094
-5495
-4897
-4299
-3700
-3101
-2504
-1905
-1306
-708
-110
488
1086
1685
2283
2881
3480
4079
4676
5275
5873
6472
7070
7668
8267
8866
9463
10062
10661
11258
11857
12456
13054
13652
14251
14849
15448
16046
16644
17243
17842
18439
19038
19636
20235
20833
21431
22030
22629
23226
23825
24424
25022
25620
26219
26817
27416
28014
28612
29211
29810
30407
31006
31605
32203
-32478
-31879
-31281
-30682
-30085
-29486
-28887
-28289
-27691
-27092
-26494
-25895
-25297
-24699
-24100
-23501
-22904
-22305
-21706
-21108
-20510
-19911
-19313
-18714
-18116
-17518
-16919
-16320
-15723
-15124
-14526
-13927
-13329
-12731
-12132
-11533
-10936
-10337
-9738
-9141
-8542
-7943
-7345
-6747
-6148
-5550
-4951
-4353
-3755
-3156
-2557
-1960
-1361
-763
-164
433
1031
1630
2229
2826
3425
4024
4622
5220
5819
6417
7016
7614
8212
8811
9410
10007
10606
11205
11803
12401
13000
13598
14197
14794
15393
15992
16590
17188
17787
18385
18984
19582
20180
20779
21378
21975
22574
23173
23771
24369
24968
25566
26165
26763
27361
27960
28559
29156
29755
30353
30952
31550
32148
-32532
-31933
-31336
-30737
-30138
-29541
-28942
-28343
-27745
-27147
-26548
-25950
-25351
-24753
-24155
-23556
-22957
-22360
-21761
-21163
-20564
-19966
-19368
-18769
-18170
-17573
-16974
-16375
-15777
-15179
-14580
-13982
-13383
-12785
-12187
-11588
-10989
-10392
-9793
-9194
-8596
-7998
-7399
-6801
-6202
-5605
-5006
-4407
-3809
-3211
-2612
-2014
-1415
-817
-219
379
978
1575
2174
2773
3371
3969
4568
5166
5765
6363
6961
7560
8159
8756
9355
9953
10552
11150
11748
12347
12946
13543
14142
14741
15339
15937
16536
17134
17732
18331
18929
19528
20126
20724
21323
21922
22519
23118
23716
24315
24913
25511
26110
26709
27306
27905
28504
29102
29700
30299
30897
31496
32094
-32587
-31988
-31389
-30792
-30193
-29594
-28996
-28398
-27799
-27201
-26602
-26005
-25406
-24807
-24209
-23611
-23012
-22414
-21815
-21217
-20619
-20020
-19421
-18824
-18225
-17626
-17028
-16430
-15831
-15233
-14634
-14036
-13438
-12839
-12240
-11643
-11044
-10446
-9847
-9249
-8651
-8052
-7453
-6856
-6257
-5658
-5060
-4462
-3863
-3265
-2667
-2068
-1470
-871
-273
324
923
1522
2119
2718
3316
3915
4513
5111
5710
6309
6906
7505
8104
8702
9300
9899
10497
11096
11694
12292
12891
13490
14087
14686
15285
15883
16481
17080
17678
18277
18874
19473
20072
20670
21268
21867
22465
23064
23662
24260
24859
25458
26055
26654
27253
27851
28449
29048
29646
30245
30843
31441
32040
-32640
-32043
-31444
-30846
-30247
-29649
-29051
-28452
-27853
-27256
-26657
-26058
-25460
-24862
-24263
-23665
-23067
-22468
-21870
-21271
-20673
-20075
-19476
-18877
-18280
-17681
-17083
-16484
-15886
-15288
-14689
-14090
-13493
-12894
-12295
-11697
-11099
-10500
-9902
-9303
-8705
-8107
-7508
-6909
-6312
-5713
-5114
-4516
-3918
-3319
-2721
-2122
-1525
-926
-327
270
868
1467
2065
2664
3262
3860
4459
5058
5655
6254
6853
7451
8049
8648
9246
9845
10443
11041
11640
12239
12836
13435
14033
14632
15230
15828
16427
17026
17623
18222
18821
19419
20017
20616
21214
21812
22411
23009
23608
24206
24804
25403
26002
26599
27198
27796
28395
28993
29591
30190
30789
31386
31985
32584
-32097
-31499
-30900
-30302
-29703
-29105
-28507
-27908
-27309
-26712
-26113
-25514
-24916
-24318
-23719
-23121
-22522
-21925
-21326
-20727
-20129
-19531
-18932
-18334
-17735
-17137
-16539
-15940
-15341
-14744
-14145
-13546
-12948
-12350
-11751
-11153
-10554
-9956
-9358
-8759
-8160
-7563
-6964
-6366
-5767
-5169
-4571
-3972
-3373
-2776
-2177
-1578
-980
-382
216
814
1412
2011
2609
3208
3806
4404
5003
5602
6199
6798
7396
7995
8593
9191
9790
10389
10986
11585
12184
12782
13380
13979
14577
15176
15774
16372
16971
17570
18167
18766
19365
19963
20561
21160
21758
22357
22954
23553
24152
24750
25348
25947
26545
27144
27742
28340
28939
29538
30135
30734
31333
31931
32529
-32151
-31553
-30954
-30356
-29758
-29159
-28560
-27963
-27364
-26766
-26167
-25569
-24971
-24372
-23773
-23176
-22577
-21978
-21380
-20782
-20183
-19585
-18987
-18388
-17790
-17191
-16593
-15995
-15396
-14797
-14200
-13601
-13003
-12404
-11806
-11208
-10609
-10010
-9413
-8814
-8215
-7617
-7019
-6420
-5822
-5223
-4625
-4027
-3428
-2829
-2232
-1633
-1034
-436
161
760
1358
1957
2554
3153
3752
4350
4948
5547
6145
6744
7342
7940
8539
9138
9735
10334
10933
11531
12129
12728
13326
13925
14523
15121
15720
16319
16916
17515
18113
18712
19310
19908
20507
21106
21703
22302
22901
23499
24097
24696
25294
25892
26491
27089
27688
28286
28884
29483
30082
30679
31278
31876
32475
-32206
-31608
-31009
-30410
-29813
-29214
-28615
-28017
-27419
-26820
-26222
-25623
-25025
-24427
-23828
-23229
-22632
-22033
-21434
-20836
-20238
-19639
-19041
-18442
-17845
-17246
-16647
-16049
-15451
-14852
-14254
-13655
-13057
-12459
-11860
-11261
-10664
-10065
-9466
-8868
-8270
-7671
-7073
-6474
-5876
-5278
-4679
-4080
-3483
-2884
-2286
-1687
-1089
-491
107
706
1303
1902
2501
3099
3697
4296
4894
5492
6091
6689
7288
7886
8484
9083
9682
10279
10878
11476
12075
12673
13271
13870
14469
15066
15665
16264
16862
17460
18059
18657
19256
19854
20452
21051
21650
22247
22846
23445
24043
24641
25240
25838
26437
27034
27633
28232
28830
29428
30027
30625
31224
31822
32420
-32260
-31661
-31064
-30465
-29866
-29268
-28670
-28071
-27473
-26874
-26276
-25678
-25079
-24480
-23883
-23284
-22686
-22087
-21489
-20891
-20292
-19693
-19096
-18497
-17898
-17300
-16702
-16103
-15505
-14907
-14308
-13710
-13111
-12513
-11915
-11316
-10717
-10120
-9521
-8923
-8324
-7726
-7128
-6529
-5930
-5333
-4734
-4135
-3537
-2939
-2340
-1742
-1143
-545
52
651
1250
1847
2446
3045
3643
4241
4840
5438
6037
6634
7233
7832
8430
9028
9627
10225
10824
11422
12020
12619
13218
13815
14414
15013
15611
16209
16808
17406
18005
18603
19201
19800
20399
20996
21595
22193
22792
23390
23988
24587
25186
25783
26382
26981
27579
28177
28776
29374
29972
30571
31169
31768
32366
-32315
-31716
-31117
-30520
-29921
-29323
-28724
-28126
-27528
-26929
-26330
-25733
-25134
-24535
-23937
-23339
-22740
-22142
-21543
-20945
-20347
-19748
-19149
-18552
-17953
-17354
-16756
-16158
-15559
-14961
-14362
-13765
-13166
-12567
-11969
-11371
-10772
-10174
-9575
-8977
-8379
-7780
-7181
-6584
-5985
-5386
-4788
-4190
-3591
-2993
-2394
-1796
-1198
-599
0
596
1195
1793
2392
2990
3588
4187
4786
5383
5982
6581
7179
7777
8376
8974
9572
10171
10769
11368
11966
12564
13163
13762
14359
14958
15556
16155
16753
17351
17950
18549
19146
19745
20344
20942
21540
22139
22737
23336
23934
24532
25131
25730
26327
26926
27525
28123
28721
29320
29918
30517
31114
31713
32312
-32369
-31771
-31172
-30574
-29975
-29377
-28779
-28180
-27581
-26984
-26385
-25786
-25188
-24590
-23991
-23393
-22794
-22196
-21598
-20999
-20400
-19803
-19204
-18606
-18007
-17409
-16811
-16212
-15613
-15016
-14417
-13818
-13220
-12622
-12023
-11425
-10827
-10228
-9630
-9031
-8433
-7835
-7236
-6637
-6040
-5441
-4843
-4244
-3646
-3048
-2449
-1850
-1253
-654
-55
542
1140
1739
2337
2936
3534
4132
4731
5330
5927
6526
7125
7723
8321
8920
9518
10117
10714
11313
11912
12510
13108
13707
14305
14904
15502
16100
16699
17298
17895
18494
19093
19691
20289
20888
21486
22085
22683
23281
23880
24479
25076
25675
26273
26872
27470
28068
28667
29266
29863
30462
31061
31659
32257
-32423
-31825
-31227
-30628
-30030
-29431
-28833
-28235
-27636
-27037
-26440
-25841
-25243
-24644
-24046
-23448
-22849
-22250
-21653
-21054
-20455
-19857
-19259
-18660
-18062
-17463
-16865
-16267
-15668
-15069
-14472
-13873
-13274
-12676
-12078
-11479
-10881
-10282
-9685
-9086
-8487
-7889
-7291
-6692
-6094
-5495
-4897
-4299
-3700
-3101
-2504
-1905
-1306
-708
-110
488
1086
1685
2283
2881
3480
4079
4676
5275
5873
6472
7070
7668
8267
8866
9463
10062
10661
11259
11857
12456
13054
13652
14251
14849
15448
16046
16644
17243
17842
18439
19038
19636
20235
20833
21431
22030
22629
23226
23825
24424
25022
25620
26219
26817
27416
28014
28612
29211
29810
30407
31006
31605
32203
-32478
-31879
-31281
-30682
-30085
-29486
-28887
-28289
-27691
-27092
-26494
-25895
-25297
-24699
-24100
-23501
-22904
-22305
-21706
-21108
-20510
-19911
-19313
-18714
-18116
-17518
-16919
-16320
-15723
-15124
-14526
-13927
-13329
-12731
-12132
-11533
-10936
-10337
-9738
-9140
-8542
-7943
-7345
-6747
-6148
-5550
-4951
-4353
-3755
-3156
-2557
-1960
-1361
-763
-164
433
1031
1630
2229
2826
3425
4024
4622
5220
5819
6417
7016
7614
8212
8811
9410
10007
10606
11205
11803
12401
13000
13598
14197
14794
15393
15992
16590
17188
17787
18385
18984
19582
20180
20779
21378
21975
22574
23173
23771
24369
24968
25566
26165
26763
27361
27960
28559
29156
29755
30353
30952
31550
32148
-32532
-31933
-31336
-30737
-30138
-29540
-28942
-28343
-27745
-27147
-26548
-25950
-25351
-24753
-24155
-23556
-22957
-22360
-21761
-21163
-20564
-19966
-19368
-18769
-18170
-17573
-16974
-16375
-15777
-15179
-14580
-13982
-13383
-12785
-12187
-11588
-10989
-10392
-9793
-9194
-8596
-7998
-7399
-6801
-6202
-5605
-5006
-4407
-3809
-3211
-2612
-2014
-1415
-817
-219
379
978
1575
2174
2773
3371
3969
4568
5166
5765
6363
6961
7560
8159
8756
9355
9953
10552
11150
11748
12347
12946
13543
14142
14741
15339
15937
16536
17134
17732
18331
18929
19528
20126
20724
21323
21922
22519
23118
23716
24315
24913
25511
26110
26709
27306
27905
28504
29102
29700
30299
30897
31496
32094
-32587
-31988
-31389
-30792
-30193
-29594
-28996
-28398
-27799
-27201
-26602
-26005
-25406
-24807
-24209
-23611
-23012
-22414
-21815
-21217
-20619
-20020
-19421
-18824
-18225
-17626
-17028
-16430
-15831
-15233
-14634
-14036
-13438
-12839
-12240
-11643
-11044
-10446
-9847
-9249
-8651
-8052
-7453
-6856
-6257
-5658
-5060
-4462
-3863
-3265
-2667
-2068
-1470
-871
-273
324
923
1522
2119
2718
3316
3915
4513
5111
5710
6309
6906
7505
8104
8702
9300
9899
10497
11096
11694
12292
12891
13490
14087
14686
15285
15883
16481
17080
17678
18277
18874
19473
20072
20670
21268
21867
22465
23064
23662
24260
24859
25458
26055
26654
27253
27851
28449
29048
29646
30245
30843
31441
32040
-32640
-32043
-31444
-30846
-30247
-29649
-29051
-28452
-27853
-27256
-26657
-26058
-25460
-24862
-24263
-23665
-23067
-22468
-21870
-21271
-20673
-20075
-19476
-18877
-18280
-17681
-17083
-16484
-15886
-15288
-14689
-14090
-13493
-12894
-12295
-11697
-11099
-10500
-9902
-9303
-8705
-8107
-7508
-6909
-6312
-5713
-5114
-4516
-3918
-3319
-2721
-2122
-1525
-926
-327
270
868
1467
2065
2664
3262
3860
4459
5058
5655
6254
6853
7451
8049
8648
9246
9845
10443
11041
11640
12239
12836
13435
14033
14632
15230
15828
16427
17026
17623
18222
18821
19419
20017
20616
21214
21812
22411
23009
23608
24206
24804
25403
26002
26599
27198
27796
28395
28993
29591
30190
30789
31386
31985
32584
-32097
-31499
-30900
-30302
-29703
-29105
-28507
-27908
-27309
-26712
-26113
-25514
-24916
-24318
-23719
-23121
-22522
-21925
-21326
-20727
-20129
-19531
-18932
-18334
-17735
-17137
-16539
-15940
-15341
-14744
-14145
-13546
-12948
-12350
-11751
-11153
-10554
-9956
-9358
-8759
-8160
-7563
-6964
-6366
-5767
-5169
-4571
-3972
-3373
-2776
-2177
-1578
-980
-382
216
814
1412
2011
2609
3208
3806
4404
5003
5602
6199
6798
7396
7995
8593
9191
9790
10389
10986
11585
12184
12782
13380
13979
14577
15176
15774
16372
16971
17570
18167
18766
19365
19963
20561
21160
21758
22357
22954
23553
24152
24750
25348
25947
26545
27144
27742
28340
28939
29538
30135
30734
31333
31931
32529
-32151
-31553
-30954
-30356
-29758
-29159
-28560
-27963
-27364
-26766
-26167
-25569
-24971
-24372
-23773
-23176
-22577
-21978
-21380
-20782
-20183
-19585
-18987
-18388
-17790
-17191
-16593
-15995
-15396
-14797
-14200
-13601
-13003
-12404
-11806
-11208
-10609
-10010
-9413
-8814
-8215
-7617
-7019
-6420
-5822
-5223
-4625
-4027
-3428
-2829
-2232
-1633
-1034
-436
161
760
1358
1957
2554
3153
3752
4350
4948
5547
6145
6744
7342
7940
8539
9138
9735
10334
10933
11531
12129
12728
13326
13925
14523
15121
15720
16319
16916
17515
18113
18712
19310
19908
20507
21106
21703
22302
22901
23499
24097
24696
25294
25892
26491
27089
27688
28286
28884
29483
30082
30679
31278
31876
32475
-32206
-31608
-31009
-30410
-29813
-29214
-28615
-28017
-27419
-26820
-26222
-25623
-25025
-24427
-23828
-23229
-22632
-22033
-21434
-20836
-20238
-19639
-19041
-18442
-17845
-17246
-16647
-16049
-15451
-14852
-14254
-13655
-13057
-12459
-11860
-11261
-10664
-10065
-9466
-8868
-8270
-7671
-7073
-6474
-5876
-5278
-4679
-4080
-3483
-2884
-2286
-1687
-1089
-491
107
706
1303
1902
2501
3099
3697
4296
4894
5492
6091
6689
7288
7886
8484
9083
9682
10279
10878
11476
12075
12673
13271
13870
14469
15066
15665
16264
16862
17460
18059
18657
19256
19854
20452
21051
21650
22247
22846
23445
24043
24641
25240
25838
26437
27034
27633
28232
28830
29428
30027
30625
31224
31822
32420
-32260
-31661
-31064
-30465
-29866
-29268
-28670
-28071
-27473
-26874
-26276
-25678
-25079
-24480
-23883
-23284
-22686
-22087
-21489
-20891
-20292
-19693
-19096
-18497
-17898
-17300
-16702
-16103
-15505
-14907
-14308
-13710
-13111
-12513
-11915
-11316
-10717
-10120
-9521
-8923
-8324
-7726
-7128
-6529
-5930
-5333
-4734
-4135
-3537
-2939
-2340
-1742
-1143
-545
52
651
1250
1847
2446
3045
3643
4241
4840
5438
6037
6634
7233
7832
8430
9028
9627
10225
10824
11422
12020
12619
13218
13815
14414
15013
15611
16209
16808
17406
18005
18603
19201
19800
20399
20996
21595
22193
22792
23390
23988
24587
25186
25783
26382
26981
27579
28177
28776
29374
29972
30571
31169
31768
32366
-32315
-31716
-31117
-30520
-29921
-29323
-28724
-28126
-27528
-26929
-26330
-25733
-25134
-24535
-23937
-23339
-22740
-22142
-21543
-20945
-20347
-19748
-19149
-18552
-17953
-17354
-16756
-16158
-15559
-14961
-14362
-13765
-13166
-12567
-11969
-11371
-10772
-10174
-9575
-8977
-8379
-7780
-7181
-6584
-5985
-5386
-4788
-4190
-3591
-2993
-2394
-1796
-1198
-599
0
596
1195
1793
2392
2990
3588
4187
4786
5383
5982
6581
7179
7777
8376
8974
9573
10171
10769
11368
11966
12564
13163
13762
14359
14958
15556
16155
16753
17351
17950
18549
19146
19745
20344
20942
21540
22139
22737
23336
23934
24532
25131
25730
26327
26926
27525
28123
28721
29320
29918
30517
31114
31713
32312
-32369
-31771
-31172
-30574
-29975
-29377
-28779
-28180
-27581
-26984
-26385
-25786
-25188
-24590
-23991
-23393
-22794
-22196
-21598
-20999
-20400
-19803
-19204
-18606
-18007
-17409
-16811
-16212
-15613
-15016
-14417
-13818
-13220
-12622
-12023
-11425
-10826
-10228
-9630
-9031
-8433
-7835
-7236
-6637
-6040
-5441
-4843
-4244
-3646
-3048
-2449
-1850
-1253
-654
-55
542
1140
1739
2337
2936
3534
4132
4731
5330
5927
6526
7125
7723
8321
8920
9518
10117
10714
11313
11912
12510
13108
13707
14305
14904
15502
16100
16699
17298
17895
18494
19093
19691
20289
20888
21486
22085
22683
23281
23880
24479
25076
25675
26273
26872
27470
28068
28667
29266
29863
30462
31061
31659
32257
-32423
-31825
-31226
-30628
-30030
-29431
-28833
-28235
-27636
-27037
-26440
-25841
-25243
-24644
-24046
-23448
-22849
-22250
-21653
-21054
-20455
-19857
-19259
-18660
-18062
-17463
-16865
-16267
-15668
-15069
-14472
-13873
-13274
-12676
-12078
-11479
-10881
-10282
-9685
-9086
-8487
-7889
-7291
-6692
-6094
-5495
-4897
-4299
-3700
-3101
-2504
-1905
-1306
-708
-110
488
1086
1685
2283
2881
3480
4079
4676
5275
5873
6472
7070
7668
8267
8866
9463
10062
10661
11259
11857
12456
13054
13653
14251
14849
15448
16046
16644
17243
17842
18439
19038
19636
20235
20833
21431
22030
22629
23226
23825
24424
25022
25620
26219
26817
27416
28014
28612
29211
29810
30407
31006
31605
32203
-32478
-31879
-31281
-30682
-30085
-29486
-28887
-28289
-27691
-27092
-26494
-25895
-25297
-24699
-24100
-23501
-22904
-22305
-21706
-21108
-20510
-19911
-19313
-18714
-18116
-17518
-16919
-16320
-15723
-15124
-14526
-13927
-13329
-12731
-12132
-11533
-10936
-10337
-9738
-9140
-8542
-7943
-7345
-6746
-6148
-5550
-4951
-4353
-3755
-3156
-2557
-1960
-1361
-763
-164
433
1031
1630
2229
2826
3425
4024
4622
5220
5819
6417
7016
7614
8212
8811
9410
10007
10606
11205
11803
12401
13000
13598
14197
14794
15393
15992
16590
17188
17787
18385
18984
19582
20180
20779
21378
21975
22574
23173
23771
24369
24968
25566
26165
26763
27361
27960
28559
29156
29755
30353
30952
31550
32148
-32532
-31933
-31336
-30737
-30138
-29540
-28942
-28343
-27745
-27146
-26548
-25950
-25351
-24753
-24155
-23556
-22957
-22360
-21761
-21163
-20564
-19966
-19368
-18769
-18170
-17573
-16974
-16375
-15777
-15179
-14580
-13982
-13383
-12785
-12187
-11588
-10989
-10392
-9793
-9194
-8596
-7998
-7399
-6801
-6202
-5605
-5006
-4407
-3809
-3211
-2612
-2014
-1415
-817
-219
379
978
1575
2174
2773
3371
3969
4568
5166
5765
6363
6961
7560
8159
8756
9355
9953
10552
11150
11748
12347
12946
13543
14142
14741
15339
15937
16536
17134
17733
18331
18929
19528
20126
20724
21323
21922
22519
23118
23716
24315
24913
25511
26110
26709
27306
27905
28504
29102
29700
30299
30897
31496
32094
-32587
-31988
-31389
-30792
-30193
-29594
-28996
-28398
-27799
-27201
-26602
-26005
-25406
-24807
-24209
-23611
-23012
-22414
-21815
-21217
-20619
-20020
-19421
-18824
-18225
-17626
-17028
-16430
-15831
-15233
-14634
-14036
-13438
-12839
-12240
-11643
-11044
-10446
-9847
-9249
-8651
-8052
-7453
-6856
-6257
-5658
-5060
-4462
-3863
-3265
-2666
-2068
-1470
-871
-273
324
923
1522
2119
2718
3316
3915
4513
5111
5710
6309
6906
7505
8104
8702
9300
9899
10497
11096
11694
12292
12891
13490
14087
14686
15285
15883
16481
17080
17678
18277
18874
19473
20072
20670
21268
21867
22465
23064
23662
24260
24859
25458
26055
26654
27253
27851
28449
29048
29646
30245
30843
31441
32040
-32640
-32043
-31444
-30846
-30247
-29649
-29051
-28452
-27853
-27256
-26657
-26058
-25460
-24862
-24263
-23665
-23066
-22468
-21870
-21271
-20673
-20075
-19476
-18877
-18280
-17681
-17083
-16484
-15886
-15288
-14689
-14090
-13493
-12894
-12295
-11697
-11099
-10500
-9902
-9303
-8705
-8107
-7508
-6909
-6312
-5713
-5114
-4516
-3918
-3319
-2721
-2122
-1525
-926
-327
270
868
1467
2065
2664
3262
3860
4459
5058
5655
6254
6853
7451
8049
8648
9246
9845
10443
11041
11640
12239
12836
13435
14033
14632
15230
15828
16427
17026
17623
18222
18821
19419
20017
20616
21214
21813
22411
23009
23608
24206
24804
25403
26002
26599
27198
27796
28395
28993
29591
30190
30789
31386
31985
32584
-32097
-31499
-30900
-30302
-29703
-29105
-28507
-27908
-27309
-26712
-26113
-25514
-24916
-24318
-23719
-23121
-22522
-21925
-21326
-20727
-20129
-19531
-18932
-18334
-17735
-17137
-16539
-15940
-15341
-14744
-14145
-13546
-12948
-12350
-11751
-11153
-10554
-9956
-9358
-8759
-8160
-7563
-6964
-6366
-5767
-5169
-4571
-3972
-3373
-2776
-2177
-1578
-980
-382
216
814
1413
2011
2609
3208
3806
4404
5003
5602
6199
6798
7396
7995
8593
9191
9790
10389
10986
11585
12184
12782
13380
13979
14577
15176
15774
16372
16971
17570
18167
18766
19365
19963
20561
21160
21758
22357
22954
23553
24152
24750
25348
25947
26545
27144
27742
28340
28939
29538
30135
30734
31333
31931
32529
-32151
-31553
-30954
-30356
-29758
-29159
-28560
-27963
-27364
-26766
-26167
-25569
-24971
-24372
-23773
-23176
-22577
-21978
-21380
-20782
-20183
-19585
-18986
-18388
-17790
-17191
-16593
-15995
-15396
-14797
-14200
-13601
-13003
-12404
-11806
-11208
-10609
-10010
-9413
-8814
-8215
-7617
-7019
-6420
-5822
-5223
-4625
-4027
-3428
-2829
-2232
-1633
-1034
-436
161
760
1358
1957
2554
3153
3752
4350
4948
5547
6145
6744
7342
7940
8539
9138
9735
10334
10933
11531
12129
12728
13326
13925
14523
15121
15720
16319
16916
17515
18113
18712
19310
19908
20507
21106
21703
22302
22901
23499
24097
24696
25294
25893
26491
27089
27688
28286
28884
29483
30082
30679
31278
31876
32475
-32206
-31608
-31009
-30410
-29813
-29214
-28615
-28017
-27419
-26820
-26222
-25623
-25025
-24427
-23828
-23229
-22632
-22033
-21434
-20836
-20238
-19639
-19041
-18442
-17845
-17246
-16647
-16049
-15451
-14852
-14254
-13655
-13057
-12459
-11860
-11261
-10664
-10065
-9466
-8868
-8270
-7671
-7073
-6474
-5876
-5278
-4679
-4080
-3483
-2884
-2286
-1687
-1089
-491
107
706
1303
1902
2501
3099
3697
4296
4894
5493
6091
6689
7288
7886
8484
9083
9682
10279
10878
11476
12075
12673
13271
13870
14469
15066
15665
16264
16862
17460
18059
18657
19256
19854
20452
21051
21650
22247
22846
23445
24043
24641
25240
25838
26437
27034
27633
28232
28830
29428
30027
30625
31224
31822
32420
-32260
-31661
-31064
-30465
-29866
-29268
-28670
-28071
-27473
-26874
-26276
-25678
-25079
-24480
-23883
-23284
-22686
-22087
-21489
-20891
-20292
-19693
-19096
-18497
-17898
-17300
-16702
-16103
-15505
-14906
-14308
-13710
-13111
-12513
-11915
-11316
-10717
-10120
-9521
-8923
-8324
-7726
-7128
-6529
-5930
-5333
-4734
-4135
-3537
-2939
-2340
-1742
-1143
-545
52
651
1250
1847
2446
3045
3643
4241
4840
5438
6037
6634
7233
7832
8430
9028
9627
10225
10824
11422
12020
12619
13218
13815
14414
15013
15611
16209
16808
17406
18005
18603
19201
19800
20399
20996
21595
22193
22792
23390
23988
24587
25186
25783
26382
26981
27579
28177
28776
29374
29973
30571
31169
31768
32366
-32315
-31716
-31117
-30520
-29921
-29323
-28724
-28126
-27528
-26929
-26330
-25733
-25134
-24535
-23937
-23339
-22740
-22142
-21543
-20945
-20347
-19748
-19149
-18552
-17953
-17354
-16756
-16158
-15559
-14961
-14362
-13765
-13166
-12567
-11969
-11371
-10772
-10174
-9575
-8977
-8379
-7780
-7181
-6584
-5985
-5386
-4788
-4190
-3591
-2993
-2394
-1796
-1198
-599
0
596
1195
1793
2392
2990
3588
4187
4786
5383
5982
6581
7179
7777
8376
8974
9573
10171
10769
11368
11966
12564
13163
13762
14359
14958
15556
16155
16753
17351
17950
18549
19146
19745
20344
20942
21540
22139
22737
23336
23934
24532
25131
25730
26327
26926
27525
28123
28721
29320
29918
30517
31114
31713
32312
-32369
-31771
-31172
-30574
-29975
-29377
-28779
-28180
-27581
-26984
-26385
-25786
-25188
-24590
-23991
-23393
-22794
-22196
-21598
-20999
-20400
-19803
-19204
-18606
-18007
-17409
-16811
-16212
-15613
-15016
-14417
-13818
-13220
-12622
-12023
-11425
-10826
-10228
-9630
-9031
-8433
-7835
-7236
-6637
-6040
-5441
-4843
-4244
-3646
-3048
-2449
-1850
-1253
-654
-55
542
1140
1739
2337
2936
3534
4132
4731
5330
5927
6526
7125
7723
8321
8920
9518
10117
10714
11313
11912
12510
13108
13707
14305
14904
15502
16100
16699
17298
17895
18494
19093
19691
20289
20888
21486
22085
22683
23281
23880
24479
25076
25675
26273
26872
27470
28068
28667
29266
29863
30462
31061
31659
32257
-32423
-31825
-31226
-30628
-30030
-29431
-28833
-28235
-27636
-27037
-26440
-25841
-25243
-24644
-24046
-23448
-22849
-22250
-21653
-21054
-20455
-19857
-19259
-18660
-18062
-17463
-16865
-16267
-15668
-15069
-14472
-13873
-13274
-12676
-12078
-11479
-10881
-10282
-9685
-9086
-8487
-7889
-7291
-6692
-6094
-5495
-4897
-4299
-3700
-3101
-2504
-1905
-1306
-708
-110
488
1086
1685
2283
2881
3480
4079
4676
5275
5873
6472
7070
7668
8267
8866
9463
10062
10661
11259
11857
12456
13054
13653
14251
14849
15448
16046
16644
17243
17842
18439
19038
19636
20235
20833
21431
22030
22629
23226
23825
24424
25022
25620
26219
26817
27416
28014
28612
29211
29810
30407
31006
31605
32203
-32478
-31879
-31281
-30682
-30085
-29486
-28887
-28289
-27691
-27092
-26494
-25895
-25297
-24699
-24100
-23501
-22904
-22305
-21706
-21108
-20510
-19911
-19313
-18714
-18116
-17518
-16919
-16320
-15723
-15124
-14526
-13927
-13329
-12731
-12132
-11533
-10936
-10337
-9738
-9140
-8542
-7943
-7345
-6746
-6148
-5550
-4951
-4353
-3755
-3156
-2557
-1960
-1361
-763
-164
433
1031
1630
2229
2826
3425
4024
4622
5220
5819
6417
7016
7614
8212
8811
9410
10007
10606
11205
11803
12401
13000
13598
14197
14794
15393
15992
16590
17188
17787
18385
18984
19582
20180
20779
21378
21975
22574
23173
23771
24369
24968
25566
26165
26763
27361
27960
28559
29156
29755
30353
30952
31550
32148
-32532
-31933
-31336
-30737
-30138
-29540
-28942
-28343
-27745
-27146
-26548
-25950
-25351
-24753
-24155
-23556
-22957
-22360
-21761
-21163
-20564
-19966
-19368
-18769
-18170
-17573
-16974
-16375
-15777
-15179
-14580
-13982
-13383
-12785
-12187
-11588
-10989
-10392
-9793
-9194
-8596
-7998
-7399
-6801
-6202
-5605
-5006
-4407
-3809
-3211
-2612
-2014
-1415
-817
-219
379
978
1575
2174
2773
3371
3969
4568
5166
5765
6363
6961
7560
8159
8756
9355
9953
10552
11150
11748
12347
12946
13543
14142
14741
15339
15937
16536
17134
17733
18331
18929
19528
20126
20724
21323
21922
22519
23118
23716
24315
24913
25511
26110
26709
27306
27905
28504
29102
29700
30299
30897
31496
32094
-32587
-31988
-31389
-30792
-30193
-29594
-28996
-28398
-27799
-27201
-26602
-26005
-25406
-24807
-24209
-23611
-23012
-22414
-21815
-21217
-20619
-20020
-19421
-18824
-18225
-17626
-17028
-16430
-15831
-15233
-14634
-14036
-13438
-12839
-12240
-11643
-11044
-10446
-9847
-9249
-8651
-8052
-7453
-6856
-6257
-5658
-5060
-4462
-3863
-3265
-2666
-2068
-1470
-871
-273
324
923
1522
2119
2718
3316
3915
4513
5111
5710
6309
6906
7505
8104
8702
9300
9899
10497
11096
11694
12292
12891
13490
14087
14686
15285
15883
16481
17080
17678
18277
18874
19473
20072
20670
21268
21867
22465
23064
23662
24260
24859
25458
26055
26654
27253
27851
28449
29048
29646
30245
30843
31441
32040
-32640
-32043
-31444
-30846
-30247
-29649
-29051
-28452
-27853
-27256
-26657
-26058
-25460
-24862
-24263
-23665
-23066
-22468
-21870
-21271
-20673
-20075
-19476
-18877
-18280
-17681
-17083
-16484
-15886
-15288
-14689
-14090
-13493
-12894
-12295
-11697
-11099
-10500
-9902
-9303
-8705
-8107
-7508
-6909
-6312
-5713
-5114
-4516
-3918
-3319
-2721
-2122
-1525
-926
-327
270
868
1467
2065
2664
3262
3860
4459
5058
5655
6254
6853
7451
8049
8648
9246
9845
10443
11041
11640
12239
12836
13435
14033
14632
15230
15828
16427
17026
17623
18222
18821
19419
20017
20616
21214
21813
22411
23009
23608
24206
24804
25403
26002
26599
27198
27796
28395
28993
29591
30190
30789
31386
31985
32584
-32097
-31499
-30900
-30302
-29703
-29105
-28507
-27908
-27309
-26712
-26113
-25514
-24916
-24318
-23719
-23121
-22522
-21925
-21326
-20727
-20129
-19531
-18932
-18334
-17735
-17137
-16539
-15940
-15341
-14744
-14145
-13546
-12948
-12350
-11751
-11153
-10554
-9956
-9358
-8759
-8160
-7563
-6964
-6366
-5767
-5169
-4571
-3972
-3373
-2776
-2177
-1578
-980
-382
216
814
1413
2011
2609
3208
3807
4404
5003
5602
6199
6798
7396
7995
8593
9191
9790
10389
10986
11585
12184
12782
13380
13979
14577
15176
15774
16372
16971
17570
18167
18766
19365
19963
20561
21160
21758
22357
22954
23553
24152
24750
25348
25947
26545
27144
27742
28340
28939
29538
30135
30734
31333
31931
32529
-32151
-31553
-30954
-30356
-29758
-29159
-28560
-27963
-27364
-26766
-26167
-25569
-24971
-24372
-23773
-23176
-22577
-21978
-21380
-20782
-20183
-19585
-18986
-18388
-17790
-17191
-16592
-15995
-15396
-14797
-14200
-13601
-13003
-12404
-11806
-11208
-10609
-10010
-9413
-8814
-8215
-7617
-7019
-6420
-5822
-5223
-4625
-4027
-3428
-2829
-2232
-1633
-1034
-436
161
760
1358
1957
2554
3153
3752
4350
4948
5547
6145
6744
7342
7940
8539
9138
9735
10334
10933
11531
12129
12728
13326
13925
14523
15121
15720
16319
16916
17515
18113
18712
19310
19908
20507
21106
21703
22302
22901
23499
24097
24696
25294
25893
26491
27089
27688
28287
28884
29483
30082
30679
31278
31876
32475
-32206
-31608
-31009
-30410
-29813
-29214
-28615
-28017
-27419
-26820
-26222
-25623
-25025
-24427
-23828
-23229
-22632
-22033
-21434
-20836
-20238
-19639
-19041
-18442
-17845
-17246
-16647
-16049
-15451
-14852
-14254
-13655
-13057
-12459
-11860
-11261
-10664
-10065
-9466
-8868
-8270
-7671
-7073
-6474
-5876
-5278
-4679
-4080
-3483
-2884
-2286
-1687
-1089
-491
107
706
1303
1902
2501
3099
3697
4296
4894
5493
6091
6689
7288
7887
8484
9083
9682
10279
10878
11476
12075
12673
13271
13870
14469
15066
15665
16264
16862
17460
18059
18657
19256
19854
20452
21051
21650
22247
22846
23445
24043
24641
25240
25838
26437
27034
27633
28232
28830
29428
30027
30625
31224
31822
32420
-32260
-31661
-31064
-30465
-29866
-29268
-28670
-28071
-27473
-26874
-26276
-25678
-25079
-24480
-23883
-23284
-22686
-22087
-21489
-20891
-20292
-19693
-19096
-18497
-17898
-17300
-16702
-16103
-15505
-14906
-14308
-13710
-13111
-12512
-11915
-11316
-10717
-10120
-9521
-8923
-8324
-7726
-7128
-6529
-5930
-5333
-4734
-4135
-3537
-2939
-2340
-1742
-1143
-545
52
651
1250
1847
2446
3045
3643
4241
4840
5438
6037
6634
7233
7832
8430
9028
9627
10225
10824
11422
12020
12619
13218
13815
14414
15013
15611
16209
16808
17406
18005
18603
19201
19800
20399
20996
21595
22193
22792
23390
23988
24587
25186
25783
26382
26981
27579
28177
28776
29374
29973
30571
31169
31768
32367
-32315
-31716
-31117
-30520
-29921
-29323
-28724
-28126
-27528
-26929
-26330
-25733
-25134
-24535
-23937
-23339
-22740
-22142
-21543
-20945
-20347
-19748
-19149
-18552
-17953
-17354
-16756
-16158
-15559
-14961
-14362
-13765
-13166
-12567
-11969
-11371
-10772
-10174
-9575
-8977
-8379
-7780
-7181
-6584
-5985
-5386
-4788
-4190
-3591
-2993
-2394
-1796
-1198
-599
0
596
1195
1793
2392
2990
3588
4187
4786
5383
5982
6581
7179
7777
8376
8974
9573
10171
10769
11368
11967
12564
13163
13762
14359
14958
15556
16155
16753
17351
17950
18549
19146
19745
20344
20942
21540
22139
22737
23336
23934
24532
25131
25730
26327
26926
27525
28123
28721
29320
29918
30517
31114
31713
32312
-32369
-31771
-31172
-30574
-29975
-29377
-28779
-28180
-27581
-26984
-26385
-25786
-25188
-24590
-23991
-23393
-22794
-22196
-21598
-20999
-20400
-19803
-19204
-18606
-18007
-17409
-16811
-16212
-15613
-15016
-14417
-13818
-13220
-12622
-12023
-11425
-10826
-10228
-9630
-9031
-8432
-7835
-7236
-6637
-6040
-5441
-4843
-4244
-3646
-3048
-2449
-1850
-1253
-654
-55
542
1140
1739
2337
2936
3534
4132
4731
5330
5927
6526
7125
7723
8321
8920
9518
10117
10714
11313
11912
12510
13108
13707
14305
14904
15502
16100
16699
17298
17895
18494
19093
19691
20289
20888
21486
22085
22683
23281
23880
24479
25076
25675
26273
26872
27470
28068
28667
29266
29863
30462
31061
31659
32257
-32423
-31825
-31226
-30628
-30030
-29431
-28832
-28235
-27636
-27037
-26440
-25841
-25243
-24644
-24046
-23448
-22849
-22250
-21653
-21054
-20455
-19857
-19259
-18660
-18062
-17463
-16865
-16267
-15668
-15069
-14472
-13873
-13274
-12676
-12078
-11479
-10881
-10282
-9685
-9086
-8487
-7889
-7291
-6692
-6094
-5495
-4897
-4299
-3700
-3101
-2504
-1905
-1306
-708
-110
488
1086
1685
2283
2881
3480
4079
4676
5275
5873
6472
7070
7668
8267
8866
9463
10062
10661
11259
11857
12456
13054
13653
14251
14849
15448
16047
16644
17243
17842
18439
19038
19636
20235
20833
21431
22030
22629
23226
23825
24424
25022
25620
26219
26817
27416
28014
28612
29211
29810
30407
31006
31605
32203
-32478
-31879
-31281
-30682
-30085
-29486
-28887
-28289
-27691
-27092
-26494
-25895
-25297
-24699
-24100
-23501
-22904
-22305
-21706
-21108
-20510
-19911
-19313
-18714
-18116
-17518
-16919
-16320
-15723
-15124
-14526
-13927
-13329
-12731
-12132
-11533
-10936
-10337
-9738
-9140
-8542
-7943
-7345
-6746
-6148
-5550
-4951
-4352
-3755
-3156
-2557
-1960
-1361
-763
-164
433
1031
1630
2229
2826
3425
4024
4622
5220
5819
6417
7016
7614
8212
8811
9410
10007
10606
11205
11803
12401
13000
13598
14197
14794
15393
15992
16590
17188
17787
18385
18984
19582
20180
20779
21378
21975
22574
23173
23771
24369
24968
25566
26165
26763
27361
27960
28559
29156
29755
30353
30952
31550
32148
-32532
-31933
-31336
-30737
-30138
-29540
-28942
-28343
-27745
-27146
-26548
-25950
-25351
-24752
-24155
-23556
-22957
-22360
-21761
-21163
-20564
-19966
-19368
-18769
-18170
-17573
-16974
-16375
-15777
-15179
-14580
-13982
-13383
-12785
-12187
-11588
-10989
-10392
-9793
-9194
-8596
-7998
-7399
-6801
-6202
-5605
-5006
-4407
-3809
-3211
-2612
-2014
-1415
-817
-219
379
978
1575
2174
2773
3371
3969
4568
5166
5765
6363
6961
7560
8159
8756
9355
9953
10552
11150
11748
12347
12946
13543
14142
14741
15339
15937
16536
17134
17733
18331
18929
19528
20127
20724
21323
21922
22519
23118
23716
24315
24913
25511
26110
26709
27306
27905
28504
29102
29700
30299
30897
31496
32094
-32587
-31988
-31389
-30792
-30193
-29594
-28996
-28398
-27799
-27201
-26602
-26005
-25406
-24807
-24209
-23611
-23012
-22414
-21815
-21217
-20619
-20020
-19421
-18824
-18225
-17626
-17028
-16430
-15831
-15233
-14634
-14036
-13438
-12839
-12240
-11643
-11044
-10446
-9847
-9249
-8651
-8052
-7453
-6856
-6257
-5658
-5060
-4462
-3863
-3265
-2666
-2068
-1470
-871
-272
324
923
1522
2119
2718
3316
3915
4513
5111
5710
6309
6906
7505
8104
8702
9300
9899
10497
11096
11694
12292
12891
13490
14087
14686
15285
15883
16481
17080
17678
18277
18874
19473
20072
20670
21268
21867
22465
23064
23662
24260
24859
25458
26055
26654
27253
27851
28449
29048
29646
30245
30843
31441
32040
-32640
-32043
-31444
-30846
-30247
-29649
-29051
-28452
-27853
-27256
-26657
-26058
-25460
-24862
-24263
-23665
-23066
-22468
-21870
-21271
-20672
-20075
-19476
-18877
-18280
-17681
-17083
-16484
-15886
-15288
-14689
-14090
-13493
-12894
-12295
-11697
-11099
-10500
-9902
-9303
-8705
-8107
-7508
-6909
-6312
-5713
-5114
-4516
-3918
-3319
-2721
-2122
-1525
-926
-327
270
868
1467
2065
2664
3262
3860
4459
5058
5655
6254
6853
7451
8049
8648
9246
9845
10443
11041
11640
12239
12836
13435
14033
14632
15230
15828
16427
17026
17623
18222
18821
19419
20017
20616
21214
21813
22411
23009
23608
24207
24804
25403
26002
26599
27198
27796
28395
28993
29591
30190
30789
31386
31985
32584
-32097
-31499
-30900
-30302
-29703
-29105
-28507
-27908
-27309
-26712
-26113
-25514
-24916
-24318
-23719
-23121
-22522
-21925
-21326
-20727
-20129
-19531
-18932
-18334
-17735
-17137
-16539
-15940
-15341
-14744
-14145
-13546
-12948
-12350
-11751
-11153
-10554
-9956
-9358
-8759
-8160
-7563
-6964
-6366
-5767
-5169
-4571
-3972
-3373
-2776
-2177
-1578
-980
-382
216
814
1413
2011
2609
3208
3807
4404
5003
5602
6199
6798
7396
7995
8593
9191
9790
10389
10986
11585
12184
12782
13380
13979
14577
15176
15774
16372
16971
17570
18167
18766
19365
19963
20561
21160
21758
22357
22954
23553
24152
24750
25348
25947
26545
27144
27742
28340
28939
29538
30135
30734
31333
31931
32529
-32151
-31553
-30954
-30356
-29758
-29159
-28560
-27963
-27364
-26766
-26167
-25569
-24971
-24372
-23773
-23176
-22577
-21978
-21380
-20782
-20183
-19585
-18986
-18388
-17790
-17191
-16592
-15995
-15396
-14797
-14200
-13601
-13003
-12404
-11806
-11208
-10609
-10010
-9413
-8814
-8215
-7617
-7019
-6420
-5822
-5223
-4625
-4027
-3428
-2829
-2232
-1633
-1034
-436
161
760
1358
1957
2554
3153
3752
4350
4948
5547
6145
6744
7342
7940
8539
9138
9735
10334
10933
11531
12129
12728
13326
13925
14523
15121
15720
16319
16916
17515
18113
18712
19310
19908
20507
21106
21703
22302
22901
23499
24097
24696
25294
25893
26491
27089
27688
28287
28884
29483
30082
30679
31278
31876
32475
-32206
-31608
-31009
-30410
-29813
-29214
-28615
-28017
-27419
-26820
-26222
-25623
-25025
-24427
-23828
-23229
-22632
-22033
-21434
-20836
-20238
-19639
-19041
-18442
-17845
-17246
-16647
-16049
-15451
-14852
-14254
-13655
-13057
-12459
-11860
-11261
-10664
-10065
-9466
-8868
-8270
-7671
-7073
-6474
-5876
-5278
-4679
-4080
-3483
-2884
-2286
-1687
-1089
-491
107
706
1303
1902
2501
3099
3697
4296
4894
5493
6091
6689
7288
7887
8484
9083
9682
10279
10878
11476
12075
12673
13271
13870
14469
15066
15665
16264
16862
17460
18059
18657
19256
19854
20452
21051
21650
22247
22846
23445
24043
24641
25240
25838
26437
27034
27633
28232
28830
29428
30027
30625
31224
31822
32420
-32260
-31661
-31064
-30465
-29866
-29268
-28670
-28071
-27473
-26874
-26276
-25678
-25079
-24480
-23883
-23284
-22686
-22087
-21489
-20891
-20292
-19693
-19096
-18497
-17898
-17300
-16702
-16103
-15505
-14906
-14308
-13710
-13111
-12512
-11915
-11316
-10717
-10120
-9521
-8923
-8324
-7726
-7128
-6529
-5930
-5333
-4734
-4135
-3537
-2939
-2340
-1742
-1143
-545
52
651
1250
1847
2446
3045
3643
4241
4840
5438
6037
6634
7233
7832
8430
9028
9627
10225
10824
11422
12020
12619
13218
13815
14414
15013
15611
16209
16808
17406
18005
18603
19201
19800
20399
20996
21595
22193
22792
23390
23988
24587
25186
25783
26382
26981
27579
28177
28776
29374
29973
30571
31169
31768
32367
-32315
-31716
-31117
-30520
-29921
-29323
-28724
-28126
-27528
-26929
-26330
-25733
-25134
-24535
-23937
-23339
-22740
-22142
-21543
-20945
-20347
-19748
-19149
-18552
-17953
-17354
-16756
-16158
-15559
-14961
-14362
-13765
-13166
-12567
-11969
-11371
-10772
-10174
-9575
-8977
-8379
-7780
-7181
-6584
-5985
-5386
-4788
-4190
-3591
-2993
-2394
-1796
-1198
-599
0
596
1195
1793
2392
2990
3588
4187
4786
5383
5982
6581
7179
7777
8376
8974
9573
10171
10769
11368
11967
12564
13163
13762
14359
14958
15556
16155
16753
17351
17950
18549
19146
19745
20344
20942
21540
22139
22737
23336
23934
24532
25131
25730
26327
26926
27525
28123
28721
29320
29918
30517
31114
31713
32312
-32369
-31771
-31172
-30574
-29975
-29377
-28779
-28180
-27581
-26984
-26385
-25786
-25188
-24590
-23991
-23393
-22794
-22196
-21598
-20999
-20400
-19803
-19204
-18606
-18007
-17409
-16811
-16212
-15613
-15016
-14417
-13818
-13220
-12622
-12023
-11425
-10826
-10228
-9630
-9031
-8432
-7835
-7236
-6637
-6040
-5441
-4843
-4244
-3646
-3048
-2449
-1850
-1253
-654
-55
542
1140
1739
2337
2936
3534
4132
4731
5330
5927
6526
7125
7723
8321
8920
9518
10117
10714
11313
11912
12510
13108
13707
14305
14904
15502
16100
16699
17298
17895
18494
19093
19691
20289
20888
21486
22085
22683
23281
23880
24479
25076
25675
26273
26872
27470
28068
28667
29266
29863
30462
31061
31659
32257
-32423
-31825
-31226
-30628
-30030
-29431
-28832
-28235
-27636
-27037
-26440
-25841
-25243
-24644
-24046
-23448
-22849
-22250
-21653
-21054
-20455
-19857
-19259
-18660
-18062
-17463
-16865
-16267
-15668
-15069
-14472
-13873
-13274
-12676
-12078
-11479
-10881
-10282
-9685
-9086
-8487
-7889
-7291
-6692
-6094
-5495
-4897
-4299
-3700
-3101
-2504
-1905
-1306
-708
-110
488
1086
1685
2283
2881
3480
4079
4676
5275
5873
6472
7070
7668
8267
8866
9463
10062
10661
11259
11857
12456
13054
13653
14251
14849
15448
16047
16644
17243
17842
18440
19038
19636
20235
20833
21431
22030
22629
23226
23825
24424
25022
25620
26219
26817
27416
28014
28612
29211
29810
30407
31006
31605
32203
-32478
-31879
-31281
-30682
-30085
-29486
-28887
-28289
-27691
-27092
-26494
-25895
-25297
-24699
-24100
-23501
-22904
-22305
-21706
-21108
-20510
-19911
-19313
-18714
-18116
-17518
-16919
-16320
-15723
-15124
-14526
-13927
-13329
-12731
-12132
-11533
-10936
-10337
-9738
-9140
-8542
-7943
-7345
-6746
-6148
-5550
-4951
-4352
-3755
-3156
-2557
-1959
-1361
-763
-164
433
1031
1630
2229
2826
3425
4024
4622
5220
5819
6417
7016
7614
8212
8811
9410
10007
10606
11205
11803
12401
13000
13598
14197
14794
15393
15992
16590
17188
17787
18385
18984
19582
20180
20779
21378
21975
22574
23173
23771
24369
24968
25566
26165
26763
27361
27960
28559
29156
29755
30353
30952
31550
32148
-32532
-31933
-31336
-30737
-30138
-29540
-28942
-28343
-27745
-27146
-26548
-25950
-25351
-24752
-24155
-23556
-22957
-22359
-21761
-21163
-20564
-19966
-19368
-18769
-18170
-17573
-16974
-16375
-15777
-15179
-14580
-13982
-13383
-12785
-12187
-11588
-10989
-10392
-9793
-9194
-8596
-7998
-7399
-6801
-6202
-5605
-5006
-4407
-3809
-3211
-2612
-2014
-1415
-817
-219
379
978
1575
2174
2773
3371
3969
4568
5166
5765
6363
6961
7560
8159
8756
9355
9953
10552
11150
11748
12347
12946
13543
14142
14741
15339
15937
16536
17134
17733
18331
18929
19528
20127
20724
21323
21922
22520
23118
23716
24315
24913
25511
26110
26709
27306
27905
28504
29102
29700
30299
30897
31496
32094
-32587
-31988
-31389
-30792
-30193
-29594
-28996
-28398
-27799
-27201
-26602
-26005
-25406
-24807
-24209
-23611
-23012
-22414
-21815
-21217
-20619
-20020
-19421
-18824
-18225
-17626
-17028
-16430
-15831
-15233
-14634
-14036
-13438
-12839
-12240
-11643
-11044
-10446
-9847
-9249
-8651
-8052
-7453
-6856
-6257
-5658
-5060
-4462
-3863
-3265
-2666
-2068
-1470
-871
-272
324
923
1522
2120
2718
3316
3915
4513
5111
5710
6309
6906
7505
8104
8702
9300
9899
10497
11096
11694
12292
12891
13490
14087
14686
15285
15883
16481
17080
17678
18277
18874
19473
20072
20670
21268
21867
22465
23064
23662
24260
24859
25458
26055
26654
27253
27851
28449
29048
29646
30245
30843
31441
32040
-32640
-32043
-31444
-30846
-30247
-29649
-29051
-28452
-27853
-27256
-26657
-26058
-25460
-24862
-24263
-23665
-23066
-22468
-21870
-21271
-20672
-20075
-19476
-18877
-18279
-17681
-17083
-16484
-15886
-15288
-14689
-14090
-13493
-12894
-12295
-11697
-11099
-10500
-9902
-9303
-8705
-8107
-7508
-6909
-6312
-5713
-5114
-4516
-3918
-3319
-2721
-2122
-1525
-926
-327
270
868
1467
2065
2664
3262
3860
4459
5058
5655
6254
6853
7451
8049
8648
9246
9845
10443
11041
11640
12239
12836
13435
14033
14632
15230
15828
16427
17026
17623
18222
18821
19419
20017
20616
21214
21813
22411
23009
23608
24207
24804
25403
26002
26600
27198
27796
28395
28993
29591
30190
30789
31386
31985
32584
-32097
-31499
-30900
-30302
-29703
-29105
-28507
-27908
-27309
-26712
-26113
-25514
-24916
-24318
-23719
-23121
-22522
-21925
-21326
-20727
-20129
-19531
-18932
-18334
-17735
-17137
-16539
-15940
-15341
-14744
-14145
-13546
-12948
-12350
-11751
-11153
-10554
-9956
-9358
-8759
-8160
-7563
-6964
-6366
-5767
-5169
-4571
-3972
-3373
-2776
-2177
-1578
-980
-382
216
814
1413
2011
2609
3208
3807
4404
5003
5602
6200
6798
7396
7995
8593
9191
9790
10389
10986
11585
12184
12782
13380
13979
14577
15176
15774
16372
16971
17570
18167
18766
19365
19963
20561
21160
21758
22357
22954
23553
24152
24750
25348
25947
26545
27144
27742
28340
28939
29538
30135
30734
31333
31931
32529
-32151
-31553
-30954
-30356
-29758
-29159
-28560
-27963
-27364
-26766
-26167
-25569
-24971
-24372
-23773
-23176
-22577
-21978
-21380
-20782
-20183
-19585
-18986
-18388
-17790
-17191
-16592
-15995
-15396
-14797
-14199
-13601
-13003
-12404
-11806
-11208
-10609
-10010
-9413
-8814
-8215
-7617
-7019
-6420
-5822
-5223
-4625
-4027
-3428
-2829
-2232
-1633
-1034
-436
161
760
1358
1957
2554
3153
3752
4350
4948
5547
6145
6744
7342
7940
8539
9138
9735
10334
10933
11531
12129
12728
13326
13925
14523
15121
15720
16319
16916
17515
18113
18712
19310
19908
20507
21106
21703
22302
22901
23499
24097
24696
25294
25893
26491
27089
27688
28287
28884
29483
30082
30680
31278
31876
32475
-32206
-31608
-31009
-30410
-29813
-29214
-28615
-28017
-27419
-26820
-26222
-25623
-25025
-24427
-23828
-23229
-22632
-22033
-21434
-20836
-20238
-19639
-19041
-18442
-17845
-17246
-16647
-16049
-15451
-14852
-14254
-13655
-13057
-12459
-11860
-11261
-10664
-10065
-9466
-8868
-8270
-7671
-7073
-6474
-5876
-5278
-4679
-4080
-3483
-2884
-2286
-1687
-1089
-491
107
706
1303
1902
2501
3099
3697
4296
4894
5493
6091
6689
7288
7887
8484
9083
9682
10280
10878
11476
12075
12673
13271
13870
14469
15066
15665
16264
16862
17460
18059
18657
19256
19854
20452
21051
21650
22247
22846
23445
24043
24641
25240
25838
26437
27034
27633
28232
28830
29428
30027
30625
31224
31822
32420
-32260
-31661
-31064
-30465
-29866
-29268
-28670
-28071
-27473
-26874
-26276
-25678
-25079
-24480
-23883
-23284
-22686
-22087
-21489
-20891
-20292
-19693
-19096
-18497
-17898
-17300
-16702
-16103
-15505
-14906
-14308
-13710
-13111
-12512
-11915
-11316
-10717
-10119
-9521
-8923
-8324
-7726
-7128
-6529
-5930
-5333
-4734
-4135
-3537
-2939
-2340
-1742
-1143
-545
52
651
1250
1847
2446
3045
3643
4241
4840
5438
6037
6634
7233
7832
8430
9028
9627
10225
10824
11422
12020
12619
13218
13815
14414
15013
15611
16209
16808
17406
18005
18603
19201
19800
20399
20996
21595
22193
22792
23390
23988
24587
25186
25783
26382
26981
27579
28177
28776
29374
29973
30571
31169
31768
32367
-32315
-31716
-31117
-30519
-29921
-29323
-28724
-28126
-27528
-26929
-26330
-25733
-25134
-24535
-23937
-23339
-22740
-22142
-21543
-20945
-20347
-19748
-19149
-18552
-17953
-17354
-16756
-16158
-15559
-14961
-14362
-13765
-13166
-12567
-11969
-11371
-10772
-10174
-9575
-8977
-8379
-7780
-7181
-6584
-5985
-5386
-4788
-4190
-3591
-2993
-2394
-1796
-1198
-599
0
596
1195
1793
2392
2990
3588
4187
4786
5383
5982
6581
7179
7777
8376
8974
9573
10171
10769
11368
11967
12564
13163
13762
14360
14958
15556
16155
16753
17351
17950
18549
19146
19745
20344
20942
21540
22139
22737
23336
23934
24532
25131
25730
26327
26926
27525
28123
28721
29320
29918
30517
31114
31713
32312
-32369
-31771
-31172
-30574
-29975
-29377
-28779
-28180
-27581
-26984
-26385
-25786
-25188
-24590
-23991
-23393
-22794
-22196
-21598
-20999
-20400
-19803
-19204
-18606
-18007
-17409
-16811
-16212
-15613
-15016
-14417
-13818
-13220
-12622
-12023
-11425
-10826
-10228
-9630
-9031
-8432
-7835
-7236
-6637
-6039
-5441
-4843
-4244
-3646
-3048
-2449
-1850
-1253
-654
-55
542
1140
1739
2337
2936
3534
4132
4731
5330
5927
6526
7125
7723
8321
8920
9518
10117
10714
11313
11912
12510
13108
13707
14305
14904
15502
16100
16699
17298
17895
18494
19093
19691
20289
20888
21486
22085
22683
23281
23880
24479
25076
25675
26273
26872
27470
28068
28667
29266
29863
30462
31061
31659
32257
-32423
-31825
-31226
-30628
-30030
-29431
-28832
-28235
-27636
-27037
-26439
-25841
-25243
-24644
-24046
-23448
-22849
-22250
-21653
-21054
-20455
-19857
-19259
-18660
-18062
-17463
-16865
-16267
-15668
-15069
-14472
-13873
-13274
-12676
-12078
-11479
-10881
-10282
-9685
-9086
-8487
-7889
-7291
-6692
-6094
-5495
-4897
-4299
-3700
-3101
-2504
-1905
-1306
-708
-110
488
1086
1685
2283
2881
3480
4079
4676
5275
5873
6472
7070
7668
8267
8866
9463
10062
10661
11259
11857
12456
13054
13653
14251
14849
15448
16047
16644
17243
17842
18440
19038
19636
20235
20833
21431
22030
22629
23226
23825
24424
25022
25620
26219
26817
27416
28014
28612
29211
29810
30407
31006
31605
32203
-32478
-31879
-31281
-30682
-30085
-29486
-28887
-28289
-27691
-27092
-26494
-25895
-25297
-24699
-24100
-23501
-22904
-22305
-21706
-21108
-20510
-19911
-19313
-18714
-18116
-17518
-16919
-16320
-15723
-15124
-14526
-13927
-13329
-12731
-12132
-11533
-10936
-10337
-9738
-9140
-8542
-7943
-7345
-6746
-6148
-5550
-4951
-4352
-3755
-3156
-2557
-1959
-1361
-763
-164
433
1031
1630
2229
2826
3425
4024
4622
5220
5819
6417
7016
7614
8212
8811
9410
10007
10606
11205
11803
12401
13000
13598
14197
14794
15393
15992
16590
17188
17787
18385
18984
19582
20180
20779
21378
21975
22574
23173
23771
24369
24968
25566
26165
26763
27361
27960
28559
29156
29755
30353
30952
31550
32148
-32532
-31933
-31336
-30737
-30138
-29540
-28942
-28343
-27745
-27146
-26548
-25950
-25351
-24752
-24155
-23556
-22957
-22359
-21761
-21163
-20564
-19966
-19368
-18769
-18170
-17573
-16974
-16375
-15777
-15179
-14580
-13982
-13383
-12785
-12187
-11588
-10989
-10392
-9793
-9194
-8596
-7998
-7399
-6801
-6202
-5605
-5006
-4407
-3809
-3211
-2612
-2014
-1415
-817
-219
379
978
1575
2174
2773
3371
3969
4568
5166
5765
6363
6961
7560
8159
8756
9355
9953
10552
11150
11748
12347
12946
13543
14142
14741
15339
15937
16536
17134
17733
18331
18929
19528
20127
20724
21323
21922
22520
23118
23716
24315
24913
25511
26110
26709
27306
27905
28504
29102
29700
30299
30897
31496
32094
-32587
-31988
-31389
-30792
-30193
-29594
-28996
-28398
-27799
-27201
-26602
-26005
-25406
-24807
-24209
-23611
-23012
-22414
-21815
-21217
-20619
-20020
-19421
-18824
-18225
-17626
-17028
-16430
-15831
-15233
-14634
-14036
-13438
-12839
-12240
-11643
-11044
-10446
-9847
-9249
-8651
-8052
-7453
-6856
-6257
-5658
-5060
-4462
-3863
-3265
-2666
-2068
-1470
-871
-272
324
923
1522
2120
2718
3316
3915
4513
5111
5710
6309
6906
7505
8104
8702
9300
9899
10497
11096
11694
12292
12891
13490
14087
14686
15285
15883
16481
17080
17678
18277
18874
19473
20072
20670
21268
21867
22465
23064
23662
24260
24859
25458
26055
26654
27253
27851
28449
29048
29646
30245
30843
-30248
-31444
-32640
-31444
-30247
-29051
-27853
-26657
-25460
-24263
-23066
-21870
-20672
-19476
-18279
-17083
-15885
-14689
-13492
-12295
-11098
-9902
-8704
-7508
-6311
-5114
-3917
-2721
-1524
-327
868
2065
3262
4459
5655
6853
8049
9246
10443
11640
12836
14033
15230
16427
17623
18821
20017
21214
22411
23608
24804
26002
27198
28395
29591
30789
31985
32094
30897
29700
28504
27306
26110
24913
23716
22519
21323
20126
18929
17732
16536
15338
14142
12945
11748
10551
9355
8158
6961
5764
4568
3370
2174
977
-219
-1416
-2612
-3810
-5006
-6203
-7399
-8597
-9793
-10990
-12187
-13384
-14580
-15778
-16974
-18171
-19368
-20565
-21761
-22958
-24155
-25351
-26548
-27745
-28942
-30138
-31336
-32532
-31553
-30356
-29159
-27963
-26766
-25569
-24372
-23176
-21978
-20782
-19585
-18388
-17191
-15995
-14797
-13601
-12404
-11208
-10010
-8814
-7617
-6420
-5223
-4027
-2829
-1633
-436
760
1957
3153
4350
5547
6744
7940
9138
10334
11531
12728
13925
15121
16319
17515
18712
19908
21106
22302
23499
24696
25893
27089
28287
29483
30680
31876
32202
31006
29809
28612
27415
26219
25021
23825
22628
21431
20234
19038
17841
16644
15448
14251
13054
11857
10661
9463
8267
7070
5873
4676
3480
2283
1086
-110
-1306
-2504
-3700
-4897
-6094
-7291
-8487
-9685
-10881
-12078
-13274
-14472
-15668
-16865
-18062
-19259
-20455
-21653
-22849
-24046
-25243
-26440
-27636
-28833
-30030
-31227
-32423
-31661
-30465
-29268
-28071
-26874
-25678
-24480
-23284
-22087
-20891
-19693
-18497
-17300
-16103
-14906
-13710
-12512
-11316
-10119
-8923
-7725
-6529
-5332
-4135
-2938
-1742
-544
651
1848
3045
4242
5438
6635
7832
9028
10225
11422
12619
13815
15013
16209
17406
18603
19800
20996
22193
23390
24587
25783
26981
28177
29374
30571
31768
32312
31114
29918
28721
27525
26327
25131
23934
22737
21540
20344
19146
17950
16753
15556
14359
13163
11966
10769
9572
8376
7178
5982
4785
3588
2391
1195
-1
-1198
-2395
-3591
-4789
-5985
-7182
-8379
-9576
-10772
-11970
-13166
-14363
-15559
-16757
-17953
-19150
-20347
-21544
-22740
-23938
-25134
-26331
-27528
-28725
-29921
-31118
-32315
-31771
-30574
-29377
-28180
-26984
-25786
-24590
-23393
-22196
-20999
-19803
-18606
-17409
-16212
-15016
-13818
-12622
-11425
-10228
-9031
-7835
-6637
-5441
-4244
-3048
-1850
-654
542
1739
2936
4132
5330
6526
7723
8920
10117
11313
12510
13707
14904
16100
17298
18494
19691
20888
22085
23281
24479
25675
26872
28068
29266
30462
31659
32420
31223
30027
28829
27633
26436
25240
24042
22846
21649
20452
19255
18059
16861
15665
14468
13271
12074
10878
9681
8484
7287
6091
4894
3697
2501
1303
107
-1089
-2286
-3483
-4679
-5876
-7073
-8270
-9466
-10664
-11860
-13057
-14254
-15451
-16647
-17845
-19041
-20238
-21434
-22632
-23828
-25025
-26222
-27419
-28615
-29813
-31009
-32206
-31879
-30682
-29486
-28289
-27092
-25895
-24699
-23501
-22305
-21108
-19911
-18714
-17518
-16320
-15124
-13927
-12731
-11533
-10337
-9140
-7943
-6746
-5550
-4352
-3156
-1959
-763
434
1630
2827
4024
5221
6417
7615
8811
10008
11205
12402
13598
14795
15992
17189
18385
19582
20779
21975
23173
24369
25566
26763
27960
29156
30353
31550
32529
31333
30135
28939
27742
26545
25348
24152
22954
21758
20561
19365
18167
16971
15774
14577
13380
12184
10986
9790
8593
7396
6199
5003
3806
2609
1412
216
-981
-2177
-3374
-4571
-5768
-6964
-8161
-9358
-10555
-11751
-12949
-14145
-15342
-16539
-17736
-18932
-20130
-21326
-22523
-23719
-24917
-26113
-27310
-28507
-29704
-30900
-32098
-31988
-30791
-29594
-28397
-27201
-26004
-24807
-23610
-22414
-21217
-20020
-18824
-17626
-16430
-15233
-14036
-12839
-11643
-10446
-9249
-8052
-6856
-5658
-4462
-3265
-2068
-871
324
1522
2718
3915
5111
6309
7505
8702
9899
11096
12292
13490
14686
15883
17080
18277
19473
20670
21867
23064
24260
25458
26654
27851
29048
30245
31441
32638
31441
30244
29048
27850
26654
25457
24260
23063
21867
20669
19473
18276
17080
15882
14686
13489
12292
11095
9899
8701
7505
6308
5111
3914
2718
1521
324
-872
-2068
-3265
-4462
-5658
-6856
-8052
-9249
-10446
-11643
-12839
-14036
-15233
-16430
-17626
-18824
-20020
-21217
-22414
-23611
-24807
-26005
-27201
-28398
-29594
-30792
-31988
-32097
-30900
-29703
-28507
-27309
-26113
-24916
-23719
-22522
-21326
-20129
-18932
-17735
-16539
-15341
-14145
-12948
-11751
-10554
-9358
-8160
-6964
-5767
-4571
-3373
-2177
-980
216
1413
2609
3807
5003
6200
7396
8594
9790
10987
12184
13381
14577
15775
16971
18168
19365
20562
21758
22955
24152
25349
26545
27742
28939
30135
31333
32529
31550
30353
29156
27960
26763
25566
24369
23173
21975
20779
19582
18385
17188
15992
14794
13598
12401
11205
10007
8811
7614
6417
5220
4024
2826
1630
433
-763
-1960
-3156
-4353
-5550
-6747
-7943
-9141
-10337
-11534
-12731
-13928
-15124
-16321
-17518
-18715
-19911
-21109
-22305
-23502
-24699
-25896
-27092
-28290
-29486
-30683
-31879
-32205
-31009
-29812
-28615
-27418
-26222
-25024
-23828
-22631
-21434
-20237
-19041
-17844
-16647
-15450
-14254
-13057
-11860
-10664
-9466
-8270
-7073
-5876
-4679
-3483
-2286
-1089
107
1303
2501
3697
4894
6091
7288
8484
9682
10878
12075
13271
14469
15665
16862
18059
19256
20452
21650
22846
24043
25240
26437
27633
28830
30027
31224
32420
31658
30462
29265
28068
26871
25675
24478
23281
22084
20888
19690
18494
17297
16100
14903
13707
12509
11313
10116
8920
7722
6526
5329
4132
2935
1739
541
-654
-1851
-3048
-4245
-5441
-6638
-7835
-9032
-10228
-11425
-12622
-13818
-15016
-16212
-17409
-18606
-19803
-20999
-22196
-23393
-24590
-25786
-26984
-28180
-29377
-30574
-31771
-32315
-31117
-29921
-28724
-27528
-26330
-25134
-23937
-22740
-21543
-20347
-19149
-17953
-16756
-15559
-14362
-13166
-11969
-10772
-9575
-8379
-7181
-5985
-4788
-3591
-2394
-1198
0
1195
2392
3588
4786
5982
7179
8376
9573
10769
11967
13163
14360
15556
16754
17950
19147
20344
21541
22737
23935
25131
26328
27525
28722
29918
31115
32312
31767
30571
29374
28177
26981
25783
24587
23390
22193
20996
19800
18603
17406
16209
15013
13815
12619
11422
10225
9028
7832
6634
5438
4241
3045
1847
651
-545
-1742
-2939
-4135
-5333
-6529
-7726
-8923
-10120
-11316
-12513
-13710
-14907
-16103
-17301
-18497
-19694
-20891
-22088
-23284
-24481
-25678
-26875
-28071
-29269
-30465
-31662
-32423
-31226
-30030
-28832
-27636
-26439
-25243
-24045
-22849
-21652
-20455
-19258
-18062
-16864
-15668
-14471
-13274
-12077
-10881
-9684
-8487
-7290
-6094
-4897
-3700
-2504
-1306
-110
1086
2283
3480
4676
5873
7070
8267
9463
10661
11857
13054
14251
15448
16644
17842
19038
20235
21431
22629
23825
25022
26219
27416
28612
29810
31006
32203
31876
30679
29483
28286
27089
25892
24696
23498
22302
21105
19908
18711
17515
16318
15121
13924
12728
11530
10334
9137
7940
6743
5547
4349
3153
1956
760
-437
-1633
-2830
-4027
-5224
-6420
-7618
-8814
-10011
-11208
-12405
-13601
-14798
-15995
-17192
-18388
-19585
-20782
-21978
-23176
-24372
-25569
-26766
-27963
-29159
-30356
-31553
-32532
-31336
-30138
-28942
-27745
-26548
-25351
-24155
-22957
-21761
-20564
-19368
-18170
-16974
-15777
-14580
-13383
-12187
-10989
-9793
-8596
-7399
-6202
-5006
-3809
-2612
-1415
-219
978
2174
3371
4568
5765
6961
8159
9355
10552
11748
12946
14142
15339
16536
17733
18929
20127
21323
22520
23716
24914
26110
27307
28504
29701
30897
32095
31985
30788
29591
28394
27198
26001
24804
23607
22411
21214
20017
18821
17623
16427
15230
14033
12836
11640
10443
9246
8049
6853
5655
4459
3262
2065
868
-327
-1525
-2721
-3918
-5114
-6312
-7508
-8705
-9902
-11099
-12295
-13493
-14689
-15886
-17083
-18280
-19476
-20673
-21870
-23067
-24263
-25461
-26657
-27854
-29051
-30248
-31444
-32640
-31444
-30247
-29051
-27853
-26657
-25460
-24263
-23066
-21870
-20672
-19476
-18279
-17083
-15885
-14689
-13492
-12295
-11098
-9902
-8704
-7508
-6311
-5114
-3917
-2721
-1524
-327
869
2065
3262
4459
5655
6853
8049
9246
10443
11640
12836
14033
15230
16427
17623
18821
20017
21214
22411
23608
24804
26002
27198
28395
29591
30789
31985
32094
30897
29700
28504
27306
26110
24913
23716
22519
21323
20126
18929
17732
16536
15338
14142
12945
11748
10551
9355
8158
6961
5764
4568
3370
2174
977
-219
-1416
-2612
-3810
-5006
-6203
-7399
-8597
-9793
-10990
-12187
-13384
-14580
-15778
-16974
-18171
-19368
-20565
-21761
-22958
-24155
-25352
-26548
-27745
-28942
-30138
-31336
-32532
-31553
-30356
-29159
-27963
-26766
-25569
-24372
-23176
-21978
-20782
-19585
-18388
-17191
-15995
-14797
-13601
-12404
-11208
-10010
-8814
-7617
-6420
-5223
-4027
-2829
-1633
-436
760
1957
3153
4350
5547
6744
7940
9138
10334
11531
12728
13925
15121
16319
17515
18712
19908
21106
22302
23499
24696
25893
27089
28287
29483
30680
31876
32202
31006
29809
28612
27415
26219
25021
23825
22628
21431
20234
19038
17841
16644
15447
14251
13053
11857
10661
9463
8267
7070
5873
4676
3480
2283
1086
-110
-1306
-2504
-3700
-4897
-6094
-7291
-8487
-9685
-10881
-12078
-13274
-14472
-15668
-16865
-18062
-19259
-20455
-21653
-22849
-24046
-25243
-26440
-27636
-28833
-30030
-31227
-32423
-31661
-30465
-29268
-28071
-26874
-25678
-24480
-23284
-22087
-20891
-19693
-18497
-17300
-16103
-14906
-13710
-12512
-11316
-10119
-8923
-7725
-6529
-5332
-4135
-2938
-1742
-544
651
1848
3045
4242
5438
6635
7832
9029
10225
11423
12619
13815
15013
16209
17406
18603
19800
20996
22193
23390
24587
25783
26981
28177
29374
30571
31768
32312
31114
29918
28721
27525
26327
25131
23934
22737
21540
20344
19146
17950
16753
15556
14359
13163
11966
10769
9572
8376
7178
5982
4785
3588
2391
1195
-1
-1198
-2395
-3591
-4789
-5985
-7182
-8379
-9576
-10772
-11970
-13166
-14363
-15559
-16757
-17953
-19150
-20347
-21544
-22740
-23938
-25134
-26331
-27528
-28725
-29921
-31118
-32315
-31770
-30574
-29376
-28180
-26984
-25786
-24590
-23393
-22196
-20999
-19803
-18606
-17409
-16212
-15016
-13818
-12622
-11425
-10228
-9031
-7835
-6637
-5441
-4244
-3048
-1850
-654
542
1739
2936
4132
5330
6526
7723
8920
10117
11313
12510
13707
14904
16100
17298
18494
19691
20888
22085
23281
24479
25675
26872
28068
29266
30462
31659
32420
31223
30027
28829
27633
26436
25240
24042
22846
21649
20452
19255
18059
16861
15665
14468
13271
12074
10878
9681
8484
7287
6091
4893
3697
2501
1303
107
-1089
-2286
-3483
-4679
-5876
-7073
-8270
-9466
-10664
-11860
-13057
-14254
-15451
-16647
-17845
-19041
-20238
-21434
-22632
-23828
-25025
-26222
-27419
-28615
-29813
-31009
-32206
-31879
-30682
-29486
-28289
-27092
-25895
-24699
-23501
-22305
-21108
-19911
-18714
-17518
-16320
-15124
-13927
-12731
-11533
-10337
-9140
-7943
-6746
-5550
-4352
-3156
-1959
-763
434
1630
2827
4024
5221
6417
7615
8811
10008
11205
12402
13598
14795
15992
17189
18385
19583
20779
21975
23173
24369
25566
26763
27960
29156
30353
31550
32529
31333
30135
28939
27742
26545
25348
24152
22954
21758
20561
19365
18167
16971
15774
14577
13380
12184
10986
9790
8593
7396
6199
5003
3806
2609
1412
216
-981
-2177
-3374
-4571
-5768
-6964
-8161
-9358
-10555
-11751
-12949
-14145
-15342
-16539
-17736
-18932
-20130
-21326
-22523
-23719
-24917
-26113
-27310
-28507
-29704
-30900
-32098
-31988
-30791
-29594
-28397
-27201
-26004
-24807
-23610
-22414
-21216
-20020
-18824
-17626
-16430
-15233
-14036
-12839
-11643
-10446
-9249
-8052
-6856
-5658
-4462
-3265
-2068
-871
324
1522
2718
3915
5111
6309
7505
8702
9899
11096
12292
13490
14686
15883
17080
18277
19473
20670
21867
23064
24260
25458
26654
27851
29048
30245
31441
32638
31441
30244
29048
27850
26654
25457
24260
23063
21867
20669
19473
18276
17080
15882
14686
13489
12292
11095
9899
8701
7505
6308
5111
3914
2718
1521
324
-872
-2068
-3266
-4462
-5658
-6856
-8052
-9249
-10446
-11643
-12839
-14036
-15233
-16430
-17626
-18824
-20020
-21217
-22414
-23611
-24807
-26005
-27201
-28398
-29594
-30792
-31988
-32097
-30900
-29703
-28507
-27309
-26113
-24916
-23719
-22522
-21326
-20129
-18932
-17735
-16539
-15341
-14145
-12948
-11751
-10554
-9358
-8160
-6964
-5767
-4571
-3373
-2177
-980
216
1413
2609
3807
5003
6200
7396
8594
9790
10987
12184
13381
14577
15775
16971
18168
19365
20562
21758
22955
24152
25349
26545
27743
28939
30135
31333
32529
31550
30353
29156
27960
26763
25566
24369
23173
21975
20779
19582
18385
17188
15992
14794
13598
12401
11205
10007
8811
7614
6417
5220
4024
2826
1630
433
-763
-1960
-3156
-4353
-5550
-6747
-7943
-9141
-10337
-11534
-12731
-13928
-15124
-16321
-17518
-18715
-19911
-21109
-22305
-23502
-24699
-25896
-27092
-28290
-29486
-30683
-31879
-32205
-31009
-29812
-28615
-27418
-26222
-25024
-23828
-22631
-21434
-20237
-19041
-17844
-16647
-15450
-14254
-13056
-11860
-10664
-9466
-8270
-7073
-5876
-4679
-3483
-2286
-1089
107
1303
2501
3697
4894
6091
7288
8484
9682
10878
12075
13271
14469
15665
16862
18059
19256
20452
21650
22846
24043
25240
26437
27633
28830
30027
31224
32420
31658
30462
29265
28068
26871
25675
24478
23281
22084
20888
19690
18494
17297
16100
14903
13707
12509
11313
10116
8920
7722
6526
5329
4132
2935
1739
541
-654
-1851
-3048
-4245
-5441
-6638
-7835
-9032
-10228
-11426
-12622
-13818
-15016
-16212
-17409
-18606
-19803
-20999
-22196
-23393
-24590
-25786
-26984
-28180
-29377
-30574
-31771
-32315
-31117
-29921
-28724
-27528
-26330
-25134
-23937
-22740
-21543
-20347
-19149
-17953
-16756
-15559
-14362
-13166
-11969
-10772
-9575
-8379
-7181
-5985
-4788
-3591
-2394
-1198
0
1195
2392
3588
4786
5982
7179
8376
9573
10769
11967
13163
14360
15556
16754
17950
19147
20344
21541
22737
23935
25131
26328
27525
28722
29918
31115
32312
31767
30571
29373
28177
26981
25783
24587
23390
22193
20996
19800
18603
17406
16209
15013
13815
12619
11422
10225
9028
7832
6634
5438
4241
3045
1847
651
-545
-1742
-2939
-4135
-5333
-6529
-7726
-8923
-10120
-11316
-12513
-13710
-14907
-16103
-17301
-18497
-19694
-20891
-22088
-23284
-24481
-25678
-26875
-28071
-29269
-30465
-31662
-32423
-31226
-30030
-28832
-27636
-26439
-25243
-24045
-22849
-21652
-20455
-19258
-18062
-16864
-15668
-14471
-13274
-12077
-10881
-9684
-8487
-7290
-6094
-4896
-3700
-2504
-1306
-110
1086
2283
3480
4676
5873
7070
8267
9463
10661
11857
13054
14251
15448
16644
17842
19038
20235
21431
22629
23825
25022
26219
27416
28612
29810
31006
32203
31876
30679
29483
28286
27089
25892
24696
23498
22302
21105
19908
18711
17515
16318
15121
13924
12728
11530
10334
9137
7940
6743
5547
4349
3153
1956
760
-437
-1633
-2830
-4027
-5224
-6420
-7618
-8814
-10011
-11208
-12405
-13601
-14798
-15995
-17192
-18388
-19586
-20782
-21978
-23176
-24372
-25569
-26766
-27963
-29159
-30356
-31553
-32532
-31336
-30138
-28942
-27745
-26548
-25351
-24155
-22957
-21761
-20564
-19368
-18170
-16974
-15777
-14580
-13383
-12187
-10989
-9793
-8596
-7399
-6202
-5006
-3809
-2612
-1415
-219
978
2174
3371
4568
5765
6961
8159
9355
10552
11748
12946
14142
15339
16536
17733
18929
20127
21323
22520
23716
24914
26110
27307
28504
29701
30897
32095
31985
30788
29591
28394
27198
26001
24804
23607
22411
21213
20017
18820
17623
16427
15230
14033
12836
11640
10443
9246
8049
6853
5655
4459
3262
2065
868
-327
-1525
-2721
-3918
-5114
-6312
-7508
-8705
-9902
-11099
-12295
-13493
-14689
-15886
-17083
-18280
-19476
-20673
-21870
-23067
-24263
-25461
-26657
-27854
-29051
-30248
-31444
-32640
-31444
-30247
-29051
-27853
-26657
-25460
-24263
-23066
-21870
-20672
-19476
-18279
-17083
-15885
-14689
-13492
-12295
-11098
-9902
-8704
-7508
-6311
-5114
-3917
-2721
-1524
-327
869
2065
3263
4459
5656
6853
8049
9246
10443
11640
12836
14033
15230
16427
17623
18821
20017
21214
22411
23608
24804
26002
27198
28395
29591
30789
31985
32094
30897
29700
28504
27306
26110
24913
23716
22519
21323
20126
18929
17732
16536
15338
14142
12945
11748
10551
9355
8158
6961
5764
4568
3370
2174
977
-219
-1416
-2612
-3810
-5006
-6203
-7399
-8597
-9793
-10990
-12187
-13384
-14580
-15778
-16974
-18171
-19368
-20565
-21761
-22958
-24155
-25352
-26548
-27746
-28942
-30139
-31336
-32532
-31553
-30356
-29159
-27963
-26766
-25569
-24372
-23176
-21978
-20782
-19585
-18388
-17191
-15995
-14797
-13601
-12404
-11208
-10010
-8814
-7617
-6420
-5223
-4027
-2829
-1633
-436
760
1957
3153
4350
5547
6744
7940
9138
10334
11531
12728
13925
15121
16319
17515
18712
19908
21106
22302
23499
24696
25893
27089
28287
29483
30680
31876
32202
31006
29809
28612
27415
26219
25021
23825
22628
21431
20234
19038
17841
16644
15447
14251
13053
11857
10660
9463
8267
7070
5873
4676
3480
2283
1086
-110
-1306
-2504
-3700
-4897
-6094
-7291
-8487
-9685
-10881
-12078
-13274
-14472
-15668
-16865
-18062
-19259
-20455
-21653
-22849
-24046
-25243
-26440
-27636
-28833
-30030
-31227
-32423
-31661
-30465
-29268
-28071
-26874
-25678
-24480
-23284
-22087
-20891
-19693
-18497
-17300
-16103
-14906
-13710
-12512
-11316
-10119
-8923
-7725
-6529
-5332
-4135
-2938
-1742
-544
651
1848
3045
4242
5438
6635
7832
9029
10225
11423
12619
13816
15013
16209
17406
18603
19800
20996
22193
23390
24587
25783
26981
28177
29374
30571
31768
32312
31114
29918
28721
27525
26327
25131
23934
22737
21540
20344
19146
17950
16753
15556
14359
13163
11966
10769
9572
8376
7178
5982
4785
3588
2391
1195
-1
-1198
-2395
-3591
-4789
-5985
-7182
-8379
-9576
-10772
-11970
-13166
-14363
-15559
-16757
-17953
-19150
-20347
-21544
-22740
-23938
-25134
-26331
-27528
-28725
-29921
-31118
-32315
-31770
-30574
-29376
-28180
-26983
-25786
-24590
-23393
-22196
-20999
-19803
-18606
-17409
-16212
-15016
-13818
-12622
-11425
-10228
-9031
-7835
-6637
-5441
-4244
-3048
-1850
-654
542
1739
2936
4132
5330
6526
7723
8920
10117
11313
12510
13707
14904
16100
17298
18494
19691
20888
22085
23281
24479
25675
26872
28068
29266
30462
31659
32420
31223
30027
28829
27633
26436
25240
24042
22846
21649
20452
19255
18059
16861
15665
14468
13271
12074
10878
9681
8484
7287
6091
4893
3697
2500
1303
107
-1089
-2286
-3483
-4679
-5876
-7073
-8270
-9466
-10664
-11860
-13057
-14254
-15451
-16647
-17845
-19041
-20238
-21434
-22632
-23828
-25025
-26222
-27419
-28615
-29813
-31009
-32206
-31879
-30682
-29486
-28289
-27092
-25895
-24699
-23501
-22305
-21108
-19911
-18714
-17518
-16320
-15124
-13927
-12731
-11533
-10337
-9140
-7943
-6746
-5550
-4352
-3156
-1959
-763
434
1630
2827
4024
5221
6417
7615
8811
10008
11205
12402
13598
14795
15992
17189
18385
19583
20779
21976
23173
24369
25566
26763
27960
29156
30353
31550
32529
31333
30135
28939
27742
26545
25348
24152
22954
21758
20561
19365
18167
16971
15774
14577
13380
12184
10986
9790
8593
7396
6199
5003
3806
2609
1412
216
-981
-2177
-3374
-4571
-5768
-6964
-8161
-9358
-10555
-11751
-12949
-14145
-15342
-16539
-17736
-18932
-20130
-21326
-22523
-23719
-24917
-26113
-27310
-28507
-29704
-30900
-32098
-31988
-30791
-29594
-28397
-27201
-26004
-24807
-23610
-22414
-21216
-20020
-18823
-17626
-16430
-15233
-14036
-12839
-11643
-10446
-9249
-8052
-6856
-5658
-4462
-3265
-2068
-871
324
1522
2718
3915
5111
6309
7505
8702
9899
11096
12292
13490
14686
15883
17080
18277
19473
20670
21867
23064
24260
25458
26654
27851
29048
30245
31441
32638
31441
30244
29048
27850
26654
25457
24260
23063
21867
20669
19473
18276
17080
15882
14686
13489
12292
11095
9899
8701
7505
6308
5111
3914
2718
1521
324
-872
-2068
-3266
-4462
-5659
-6856
-8052
-9249
-10446
-11643
-12839
-14036
-15233
-16430
-17626
-18824
-20020
-21217
-22414
-23611
-24807
-26005
-27201
-28398
-29594
-30792
-31988
-32097
-30900
-29703
-28507
-27309
-26113
-24916
-23719
-22522
-21326
-20129
-18932
-17735
-16539
-15341
-14145
-12948
-11751
-10554
-9358
-8160
-6964
-5767
-4571
-3373
-2177
-980
216
1413
2609
3807
5003
6200
7396
8594
9790
10987
12184
13381
14577
15775
16971
18168
19365
20562
21758
22955
24152
25349
26545
27743
28939
30136
31333
32529
31550
30353
29156
27960
26763
25566
24369
23173
21975
20779
19582
18385
17188
15992
14794
13598
12401
11205
10007
8811
7614
6417
5220
4024
2826
1630
433
-763
-1960
-3156
-4353
-5550
-6747
-7943
-9141
-10337
-11534
-12731
-13928
-15124
-16321
-17518
-18715
-19911
-21109
-22305
-23502
-24699
-25896
-27092
-28290
-29486
-30683
-31879
-32205
-31009
-29812
-28615
-27418
-26222
-25024
-23828
-22631
-21434
-20237
-19041
-17844
-16647
-15450
-14254
-13056
-11860
-10663
-9466
-8270
-7073
-5876
-4679
-3483
-2286
-1089
107
1303
2501
3697
4894
6091
7288
8484
9682
10878
12075
13271
14469
15665
16862
18059
19256
20452
21650
22846
24043
25240
26437
27633
28830
30027
31224
32420
31658
30462
29265
28068
26871
25675
24478
23281
22084
20888
19690
18494
17297
16100
14903
13707
12509
11313
10116
8920
7722
6526
5329
4132
2935
1739
541
-654
-1851
-3048
-4245
-5441
-6638
-7835
-9032
-10228
-11426
-12622
-13819
-15016
-16213
-17409
-18606
-19803
-20999
-22196
-23393
-24590
-25786
-26984
-28180
-29377
-30574
-31771
-32315
-31117
-29921
-28724
-27528
-26330
-25134
-23937
-22740
-21543
-20347
-19149
-17953
-16756
-15559
-14362
-13166
-11969
-10772
-9575
-8379
-7181
-5985
-4788
-3591
-2394
-1198
0
1195
2392
3588
4786
5982
7179
8376
9573
10769
11967
13163
14360
15556
16754
17950
19147
20344
21541
22737
23935
25131
26328
27525
28722
29918
31115
32312
31767
30571
29373
28177
26980
25783
24586
23390
22193
20996
19800
18603
17406
16209
15013
13815
12619
11422
10225
9028
7832
6634
5438
4241
3045
1847
651
-545
-1742
-2939
-4135
-5333
-6529
-7726
-8923
-10120
-11316
-12513
-13710
-14907
-16103
-17301
-18497
-19694
-20891
-22088
-23284
-24481
-25678
-26875
-28071
-29269
-30465
-31662
-32423
-31226
-30030
-28832
-27636
-26439
-25243
-24045
-22849
-21652
-20455
-19258
-18062
-16864
-15668
-14471
-13274
-12077
-10881
-9684
-8487
-7290
-6094
-4896
-3700
-2503
-1306
-109
1086
2283
3480
4676
5873
7070
8267
9463
10661
11857
13054
14251
15448
16644
17842
19038
20235
21431
22629
23825
25022
26219
27416
28612
29810
31006
32203
31876
30679
29483
28286
27089
25892
24696
23498
22302
21105
19908
18711
17515
16318
15121
13924
12728
11530
10334
9137
7940
6743
5547
4349
3153
1956
760
-437
-1633
-2830
-4027
-5224
-6420
-7618
-8814
-10011
-11208
-12405
-13601
-14798
-15995
-17192
-18388
-19586
-20782
-21979
-23176
-24373
-25569
-26766
-27963
-29159
-30356
-31553
-32532
-31336
-30138
-28942
-27745
-26548
-25351
-24155
-22957
-21761
-20564
-19368
-18170
-16974
-15777
-14580
-13383
-12187
-10989
-9793
-8596
-7399
-6202
-5006
-3809
-2612
-1415
-219
978
2174
3371
4568
5765
6961
8159
9355
10552
11748
12946
14142
15339
16536
17733
18929
20127
21323
22520
23716
24914
26110
27307
28504
29701
30897
32095
31985
30788
29591
28394
27198
26001
24804
23607
22411
21213
20017
18820
17623
16426
15230
14033
12836
11640
10443
9246
8049
6853
5655
4459
3262
2065
868
-327
-1525
-2721
-3918
-5114
-6312
-7508
-8705
-9902
-11099
-12295
-13493
-14689
-15886
-17083
-18280
-19476
-20673
-21870
-23067
-24263
-25461
-26657
-27854
-29051
-30248
-31444
-32640
-31444
-30247
-29051
-27853
-26657
-25460
-24263
-23066
-21870
-20672
-19476
-18279
-17083
-15885
-14689
-13492
-12295
-11098
-9902
-8704
-7508
-6311
-5114
-3917
-2721
-1524
-327
869
2065
3263
4459
5656
6853
8050
9246
10443
11640
12836
14033
15230
16427
17623
18821
20017
21214
22411
23608
24804
26002
27198
28395
29591
30789
31985
32094
30897
29700
28504
27306
26110
24913
23716
22519
21323
20126
18929
17732
16536
15338
14142
12945
11748
10551
9355
8158
6961
5764
4568
3370
2174
977
-219
-1416
-2612
-3810
-5006
-6203
-7399
-8597
-9793
-10990
-12187
-13384
-14580
-15778
-16974
-18171
-19368
-20565
-21761
-22958
-24155
-25352
-26548
-27746
-28942
-30139
-31336
-32533
-31553
-30356
-29159
-27963
-26766
-25569
-24372
-23176
-21978
-20782
-19585
-18388
-17191
-15995
-14797
-13601
-12404
-11208
-10010
-8814
-7617
-6420
-5223
-4027
-2829
-1633
-436
760
1957
3153
4350
5547
6744
7940
9138
10334
11531
12728
13925
15121
16319
17515
18712
19908
21106
22302
23499
24696
25893
27089
28287
29483
30680
31876
32202
31006
29809
28612
27415
26219
25021
23825
22628
21431
20234
19038
17841
16644
15447
14251
13053
11857
10660
9463
8266
7070
5873
4676
3480
2283
1086
-110
-1306
-2504
-3700
-4897
-6094
-7291
-8487
-9685
-10881
-12078
-13274
-14472
-15668
-16865
-18062
-19259
-20455
-21653
-22849
-24046
-25243
-26440
-27636
-28833
-30030
-31227
-32423
-31661
-30465
-29268
-28071
-26874
-25678
-24480
-23284
-22087
-20891
-19693
-18497
-17300
-16103
-14906
-13710
-12512
-11316
-10119
-8923
-7725
-6529
-5332
-4135
-2938
-1742
-544
651
1848
3045
4242
5438
6635
7832
9029
10225
11423
12619
13816
15013
16210
17406
18603
19800
20996
22193
23390
24587
25783
26981
28177
29374
30571
31768
32312
31114
29918
28721
27525
26327
25131
23934
22737
21540
20344
19146
17950
16753
15556
14359
13163
11966
10769
9572
8376
7178
5982
4785
3588
2391
1195
-1
-1198
-2395
-3591
-4789
-5985
-7182
-8379
-9576
-10772
-11970
-13166
-14363
-15559
-16757
-17953
-19150
-20347
-21544
-22740
-23938
-25134
-26331
-27528
-28725
-29921
-31118
-32315
-31770
-30574
-29376
-28180
-26983
-25786
-24589
-23393
-22196
-20999
-19803
-18606
-17409
-16212
-15016
-13818
-12622
-11425
-10228
-9031
-7835
-6637
-5441
-4244
-3048
-1850
-654
542
1739
2936
4132
5330
6526
7723
8920
10117
11313
12510
13707
14904
16100
17298
18494
19691
20888
22085
23281
24479
25675
26872
28068
29266
30462
31659
32420
31223
30027
28829
27633
26436
25240
24042
22846
21649
20452
19255
18059
16861
15665
14468
13271
12074
10878
9681
8484
7287
6091
4893
3697
2500
1303
106
-1089
-2286
-3483
-4679
-5876
-7073
-8270
-9466
-10664
-11860
-13057
-14254
-15451
-16647
-17845
-19041
-20238
-21434
-22632
-23828
-25025
-26222
-27419
-28615
-29813
-31009
-32206
-31879
-30682
-29486
-28289
-27092
-25895
-24699
-23501
-22305
-21108
-19911
-18714
-17518
-16320
-15124
-13927
-12731
-11533
-10337
-9140
-7943
-6746
-5550
-4352
-3156
-1959
-763
434
1630
2827
4024
5221
6417
7615
8811
10008
11205
12402
13598
14795
15992
17189
18385
19583
20779
21976
23173
24370
25566
26763
27960
29156
30353
31550
32529
31333
30135
28939
27742
26545
25348
24152
22954
21758
20561
19365
18167
16971
15774
14577
13380
12184
10986
9790
8593
7396
6199
5003
3806
2609
1412
216
-981
-2177
-3374
-4571
-5768
-6964
-8161
-9358
-10555
-11751
-12949
-14145
-15342
-16539
-17736
-18932
-20130
-21326
-22523
-23719
-24917
-26113
-27310
-28507
-29704
-30900
-32098
-31988
-30791
-29594
-28397
-27201
-26004
-24807
-23610
-22414
-21216
-20020
-18823
-17626
-16429
-15233
-14036
-12839
-11643
-10446
-9249
-8052
-6856
-5658
-4462
-3265
-2068
-871
324
1522
2718
3915
5111
6309
7505
8702
9899
11096
12292
13490
14686
15883
17080
18277
19473
20670
21867
23064
24260
25458
26654
27851
29048
30245
31441
32638
31441
30244
29048
27850
26654
25457
24260
23063
21867
20669
19473
18276
17080
15882
14686
13489
12292
11095
9899
8701
7505
6308
5111
3914
2718
1521
324
-872
-2068
-3266
-4462
-5659
-6856
-8053
-9249
-10447
-11643
-12839
-14036
-15233
-16430
-17626
-18824
-20020
-21217
-22414
-23611
-24807
-26005
-27201
-28398
-29594
-30792
-31988
-32097
-30900
-29703
-28507
-27309
-26113
-24916
-23719
-22522
-21326
-20129
-18932
-17735
-16539
-15341
-14145
-12948
-11751
-10554
-9358
-8160
-6964
-5767
-4571
-3373
-2177
-980
216
1413
2609
3807
5003
6200
7396
8594
9790
10987
12184
13381
14577
15775
16971
18168
19365
20562
21758
22955
24152
25349
26545
27743
28939
30136
31333
32530
31550
30352
29156
27960
26763
25566
24369
23173
21975
20779
19582
18385
17188
15992
14794
13598
12401
11205
10007
8811
7614
6417
5220
4024
2826
1630
433
-763
-1960
-3156
-4353
-5550
-6747
-7943
-9141
-10337
-11534
-12731
-13928
-15124
-16321
-17518
-18715
-19911
-21109
-22305
-23502
-24699
-25896
-27092
-28290
-29486
-30683
-31879
-32205
-31009
-29812
-28615
-27418
-26222
-25024
-23828
-22631
-21434
-20237
-19041
-17844
-16647
-15450
-14254
-13056
-11860
-10663
-9466
-8269
-7073
-5875
-4679
-3483
-2286
-1089
107
1303
2501
3697
4894
6091
7288
8484
9682
10878
12075
13271
14469
15665
16862
18059
19256
20452
21650
22846
24043
25240
26437
27633
28830
30027
31224
32420
31658
30462
29265
28068
26871
25675
24478
23281
22084
20888
19690
18494
17297
16100
14903
13707
12509
11313
10116
8920
7722
6526
5329
4132
2935
1739
541
-654
-1851
-3048
-4245
-5441
-6638
-7835
-9032
-10228
-11426
-12622
-13819
-15016
-16213
-17409
-18607
-19803
-20999
-22196
-23393
-24590
-25786
-26984
-28180
-29377
-30574
-31771
-32315
-31117
-29921
-28724
-27528
-26330
-25134
-23937
-22740
-21543
-20347
-19149
-17953
-16756
-15559
-14362
-13166
-11969
-10772
-9575
-8379
-7181
-5985
-4788
-3591
-2394
-1198
0
1195
2392
3588
4786
5982
7179
8376
9573
10769
11967
13163
14360
15556
16754
17950
19147
20344
21541
22737
23935
25131
26328
27525
28722
29918
31115
32312
31767
30571
29373
28177
26980
25783
24586
23390
22192
20996
19800
18603
17406
16209
15013
13815
12619
11422
10225
9028
7832
6634
5438
4241
3045
1847
651
-545
-1742
-2939
-4135
-5333
-6529
-7726
-8923
-10120
-11316
-12513
-13710
-14907
-16103
-17301
-18497
-19694
-20891
-22088
-23284
-24481
-25678
-26875
-28071
-29269
-30465
-31662
-32423
-31226
-30030
-28832
-27636
-26439
-25243
-24045
-22849
-21652
-20455
-19258
-18062
-16864
-15668
-14471
-13274
-12077
-10881
-9684
-8487
-7290
-6094
-4896
-3700
-2503
-1306
-109
1086
2284
3480
4676
5873
7070
8267
9463
10661
11857
13054
14251
15448
16644
17842
19038
20235
21431
22629
23825
25022
26219
27416
28612
29810
31006
32203
31876
30679
29483
28286
27089
25892
24696
23498
22302
21105
19908
18711
17515
16318
15121
13924
12728
11530
10334
9137
7940
6743
5547
4349
3153
1956
760
-437
-1633
-2830
-4027
-5224
-6420
-7618
-8814
-10011
-11208
-12405
-13601
-14798
-15995
-17192
-18388
-19586
-20782
-21979
-23176
-24373
-25569
-26767
-27963
-29159
-30356
-31553
-32532
-31336
-30138
-28942
-27745
-26548
-25351
-24155
-22957
-21761
-20564
-19368
-18170
-16974
-15777
-14580
-13383
-12187
-10989
-9793
-8596
-7399
-6202
-5006
-3809
-2612
-1415
-219
978
2174
3371
4568
5765
6961
8159
9355
10552
11748
12946
14142
15339
16536
17733
18929
20127
21323
22520
23716
24914
26110
27307
28504
29701
30897
32095
31985
30788
29591
28394
27198
26001
24804
23607
22411
21213
20017
18820
17623
16426
15230
14032
12836
11640
10443
9246
8049
6853
5655
4459
3262
2065
868
-327
-1525
-2721
-3918
-5114
-6312
-7508
-8705
-9902
-11099
-12295
-13493
-14689
-15886
-17083
-18280
-19476
-20673
-21870
-23067
-24263
-25461
-26657
-27854
-29051
-30248
-31444
-32640
-31444
-30247
-29051
-27853
-26657
-25460
-24263
-23066
-21870
-20672
-19476
-18279
-17083
-15885
-14689
-13492
-12295
-11098
-9902
-8704
-7508
-6311
-5114
-3917
-2721
-1524
-327
869
2065
3263
4459
5656
6853
8050
9246
10444
11640
12836
14033
15230
16427
17623
18821
20017
21214
22411
23608
24804
26002
27198
28395
29591
30789
31985
32094
30897
29700
28504
27306
26110
24913
23716
22519
21323
20126
18929
17732
16536
15338
14142
12945
11748
10551
9355
8158
6961
5764
4568
3370
2174
977
-219
-1416
-2612
-3810
-5006
-6203
-7399
-8597
-9793
-10990
-12187
-13384
-14580
-15778
-16974
-18171
-19368
-20565
-21761
-22958
-24155
-25352
-26548
-27746
-28942
-30139
-31336
-32533
-31553
-30355
-29159
-27963
-26766
-25569
-24372
-23176
-21978
-20782
-19585
-18388
-17191
-15995
-14797
-13601
-12404
-11208
-10010
-8814
-7617
-6420
-5223
-4027
-2829
-1633
-436
760
1957
3153
4350
5547
6744
7940
9138
10334
11531
12728
13925
15121
16319
17515
18712
19908
21106
22302
23499
24696
25893
27089
28287
29483
30680
31876
32202
31006
29809
28612
27415
26219
25021
23825
22628
21431
20234
19038
17841
16644
15447
14251
13053
11857
10660
9463
8266
7070
5872
4676
3480
2283
1086
-110
-1306
-2504
-3700
-4897
-6094
-7291
-8487
-9685
-10881
-12078
-13274
-14472
-15668
-16865
-18062
-19259
-20455
-21653
-22849
-24046
-25243
-26440
-27636
-28833
-30030
-31227
-32423
-31661
-30465
-29268
-28071
-26874
-25678
-24480
-23284
-22087
-20891
-19693
-18497
-17300
-16103
-14906
-13710
-12512
-11316
-10119
-8923
-7725
-6529
-5332
-4135
-2938
-1742
-544
651
1848
3045
4242
5438
6635
7832
9029
10225
11423
12619
13816
15013
16210
17406
18604
19800
20996
22193
23390
24587
25783
26981
28177
29374
30571
31768
32312
31114
29918
28721
27525
26327
25131
23934
22737
21540
20344
19146
17950
16753
15556
14359
13163
11966
10769
9572
8376
7178
5982
4785
3588
2391
1195
-1
-1198
-2395
-3591
-4789
-5985
-7182
-8379
-9576
-10772
-11970
-13166
-14363
-15559
-16757
-17953
-19150
-20347
-21544
-22740
-23938
-25134
-26331
-27528
-28725
-29921
-31118
-32315
-31770
-30574
-29376
-28180
-26983
-25786
-24589
-23393
-22195
-20999
-19803
-18606
-17409
-16212
-15016
-13818
-12622
-11425
-10228
-9031
-7835
-6637
-5441
-4244
-3048
-1850
-654
542
1739
2936
4132
5330
6526
7723
8920
10117
11313
12510
13707
14904
16100
17298
18494
19691
20888
22085
23281
24479
25675
26872
28068
29266
30462
31659
32420
31223
30027
28829
27633
26436
25240
24042
22846
21649
20452
19255
18059
16861
15665
14468
13271
12074
10878
9681
8484
7287
6091
4893
3697
2500
1303
106
-1089
-2287
-3483
-4680
-5876
-7073
-8270
-9466
-10664
-11860
-13057
-14254
-15451
-16647
-17845
-19041
-20238
-21434
-22632
-23828
-25025
-26222
-27419
-28615
-29813
-31009
-32206
-31879
-30682
-29486
-28289
-27092
-25895
-24699
-23501
-22305
-21108
-19911
-18714
-17518
-16320
-15124
-13927
-12731
-11533
-10337
-9140
-7943
-6746
-5550
-4352
-3156
-1959
-763
434
1630
2827
4024
5221
6417
7615
8811
10008
11205
12402
13598
14795
15992
17189
18385
19583
20779
21976
23173
24370
25566
26764
27960
29157
30353
31550
32529
31333
30135
28939
27742
26545
25348
24152
22954
21758
20561
19365
18167
16971
15774
14577
13380
12184
10986
9790
8593
7396
6199
5003
3806
2609
1412
216
-981
-2177
-3374
-4571
-5768
-6964
-8161
-9358
-10555
-11751
-12949
-14145
-15342
-16539
-17736
-18932
-20130
-21326
-22523
-23719
-24917
-26113
-27310
-28507
-29704
-30900
-32098
-31988
-30791
-29594
-28397
-27201
-26004
-24807
-23610
-22414
-21216
-20020
-18823
-17626
-16429
-15233
-14035
-12839
-11642
-10446
-9249
-8052
-6856
-5658
-4462
-3265
-2068
-871
324
1522
2718
3915
5111
6309
7505
8702
9899
11096
12292
13490
14686
15883
17080
18277
19473
20670
21867
23064
24260
25458
26654
27851
29048
30245
31441
32638
31441
30244
29048
27850
26654
25457
24260
23063
21867
20669
19473
18276
17080
15882
14686
13489
12292
11095
9899
8701
7505
6308
5111
3914
2718
1521
324
-872
-2068
-3266
-4462
-5659
-6856
-8053
-9249
-10447
-11643
-12840
-14036
-15233
-16430
-17626
-18824
-20020
-21217
-22414
-23611
-24807
-26005
-27201
-28398
-29594
-30792
-31988
-32097
-30900
-29703
-28507
-27309
-26113
-24916
-23719
-22522
-21326
-20129
-18932
-17735
-16539
-15341
-14145
-12948
-11751
-10554
-9358
-8160
-6964
-5767
-4571
-3373
-2177
-980
216
1413
2609
3807
5003
6200
7396
8594
9790
10987
12184
13381
14577
15775
16971
18168
19365
20562
21758
22955
24152
25349
26545
27743
28939
30136
31333
32530
31550
30352
29156
27959
26763
25566
24369
23173
21975
20779
19582
18385
17188
15992
14794
13598
12401
11205
10007
8811
7614
6417
5220
4024
2826
1630
433
-763
-1960
-3156
-4353
-5550
-6747
-7943
-9141
-10337
-11534
-12731
-13928
-15124
-16321
-17518
-18715
-19911
-21109
-22305
-23502
-24699
-25896
-27092
-28290
-29486
-30683
-31879
-32205
-31009
-29812
-28615
-27418
-26222
-25024
-23828
-22631
-21434
-20237
-19041
-17844
-16647
-15450
-14254
-13056
-11860
-10663
-9466
-8269
-7073
-5875
-4679
-3482
-2286
-1089
107
1303
2501
3697
4894
6091
7288
8484
9682
10878
12075
13271
14469
15665
16862
18059
19256
20452
21650
22846
24043
25240
26437
27633
28830
30027
31224
32420
31658
30462
29265
28068
26871
25675
24478
23281
22084
20888
19690
18494
17297
16100
14903
13707
12509
11313
10116
8920
7722
6526
5329
4132
2935
1739
541
-654
-1851
-3048
-4245
-5441
-6638
-7835
-9032
-10228
-11426
-12622
-13819
-15016
-16213
-17409
-18607
-19803
-21000
-22196
-23393
-24590
-25786
-26984
-28180
-29377
-30574
-31771
-32315
-31117
-29921
-28724
-27528
-26330
-25134
-23937
-22740
-21543
-20347
-19149
-17953
-16756
-15559
-14362
-13166
-11969
-10772
-9575
-8379
-7181
-5985
-4788
-3591
-2394
-1198
0
1195
2392
3588
4786
5982
7179
8376
9573
10769
11967
13163
14360
15556
16754
17950
19147
20344
21541
22737
23935
25131
26328
27525
28722
29918
31115
32312
31767
30571
29373
28177
26980
25783
24586
23390
22192
20996
19799
18603
17406
16209
15013
13815
12619
11422
10225
9028
7832
6634
5438
4241
3045
1847
651
-545
-1742
-2939
-4135
-5333
-6529
-7726
-8923
-10120
-11316
-12513
-13710
-14907
-16103
-17301
-18497
-19694
-20891
-22088
-23284
-24481
-25678
-26875
-28071
-29269
-30465
-31662
-32423
-31226
-30030
-28832
-27636
-26439
-25243
-24045
-22849
-21652
-20455
-19258
-18062
-16864
-15668
-14471
-13274
-12077
-10881
-9684
-8487
-7290
-6094
-4896
-3700
-2503
-1306
-109
1086
2284
3480
4677
5873
7070
8267
9463
10661
11857
13054
14251
15448
16644
17842
19038
20235
21431
22629
23825
25022
26219
27416
28612
29810
31006
32203
31876
30679
29483
28286
27089
25892
24696
23498
22302
21105
19908
18711
17515
16318
15121
13924
12728
11530
10334
9137
7940
6743
5547
4349
3153
1956
760
-437
-1633
-2830
-4027
-5224
-6420
-7618
-8814
-10011
-11208
-12405
-13601
-14798
-15995
-17192
-18388
-19586
-20782
-21979
-23176
-24373
-25569
-26767
-27963
-29160
-30356
-31553
-32532
-31336
-30138
-28942
-27745
-26548
-25351
-24155
-22957
-21761
-20564
-19368
-18170
-16974
-15777
-14580
-13383
-12187
-10989
-9793
-8596
-7399
-6202
-5006
-3809
-2612
-1415
-219
978
2174
3371
4568
5765
6961
8159
9355
10552
11748
12946
14142
15339
16536
17733
18929
20127
21323
22520
23716
24914
26110
27307
28504
29701
30897
32095
31985
30788
29591
28394
27198
26001
24804
23607
22411
21213
20017
18820
17623
16426
15230
14032
12836
11639
10443
9246
8049
6853
5655
4459
3262
2065
868
-327
-1525
-2721
-3918
-5114
-6312
-7508
-8705
-9902
-11099
-12295
-13493
-14689
-15886
-17083
-18280
-19476
-20673
-21870
-23067
-24263
-25461
-26657
-27854
-29051
-30248
-31444
-32640
-31444
-30247
-29051
-27853
-26657
-25460
-24263
-23066
-21870
-20672
-19476
-18279
-17083
-15885
-14689
-13492
-12295
-11098
-9902
-8704
-7508
-6311
-5114
-3917
-2721
-1524
-327
869
2065
3263
4459
5656
6853
8050
9246
10444
11640
12837
14033
15230
16427
17623
18821
20017
21214
22411
23608
24804
26002
27198
28395
29591
30789
31985
32094
30897
29700
28504
27306
26110
24913
23716
22519
21323
20126
18929
17732
16536
15338
14142
12945
11748
10551
9355
8158
6961
5764
4568
3370
2174
977
-219
-1416
-2612
-3810
-5006
-6203
-7399
-8597
-9793
-10990
-12187
-13384
-14580
-15778
-16974
-18171
-19368
-20565
-21761
-22958
-24155
-25352
-26548
-27746
-28942
-30139
-31336
-32533
-31553
-30355
-29159
-27962
-26766
-25569
-24372
-23176
-21978
-20782
-19585
-18388
-17191
-15995
-14797
-13601
-12404
-11208
-10010
-8814
-7617
-6420
-5223
-4027
-2829
-1633
-436
760
1957
3153
4350
5547
6744
7940
9138
10334
11531
12728
13925
15121
16319
17515
18712
19908
21106
22302
23499
24696
25893
27089
28287
29483
30680
31876
32202
31006
29809
28612
27415
26219
25021
23825
22628
21431
20234
19038
17841
16644
15447
14251
13053
11857
10660
9463
8266
7070
5872
4676
3479
2283
1085
-110
-1306
-2504
-3700
-4897
-6094
-7291
-8487
-9685
-10881
-12078
-13274
-14472
-15668
-16865
-18062
-19259
-20455
-21653
-22849
-24046
-25243
-26440
-27636
-28833
-30030
-31227
-32423
-31661
-30465
-29268
-28071
-26874
-25678
-24480
-23284
-22087
-20891
-19693
-18497
-17300
-16103
-14906
-13710
-12512
-11316
-10119
-8923
-7725
-6529
-5332
-4135
-2938
-1742
-544
651
1848
3045
4242
5438
6635
7832
9029
10225
11423
12619
13816
15013
16210
17406
18604
19800
20997
22193
23391
24587
25783
26981
28177
29374
30571
31768
32312
31114
29918
28721
27525
26327
25131
23934
22737
21540
20344
19146
17950
16753
15556
14359
13163
11966
10769
9572
8376
7178
5982
4785
3588
2391
1195
-1
-1198
-2395
-3591
-4789
-5985
-7182
-8379
-9576
-10772
-11970
-13166
-14363
-15559
-16757
-17953
-19150
-20347
-21544
-22740
-23938
-25134
-26331
-27528
-28725
-29921
-31118
-32315
-31770
-30574
-29376
-28180
-26983
-25786
-24589
-23393
-22195
-20999
-19802
-18606
-17408
-16212
-15016
-13818
-12622
-11425
-10228
-9031
-7835
-6637
-5441
-4244
-3048
-1850
-654
542
1739
2936
4132
5330
6526
7723
8920
10117
11313
12510
13707
14904
16100
17298
18494
19691
20888
22085
23281
24479
25675
26872
28068
29266
30462
31659
32420
31223
30027
28829
27633
26436
25240
24042
22846
21649
20452
19255
18059
16861
15665
14468
13271
12074
10878
9681
8484
7287
6091
4893
3697
2500
1303
106
-1089
-2287
-3483
-4680
-5876
-7074
-8270
-9466
-10664
-11860
-13057
-14254
-15451
-16647
-17845
-19041
-20238
-21434
-22632
-23828
-25025
-26222
-27419
-28615
-29813
-31009
-32206
-31879
-30682
-29486
-28289
-27092
-25895
-24699
-23501
-22305
-21108
-19911
-18714
-17518
-16320
-15124
-13927
-12731
-11533
-10337
-9140
-7943
-6746
-5550
-4352
-3156
-1959
-763
434
1630
2827
4024
5221
6417
7615
8811
10008
11205
12402
13598
14795
15992
17189
18385
19583
20779
21976
23173
24370
25566
26764
27960
29157
30353
31551
32529
31333
30135
28939
27742
26545
25348
24152
22954
21758
20561
19365
18167
16971
15774
14577
13380
12184
10986
9790
8593
7396
6199
5003
3806
2609
1412
216
-981
-2177
-3374
-4571
-5768
-6964
-8161
-9358
-10555
-11751
-12949
-14145
-15342
-16539
-17736
-18932
-20130
-21326
-22523
-23719
-24917
-26113
-27310
-28507
-29704
-30900
-32098
-31988
-30791
-29594
-28397
-27201
-26004
-24807
-23610
-22414
-21216
-20020
-18823
-17626
-16429
-15233
-14035
-12839
-11642
-10446
-9248
-8052
-6856
-5658
-4462
-3265
-2068
-871
324
1522
2718
3915
5111
6309
7505
8702
9899
11096
12292
13490
14686
15883
17080
18277
19473
20670
21867
23064
24260
25458
26654
27851
29048
30245
31441
32638
31441
30244
29048
27850
26654
25457
24260
23063
21867
20669
19473
18276
17080
15882
14686
13489
12292
11095
9899
8701
7505
6308
5111
3914
2718
1521
324
-872
-2068
-3266
-4462
-5659
-6856
-8053
-9249
-10447
-11643
-12840
-14036
-15234
-16430
-17626
-18824
-20020
-21217
-22414
-23611
-24807
-26005
-27201
-28398
-29594
-30792
-31988
-32097
-30900
-29703
-28507
-27309
-26113
-24916
-23719
-22522
-21326
-20129
-18932
-17735
-16539
-15341
-14145
-12948
-11751
-10554
-9358
-8160
-6964
-5767
-4571
-3373
-2177
-980
216
1413
2609
3807
5003
6200
7396
8594
9790
10987
12184
13381
14577
15775
16971
18168
19365
20562
21758
22955
24152
25349
26545
27743
28939
30136
31333
32530
31550
30352
29156
27959
26763
25565
24369
23173
21975
20779
19582
18385
17188
15992
14794
13598
12401
11205
10007
8811
7614
6417
5220
4024
2826
1630
433
-763
-1960
-3156
-4353
-5550
-6747
-7943
-9141
-10337
-11534
-12731
-13928
-15124
-16321
-17518
-18715
-19911
-21109
-22305
-23502
-24699
-25896
-27092
-28290
-29486
-30683
-31879
-32205
-31009
-29812
-28615
-27418
-26222
-25024
-23828
-22631
-21434
-20237
-19041
-17844
-16647
-15450
-14254
-13056
-11860
-10663
-9466
-8269
-7073
-5875
-4679
-3482
-2286
-1088
107
1303
2501
3697
4894
6091
7288
8484
9682
10878
12075
13271
14469
15665
16862
18059
19256
20452
21650
22846
24043
25240
26437
27633
28830
30027
31224
32420
31658
30462
29265
28068
26871
25675
24478
23281
22084
20888
19690
18494
17297
16100
14903
13707
12509
11313
10116
8920
7722
6526
5329
4132
2935
1739
541
-654
-1851
-3048
-4245
-5441
-6638
-7835
-9032
-10228
-11426
-12622
-13819
-15016
-16213
-17409
-18607
-19803
-21000
-22196
-23394
-24590
-25786
-26984
-28180
-29377
-30574
-31771
-32315
-31117
-29921
-28724
-27528
-26330
-25134
-23937
-22740
-21543
-20347
-19149
-17953
-16756
-15559
-14362
-13166
-11969
-10772
-9575
-8379
-7181
-5985
-4788
-3591
-2394
-1198
0
1195
2392
3588
4786
5982
7179
8376
9573
10769
11967
13163
14360
15556
16754
17950
19147
20344
21541
22737
23935
25131
26328
27525
28722
29918
31115
32312
31767
30571
29373
28177
26980
25783
24586
23390
22192
20996
19799
18603
17405
16209
15013
13815
12619
11422
10225
9028
7832
6634
5438
4241
3045
1847
651
-545
-1742
-2939
-4135
-5333
-6529
-7726
-8923
-10120
-11316
-12513
-13710
-14907
-16103
-17301
-18497
-19694
-20891
-22088
-23284
-24481
-25678
-26875
-28071
-29269
-30465
-31662
-32423
-31226
-30030
-28832
-27636
-26439
-25243
-24045
-22849
-21652
-20455
-19258
-18062
-16864
-15668
-14471
-13274
-12077
-10881
-9684
-8487
-7290
-6094
-4896
-3700
-2503
-1306
-109
1086
2284
3480
4677
5873
7071
8267
9463
10661
11857
13054
14251
15448
16644
17842
19038
20235
21431
22629
23825
25022
26219
27416
28612
29810
31006
32203
31876
30679
29483
28286
27089
25892
24696
23498
22302
21105
19908
18711
17515
16318
15121
13924
12728
11530
10334
9137
7940
6743
5547
4349
3153
1956
760
-437
-1633
-2830
-4027
-5224
-6420
-7618
-8814
-10011
-11208
-12405
-13601
-14798
-15995
-17192
-18388
-19586
-20782
-21979
-23176
-24373
-25569
-26767
-27963
-29160
-30356
-31554
-32532
-31336
-30138
-28942
-27745
-26548
-25351
-24155
-22957
-21761
-20564
-19368
-18170
-16974
-15777
-14580
-13383
-12187
-10989
-9793
-8596
-7399
-6202
-5006
-3809
-2612
-1415
-219
978
2174
3371
4568
5765
6961
8159
9355
10552
11748
12946
14142
15339
16536
17733
18929
20127
21323
22520
23716
24914
26110
27307
28504
29701
30897
32095
31985
30788
29591
28394
27198
26001
24804
23607
22411
21213
20017
18820
17623
16426
15230
14032
12836
11639
10443
9245
8049
6852
5655
4459
3262
2065
868
-327
-1525
-2721
-3918
-5114
-6312
-7508
-8705
-9902
-11099
-12295
-13493
-14689
-15886
-17083
-18280
-19476
-20673
-21870
-23067
-24263
-25461
-26657
-27854
-29051
-30248
-31444
-32640
-31444
-30247
-29051
-27853
-26657
-25460
-24263
-23066
-21870
-20672
-19476
-18279
-17083
-15885
-14689
-13492
-12295
-11098
-9902
-8704
-7508
-6311
-5114
-3917
-2721
-1524
-327
869
2065
3263
4459
5656
6853
8050
9246
10444
11640
12837
14033
15231
16427
17624
18821
20017
21214
22411
23608
24804
26002
27198
28395
29591
30789
31985
32094
30897
29700
28504
27306
26110
24913
23716
22519
21323
20126
18929
17732
16536
15338
14142
12945
11748
10551
9355
8158
6961
5764
4568
3370
2174
977
-219
-1416
-2612
-3810
-5006
-6203
-7399
-8597
-9793
-10990
-12187
-13384
-14580
-15778
-16974
-18171
-19368
-20565
-21761
-22958
-24155
-25352
-26548
-27746
-28942
-30139
-31336
-32533
-31553
-30355
-29159
-27962
-26766
-25568
-24372
-23175
-21978
-20782
-19585
-18388
-17191
-15995
-14797
-13601
-12404
-11208
-10010
-8814
-7617
-6420
-5223
-4027
-2829
-1633
-436
760
1957
3153
4350
5547
6744
7940
9138
10334
11531
12728
13925
15121
16319
17515
18712
19908
21106
22302
23499
24696
25893
27089
28287
29483
30680
31876
32202
31006
29809
28612
27415
26219
25021
23825
22628
21431
20234
19038
17841
16644
15447
14251
13053
11857
10660
9463
8266
7070
5872
4676
3479
2283
1085
-110
-1307
-2504
-3700
-4897
-6094
-7291
-8487
-9685
-10881
-12078
-13274
-14472
-15668
-16865
-18062
-19259
-20455
-21653
-22849
-24046
-25243
-26440
-27636
-28833
-30030
-31227
-32423
-31661
-30465
-29268
-28071
-26874
-25678
-24480
-23284
-22087
-20891
-19693
-18497
-17300
-16103
-14906
-13710
-12512
-11316
-10119
-8923
-7725
-6529
-5332
-4135
-2938
-1742
-544
651
1848
3045
4242
5438
6635
7832
9029
10225
11423
12619
13816
15013
16210
17406
18604
19800
20997
22193
23391
24587
25784
26981
28177
29374
30571
31768
32312
31114
29918
28721
27525
26327
25131
23934
22737
21540
20344
19146
17950
16753
15556
14359
13163
11966
10769
9572
8376
7178
5982
4785
3588
2391
1195
-1
-1198
-2395
-3591
-4789
-5985
-7182
-8379
-9576
-10772
-11970
-13166
-14363
-15559
-16757
-17953
-19150
-20347
-21544
-22740
-23938
-25134
-26331
-27528
-28725
-29921
-31118
-32315
-31770
-30574
-29376
-28180
-26983
-25786
-24589
-23393
-22195
-20999
-19802
-18606
-17408
-16212
-15015
-13818
-12622
-11425
-10228
-9031
-7835
-6637
-5441
-4244
-3048
-1850
-654
542
1739
2936
4132
5330
6526
7723
8920
10117
11313
12510
13707
14904
16100
17298
18494
19691
20888
22085
23281
24479
25675
26872
28068
29266
30462
31659
32420
31223
30027
28829
27633
26436
25240
24042
22846
21649
20452
19255
18059
16861
15665
14468
13271
12074
10878
9681
8484
7287
6091
4893
3697
2500
1303
106
-1089
-2287
-3483
-4680
-5876
-7074
-8270
-9467
-10664
-11860
-13057
-14254
-15451
-16647
-17845
-19041
-20238
-21434
-22632
-23828
-25025
-26222
-27419
-28615
-29813
-31009
-32206
-31879
-30682
-29486
-28289
-27092
-25895
-24699
-23501
-22305
-21108
-19911
-18714
-17518
-16320
-15124
-13927
-12731
-11533
-10337
-9140
-7943
-6746
-5550
-4352
-3156
-1959
-763
434
1630
2827
4024
5221
6417
7615
8811
10008
11205
12402
13598
14795
15992
17189
18385
19583
20779
21976
23173
24370
25566
26764
27960
29157
30353
31551
32529
31332
30135
28939
27742
26545
25348
24152
22954
21758
20561
19365
18167
16971
15774
14577
13380
12184
10986
9790
8593
7396
6199
5003
3806
2609
1412
216
-981
-2177
-3374
-4571
-5768
-6964
-8161
-9358
-10555
-11751
-12949
-14145
-15342
-16539
-17736
-18932
-20130
-21326
-22523
-23719
-24917
-26113
-27310
-28507
-29704
-30900
-32098
-31988
-30791
-29594
-28397
-27201
-26004
-24807
-23610
-22414
-21216
-20020
-18823
-17626
-16429
-15233
-14035
-12839
-11642
-10446
-9248
-8052
-6855
-5658
-4462
-3265
-2068
-871
324
1522
2718
3915
5111
6309
7505
8702
9899
11096
12292
13490
14686
15883
17080
18277
19473
20670
21867
23064
24260
25458
26654
27851
29048
30245
31441
32638
31441
30244
29048
27850
26654
25457
24260
23063
21867
20669
19473
18276
17080
15882
14686
13489
12292
11095
9899
8701
7505
6308
5111
3914
2718
1521
324
-872
-2068
-3266
-4462
-5659
-6856
-8053
-9249
-10447
-11643
-12840
-14036
-15234
-16430
-17627
-18824
-20020
-21217
-22414
-23611
-24807
-26005
-27201
-28398
-29594
-30792
-31988
-32097
-30900
-29703
-28507
-27309
-26113
-24916
-23719
-22522
-21326
-20129
-18932
-17735
-16539
-15341
-14145
-12948
-11751
-10554
-9358
-8160
-6964
-5767
-4571
-3373
-2177
-980
216
1413
2609
3807
5003
6200
7396
8594
9790
10987
12184
13381
14577
15775
16971
18168
19365
20562
21758
22955
24152
25349
26545
27743
28939
30136
31333
32530
31550
30352
29156
27959
26763
25565
24369
23172
21975
20779
19582
18385
17188
15992
14794
13598
12401
11205
10007
8811
7614
6417
5220
4024
2826
1630
433
-763
-1960
-3156
-4353
-5550
-6747
-7943
-9141
-10337
-11534
-12731
-13928
-15124
-16321
-17518
-18715
-19911
-21109
-22305
-23502
-24699
-25896
-27092
-28290
-29486
-30683
-31879
-32205
-31009
-29812
-28615
-27418
-26222
-25024
-23828
-22631
-21434
-20237
-19041
-17844
-16647
-15450
-14254
-13056
-11860
-10663
-9466
-8269
-7073
-5875
-4679
-3482
-2286
-1088
107
1304
2501
3697
4894
6091
7288
8484
9682
10878
12075
13271
14469
15665
16862
18059
19256
20452
21650
22846
24043
25240
26437
27633
28830
30027
31224
32420
31658
30462
29265
28068
26871
25675
24478
23281
22084
20888
19690
18494
17297
16100
14903
13707
12509
11313
10116
8920
7722
6526
5329
4132
2935
1739
541
-654
-1851
-3048
-4245
-5441
-6638
-7835
-9032
-10228
-11426
-12622
-13819
-15016
-16213
-17409
-18607
-19803
-21000
-22196
-23394
-24590
-25787
-26984
-28180
-29377
-30574
-31771
-32315
-31117
-29921
-28724
-27528
-26330
-25134
-23937
-22740
-21543
-20347
-19149
-17953
-16756
-15559
-14362
-13166
-11969
-10772
-9575
-8379
-7181
-5985
-4788
-3591
-2394
-1198
0
1195
2392
3588
4786
5982
7179
8376
9573
10769
11967
13163
14360
15556
16754
17950
19147
20344
21541
22737
23935
25131
26328
27525
28722
29918
31115
32312
31767
30571
29373
28177
26980
25783
24586
23390
22192
20996
19799
18603
17405
16209
15012
13815
12618
11422
10225
9028
7832
6634
5438
4241
3045
1847
651
-545
-1742
-2939
-4135
-5333
-6529
-7726
-8923
-10120
-11316
-12513
-13710
-14907
-16103
-17301
-18497
-19694
-20891
-22088
-23284
-24481
-25678
-26875
-28071
-29269
-30465
-31662
-32423
-31226
-30030
-28832
-27636
-26439
-25243
-24045
-22849
-21652
-20455
-19258
-18062
-16864
-15668
-14471
-13274
-12077
-10881
-9684
-8487
-7290
-6094
-4896
-3700
-2503
-1306
-109
1086
2284
3480
4677
5873
7071
8267
9464
10661
11858
13054
14251
15448
16644
17842
19038
20235
21431
22629
23825
25022
26219
27416
28612
29810
31006
32203
31876
30679
29483
28286
27089
25892
24696
23498
22302
21105
19908
18711
17515
16318
15121
13924
12728
11530
10334
9137
7940
6743
5547
4349
3153
1956
760
-437
-1633
-2830
-4027
-5224
-6420
-7618
-8814
-10011
-11208
-12405
-13601
-14798
-15995
-17192
-18388
-19586
-20782
-21979
-23176
-24373
-25569
-26767
-27963
-29160
-30356
-31554
-32532
-31335
-30138
-28941
-27745
-26548
-25351
-24155
-22957
-21761
-20564
-19368
-18170
-16974
-15777
-14580
-13383
-12187
-10989
-9793
-8596
-7399
-6202
-5006
-3809
-2612
-1415
-219
978
2174
3371
4568
5765
6961
8159
9355
10552
11748
12946
14142
15339
16536
17733
18929
20127
21323
22520
23716
24914
26110
27307
28504
29701
30897
32095
31985
30788
29591
28394
27198
26001
24804
23607
22411
21213
20017
18820
17623
16426
15230
14032
12836
11639
10443
9245
8049
6852
5655
4458
3262
2065
868
-327
-1525
-2721
-3918
-5114
-6312
-7508
-8705
-9902
-11099
-12295
-13493
-14689
-15886
-17083
-18280
-19476
-20673
-21870
-23067
-24263
-25461
-26657
-27854
-29051
-30248
-31444
-32640
-31444
-30247
-29051
-27853
-26657
-25460
-24263
-23066
-21870
-20672
-19476
-18279
-17083
-15885
-14689
-13492
-12295
-11098
-9902
-8704
-7508
-6311
-5114
-3917
-2721
-1524
-327
869
2065
3263
4459
5656
6853
8050
9246
10444
11640
12837
14033
15231
16427
17624
18821
20018
21214
22411
23608
24804
26002
27198
28395
29591
30789
31985
32094
30897
29700
28504
27306
26110
24913
23716
22519
21323
20126
18929
17732
16536
15338
14142
12945
11748
10551
9355
8158
6961
5764
4568
3370
2174
977
-219
-1416
-2612
-3810
-5006
-6203
-7399
-8597
-9793
-10990
-12187
-13384
-14580
-15778
-16974
-18171
-19368
-20565
-21761
-22958
-24155
-25352
-26548
-27746
-28942
-30139
-31336
-32533
-31553
-30355
-29159
-27962
-26766
-25568
-24372
-23175
-21978
-20781
-19585
-18388
-17191
-15995
-14797
-13601
-12404
-11208
-10010
-8814
-7617
-6420
-5223
-4027
-2829
-1633
-436
760
1957
3153
4350
5547
6744
7940
9138
10334
11531
12728
13925
15121
16319
17515
18712
19908
21106
22302
23499
24696
25893
27089
28287
29483
30680
31876
32202
31006
29809
28612
27415
26219
25021
23825
22628
21431
20234
19038
17841
16644
15447
14251
13053
11857
10660
9463
8266
7070
5872
4676
3479
2283
1085
-110
-1307
-2504
-3701
-4897
-6094
-7291
-8487
-9685
-10881
-12078
-13274
-14472
-15668
-16865
-18062
-19259
-20455
-21653
-22849
-24046
-25243
-26440
-27636
-28833
-30030
-31227
-32423
-31661
-30465
-29268
-28071
-26874
-25678
-24480
-23284
-22087
-20891
-19693
-18497
-17300
-16103
-14906
-13710
-12512
-11316
-10119
-8923
-7725
-6529
-5332
-4135
-2938
-1742
-544
651
1848
3045
4242
5438
6635
7832
9029
10225
11423
12619
13816
15013
16210
17406
18604
19800
20997
22193
23391
24587
25784
26981
28178
29374
30571
31768
32312
31114
29918
28721
27525
26327
25131
23934
22737
21540
20344
19146
17950
16753
15556
14359
13163
11966
10769
9572
8376
7178
5982
4785
3588
2391
1195
-1
-1198
-2395
-3591
-4789
-5985
-7182
-8379
-9576
-10772
-11970
-13166
-14363
-15559
-16757
-17953
-19150
-20347
-21544
-22740
-23938
-25134
-26331
-27528
-28725
-29921
-31118
-32315
-31770
-30574
-29376
-28180
-26983
-25786
-24589
-23393
-22195
-20999
-19802
-18606
-17408
-16212
-15015
-13818
-12621
-11425
-10228
-9031
-7835
-6637
-5441
-4244
-3048
-1850
-654
542
1739
2936
4132
5330
6526
7723
8920
10117
11313
12510
13707
14904
16100
17298
18494
19691
20888
22085
23281
24479
25675
26872
28068
29266
30462
31659
32420
31223
30027
28829
27633
26436
25240
24042
22846
21649
20452
19255
18059
16861
15665
14468
13271
12074
10878
9681
8484
7287
6091
4893
3697
2500
1303
106
-1089
-2287
-3483
-4680
-5876
-7074
-8270
-9467
-10664
-11861
-13057
-14254
-15451
-16647
-17845
-19041
-20238
-21434
-22632
-23828
-25025
-26222
-27419
-28615
-29813
-31009
-32206
-31879
-30682
-29486
-28289
-27092
-25895
-24699
-23501
-22305
-21108
-19911
-18714
-17518
-16320
-15124
-13927
-12731
-11533
-10337
-9140
-7943
-6746
-5550
-4352
-3156
-1959
-763
434
1630
2827
4024
5221
6417
7615
8811
10008
11205
12402
13598
14795
15992
17189
18385
19583
20779
21976
23173
24370
25566
26764
27960
29157
30353
31551
32529
31332
30135
28938
27742
26545
25348
24152
22954
21758
20561
19365
18167
16971
15774
14577
13380
12184
10986
9790
8593
7396
6199
5003
3806
2609
1412
216
-981
-2177
-3374
-4571
-5768
-6964
-8161
-9358
-10555
-11751
-12949
-14145
-15342
-16539
-17736
-18932
-20130
-21326
-22523
-23719
-24917
-26113
-27310
-28507
-29704
-30900
-32098
-31988
-30791
-29594
-28397
-27201
-26004
-24807
-23610
-22414
-21216
-20020
-18823
-17626
-16429
-15233
-14035
-12839
-11642
-10446
-9248
-8052
-6855
-5658
-4461
-3265
-2068
-871
324
1522
2718
3915
5111
6309
7505
8702
9899
11096
12292
13490
14686
15883
17080
18277
19473
20670
21867
23064
24260
25458
26654
27851
29048
30245
31441
32638
31441
30244
29048
27850
26654
25457
24260
23063
21867
20669
19473
18276
17080
15882
14686
13489
12292
11095
9899
8701
7505
6308
5111
3914
2718
1521
324
-872
-2068
-3266
-4462
-5659
-6856
-8053
-9249
-10447
-11643
-12840
-14036
-15234
-16430
-17627
-18824
-20021
-21217
-22415
-23611
-24807
-26005
-27201
-28398
-29594
-30792
-31988
-32097
-30900
-29703
-28507
-27309
-26113
-24916
-23719
-22522
-21326
-20129
-18932
-17735
-16539
-15341
-14145
-12948
-11751
-10554
-9358
-8160
-6964
-5767
-4571
-3373
-2177
-980
216
1413
2609
3807
5003
6200
7396
8594
9790
10987
12184
13381
14577
15775
16971
18168
19365
20562
21758
22955
24152
25349
26545
27743
28939
30136
31333
32530
31550
30352
29156
27959
26763
25565
24369
23172
21975
20778
19582
18384
17188
15992
14794
13598
12401
11205
10007
8811
7614
6417
5220
4024
2826
1630
433
-763
-1960
-3156
-4353
-5550
-6747
-7943
-9141
-10337
-11534
-12731
-13928
-15124
-16321
-17518
-18715
-19911
-21109
-22305
-23502
-24699
-25896
-27092
-28290
-29486
-30683
-31879
-32205
-31009
-29812
-28615
-27418
-26222
-25024
-23828
-22631
-21434
-20237
-19041
-17844
-16647
-15450
-14254
-13056
-11860
-10663
-9466
-8269
-7073
-5875
-4679
-3482
-2286
-1088
107
1304
2501
3698
4894
6092
7288
8484
9682
10878
12075
13271
14469
15665
16862
18059
19256
20452
21650
22846
24043
25240
26437
27633
28830
30027
31224
32420
31658
30462
29265
28068
26871
25675
24478
23281
22084
20888
19690
18494
17297
16100
14903
13707
12509
11313
10116
8920
7722
6526
5329
4132
2935
1739
541
-654
-1851
-3048
-4245
-5441
-6638
-7835
-9032
-10228
-11426
-12622
-13819
-15016
-16213
-17409
-18607
-19803
-21000
-22196
-23394
-24590
-25787
-26984
-28181
-29377
-30575
-31771
-32315
-31117
-29921
-28724
-27528
-26330
-25134
-23937
-22740
-21543
-20347
-19149
-17953
-16756
-15559
-14362
-13166
-11969
-10772
-9575
-8379
-7181
-5985
-4788
-3591
-2394
-1198
0
1195
2392
3588
4786
5982
7179
8376
9573
10769
11967
13163
14360
15556
16754
17950
19147
20344
21541
22737
23935
25131
26328
27525
28722
29918
31115
32312
31767
30571
29373
28177
26980
25783
24586
23390
22192
20996
19799
18603
17405
16209
15012
13815
12618
11422
10224
9028
7832
6634
5438
4241
3045
1847
651
-545
-1742
-2939
-4135
-5333
-6529
-7726
-8923
-10120
-11316
-12513
-13710
-14907
-16103
-17301
-18497
-19694
-20891
-22088
-23284
-24481
-25678
-26875
-28071
-29269
-30465
-31662
-32423
-31226
-30030
-28832
-27636
-26439
-25243
-24045
-22849
-21652
-20455
-19258
-18062
-16864
-15668
-14471
-13274
-12077
-10881
-9684
-8487
-7290
-6094
-4896
-3700
-2503
-1306
-109
1086
2284
3480
4677
5873
7071
8267
9464
10661
11858
13054
14252
15448
16644
17842
19038
20235
21431
22629
23825
25022
26219
27416
28612
29810
31006
32203
31876
30679
29483
28286
27089
25892
24696
23498
22302
21105
19908
18711
17515
16318
15121
13924
12728
11530
10334
9137
7940
6743
5547
4349
3153
1956
760
-437
-1633
-2830
-4027
-5224
-6420
-7618
-8814
-10011
-11208
-12405
-13601
-14798
-15995
-17192
-18388
-19586
-20782
-21979
-23176
-24373
-25569
-26767
-27963
-29160
-30356
-31554
-32532
-31335
-30138
-28941
-27745
-26547
-25351
-24155
-22957
-21761
-20564
-19368
-18170
-16974
-15777
-14580
-13383
-12187
-10989
-9793
-8596
-7399
-6202
-5006
-3809
-2612
-1415
-219
978
2174
3371
4568
5765
6961
8159
9355
10552
11748
12946
14142
15339
16536
17733
18929
20127
21323
22520
23716
24914
26110
27307
28504
29701
30897
32095
31985
30788
29591
28394
27198
26001
24804
23607
22411
21213
20017
18820
17623
16426
15230
14032
12836
11639
10443
9245
8049
6852
5655
4458
3262
2064
868
-327
-1525
-2721
-3918
-5114
-6312
-7508
-8705
-9902
-11099
-12295
-13493
-14689
-15886
-17083
-18280
-19476
-20673
-21870
-23067
-24263
-25461
-26657
-27854
-29051
-30248
-31444
-32640
-31444
-30247
-29051
-27853
-26657
-25460
-24263
-23066
-21870
-20672
-19476
-18279
-17083
-15885
-14689
-13492
-12295
-11098
-9902
-8704
-7508
-6311
-5114
-3917
-2721
-1524
-327
869
2065
3263
4459
5656
6853
8050
9246
10444
11640
12837
14033
15231
16427
17624
18821
20018
21214
22412
23608
24804
26002
27198
28395
29591
30789
31985
32094
30897
29700
28504
27306
26110
24913
23716
22519
21323
20126
18929
17732
16536
15338
14142
12945
11748
10551
9355
8158
6961
5764
4568
3370
2174
977
-219
-1416
-2612
-3810
-5006
-6203
-7399
-8597
-9793
-10990
-12187
-13384
-14580
-15778
-16974
-18171
-19368
-20565
-21761
-22958
-24155
-25352
-26548
-27746
-28942
-30139
-31336
-32533
-31553
-30355
-29159
-27962
-26766
-25568
-24372
-23175
-21978
-20781
-19585
-18387
-17191
-15995
-14797
-13601
-12404
-11208
-10010
-8814
-7617
-6420
-5223
-4027
-2829
-1633
-436
760
1957
3153
4350
5547
6744
7940
9138
10334
11531
12728
13925
15121
16319
17515
18712
19908
21106
22302
23499
24696
25893
27089
28287
29483
30680
31876
32202
31006
29809
28612
27415
26219
25021
23825
22628
21431
20234
19038
17841
16644
15447
14251
13053
11857
10660
9463
8266
7070
5872
4676
3479
2283
1085
-110
-1307
-2504
-3701
-4897
-6095
-7291
-8487
-9685
-10881
-12078
-13274
-14472
-15668
-16865
-18062
-19259
-20455
-21653
-22849
-24046
-25243
-26440
-27636
-28833
-30030
-31227
-32423
-31661
-30465
-29268
-28071
-26874
-25678
-24480
-23284
-22087
-20891
-19693
-18497
-17300
-16103
-14906
-13710
-12512
-11316
-10119
-8923
-7725
-6529
-5332
-4135
-2938
-1742
-544
651
1848
3045
4242
5438
6635
7832
9029
10225
11423
12619
13816
15013
16210
17406
18604
19800
20997
22193
23391
24587
25784
26981
28178
29374
30572
31768
32312
31114
29918
28721
27525
26327
25131
23934
22737
21540
20344
19146
17950
16753
15556
14359
13163
11966
10769
9572
8376
7178
5982
4785
3588
2391
1195
-1
-1198
-2395
-3591
-4789
-5985
-7182
-8379
-9576
-10772
-11970
-13166
-14363
-15559
-16757
-17953
-19150
-20347
-21544
-22740
-23938
-25134
-26331
-27528
-28725
-29921
-31118
-32315
-31770
-30574
-29376
-28180
-26983
-25786
-24589
-23393
-22195
-20999
-19802
-18606
-17408
-16212
-15015
-13818
-12621
-11425
-10227
-9031
-7835
-6637
-5441
-4244
-3048
-1850
-654
542
1739
2936
4132
5330
6526
7723
8920
10117
11313
12510
13707
14904
16100
17298
18494
19691
20888
22085
23281
24479
25675
26872
28068
29266
30462
31659
32420
31223
30027
28829
27633
26436
25240
24042
22846
21649
20452
19255
18059
16861
15665
14468
13271
12074
10878
9681
8484
7287
6091
4893
3697
2500
1303
106
-1089
-2287
-3483
-4680
-5876
-7074
-8270
-9467
-10664
-11861
-13057
-14255
-15451
-16648
-17845
-19041
-20238
-21434
-22632
-23828
-25025
-26222
-27419
-28615
-29813
-31009
-32206
-31879
-30682
-29486
-28289
-27092
-25895
-24699
-23501
-22305
-21108
-19911
-18714
-17518
-16320
-15124
-13927
-12731
-11533
-10337
-9140
-7943
-6746
-5550
-4352
-3156
-1959
-763
434
1630
2827
4024
5221
6417
7615
8811
10008
11205
12402
13598
14795
15992
17189
18385
19583
20779
21976
23173
24370
25566
26764
27960
29157
30353
31551
32529
31332
30135
28938
27742
26544
25348
24151
22954
21758
20561
19365
18167
16971
15774
14577
13380
12184
10986
9790
8593
7396
6199
5003
3806
2609
1412
216
-981
-2177
-3374
-4571
-5768
-6964
-8161
-9358
-10555
-11751
-12949
-14145
-15342
-16539
-17736
-18932
-20130
-21326
-22523
-23719
-24917
-26113
-27310
-28507
-29704
-30900
-32098
-31988
-30791
-29594
-28397
-27201
-26004
-24807
-23610
-22414
-21216
-20020
-18823
-17626
-16429
-15233
-14035
-12839
-11642
-10446
-9248
-8052
-6855
-5658
-4461
-3265
-2067
-871
325
1522
2718
3915
5111
6309
7505
8702
9899
11096
12292
13490
14686
15883
17080
18277
19473
20670
21867
23064
24260
25458
26654
27851
29048
30245
31441
32638
31441
30244
29048
27850
26654
25457
24260
23063
21867
20669
19473
18276
17080
15882
14686
13489
12292
11095
9899
8701
7505
6308
5111
3914
2718
1521
324
-872
-2068
-3266
-4462
-5659
-6856
-8053
-9249
-10447
-11643
-12840
-14036
-15234
-16430
-17627
-18824
-20021
-21217
-22415
-23611
-24808
-26005
-27201
-28398
-29594
-30792
-31988
-32097
-30900
-29703
-28507
-27309
-26113
-24916
-23719
-22522
-21326
-20129
-18932
-17735
-16539
-15341
-14145
-12948
-11751
-10554
-9358
-8160
-6964
-5767
-4571
-3373
-2177
-980
216
1413
2609
3807
5003
6200
7396
8594
9790
10987
12184
13381
14577
15775
16971
18168
19365
20562
21758
22955
24152
25349
26545
27743
28939
30136
31333
32530
31550
30352
29156
27959
26763
25565
24369
23172
21975
20778
19582
18384
17188
15991
14794
13598
12401
11205
10007
8811
7614
6417
5220
4024
2826
1630
433
-763
-1960
-3156
-4353
-5550
-6747
-7943
-9141
-10337
-11534
-12731
-13928
-15124
-16321
-17518
-18715
-19911
-21109
-22305
-23502
-24699
-25896
-27092
-28290
-29486
-30683
-31879
-32205
-31009
-29812
-28615
-27418
-26222
-25024
-23828
-22631
-21434
-20237
-19041
-17844
-16647
-15450
-14254
-13056
-11860
-10663
-9466
-8269
-7073
-5875
-4679
-3482
-2286
-1088
107
1304
2501
3698
4894
6092
7288
8485
9682
10878
12075
13271
14469
15665
16862
18059
19256
20452
21650
22846
24043
25240
26437
27633
28830
30027
31224
32420
31658
30462
29265
28068
26871
25675
24478
23281
22084
20888
19690
18494
17297
16100
14903
13707
12509
11313
10116
8920
7722
6526
5329
4132
2935
1739
541
-654
-1851
-3048
-4245
-5441
-6638
-7835
-9032
-10228
-11426
-12622
-13819
-15016
-16213
-17409
-18607
-19803
-21000
-22196
-23394
-24590
-25787
-26984
-28181
-29377
-30575
-31771
-32314
-31117
-29921
-28724
-27528
-26330
-25134
-23937
-22740
-21543
-20347
-19149
-17953
-16756
-15559
-14362
-13166
-11969
-10772
-9575
-8379
-7181
-5985
-4788
-3591
-2394
-1198
0
1195
2392
3588
4786
5982
7179
8376
9573
10769
11967
13163
14360
15556
16754
17950
19147
20344
21541
22737
23935
25131
26328
27525
28722
29918
31115
32312
31767
30571
29373
28177
26980
25783
24586
23390
22192
20996
19799
18603
17405
16209
15012
13815
12618
11422
10224
9028
7831
6634
5438
4241
3045
1847
651
-545
-1742
-2939
-4135
-5333
-6529
-7726
-8923
-10120
-11316
-12513
-13710
-14907
-16103
-17301
-18497
-19694
-20891
-22088
-23284
-24481
-25678
-26875
-28071
-29269
-30465
-31662
-32423
-31226
-30030
-28832
-27636
-26439
-25243
-24045
-22849
-21652
-20455
-19258
-18062
-16864
-15668
-14471
-13274
-12077
-10881
-9684
-8487
-7290
-6094
-4896
-3700
-2503
-1306
-109
1086
2284
3480
4677
5873
7071
8267
9464
10661
11858
13054
14252
15448
16645
17842
19038
20235
21431
22629
23825
25022
26219
27416
28612
29810
31006
32203
31876
30679
29483
28286
27089
25892
24696
23498
22302
21105
19908
18711
17515
16318
15121
13924
12728
11530
10334
9137
7940
6743
5547
4349
3153
1956
760
-437
-1633
-2830
-4027
-5224
-6420
-7618
-8814
-10011
-11208
-12405
-13601
-14798
-15995
-17192
-18388
-19586
-20782
-21979
-23176
-24373
-25569
-26767
-27963
-29160
-30356
-31554
-32532
-31335
-30138
-28941
-27745
-26547
-25351
-24154
-22957
-21761
-20564
-19368
-18170
-16974
-15777
-14580
-13383
-12187
-10989
-9793
-8596
-7399
-6202
-5006
-3809
-2612
-1415
-219
978
2174
3371
4568
5765
6961
8159
9355
10552
11748
12946
14142
15339
16536
17733
18929
20127
21323
22520
23716
24914
26110
27307
28504
29701
30897
32095
31985
30788
29591
28394
27198
26001
24804
23607
22411
21213
20017
18820
17623
16426
15230
14032
12836
11639
10443
9245
8049
6852
5655
4458
3262
2064
868
-328
-1525
-2721
-3918
-5114
-6312
-7508
-8705
-9902
-11099
-12295
-13493
-14689
-15886
-17083
-18280
-19476
-20673
-21870
-23067
-24263
-25461
-26657
-27854
-29051
-30248
-31444
-32640
-31444
-30247
-29051
-27853
-26657
-25460
-24263
-23066
-21870
-20672
-19476
-18279
-17083
-15885
-14689
-13492
-12295
-11098
-9902
-8704
-7508
-6311
-5114
-3917
-2721
-1524
-327
869
2065
3263
4459
5656
6853
8050
9246
10444
11640
12837
14033
15231
16427
17624
18821
20018
21214
22412
23608
24805
26002
27198
28395
29591
30789
31985
32094
30897
29700
28504
27306
26110
24913
23716
22519
21323
20126
18929
17732
16536
15338
14142
12945
11748
10551
9355
8158
6961
5764
4568
3370
2174
977
-219
-1416
-2612
-3810
-5006
-6203
-7399
-8597
-9793
-10990
-12187
-13384
-14580
-15778
-16974
-18171
-19368
-20565
-21761
-22958
-24155
-25352
-26548
-27746
-28942
-30139
-31336
-32533
-31553
-30355
-29159
-27962
-26766
-25568
-24372
-23175
-21978
-20781
-19585
-18387
-17191
-15994
-14797
-13601
-12404
-11208
-10010
-8814
-7617
-6420
-5223
-4027
-2829
-1633
-436
760
1957
3153
4350
5547
6744
7940
9138
10334
11531
12728
13925
15121
16319
17515
18712
19908
21106
22302
23499
24696
25893
27089
28287
29483
30680
31876
32202
31006
29809
28612
27415
26219
25021
23825
22628
21431
20234
19038
17841
16644
15447
14251
13053
11857
10660
9463
8266
7070
5872
4676
3479
2283
1085
-110
-1307
-2504
-3701
-4897
-6095
-7291
-8488
-9685
-10882
-12078
-13274
-14472
-15668
-16865
-18062
-19259
-20455
-21653
-22849
-24046
-25243
-26440
-27636
-28833
-30030
-31227
-32423
-31661
-30465
-29268
-28071
-26874
-25678
-24480
-23284
-22087
-20891
-19693
-18497
-17300
-16103
-14906
-13710
-12512
-11316
-10119
-8923
-7725
-6529
-5332
-4135
-2938
-1742
-544
651
1848
3045
4242
5438
6635
7832
9029
10225
11423
12619
13816
15013
16210
17406
18604
19800
20997
22193
23391
24587
25784
26981
28178
29374
30572
31768
32311
31114
29917
28721
27525
26327
25131
23934
22737
21540
20344
19146
17950
16753
15556
14359
13163
11966
10769
9572
8376
7178
5982
4785
3588
2391
1195
-1
-1198
-2395
-3591
-4789
-5985
-7182
-8379
-9576
-10772
-11970
-13166
-14363
-15559
-16757
-17953
-19150
-20347
-21544
-22740
-23938
-25134
-26331
-27528
-28725
-29921
-31118
-32315
-31770
-30574
-29376
-28180
-26983
-25786
-24589
-23393
-22195
-20999
-19802
-18606
-17408
-16212
-15015
-13818
-12621
-11425
-10227
-9031
-7834
-6637
-5440
-4244
-3048
-1850
-654
542
1739
2936
4132
5330
6526
7723
8920
10117
11313
12510
13707
14904
16100
17298
18494
19691
20888
22085
23281
24479
25675
26872
28068
29266
30462
31659
32420
31223
30027
28829
27633
26436
25240
24042
22846
21649
20452
19255
18059
16861
15665
14468
13271
12074
10878
9681
8484
7287
6091
4893
3697
2500
1303
106
-1089
-2287
-3483
-4680
-5876
-7074
-8270
-9467
-10664
-11861
-13057
-14255
-15451
-16648
-17845
-19042
-20238
-21434
-22632
-23828
-25025
-26222
-27419
-28615
-29813
-31009
-32206
-31879
-30682
-29486
-28289
-27092
-25895
-24699
-23501
-22305
-21108
-19911
-18714
-17518
-16320
-15124
-13927
-12731
-11533
-10337
-9140
-7943
-6746
-5550
-4352
-3156
-1959
-763
434
1630
2827
4024
5221
6417
7615
8811
10008
11205
12402
13598
14795
15992
17189
18385
19583
20779
21976
23173
24370
25566
26764
27960
29157
30353
31551
32529
31332
30135
28938
27742
26544
25348
24151
22954
21757
20561
19365
18167
16971
15774
14577
13380
12184
10986
9790
8593
7396
6199
5003
3806
2609
1412
216
-981
-2177
-3374
-4571
-5768
-6964
-8161
-9358
-10555
-11751
-12949
-14145
-15342
-16539
-17736
-18932
-20130
-21326
-22523
-23719
-24917
-26113
-27310
-28507
-29704
-30900
-32098
-31988
-30791
-29594
-28397
-27201
-26004
-24807
-23610
-22414
-21216
-20020
-18823
-17626
-16429
-15233
-14035
-12839
-11642
-10446
-9248
-8052
-6855
-5658
-4461
-3265
-2067
-871
325
1522
2719
3915
5111
6309
7505
8702
9899
11096
12292
13490
14686
15883
17080
18277
19473
20670
21867
23064
24260
25458
26654
27851
29048
30245
31441
32638
31441
30244
29048
27850
26654
25457
24260
23063
21867
20669
19473
18276
17080
15882
14686
13489
12292
11095
9899
8701
7505
6308
5111
3914
2718
1521
324
-872
-2068
-3266
-4462
-5659
-6856
-8053
-9249
-10447
-11643
-12840
-14036
-15234
-16430
-17627
-18824
-20021
-21217
-22415
-23611
-24808
-26005
-27202
-28398
-29594
-30792
-31988
-32097
-30900
-29703
-28507
-27309
-26113
-24916
-23719
-22522
-21326
-20129
-18932
-17735
-16539
-15341
-14145
-12948
-11751
-10554
-9358
-8160
-6964
-5767
-4571
-3373
-2177
-980
216
1413
2609
3807
5003
6200
7396
8594
9790
10987
12184
13381
14577
15775
16971
18168
19365
20562
21758
22955
24152
25349
26545
27743
28939
30136
31333
32530
31550
30352
29156
27959
26763
25565
24369
23172
21975
20778
19582
18384
17188
15991
14794
13597
12401
11205
10007
8811
7614
6417
5220
4024
2826
1630
433
-763
-1960
-3156
-4353
-5550
-6747
-7943
-9141
-10337
-11534
-12731
-13928
-15124
-16321
-17518
-18715
-19911
-21109
-22305
-23502
-24699
-25896
-27092
-28290
-29486
-30683
-31879
-32205
-31009
-29812
-28615
-27418
-26222
-25024
-23828
-22631
-21434
-20237
-19041
-17844
-16647
-15450
-14254
-13056
-11860
-10663
-9466
-8269
-7073
-5875
-4679
-3482
-2286
-1088
107
1304
2501
3698
4894
6092
7288
8485
9682
10879
12075
13271
14469
15665
16862
18059
19256
20452
21650
22846
24043
25240
26437
27633
28830
30027
31224
32420
31658
30462
29265
28068
26871
25675
24478
23281
22084
20888
19690
18494
17297
16100
14903
13707
12509
11313
10116
8920
7722
6526
5329
4132
2935
1739
541
-654
-1851
-3048
-4245
-5441
-6638
-7835
-9032
-10228
-11426
-12622
-13819
-15016
-16213
-17409
-18607
-19803
-21000
-22196
-23394
-24590
-25787
-26984
-28181
-29377
-30575
-31771
-32314
-31117
-29920
-28724
-27528
-26330
-25134
-23937
-22740
-21543
-20347
-19149
-17953
-16756
-15559
-14362
-13166
-11969
-10772
-9575
-8379
-7181
-5985
-4788
-3591
-2394
-1198
0
1195
2392
3588
4786
5982
7179
8376
9573
10769
11967
13163
14360
15556
16754
17950
19147
20344
21541
22737
23935
25131
26328
27525
28722
29918
31115
32312
31767
30571
29373
28177
26980
25783
24586
23390
22192
20996
19799
18603
17405
16209
15012
13815
12618
11422
10224
9028
7831
6634
5437
4241
3045
1847
651
-545
-1742
-2939
-4135
-5333
-6529
-7726
-8923
-10120
-11316
-12513
-13710
-14907
-16103
-17301
-18497
-19694
-20891
-22088
-23284
-24481
-25678
-26875
-28071
-29269
-30465
-31662
-32423
-31226
-30030
-28832
-27636
-26439
-25243
-24045
-22849
-21652
-20455
-19258
-18062
-16864
-15668
-14471
-13274
-12077
-10881
-9684
-8487
-7290
-6094
-4896
-3700
-2503
-1306
-109
1086
2284
3480
4677
5873
7071
8267
9464
10661
11858
13054
14252
15448
16645
17842
19039
20235
21431
22629
23825
25022
26219
27416
28612
29810
31006
32203
31876
30679
29483
28286
27089
25892
24696
23498
22302
21105
19908
18711
17515
16318
15121
13924
12728
11530
10334
9137
7940
6743
5547
4349
3153
1956
760
-437
-1633
-2830
-4027
-5224
-6420
-7618
-8814
-10011
-11208
-12405
-13601
-14798
-15995
-17192
-18388
-19586
-20782
-21979
-23176
-24373
-25569
-26767
-27963
-29160
-30356
-31554
-32532
-31335
-30138
-28941
-27745
-26547
-25351
-24154
-22957
-21760
-20564
-19368
-18170
-16974
-15777
-14580
-13383
-12187
-10989
-9793
-8596
-7399
-6202
-5006
-3809
-2612
-1415
-219
978
2174
3371
4568
5765
6961
8159
9355
10552
11748
12946
14142
15339
16536
17733
18929
20127
21323
22520
23716
24914
26110
27307
28504
29701
30897
32095
31985
30788
29591
28394
27198
26001
24804
23607
22411
21213
20017
18820
17623
16426
15230
14032
12836
11639
10443
9245
8049
6852
5655
4458
3262
2064
868
-328
-1525
-2722
-3918
-5115
-6312
-7508
-8705
-9902
-11099
-12295
-13493
-14689
-15886
-17083
-18280
-19476
-20673
-21870
-23067
-24263
-25461
-26657
-27854
-29051
-5555
12280
9338
-26230
10255
12621
-19332
14880
16918
17675
19909
4594
1881
30048
-274
-13143
26068
13519
1852
24175
-7390
1930
-24163
13889
27441
-20692
-3867
-255
253
-9985
-3292
7444
14315
10693
-10797
-27543
-9536
-21769
-25634
26657
-17197
-23911
13707
-4872
-14500
10301
28861
15284
-11010
-1040
-12979
7829
-29750
19246
26824
14359
19841
-1836
-7794
24830
30097
2642
16504
-31031
19384
1843
13616
28858
8917
-8278
-17007
22412
-14377
-20625
7002
26394
-18393
-2695
31281
-26789
-10258
-5699
-24495
-11102
26339
21553
-19815
21500
19892
1511
-12443
16198
-19852
11133
-28374
-30624
-14082
-5913
-1937
31802
-31433
-32158
-14758
11392
-27258
6363
-11906
19459
19797
-25264
-13241
5079
-12763
-10466
-11828
-20814
30286
-5860
1936
-22266
-27301
-10946
5088
-11895
17507
-27688
30968
25053
23213
2496
-6390
-11207
3286
-14619
-26738
10939
-14996
14682
-22838
24556
22008
19592
-68
-32227
-20567
17855
1622
16500
-30425
-28808
3010
-7313
20362
-4026
15657
31743
28164
25576
22012
18731
26193
-31160
-7470
-29666
-28534
7880
-14187
16438
27156
-19275
32164
10420
-2909
-22134
15945
-16809
4411
21961
11280
14179
-21334
18920
15914
32302
-27208
22093
-25088
-20866
8706
10790
20010
26612
16534
-3188
-19138
-10571
-17797
15372
21335
-26597
-29406
-27329
-586
-29870
-2166
-18832
11137
-27259
7885
-13111
-23146
13710
-5358
-9465
-16056
2374
19858
-15774
10463
2478
-31205
-26284
-13245
5684
21664
-11567
-25387
25447
-8030
-18528
18222
26486
-2615
-32086
8678
2471
-29237
17885
10595
-18336
7154
5764
-21303
26100
16834
1833
14620
19029
-26487
12055
20764
31117
2630
19978
17687
16563
-11978
2948
-23489
-16294
7832
-31399
-3009
16020
-736
6705
21819
-24476
1122
31686
24443
-2488
13814
8419
1864
19872
-12730
4722
-19538
29932
29783
-7654
-9307
-18947
-29440
-17592
1300
7773
28070
4491
-20750
-26323
-5634
-14112
-27572
-15409
-23975
-8709
-3454
25939
-30994
25959
-7566
18528
-28345
-3236
19493
25104
25564
22618
-29971
27102
21413
-9114
22793
29317
-8198
-3619
-7227
-27593
-6524
32413
6835
-7330
22489
14374
30399
12421
-30178
-27850
-6955
-30867
-12075
-24831
-26108
-20870
10077
-19549
18911
9611
-29209
25950
-5438
-26933
29903
23718
1167
-22875
21488
23749
10451
-9659
11691
-3765
13507
-8260
-21230
-32015
25660
-25576
-29904
-30614
-10241
-432
22349
-24952
11097
-19545
17541
-6443
-32252
-19395
-11130
17510
-26612
-25446
15557
1430
-21153
3860
10652
-6072
14789
56
12764
5786
-29256
23966
-9606
18504
-24457
7489
30372
6500
27731
-4332
1352
22276
17178
16728
-21874
12495
733
-15705
32210
19934
8539
27938
-23583
-20294
32455
20716
13905
-16801
6642
3100
9334
-21353
24235
3759
-31917
-142
25418
-27482
13239
-12795
-1031
-11807
-29348
-13862
-25396
32053
-29998
17213
-18724
-24084
-18216
-23636
19413
11972
-12227
3282
-15544
3603
11910
-30379
-3005
12290
15824
5798
-31710
-24748
-10545
-24825
-24753
-12322
-27031
-10124
21753
19591
-1017
1365
16929
29461
-16859
-16316
1026
2871
24394
-28139
-24599
-16648
-30308
10957
-8286
-18856
3551
-12435
13457
-6077
8931
2902
29757
-29505
21526
31033
-30002
17882
12133
-22983
-2681
28301
-9589
28728
-28337
-15412
-23904
22719
7976
20453
15753
-6761
28285
-13031
-15113
-32222
-25468
11462
-12229
3616
15185
-18350
2102
22956
2829
7930
7751
28819
1785
364
31197
18058
-1509
4343
2422
-19029
30309
-2170
27864
23575
25773
4912
24187
-4043
10836
-19339
9214
10330
-20010
-16335
-11134
18944
21588
-28365
-5308
15150
32578
-4647
-5876
-11826
-26057
-1673
24495
5999
-16489
18907
11045
20011
26827
15451
-22293
-22560
-16345
-14879
-24515
-2145
-23350
31360
-9410
8106
-6400
-14792
-9829
25898
-23575
-17553
9500
22850
-21085
19702
24101
-20251
-23142
23113
-25100
-24276
-7866
9849
-26443
22096
-28029
4431
30026
-4307
6604
-15045
426
-26894
-16641
-31862
3237
-29529
15980
-26554
-3022
11199
-12803
-6578
16237
-27271
3518
-7773
-20360
10095
-21955
-14869
-29026
8674
1865
19975
19082
-70
-30872
-12529
-2935
27861
24428
-7691
-390
27369
19278
-21880
14424
-24377
31842
-15432
28466
-25796
-509
554
8463
14646
24687
-1650
-16391
-31343
4107
6397
7610
-3390
-29650
-30956
-21677
-9920
8104
-7086
15677
28396
17186
28904
17347
2656
31087
-13538
-13800
-16041
7243
31925
15901
17137
15477
-29577
1317
9152
-14301
-13453
13787
5367
3095
10649
-5219
-16636
-4840
1940
-21151
3558
-11917
23993
7384
-11495
-12956
14690
-21117
14857
24210
-10442
3289
-15026
5072
-14317
-3890
-32091
9882
-4855
-11703
6296
-29254
20858
-7689
-3498
20616
-3762
23189
-11043
-29194
-20101
8725
12631
-16925
-26308
-813
-1917
28455
-22011
-27300
-11097
28483
-30012
22393
-1524
1754
-15852
-207
14811
4240
-25564
-4436
-21781
-23116
17774
-29823
3826
946
-30191
-21690
-11155
22442
1521
-8474
-5589
4359
7905
372
26416
-22234
-7156
-10867
29687
30850
-9412
7420
7749
29537
-125
-18545
23633
-27537
1325
15845
10699
-11514
-3449
26744
-15882
-31620
489
-12781
-15646
-25236
2306
3952
-19023
28986
-26782
-8354
14134
31219
31142
12153
-28370
-32059
20847
-4972
-18994
-20125
4837
-8230
-30904
-7174
-2978
20347
-7986
-27357
-31537
18777
-25268
-13846
-29858
-13864
-25731
7189
14314
10350
-21954
-14048
-13802
-15355
-6906
-13488
6289
-28082
-15411
-23673
9524
17431
17159
21581
-25775
-12884
26739
-2200
30590
-11237
-12612
-17287
15374
21638
-2499
16022
-50
-7444
-7210
-30868
-10521
-31774
28801
-10639
20803
-23045
-26316
-7890
5705
30214
27991
-5837
6598
-15698
24520
9418
-10802
-25384
25965
-697
24021
16085
4540
-7323
20601
-6463
-27885
-24765
-15988
22169
-11031
-31776
29103
11930
-6186
-31789
18895
7698
14611
21937
2674
27979
-30986
28190
-18267
16326
2804
9
2286
-8471
-6728
-20826
18588
-15245
12242
1417
-23838
-20295
32160
11599
27950
-21065
29424
29510
-30845
2165
27746
-1805
-12982
7406
3972
-22880
23648
-31640
-12907
29695
25813
13518
1271
-9679
3626
12778
6758
-18669
-6338
10859
-23283
-29082
-12068
-26943
18189
19306
-30135
-1099
-29052
5535
-30372
-14472
23147
-6055
22494
12390
-21946
-10925
10196
-9644
8288
-18631
-10912
15335
10697
-12232
2796
-8469
-6298
22143
-305
-7445
-7441
-1353
-29156
-28532
6525
-21969
-3570
407
-21659
5930
22868
-27540
505
-9339
30267
-29503
22116
-32332
15411
24690
-702
23201
-9609
20026
-16864
-3048
3947
28414
31163
15779
-15829
-13188
20626
-14551
-10896
23878
-25097
-22738
-783
-12292
-8114
8342
-31397
-15424
-20047
29587
2640
16934
32338
-1485
8615
-6199
-29056
3527
-3
-9444
-11410
22441
987
-15553
886
26896
26790
5992
-18999
27647
30826
-14575
-3310
1914
-18425
-32020
31326
-3720
32225
30110
4467
-19539
30307
-4067
3250
-4579
3582
3120
14211
-32299
18893
7364
-15862
-8128
11354
-16468
30948
16734
-26480
10119
-28649
-24585
-23454
1716
-32284
28799
-11069
-22166
4980
-16772
13201
-5799
22774
19810
-28906
-25176
23950
-13048
-889
-20054
17037
-1616
-28456
32057
-31432
-32501
-17755
30529
-31008
28971
-20718
-4138
-5707
-20607
14859
23492
12123
-17644
-7170
-16015
14527
-8272
-23876
16695
26599
19761
-19304
21733
13566
16188
28103
15799
-11526
-7816
17834
-11048
-26939
17074
-11553
-29196
-18778
17273
-31633
-10524
-30682
-27103
-30333
3825
356
28838
7355
-3391
-29881
-1313
-3592
-13674
30250
-25590
-24756
-13414
28745
-30848
3002
-6102
5561
-1892
-22775
-28778
10963
-9959
-10320
-16425
-23422
11151
-32311
21029
27533
-9058
26937
-25300
-6961
-29895
-5314
9301
26865
16837
2654
32282
-21566
31518
-21928
781
5181
20187
9098
-27418
27009
-12869
-16602
-14418
26063
15807
-9805
-17515
19716
20260
25760
1653
28062
3152
16506
-32354
11602
-19057
24093
28134
19281
-20660
-8712
-211
8787
26449
-30992
26293
6843
-381
-18825
8547
-19555
19724
17391
16075
3791
-2592
-251
1073
15709
-21328
17247
-25274
-16285
10294
30383
9743
15743
-31735
-17585
2105
22869
-28599
-3532
11197
-13584
-30678
-29111
-490
4770
-30375
-15978
18105
300
8247
17984
-16570
1990
-7301
16632
13060
12648
-21858
20528
-18743
-19199
-30533
24263
9719
7137
-9775
-28273
11467
-8284
-20019
27643
31941
24444
-2209
18979
31126
5140
9310
-20014
-20129
5952
18039
-31973
-20861
14787
-9809
-16590
-11135
19159
10433
-13308
-1966
20909
80
19968
19584
-7527
28433
-18680
-32021
31541
-29283
9550
25862
30835
-13021
-10890
21471
16091
6213
16765
-4526
23337
-19593
9508
21129
-2206
17824
-14953
17288
-7703
-6606
7216
21972
9105
-30390
-1100
-28693
27020
-11235
-11162
13175
-26565
-1101
-27378
-25967
9045
26569
14358
19562
-31481
-17751
29094
8001
30040
-7351
8775
32601
-3715
31277
-27714
20083
-4600
-11702
6591
-3817
2765
-3409
-25722
12058
21123
-309
-6266
31578
-284
-16251
23889
-28595
-2161
-19652
-12517
-13677
16440
26598
19610
-14269
3608
9766
21950
4499
-24894
30334
-11597
-19474
-25657
29613
11932
-7955
-7443
-1943
29873
9741
16173
31378
3348
11909
-29734
28809
-8918
2960
-21163
784
4663
21142
-13577
-5075
8155
-9309
27541
975
-731
11797
24198
-15255
8657
-12240
437
-31428
-4100
-12991
3462
-22882
24078
31473
31438
21039
-18382
-13732
11173
-1408
26903
-18686
-31336
6681
16145
19999
31130
4471
-16957
-18913
-768
-9447
-11991
-8989
-4371
-2409
-18163
-5666
-6717
-27591
-7879
7801
-22259
-30513
18175
20660
1601
20444
8509
30376
11249
7127
-12182
13171
-27936
25158
-28319
-10264
-4376
-393
26022
3144
19375
-9393
9468
11885
-21128
10929
-2262
12022
11018
15732
-29576
1086
24387
-25246
-10133
24343
27187
-20478
-29071
-10116
18502
-23771
-6660
-16013
16200
-16808
4116
10804
30385
9409
-14986
13678
-24993
-9542
-22805
-24235
-11651
19460
19916
6164
8453
9785
30166
21998
23751
10753
8830
-25514
-10253
-6584
8348
-31732
-23968
789
7922
5392
10976
3986
-25828
-30344
597
18018
-28347
-160
30598
-10026
-27413
-19233
-22548
-22561
-19700
-32025
32146
5144
8449
10327
-19062
23129
-29818
5317
-3973
30869
5857
-8226
-31765
31327
-4079
540
11475
761
-9681
2367
21316
-22190
-8718
-1948
17323
-10771
-4737
30699
29499
-28573
-10528
-30268
22113
-31112
-9893
16208
-23501
-452
13137
-19569
22704
2199
-26425
30495
-22003
-30297
14885
30170
19926
10770
14177
-21637
11142
-29562
5533
-30038
16257
-4862
-12571
-29853
-12310
-30888
-2712
16387
24104
-16546
6643
3379
22659
-2216
19497
26475
-695
23687
-14388
-22465
-14855
-32102
6511
-16949
-16682
-22705
-11645
19157
12138
-21844
18918
14559
7944
9998
15744
-31902
-14462
21250
19071
-6453
-29144
-30476
28176
-19271
31495
-19927
-3880
-6925
-3280
10281
20159
5815
-7318
22139
-1166
31566
-6500
-18522
16325
1616
18301
-5811
15666
24691
-981
9876
-32316
23954
-11040
-29680
-21186
-13432
18848
-13339
-29036
11782
15520
-2921
-17831
4997
-21673
782
5412
13112
30785
-30855
133
-19867
7507
25320
21908
-13343
-26964
22739
8518
31882
2633
18424
22590
-22034
-22081
32002
-19105
4841
-9665
8105
-6233
-17915
-32034
30322
-13541
-15115
-30899
-600
-24850
-17574
4408
21141
-13904
26735
-3379
-4349
-10266
-31773
28968
-21922
2678
-18653
-3660
-24862
-18880
-11662
23994
7981
21975
8172
3074
5748
-17605
-11657
21229
22569
-18392
-15373
-30255
17579
-11049
-26724
15991
-30180
-24742
-8362
15345
8258
29196
-19267
25471
-14596
-4720
27886
17184
29462
-17202
-17273
24251
6181
13960
-4537
15328
6768
-17601
-9011
-28485
21530
24945
-701
23352
-22932
5511
-20746
-25144
28795
-13013
-8659
3630
14213
-31741
-19736
-21729
-6318
12995
-11306
-28494
22733
9713
7280
-18317
9011
18330
-16066
-10177
7417
7614
-2275
4779
-31929
-6358
5281
-30206
-17746
32019
-24436
8708
9786
30079
-11598
-20375
8063
-26235
6948
23318
25087
29796
-3726
29149
19787
-21583
17246
-25760
-8700
-16053
3896
20437
11035
20760
32552
-27709
18879
2216
-29238
18180
21880
-7383
3930
32630
-11245
-14843
-6570
13496
-12492
1384
31201
17197
25262
5444
17447
30802
-8009
-22154
11642
-27791
1109
17462
28339
10405
-7284
24832
29795
-3351
-2405
-24315
-24783
-2011
6700
20743
17658
23248
8879
-1250
8138
-13285
-14835
-1023
-9448
-10485
-16060
1960
-28832
-12537
-194
14102
22294
31123
3347
12204
-2257
11202
-12636
25234
-11585
-24351
-18759
24787
15443
-23504
-635
-18547
24095
27672
-19608
6329
-1244
11724
-8841
18507
-22950
164
-24879
24763
6837
-1544
-10287
-27541
-10126
20940
11555
20013
28118
23743
6865
-13115
-24325
-21229
-4419
-26762
3225
-24716
5034
-31928
-6509
26764
-11579
-22168
5347
-8228
-32195
-32042
17890
9392
-44
-543
-2769
10514
13291
11310
16904
21580
-25624
-20087
13204
-7114
7804
-21295
27821
6131
3967
-23828
-17856
-9012
-27552
-12062
-29349
-14077
-8121
9848
-26228
10941
-14024
533
7308
-28421
-17739
24791
12861
24696
-3714
24846
24615
-16759
20907
-9721
-15634
-29029
9208
6776
-22638
12931
-30176
-28536
7194
12458
-2471
19496
26196
-32380
2024
-10982
-12611
-17805
8551
-16909
-28986
18556
-5810
12279
9967
7624
-15041
1031
3963
-17612
-12525
-16036
6741
24720
-10408
15130
19031
-25769
-10254
-6305
23713
-10069
-20026
27141
24608
-18695
-28762
15425
27766
-14587
-8123
10852
-23801
-28511
14725
-4534
12563
23778
23256
16082
5360
1541
3965
-18298
13864
30397
15433
-19855
10216
5218
27240
-692
21272
30817
-4080
238
-10838
-19168
-769
-9280
-21234
-30644
-599
-24507
-14449
18963
16719
-24464
5935
20740
19069
-7043
29885
15893
18476
26192
-31455
-24747
-12051
-31780
30474
-18409
-7157
-12564
-30674
-30482
26279
5839
-15032
3303
-11918
24336
24661
-30098
-8598
20644
-11571
-26056
-1330
-6931
-1351
-29873
-3672
-21451
-15616
-4724
26771
-9595
30561
-3723
29046
-13937
17945
30134
8483
23794
19814
-29831
1085
22881
-32329
12534
9968
7281
-18038
24248
7385
-11344
-20031
25125
-16757
21209
8512
29731
-22221
-2351
-6704
-30580
4780
-4573
5288
-31712
-25466
11764
10340
-18337
7513
27249
-2198
29872
11072
30761
-25819
-4437
-21422
-9919
7809
-26403
26112
31656
10720
3770
-6218
-20824
18922
15484
-31067
9025
28641
20215
20668
3322
2585
10647
-4852
-8348
24350
27673
-19775
25644
-24429
15936
-19319
14027
1424
-23304
-20994
-26699
21704
7024
-17449
-24095
-18591
7169
7079
-5169
-30709
-24035
-32010
27325
9429
-8834
17017
-32567
21179
5819
-1230
8616
-6414
-3493
22122
-4967
-19480
-21210
-1128
-22477
-3858
-2766
9869
-29726
31550
-30853
826
13987
-4003
22120
-4505
19153
6879
-8828
29846
4076
-9684
1722
-4887
-228
6277
-20464
-4416
-27359
-30501
29108
9738
14651
26209
-7063
22140
-648
26021
4061
-12433
13791
4252
-27254
11622
-22850
29433
31430
22888
-4621
-15678
-20391
2325
11482
2553
1212
-4889
-562
-8132
6605
-14192
17944
30413
23720
1597
24174
-7541
31573
-1488
9435
753
-11912
21228
23262
13038
11867
-17127
-180
21449
7023
-17600
-8732
-5088
3923
29243
-27499
9182
1405
-19981
-25125
27336
16098
11863
-19837
15364
22674
-12822
-31608
3835
3807
-12665
19185
14274
-8847
22316
-20242
-20552
31857
-12715
10308
31387
7580
-30755
29402
22226
9608
-27416
28204
-21407
3214
-21313
30929
21571
-22189
-9236
-6731
-21774
-21004
-25631
28195
-24140
19204
19796
-25766
-11776
-1402
-18980
-24252
-14432
31753
-19791
29086
5132
12179
-5213
-17927
-29452
-18898
-14770
4730
-18327
12087
31729
31144
10416
-3770
12287
15004
-3066
-8954
-16221
29164
30457
25282
11086
26856
20224
19800
-24651
18573
-303
-1915
27865
20698
8885
-3433
-16988
29942
30851
-9579
24823
17706
24651
-26799
-14067
-200
12301
14000
-14163
26064
12404
-24927
23106
-20677
-13709
14145
26557
11075
24904
-28153
-22384
12494
47
15020
-14159
26734
-3148
-27872
-29411
-28533
6358
-10814
-22165
4813
-15689
26728
-1475
12296
12780
11523
14658
28097
14922
-19562
21198
11963
-13302
-197
13138
-19848
9507
21344
-29809
7891
-10673
10874
-24901
17735
-18244
25993
-10737
-14507
6580
-7331
23342
-17178
-26007
1331
12769
4710
26520
692
-31427
-5017
18817
-7992
-27596
-6675
-1055
-2053
-10504
-7254
-18150
-1148
-19130
-8722
-8100
13490
-14165
25730
-14245
10302
31722
31678
13541
6203
18438
19578
-6874
3573
1216
-5750
25699
-7065
21422
1517
-12204
10477
7626
-13973
16192
-19039
18913
8862
-4859
-10268
-32203
-30321
7171
11334
25510
3700
-19972
-27157
-18873
-9502
-32431
-1323
-1919
26750
-14241
9824
-16474
28765
-7356
9851
-25853
-20869
9240
14171
-22673
4141
13968
-6768
26029
4634
8447
12224
-11022
-5917
-8153
2963
-26255
2135
30184
30461
26143
-19765
27795
697
-32631
2309
5745
-16769
14037
3065
1548
4881
10807
29724
-24445
10199
38
9752
22986
10750
9364
-31059
15974
-24913
22102
-27184
28787
-14352
-31614
1684
-21319
28778
-2535
5726
26238
-15279
4385
15857
15002
-54
-6265
31299
-31969
-25674
20091
-6449
-30579
4453
27237
-1656
-18830
10101
-20760
-23407
15382
18641
6159
9991
15210
-24701
11767
11017
15517
-4013
24303
19601
-2658
-22483
-782
-12587
-25391
31535
-26621
-21692
-12509
-10298
-20808
28995
-30472
-18902
-15375
-29697
-17226
25120
-19952
-5004
30220
-19932
-191
23354
-23266
-4818
6259
-17452
-23912
13221
-3791
11801
20404
1815
11480
1581
16141
21943
3327
3119
13262
1421
-22659
10564
31221
24624
-24433
15075
11532
13088
18481
26821
15276
-14007
5594
-10968
-9471
-2365
-30881
-15055
-11679
16050
-10346
31594
-14947
29703
28172
28317
3153
16785
-669
30237
-22889
14045
4532
-6112
2740
-4581
2419
27978
-31169
-5534
21771
29966
-20212
-32457
-31557
23080
-19896
-9020
-26341
-29907
-31547
21183
4958
25031
9587
-21623
16290
-16186
-19675
-3202
25406
-25792
-3855
-16034
11666
-4267
24007
11033
23804
17375
10593
-17650
-6995
-24301
-29963
-19243
-17050
10227
6405
11498
7271
-20189
-622
-23846
28218
-28307
-9914
11690
-3438
-20343
12908
-26216
14734
-7124
5875
3815
-11326
-23171
11757
6411
10813
31875
681
-26893
-17080
1988
-7763
-17921
-31349
5972
30757
-20496
-26091
-27348
-4084
-9293
-17975
-18615
476
-2589
-3478
17333
-9098
20371
-14552
-12593
-20785
27823
6849
-2278
5265
-24724
3695
27752
-100
-21262
-20540
25641
-18046
13730
-3414
-20916
-8992
-32429
-606
-26013
-9546
-23666
14776
-10710
443
-31699
-28964
32501
26151
-18044
14032
2579
7093
-1456
20910
638
-18661
-1301
-15163
-17002
18770
-21101
23400
-5464
-24016
-1290
-11203
5230
-19966
-29946
-23618
29948
25065
21907
-13574
-5609
566
12766
5196
30029
-5143
-858
-25943
24281
12827
22289
32327
-6019
28710
-22010
-28775
10110
-24673
13839
23504
8521
31046
-4319
5870
1543
3407
16507
-32569
20845
-4510
19639
1844
13273
3421
31090
-13020
-11185
10314
25506
2839
10369
-28098
-2024
5879
5759
-23319
-18213
-22544
-22083
28990
-28918
-22403
10924
-3082
-13672
29692
25279
10393
-4702
-23862
30640
9410
-14181
29172
31668
14577
9140
-3432
-17331
2337
9156
-14015
2087
15012
-15498
12959
-1266
2400
32624
-11070
-23385
21486
24467
-12114
27546
2847
9158
-13297
-3902
-29381
-6682
-8156
1058
9756
24357
-19589
8393
-13300
-3305
2049
2278
-10830
-16427
-22704
-11414
14122
29721
-18062
9012
17987
-17151
-31864
3667
29760
-30469
-20106
9929
-11015
-7423
-14725
22460
4501
-27970
19755
26611
17179
30410
22900
-7395
392
-17092
-8396
5098
-9998
-6599
11703
-15208
17287
-7998
-25923
18193
17680
19089
-2230
22477
11027
22991
9595
-25511
-11775
-1043
-13815
-1035
-11202
5589
-12761
-11853
-20376
7162
7613
-2426
28302
-9724
-2956
32093
-2522
6627
-9777
-27555
-11098
26945
-26639
-16640
-32029
28800
-10424
11688
-330
-29654
-30478
27013
-10733
-13773
-9498
-4158
-29135
-32046
18560
-6160
-3277
11198
-13305
-1033
-10516
-4736
31584
-2181
25195
-7338
12991
-10701
2363
23834
27528
-11951
11833
31879
1796
3966
-18019
18901
11252
12235
-9357
22314
-18377
-12512
-12601
-23144
14044
4715
27740
-6124
-9301
-19696
-4836
2418
28050
259
1896
24717
-12695
12252
3059
10
3792
-15542
3301
-10659
16054
-11525
-7425
-16016
14678
-23507
-1711
20910
311
12765
6081
-3819
1761
-13980
8662
-8279
-16584
-11438
10871
-25865
-24279
-6328
15146
28848
11929
-7135
1931
-22657
11154
-31888
-10525
-30913
-5620
-11706
7260
26530
3704
-16498
22071
-18092
3195
-16795
10228
6780
-21968
-3641
-31277
17893
8874
-7633
5276
-29258
24268
8883
-325
-30873
-12314
-30538
13848
19560
-30413
-32154
-14088
-4176
-26027
-12558
-4170
-24832
-20586
23936
-2673
-20340
13442
-31377
-12077
-25389
24761
6120
365
24862
-19117
2705
-21164
633
28058
2547
-9761
-31253
24587
30830
-14225
12246
2915
24872
-17188
-22421
4979
-16493
20278
-19804
18910
9396
-3774
16017
-1572
-247
2763
-365
-24307
-27142
-23950
4822
-13641
-18845
8069
-24880
31306
-5856
2414
27444
-26518
795
11476
912
-22876
21002
16544
-15922
-23906
23405
-6173
-6600
6945
14194
-28099
-7195
-6938
-6603
6252
-19532
31861
-10643
24341
26183
-27479
14059
10349
-23285
-28780
10245
8270
24893
-26169
30329
-11063
-20811
29082
3124
22658
-2495
12292
15490
-4531
13655
-18356
1130
24865
-19953
-4119
-3500
23692
-13567
-8119
9290
24897
-25308
-4092
-12034
-7260
-16413
-26004
1658
-18657
-186
23856
-18101
1131
24714
-12878
-19176
-7846
13642
-19033
17272
-32566
21028
27174
-24423
12924
-28638
-29103
-2721
18547
-32577
23076
-19291
17757
-25272
-14452
18844
-14965
19678
8865
-5377
-13649
26736
-3706
27077
14918
-18637
-13733
10894
-31053
12898
-23012
-4984
25917
-25304
-5527
18815
-6159
-3492
22353
-28362
-5985
-16408
-27796
-10127
21235
20672
5458
31934
13375
25877
28308
1185
-24708
6373
-10009
-4375
-3270
8608
-4693
-22372
24064
30437
16517
-6033
18143
9695
1590
14205
-30402
-5977
-23867
31844
-15894
-26743
11473
-9957
-11993
-8655
5702
16484
-24943
15073
6767
-17115
-15958
30886
11235
6059
-5173
-30231
25165
-28933
-17056
6641
3969
-24386
16693
27157
-19124
609
29525
-6149
-16226
16597
7522
-19009
26006
-9582
30680
19928
9702
3080
4585
-9323
24529
14366
18351
-8536
-19693
-5672
-5044
12561
24368
-23533
-30287
13244
-11002
-3909
-26760
5631
4220
-18329
11657
-31384
-13249
3612
9161
-12477
5600
-11335
-17505
17533
-4594
-9295
-17513
20274
-18369
-11429
8297
-17125
-3192
28450
-24139
18925
12719
-15841
-15642
-27562
-13768
877
25326
20234
17393
15773
-2458
17337
-9703
-10486
-15621
-31762
25454
-1185
17469
-18364
-9221
-444
22763
23754
10060
25864
31169
13372
25343
29263
-4644
-6251
28287
-12697
15360
14163
-17636
-477
12029
8444
7132
-8237
-29350
-14898
-22467
-14425
31267
-20494
-25629
27605
22905
-645
27368
18393
11968
-10792
-27057
-14443
17290
-7369
7803
-21829
28776
-3730
30584
-11062
-20644
3647
22269
19290
-24653
20310
-24649
18875
1610
19974
19313
-31625
-8675
-8761
-25225
4801
-931
17829
-12841
-25241
1103
18434
21586
-28031
5021
-29259
22746
16080
6078
-368
-17940
-24790
-6959
-30581
5011
-27968
20313
-28338
-2734
20834
-29811
7173
11892
-25359
-18189
-26688
18190
19091
-2660
-24316
-25142
31839
-2180
25713
-259
-9278
-20804
32469
19266
-18087
5482
-19001
28237
-32539
28798
-10726
-10881
18515
-21102
23121
-26821
-1333
-5728
-16965
27304
4623
11898
-28371
-31844
11604
-18467
-22696
-10075
27897
31663
8912
-12239
509
0
716
-1911
-18831
9934
-11517
-222
12030
8277
26447
-31454
-24580
-21166
-10085
25746
-8507
-25375
27837
9064
-17425
-28239
22734
10056
24685
-7340
12273
11864
-16466
31506
-18071
11730
323
23826
24659
-29796
9891
-6409
-2975
19127
1508
-13263
-9496
-4748
29894
13383
28108
13527
3063
1214
-5192
-25426
21008
29310
-10422
11990
1583
15711
-20770
-17558
10911
-6421
-1349
-30591
2317
7594
-7088
16235
-26553
-2727
22356
-26808
-2728
22125
-5453
-20821
17783
-31631
-11783
-6590
10149
-7628
4200
26519
102
31682
23072
28361
12875
27772
-13519
-9266
-28486
21012
31636
5142
9167
-12238
867
31685
22889
-5107
-8349
22796
28878
23228
7381
-10675
10316
26224
-3150
-24860
-18578
10907
-6071
14717
-31372
-8372
8986
14019
-8848
22165
-13039
-2937
28451
-22617
22438
-10058
-17978
-19196
-31338
6347
-14328
-1970
23682
-15464
16991
-25761
-9043
-17010
21511
17175
16863
11978
-9119
14131
31068
-286
-15661
-23156
14778
-11873
24535
12693
-6773
24491
4055
-14202
22327
-23756
-453
12986
-12494
539
7101
-3815
2047
2580
11483
2482
-32640
485
-14216
23363
-26175
17563
-15767
8957
12226
-10688
4156
21960
11559
19344
-2229
22772
22185
316
13985
-3413
-20845
22564
28025
-14236
8732
22982
12121
-16895
-32030
29397
21390
-16086
-13460
12249
2238
-6814
20818
-25093
-22388
16287
-15493
13795
7726
21974
8515
28639
19785
-22045
-17563
11429
-1256
5062
-3974
32391
2866
13979
-1262
3261
-6387
-12043
-5706
-26033
-13849
-29038
11448
-15209
16992
-25275
-15990
21451
11278
13589
21631
-993
6274
-21301
27136
30991
-16853
-13877
-22822
-18920
-7518
-20359
9210
11509
10339
-17436
-26079
-30631
-15572
-12597
-21454
-3034
7788
-17597
-9936
2366
20431
11274
12474
-12798
-1964
21785
24946
-980
10155
-759
1757
-14330
-7404
-11354
26713
-4638
-1932
30710
24981
-8510
-26339
-30497
31818
-6826
13646
-20148
-9507
-31595
8051
-22633
13895
27776
-12404
17003
-27515
8035
-19955
-32026
32043
-28324
-13237
7405
3821
-9685
1953
-28410
-23453
3031
-14620
-28244
14056
11313
16817
-12144
30272
-31439
-30485
25666
-28015
10248
14653
27277
-8222
-5086
3493
-30046
8670
750
-10374
20023
-19805
19189
22593
-21899
11643
-28372
-32489
-22122
23117
-27682
25438
-4627
-3932
-22767
-31519
28802
-12161
19458
19582
-7989
-26775
149
-23309
-22086
29077
2638
17619
7988
18445
19076
-1839
-6272
31785
-24636
29131
13938
-28395
-24767
-15398
-20796
25138
-23060
-24236
-11754
-14136
-23684
11636
-25862
-22741
-1285
-11721
2359
22655
-3331
-10852
25376
-20230
-28234
20862
-1601
-31285
19742
30795
-5435
-28710
32159
7049
-24884
32485
28573
3353
9765
21847
-27185
29416
17206
26832
13020
6082
-3970
31276
-27993
12878
-18645
-15964
28735
-28919
-22108
22081
-22187
-9922
7418
7319
-29752
18784
-28129
-28950
27321
10735
7730
19966
22054
28023
-15272
6577
-7912
-8344
20812
-20519
-16696
-19725
-24797
-5023
22148
-2497
15304
1859
21649
-14970
21455
10609
-21348
20530
-19906
-10917
14849
13308
14633
29221
-22223
-3642
-31572
14896
31071
-3721
32090
-3358
-835
-30875
-12904
28747
-32521
27092
23054
32330
-6138
-12281
-424
18970
28616
12844
30393
14572
10996
11285
22841
-22575
27298
3364
14331
16175
24924
-31946
-31324
9199
4696
31095
-10415
10198
-9946
-10200
214
-3124
-4348
-10497
-218
10851
-17992
25476
-13951
20957
14974
-31069
9200
4545
-717
14809
4702
25309
22617
-29485
30483
-17700
-23427
12099
25513
3373
13622
30787
-32529
24734
95
30192
31672
15438
-17631
-2333
-3596
-15172
-18954
-26691
18581
-2662
-23854
25987
-13526
-11856
-18870
475
-2884
-29043
6356
-12456
9831
-17980
27802
2617
24162
-4959
-18141
-2335
-3262
15301
895
-19983
-26002
2726
-29236
17750
-21089
21710
10610
-21133
11415
-5383
-14717
21249
19286
-25768
-10549
-25750
2018
-13261
-10182
5577
-15535
4727
-17107
-13727
8965
9357
-29553
6354
-12758
-8658
3909
19378
-10054
-24002
-15395
-26350
-28210
30488
-23557
-20533
26988
-270
-11199
4369
10375
-28879
-4449
-18139
-3053
2983
-30048
9547
25360
25796
9590
-21121
8705
10687
-13586
-31268
29918
18419
13322
23000
15930
26564
8501
18328
-15764
8312
-21628
15086
9628
-4689
-20937
-14435
29338
3356
9678
-11877
30687
18056
-1843
-5730
-16407
-27645
-23450
2130
16932
31620
680
-26550
-15995
23675
-3327
-12031
-1403
-19131
-9017
-25377
28555
-9421
3444
-18435
-29581
-10118
20367
-15477
22338
-21884
8400
-10344
24820
19117
-8190
-16051
3466
-22276
-25150
30500
-21039
27655
25789
10395
-5387
-15322
-13688
20385
-10425
6898
3380
22874
-29819
5962
29753
-27497
9039
25501
983
-2452
29656
21996
24469
-11556
-27403
-17082
1302
6386
3968
-23485
-14859
-30667
-32498
-17890
-3195
27374
17357
5477
28420
25792
11088
28083
11942
-34
-2982
22355
-26593
-30331
3522
-1557
-14487
14835
8256
30073
-10721
-11829
-20949
-3566
1076
12768
4861
5165
22865
-26591
-31303
13861
17145
14266
-10696
3455
-18300
13434
-28636
-29916
-27331
-1335
-5266
17844
-8865
13471
-897
28459
-21406
3557
-12196
8756
18329
-15915
-23372
17860
3734
-24865
27839
8506
17124
10050
32606
-2639
-24499
-13238
4162
18661
15244
-7122
5573
-2434
25943
-31663
-818
-6627
1343
23830
25774
4633
8822
-21626
14784
-8861
23384
-29817
5532
-29536
8672
1403
-18658
-767
-9870
21475
12745
-9355
19684
14395
25865
24962
-14367
-27557
-12548
-6577
15320
4537
-7920
-11213
2951
-22653
9528
16826
-9618
20640
-10455
213
-359
-22124
14048
7297
-20460
-5341
3492
-29528
16259
-5197
-20605
14429
-23301
-26102
-25444
12545
15825
6077
-25
-14815
-14825
-2091
-7779
27595
12689
-5211
-23713
790
7771
26875
28583
7354
-3096
-2404
-24020
-7506
-23706
2344
14327
14996
-1855
-30879
-14083
-5682
-31580
10115
-26577
-5978
-17930
-28759
12532
11004
9946
922
-20437
-3866
-407
31808
-31672
-8062
29666
18283
-29988
28959
-24448
11418
-6778
30858
1195
-28835
-12896
31616
-9576
25214
-15888
-29181
-23615
29430
32522
-17206
-19727
-25483
5302
-7917
-12049
-4383
-1931
31563
-6827
13160
-21107
13216
-898
26905
-19945
-6988
-22365
21490
20673
4956
24729
-8902
7422
6394
4669
19883
-9088
17295
-667
29647
24156
-32324
14072
15011
-2580
-16029
10462
2550
351
30042
-1629
-20925
-11152
23996
6180
14191
-27932
26273
2540
-11331
-23657
13222
-4006
20916
2821
5189
17446
31017
-25284
-3519
16018
-1421
31565
-6141
-13485
6902
5388
11901
-26865
-24761
-15063
-12252
-12002
-12615
-16434
-18218
-17882
-15371
-31259
32508
28167
26509
-11580
-23387
21215
15923
24994
1801
5185
19008
-17681
-28519
9179
34
10358
-26226
9905
-3429
-18167
-4997
31790
-26620
-21174
-11424
16051
-10705
1949
-24872
26269
1806
4237
-20456
-6647
-12562
-32443
-5626
-10861
32126
-9574
25899
-24428
16295
-14154
27554
5844
-12760
-11670
13476
-3790
10279
19825
-4514
21775
28595
10637
-31388
-13854
-26735
10134
-31876
-10111
17793
-6881
1063
8808
-17657
-4995
32252
28333
6851
-2612
-5064
10489
10335
-16830
188
-31700
-28813
818
15708
-21862
24066
29975
-18292
24080
24955
-2852
-1758
6271
-22265
-28776
9895
-7270
27876
20228
18365
1608
19512
-19576
13724
-1263
3938
25043
15803
-9136
8752
18615
661
-22271
-28505
12318
19554
-28612
-8050
31292
-31435
-30963
-22530
-24776
-505
1925
-18306
15585
11534
13295
10705
-9363
20641
-10607
31768
-23066
-17782
24082
25257
3141
20195
15919
31210
28568
2517
-15547
2783
-13274
-10301
-21756
-27299
-10260
-5237
26378
25083
16759
-31030
19743
31488
28163
25074
19269
-24454
7864
-3094
-2994
22769
21603
-31114
-9207
-14517
5608
-9996
-7826
19475
30124
10412
-40
-3253
13811
9639
-7630
4758
-28431
-18807
23130
-30431
-28537
7473
19535
-21098
24236
4038
-360
-23359
28770
-686
19503
28116
24429
-7540
31294
-31005
32150
4475
-18328
11426
-1869
-26752
7480
19001
-20271
-18775
30525
-30466
-19747
-23921
14775
-10351
32128
-10036
-25230
5637
6403
6797
-27746
14728
-4717
-18993
-20276
28232
-31447
-27106
-29910
-29642
-5010
17486
-22596
29075
1634
32278
-23064
-18212
-22711
-10928
10873
-25020
-15989
21746
20523
28136
18277
-27167
26276
4062
-12664
18954
19309
-31020
17592
-9702
-11992
-8296
27059
7061
-29251
21025
25779
8020
25840
19121
-9625
22448
2493
-6813
20603
-7690
-3283
11373
-21847
18751
-16869
-3550
4774
-31109
594
19365
-10429
7823
-27471
23941
-14538
-9485
-7417
-13657
25397
-21561
25135
-24136
17770
-28898
-27025
2013
-15182
26355
16835
1618
17615
4514
-29747
17883
11982
-9788
-20806
32007
-19623
3882
13122
26434
-28147
-20583
20533
-19819
20895
-10455
444
-31914
-3529
9276
30077
-12156
18510
-22050
-16343
-13875
-23380
19709
21591
-26811
-2305
-11725
1945
-25541
-508
833
23828
25089
29493
-28334
-16281
9816
-19343
10904
-5218
-16963
26970
-5450
-26391
-18799
20899
-11570
-26335
-30975
-16378
-5659
-7219
-29060
2156
26256
-8505
-24817
-27112
-27121
-25153
17232
-22940
2132
16502
-31493
-19249
-20126
4988
-23465
-8707
-3916
-25190
12331
17139
12369
-18480
-16329
-11437
11166
-6420
-1054
-2986
20920
3746
-29232
16379
13330
20769
25611
24618
-17723
-19195
-30947
-25463
10944
-12804
-6283
17322
-12724
7830
-30363
-12312
-31606
3533
-2442
30724
27993
-6841
8777
30768
-28329
-14073
-1969
20837
-31476
-23608
30920
22886
-4287
14795
1562
12197
-33
-2767
11200
-13098
-25895
25684
-30995
25664
-24971
5033
-31713
-25952
13229
-15839
-16200
27387
31661
9565
-20013
-20280
27307
7564
-28077
-14447
17959
31138
6830
-6238
-16967
26300
10628
-27428
24602
28304
109
31196
18289
-31024
18898
6878
-9171
2369
21651
-13902
28472
-27725
23597
-17177
-25473
6370
-9316
27055
7666
5176
21964
10444
-11515
-3298
5261
-25839
-26654
26653
-19779
24783
14582
14997
-1576
-1362
-27586
-1336
-4780
22499
13338
19558
-29983
30959
32361
-13940
19180
12720
-16184
-16599
-14027
-9826
27053
7332
-4897
-8149
3569
12
3106
15183
-17632
-3887
-5069
11709
-12801
-7837
24009
10061
26223
-257
-9868
22161
-13900
27914
27480
-5448
-25929
20090
-6154
-2974
18976
31023
-28328
-13842
-31612
2720
-26542
-13764
1738
-1445
19133
2512
-3968
24502
7553
-26237
6518
-23475
-11146
20952
9101
-29211
25169
-29794
9205
7740
16954
28035
-10395
13481
-2570
-12985
4721
-20183
-3666
-26025
-11108
24538
13514
51
16135
20780
27675
-16763
24253
6867
-12685
22468
6860
-14191
17809
-3183
-20342
13203
-6771
25209
-2190
32231
28915
28560
277
7586
-4219
25920
-24611
28199
-23215
-11647
18855
-10431
7265
27734
-5152
-8150
2062
7593
-6793
17320
-13058
-6579
16006
-5788
22145
-3317
-9880
22447
2660
24871
-16845
-11136
18514
-21381
9924
-12808
-5677
-32416
-15579
-14151
-18847
7511
26245
-13023
-12244
-9261
-27410
-18572
9010
19055
-30806
14748
-350
-26371
-23102
31847
-14356
-29860
-14900
-24332
-22719
-14051
-15117
-31617
1309
10363
-25022
-15399
-20963
-6546
18532
-27166
27113
18392
12135
-21947
-12510
-11183
10872
-25363
-17074
3661
17089
1834
14341
13992
-15502
15349
14282
1425
-21989
-5514
30218
-18705
-24793
-5628
-12279
-3468
29047
-13546
-15649
-25738
5301
-6395
-13000
1972
-32626
3529
-3111
-7783
26926
-22248
-4144
-4352
-12569
-30539
14079
12485
-11308
-27904
-24056
-28512
14908
27278
-9059
26722
-8025
-16416
-26075
-32066
23437
-13568
-6581
14715
-30400
-6981
-26038
-14734
12603
31365
272
5410
12682
-32584
12533
9801
24684
-7571
19476
29989
-21400
4816
-14613
-29176
-23081
28221
-26801
-15071
-15121
-29863
-14749
9264
19335
-659
32388
1201
-30190
-21188
-13894
-20041
32026
-22228
-797
-15304
-9273
-25912
29612
12147
-25358
-17910
-5331
7205
22857
-25252
-8364
16063
-9971
-15133
-27919
-20096
14758
-15730
19675
9399
-2252
8946
4265
-30752
31817
-6021
29140
20703
14535
334
19866
-13925
29325
280
7769
27465
-30446
-21691
-10924
9247
24204
-12816
-31751
28187
-17191
-23130
21487
24124
-21359
14051
6205
18996
-19307
21199
10441
-10695
5694
19353
-15242
13191
-32303
20328
-31135
-14889
-20961
-7869
10494
9945
332
22272
18103
-10043
-20807
31856
-12420
21465
8170
3760
-4577
3280
-2873
-32238
-22535
-26314
-7204
-4364
-16235
19171
15246
-6436
-4752
16411
17155
20656
996
-13983
9482
14993
-7728
-29149
-28970
29393
23716
992
-14333
-6568
13830
14157
-19565
23629
-28142
-25452
14904
25524
8019
25561
13956
-32300
19236
24641
-25795
-3226
17820
-16068
-9491
-6732
-21431
-11759
-16216
32105
-14220
13450
-4539
16014
-7637
3268
-1439
16982
-21594
20139
-8872
15343
8848
-30089
598
17611
5119
4680
16942
25261
5149
14322
9139
-3089
-16246
20964
12384
-24385
30503
-26147
26265
268
3402
18013
-25104
-18188
-26983
15065
4536
-6398
-13820
-7402
-8342
21242
22194
2213
-27461
19398
4951
31096
-10646
23393
-31641
-13393
26952
-29500
19733
29305
-13011
-8961
-2363
-32236
-23093
24555
21905
-14260
4716
-19363
5326
-14611
-29861
-15051
-8969
-514
-9279
-20955
-1127
-22772
-29423
-20851
13719
-7646
1060
9326
-22692
1280
1557
6387
3099
9979
10333
-19843
15093
14640
32576
-4313
4197
26399
-16537
11130
-24685
14445
-24704
11632
-20411
-11755
-14845
-6904
-13153
30897
9076
-22302
-17261
19438
13557
9136
-914
32387
1496
-2585
-2043
-9436
-10199
516
2869
22657
-4049
11713
-10793
-26938
17241
-20668
-10561
-23168
10921
-923
29877
9072
-22844
32477
16525
-7372
7428
11893
-25016
-15064
-13185
21462
9103
-30088
813
14616
20145
292
10988
7269
-18452
-25478
4082
1449
-28683
-20330
23626
-28023
6360
-10384
20804
-23260
-7001
-17847
1299
7924
4675
19006
-16868
-3653
-26910
27345
14242
-4002
22351
-28028
4088
2421
-19372
2704
-21315
32188
13543
6761
-20191
-1307
-15306
-8970
-1048
-14700
17528
-31632
-12078
-25907
31836
-3718
30870
6008
-23461
-10078
26933
-26161
32050
-28922
-22753
-5652
-231
7225
19000
-19912
-13738
11380
-25504
-9185
-8763
-25910
29405
19923
11974
-11509
-2963
29869
10411
-925
30595
-9413
4145
22861
-28026
7196
12760
3778
-1437
16392
21371
-1830
-1084
-4340
-8776
-23161
8713
8838
-28383
-29134
-4450
-17494
28761
-6495
-16410
-24784
-7198
-5719
-24017
-1713
20607
-1602
-31564
12537
9132
-1583
-6630
395
-18312
14868
19564
-31019
17058
-15251
14681
-22671
7153
3381
24396
-26816
-497
3264
-7591
13643
-18642
-14410
27912
26508
-11939
8295
-16823
3057
-9759
-30695
-26282
-12559
-4385
-7429
-2979
20052
-25263
-12324
-26729
8365
-7276
27063
11938
-1405
27867
21416
-9600
17500
-25608
-22509
-30633
-2711
16618
8869
-7131
2409
25539
10019
21617
-6045
21426
2823
4886
9668
-13295
-2101
-4767
22364
-29805
6966
20178
11975
-11294
-30566
11776
15217
-27275
2147
30726
-19261
27144
25572
21407
-12126
25220
-14247
12007
7632
-12682
23974
1829
8468
15738
-31217
-22746
-7860
8622
-1585
-6932
-1774
3593
7304
-24883
30979
27994
-7072
24012
9113
-31729
-24039
-30639
-3524
8328
-28385
-28800
5623
3391
21989
13352
16450
-19922
-15379
-29028
9551
26221
-975
8617
-7968
-4200
-16401
-27310
-14906
-17814
10567
25364
27486
-6484
-24004
-3044
5891
6237
26391
-19278
28985
-26631
-23589
27661
26793
4916
20457
13043
9803
25018
6838
-1457
21269
32323
-4648
-5709
-20941
-15614
-5601
2415
26543
7330
-4563
6260
-18321
9936
-8441
-15127
-27042
-12060
-29684
-22111
20989
19819
-31018
17225
-18246
25116
-19283
29933
29281
-963
12984
-12796
-1374
-20924
-10203
-9468
-2804
545
10655
-6191
-31287
22404
-2201
16620
8183
7274
-16484
17051
-2652
-21447
-14437
29705
27710
-26636
-17732
26297
12166
-30163
-30329
5960
30215
27712
-27194
17073
-11976
2358
23300
30139
14356
21936
2825
4584
-8821
32118
-11933
16216
-22290
-23413
15079
10353
-21851
19420
9398
-2483
24309
19298
-27522
5525
-26531
-11763
-2797
2769
-2294
547
10989
7962
13106
28856
9570
-16818
3877
15553
-9973
-14671
27034
1809
7926
4213
-19883
3045
-10365
17513
-27513
6362
-12185
12254
5784
-28666
-23079
27663
28148
29274
-7585
22488
14541
2924
27446
-25800
-1114
-25713
9532
29735
-21042
28508
-7675
-14797
-8307
30685
19092
-15482
21246
20250
32566
-30115
-14901
-23671
8711
9651
-3773
16248
-31215
-23432
6545
-26527
-8353
13775
1574
8467
15507
-1574
-549
-3486
18544
-31023
18173
23768
15750
-5366
-11824
-25755
496
-10654
12619
27922
-19121
1143
28060
3710
-18299
14031
2922
26410
-24131
16694
27516
-13959
22806
24655
-28935
-16370
-7508
-17920
-30942
-27622
-27123
-25966
8686
5212
25311
24418
-4615
-14801
-11845
-17507
17867
5479
27958
-25081
-25161
18571
-1020
250
-9340
30562
-4066
3481
-27974
21699
7972
24183
-313
-5724
-18144
-3555
5722
25313
23732
5454
29544
-2173
26916
-18057
14869
19843
-1502
6615
-10383
20653
-10065
-16424
-22059
27651
24610
-19954
-4414
-29065
2037
-9763
-30281
23428
-15760
14528
-9141
9844
-21351
23933
-2490
13512
-9814
-20025
27308
7333
-4682
-25424
21693
4960
25844
17367
6449
21667
-8164
-9245
-32128
821
12767
5363
2426
-20208
-4120
-3269
8329
-28090
-3235
19660
7701
16149
19330
-7377
5572
-3972
30718
27212
-31451
-28541
5019
-28669
-24043
-30289
12526
11307
17980
-19916
-15108
-4164
-26761
3520
-7311
18529
-28130
-28799
5966
28828
3354
9980
10692
-12638
24516
10724
5778
-28427
-19412
-15377
-29330
-8682
-11988
-9475
-3290
8130
-16154
-24520
-3221
16616
9618
-31225
-17583
3874
14333
15713
-26205
13403
-23496
-2356
-4768
22149
-2202
16389
23546
18259
-21382
11143
-30080
2152
25331
18266
-25756
-10135
22446
2827
7596
-6402
-14490
8660
-11291
-31243
27026
-9594
30266
-29288
10961
-9657
11993
2484
-31922
-1680
32233
31959
19264
-17401
-4843
848
18433
21084
-28606
-1308
-2772
12020
10684
-14997
14833
8846
-29212
25464
-2189
32398
3352
10984
4687
29748
-28333
-14743
15113
23788
21073
-25092
-21535
-17561
11731
913
-22963
-10554
-20944
-3032
6625
-9315
27398
25071
20233
17688
16730
-21093
20531
-20249
-22074
24774
10016
20413
3321
2880
21804
-18379
-13198
13788
4865
4560
-16152
-27564
-14070
-1036
-10843
26946
-26806
-15557
-9832
25380
-16756
20978
23747
12124
-17429
-24573
-25972
11093
-18620
-8720
-7414
-13155
32220
16858
6870
-10382
21234
23533
21072
-25259
-10252
-8106
15673
27281
-9593
29843
2522
-14343
-4161
-27358
-30334
3673
31911
10721
3985
-25533
-2739
22770
21882
-1597
-32400
-11117
31766
-22604
17027
-6031
17841
-8538
-20379
4397
22965
6041
-29255
23607
-22931
4977
-19537
29589
2178
-17619
-14031
-8965
-3288
6265
-24194
11634
-26452
24048
19600
-2809
-9288
-22445
-8703
-2801
1079
13270
3780
-720
8618
-7737
-27595
-6954
-30700
-21190
-14866
-29862
-14470
22461
4270
-4575
5718
31401
10719
2248
-1443
18161
12835
19038
-28343
-3698
-19140
-11129
17008
-29993
29923
17694
29464
-17345
-8731
-4745
29360
10640
-30775
19744
31129
4638
14599
22671
-13914
24806
20471
20518
27172
-23737
-13721
14687
-21635
10074
-18457
-20545
31355
-11250
-16063
884
27454
-28159
-24057
-27659
-16644
-30658
-5619
-11363
24537
13027
7636
-10674
10483
6781
-22263
-29078
-8594
21759
19288
-25115
-18579
10580
27779
-11089
-20030
25643
-23576
-17784
22695
645
-16789
9224
8433
4845
376
26894
27476
-4333
850
19023
-21881
14783
-9140
10187
-12234
1728
-6816
23862
-22930
4826
-12462
12014
7130
-11345
-18509
32462
22222
11042
22298
25099
31166
12854
32290
-25582
-27115
-28197
30623
7346
-1885
-21269
-22078
30926
20479
19817
-31480
-17584
3659
17456
26188
-30021
23963
-9104
21757
18730
25755
266
3960
-16792
11129
-24900
17568
-15249
16036
-14633
-20793
26102
16532
-80
-28689
27625
19112
-12135
32192
23074
28027
-13518
-9497
-5091
2417
28408
31944
23559
29471
-22613
20302
-20505
-23406
15613
13606
17144
13333
21112
-7983
-29150
-28803
3830
1551
4236
-20751
-26092
-27117
-27607
-32486
-21683
-8565
32206
22006
22030
28596
10709
40
9322
-23807
-25499
584
21644
-15934
-20049
30305
-3349
-2995
22474
10446
-8439
-14123
-20791
27138
31453
17700
32572
-32522
26287
7560
-24731
1105
19024
-21379
9238
13581
24372
-22928
4140
14183
-26211
15555
338
18431
20494
30423
19625
-11264
-523
-10514
-5581
6718
17603
2506
-956
23351
-22573
26996
-2629
-29042
6507
-19531
32028
-21926
1116
30045
-681
18539
-29835
137
-17093
-8547
28493
-31653
-2715
17479
-17392
-8070
17490
-22054
-20137
2701
-22279
-25636
27119
17356
5118
4895
15859
14284
1855
20724
23531
20514
25610
24961
-14598
-4162
-27063
-2729
21798
28141
17185
28609
14350
20773
27173
-23586
-18756
25130
-18279
20120
-14267
3306
-8467
-8099
14103
19561
-30134
-597
-27583
-802
-3949
-20066
19427
14952
-25347
-21536
-17776
20974
22568
-18735
-16330
-11652
22321
-16887
-5956
-25214
11630
-21129
10554
29548
-15784
7834
-31097
3240
-30349
-9204
-14126
-21755
-28774
9209
7135
-9313
26936
-25802
-1672
25412
-27721
21015
32553
-28322
-12551
-6744
-18148
-781
-10842
28484
-29797
11110
-24207
5506
-22252
-32481
-26138
-19228
-22413
6318
-6798
18140
10596
-17993
24559
19769
-16563
3878
15704
-23296
-25138
30978
28161
24612
-19620
5659
14324
8421
2900
30187
29784
-7583
24289
22581
-18105
183
-31198
-27854
-5521
17843
-9096
18506
-22592
31849
-14946
29169
29509
-31012
29640
14219
-5205
-23346
25144
-21419
632
28401
30024
-31958
-27021
2299
1904
27458
-27490
14450
-26560
-3229
18975
32561
-29279
8371
-917
31806
-32358
6343
-15699
24799
22615
-28895
-28802
3249
-31919
-604
-25711
8687
5379
7908
1233
-355
-21263
-20883
6324
-7611
9850
-25510
-11624
32425
9417
-12627
28477
-27191
16650
21874
-7016
28284
-12864
-18108
-9515
-28726
17752
-20499
-20999
-24555
-29621
-492
5551
-5765
29356
11245
7732
18675
14272
-8257
-20649
1711
-30188
-20854
12499
1848
23314
31111
957
-4890
-1064
-547
-3948
-20345
12350
24909
-28591
-15580
-14828
-3613
-836
-31282
18778
-25117
-18881
-11733
-9474
-3457
25405
-25577
-29418
-25959
15994
-31065
8595
-30392
-1690
30592
-8193
-2799
1765
-13119
-18109
-9220
-3289
7787
-17111
-15097
-8125
10262
22988
9714
7957
15537
-12651
29178
31429
22609
-28146
-26121
-23603
24553
21060
-22040
-24232
-8408
2962
-20445
-1125
-23362
29606
6138
4899
12449
-1268
2990
-30741
25179
-31945
-30965
-24267
-176
19505
27686
-22620
21489
23534
21606
-32334
15969
-26435
19227
31629
2170
-19978
-27810
-11099
26714
-5156
-6715
-28277
6526
-22264
-29007
23090
-18255
32168
9750
14173
-23007
-5932
-32417
-15428
-19186
-4834
3581
3957
-19509
27645
32531
-22601
16700
27691
-22245
-5348
2974
-28063
-10542
-27542
-9911
11825
30158
23719
1828
8811
-17984
26687
-27732
23095
-24128
29946
24635
-21062
31855
-13017
-12005
-12958
15120
21852
-29472
30602
1489
-3119
-5552
13149
-24382
29602
7573
-30030
13388
-18643
-14769
4387
15523
-15727
18839
-15913
-22336
32001
-19256
28236
-32372
3235
-28843
-14745
8659
-11522
-1728
12981
-14000
8120
-3388
-30240
32153
7352
-20
-12975
6904
4671
20185
9401
-2554
-9287
-22804
-24068
-20894
5933
23816
28882
24153
-31120
-11614
25907
-21559
25980
-16100
-2096
-6703
-30221
28177
-19120
1980
-5404
-7218
-29147
-29400
-29640
-5313
9452
5382
6402
6390
6104
-10966
-10189
3624
12444
-7650
224
-15858
-1976
23347
-23752
-3863
-3602
-15315
-11178
9477
9120
-5376
-13498
5253
-21823
30927
21396
-13903
26950
-28942
-18896
-15104
-5599
3578
2451
-20726
-31360
2028
-11907
22320
-16704
27640
28586
6134
5760
-21972
-167
17935
19090
-2811
-8953
-14667
28469
-24960
6953
23820
32548
-25063
-30341
1083
23311
31040
-30855
492
-12662
17950
28612
15426
-19321
13725
-745
4769
-29746
17748
-21870
13420
-25528
-14732
13193
-31745
-18557
13210
-7289
32410
7655
1534
1901
26255
-11222
-9847
29675
30116
6140
4565
-14200
19665
11550
21838
-25089
-21017
-22722
-14426
31610
-11249
-16214
32439
12429
-31899
-14087
-5077
7437
9176
-9648
9467
12228
-11883
29014
-7052
17924
21584
-24955
10260
14175
-21939
-11427
14847
13069
22665
-16097
-15364
-4396
-4760
19152
6440
22854
-26472
14900
24919
-30998
24588
31443
19629
-8874
16061
-9637
15340
9350
-26580
-5301
15668
24993
1188
-28413
-22520
-28777
11114
-23282
-29425
-21185
-12930
21463
8888
-2485
22476
10748
9794
32310
-30459
-18177
-31501
27096
24425
-6169
-7205
-32072
13253
-9146
11828
29210
-18295
22542
31642
7581
-32261
28185
-16761
23919
-7542
30704
32360
-14219
14143
27275
-11234
-10325
-18505
31347
-12717
12013
6787
-20462
-4974
27590
15884
21640
-2833
-14707
18843
-15244
12601
31062
-1641
-23699
5938
21147
-12741
2387
16503
-31134
-14084
-5610
232
-13627
-23897
21213
14536
892
-19019
32460
21920
-11271
-7815
17491
-22205
-12934
20794
-17379
-3552
5555
-6243
-20354
8390
-14185
30543
-6831
15678
28101
16101
10787
22297
25250
1651
26899
28010
-3374
-5553
12998
-9147
11995
3775
-7310
19142
5468
25033
8902
-13593
-29172
-21519
-21003
-25990
4798
-1465
22480
9378
-6786
29137
24154
-31033
22110
-30435
-24743
-8577
16428
31475
24984
-8901
7255
25837
18682
24097
-19072
15367
24212
-12115
27889
30452
30853
-10041
-26050
-3227
17939
17400
14267
-12218
4150
20733
19587
-1622
-25412
17900
15910
28636
21992
23034
19293
-28342
-3849
-14105
-28744
20860
-7387
2751
-6389
-10274
-30562
11107
-23800
-28216
17722
-19081
8729
13300
9342
-25369
-20086
13722
-1565
-2055
-11190
6895
3819
-8808
26053
8906
-12478
5257
-20452
-8082
22367
-31470
-23433
6314
-5172
-31578
9557
28372
24135
-24666
23952
-12746
1024
1899
25537
11087
28378
21059
-23259
-6324
16007
-6083
10860
-21952
-13714
12591
30058
-15782
6575
-6239
-16624
-7166
-15154
-23974
-9243
-4157
-29366
-491
5065
-2898
-25935
21540
26586
24423
-6855
6944
13277
5365
3813
-11916
23874
-26468
16271
-1850
-32099
11603
-18618
-9501
-31770
32147
5423
23814
29472
-22892
13225
-2930
-18540
21505
19072
-7991
-28449
24749
5833
-15685
27907
25304
13365
32587
-8002
-20600
12349
31212
31676
12856
31063
-1490
10153
-1412
26361
30016
-30109
-13260
417
-25340
-26277
-12057
-31605
5612
1455
-30356
-11794
-4382
-1780
1920
-16784
8388
-15221
19446
24459
-12815
-32110
4790
-6246
-18816
15599
8426
3992
-27757
11102
-17130
-1144
-20055
17539
-7033
30857
1490
-3398
-26909
26652
-19612
7508
25025
10623
-28376
-31310
12307
24216
-8513
-20801
31521
-20708
-6545
19145
4520
-30751
32048
-27504
10545
16901
20504
32320
-4465
27887
16539
-2224
20836
-30145
-6980
-26381
-17731
27150
26640
26638
27196
-28009
9180
752
-12207
11984
45
8246
18327
-15485
23677
-4045
10278
19546
-28039
3682
25337
16529
-1156
27087
13021
5197
29750
-26628
-22513
-30283
13849
19855
-2808
-9439
-9250
-30908
-6505
27879
19280
-21099
22714
4605
6113
-9174
1724
-5190
-24836
-21701
-15083
-3614
-557
-1765
4765
-28821
-9023
-20803
30931
22001
20524
28017
-15447
30673
21036
-19299
20116
-14553
-12250
-11668
13778
2459
-24870
27337
15453
-21863
24233
2500
-7315
19644
2219
-29772
23087
-17179
-25648
30976
26775
255
358
31914
10028
18469
31124
5858
-9175
1955
-26545
-14903
-17949
-20989
-29002
24038
23759
8522
30767
-27716
19397
5469
25551
16107
9146
-2555
-8785
-17511
18601
-10599
24819
19268
-23553
-25984
7874
-15860
-7410
-11211
2361
24392
-27677
26274
2197
-20448
-1994
8318
-26234
11626
-22308
-20305
30519
-28569
-11453
4153
21140
-14263
5250
-21974
-629
-16618
-775
-11719
3618
14627
16455
-16727
31872
-9742
-8104
12565
20766
24663
-31166
-6689
-5566
8766
30075
-10419
10484
7124
-10978
-10475
-12952
15359
13310
15828
4873
6791
-25849
-25682
21174
2209
-28066
-10949
5924
13289
7119
-12755
-8745
-29687
-22756
-4816
6721
17101
5117
5397
9168
-11879
32424
10030
19059
-31985
-24271
-1291
-10844
26715
-5451
-26032
-13762
2774
-15848
-3617
-1761
7219
19877
-12132
30686
18287
-31486
-19735
-21211
-1279
-9282
-21473
-6548
20365
-2806
-10157
8979
12465
-16185
-16448
-19190
-32023
30951
30002
-27703
17238
-21872
13213
-1432
29644
22602
-25253
-8579
17018
-31634
-10245
-1037
-12588
-25893
26114
32374
-11589
-18135
-15962
31747
-19106
4992
-22860
17560
-2817
-12029
-526
-10841
28269
-2194
28693
-19787
31860
-10412
8978
15740
-30787
24047
22189
1822
10994
7126
-10676
11838
31393
6831
-6405
-16012
15347
15000
-740
8140
-13110
-23377
18745
-19913
-13873
-22344
30280
-4473
26038
6842
-22
-13660
31254
-24439
9226
15207
-25346
-21703
-14781
2379
19372
-8189
-16218
29029
-3139
-29044
7894
-11493
-12270
-16035
6908
7317
-29545
10242
9123
-6787
29671
17207
28338
11943
-329
-30587
3242
-31417
-8061
29132
23062
25253
2536
-10662
14850
14161
-16919
-24571
-25159
18873
1148
-18659
-616
-23193
3868
8803
-19833
12910
-25530
-15991
20965
12743
-9148
11398
-30079
3674
32286
-20705
-7493
-20829
20142
-9692
-9841
32114
-11072
-22795
-21223
-5646
-2414
-16609
-3047
3254
-5184
-26765
2149
31188
19628
-9089
17016
-32352
12064
19832
-6036
18518
-26194
20870
-3322
-8326
17800
-7367
6608
-13291
-15648
-25889
26656
-16838
-8546
28262
-98
-20832
22429
-11564
-24534
-6361
3504
-31918
-819
-6268
30860
1625
30198
31433
23724
2203
-25054
-4434
-20936
-15080
-2092
-8138
4198
27236
-1807
-13667
31756
-16850
-12913
17280
-5472
-17323
5334
-12762
-12004
-13173
18115
3735
-24714
4444
31181
20480
19889
76
21976
15257
-53
-6624
1782
-9764
-30560
10103
-26227
11092
-19059
22706
4032
-1555
-14821
-15638
-26957
21169
1818
11919
-31885
-11617
25373
-18692
-29439
-18173
-32170
-3251
23358
-21896
11746
5224
27957
-25296
-7886
5036
-4213
26924
-23220
-11145
21470
15924
25528
6840
-708
12985
-13075
-30891
-2321
-15167
-19456
-29944
-24048
-29085
-11120
29351
6137
5385
11494
4689
29541
-3727
29651
20490
16876
15237
-4866
-13496
5078
-13281
-13465
14521
-10710
212
-16
-10839
27551
4051
-14616
-27383
-20875
10212
3082
7597
-7908
-9459
-14127
-21460
-3209
32394
2173
-19875
5658
14603
23786
20515
25777
7558
-25033
-808
-841
-29871
-2317
-13669
28744
-31015
30477
-19629
1699
-28052
-9913
11395
-28875
-5310
8632
-3992
17936
18237
-19581
15596
9630
-5374
-13163
29861
6139
4668
19524
-24453
6310
-4567
7439
8458
8837
-27786
2296
940
-28836
-13398
26067
13033
6759
-18454
-25653
28944
-18415
-6982
-20596
13720
-7287
30705
32511
-19254
27646
30993
-17698
-22423
5346
-8459
-512
-9869
21754
19822
-32572
24040
20683
6853
-15697
25389
-24430
14430
-21938
-8566
32119
-11590
-17506
17764
-28117
-32488
-22401
9920
-14179
28742
-31445
-28812
1320
8251
17123
9691
921
-20732
-29431
-23082
28500
-5444
-24494
-10249
-7253
-17919
-30663
-4097
-12568
-30260
19244
27510
-16110
-1028
-8612
13169
-24924
22731
10749
9945
755
-11322
-21481
-4827
5566
-928
17327
-12142
29682
31670
15900
16922
16560
-10440
5695
19010
-18239
26686
-28011
9898
-1413
26018
2539
-11482
-8294
26725
-7348
15142
29709
-18412
-8074
18988
27166
-16836
-9008
-26947
18795
-30416
-31334
11606
-20172
-14416
27035
1642
25329
19270
-24111
25141
-22239
-6320
12277
11003
9795
32605
-2854
-7224
-26773
810
8249
17426
18235
-19915
-14877
-27559
-13234
7828
-30029
14081
12787
11005
9365
-30764
17059
-14956
17806
-1008
3939
25545
8218
13577
23001
16081
5209
31184
21572
-21608
24234
2205
-24720
5639
7089
-7608
9459
7956
16150
19035
-24654
20095
-7374
4352
5394
10004
13305
8266
31045
-4470
27353
23740
7685
10667
-39
-3484
18974
32346
-3716
31556
-4317
5568
-370
-17478
26083
21066
-20685
-15940
27906
24611
-20233
-27811
-10948
5231
-20181
-2343
-1923
26016
2841
10831
26855
19945
12723
-15236
23375
-26589
-30617
-12528
-2784
4338
1235
-3399
-26758
5297
-6109
3576
2881
21987
13049
8416
916
-22270
-28226
19395
6027
-25318
-30342
1314
9988
8843
-27419
26650
-19946
-6645
-11208
3915
16939
31134
8009
32271
-18068
10909
-7139
560
15842
12221
-12465
6906
4209
-18448
-27804
-11466
2360
22870
-28894
-28969
28812
-9754
-4374
-3501
23843
-18730
-17534
14034
2245
-7316
19477
29822
-12157
18853
-10765
-6888
-9455
-12948
12969
-2238
12979
-15004
9263
18466
31021
-27994
12551
12781
11308
17653
13550
10706
-9658
11396
-29202
28540
-13030
-14834
-537
-14483
16206
-18003
28974
-26496
7186
15199
-21330
17550
-666
29161
17205
26601
20223
19585
-7376
5038
-4675
-28285
4805
-3385
-30885
-15980
19172
14951
-25881
-18797
21201
10743
11874
-24355
27809
5845
-13103
-20787
28509
-7556
16631
12829
19851
-3733
17332
-8181
-13477
11174
-1257
5548
-4673
-26930
29417
16513
-4598
-8626
8754
19333
-1504
7778
-18665
-7517
-19490
-24254
-16297
7394
27
6381
2892
18011
-25757
-9904
9251
20410
3744
-28674
-18170
-32035
30473
-18704
-24562
-27111
-27336
-7878
6247
-19014
24786
16104
9966
4269
-31931
-6692
-5048
16227
-25342
-20588
24238
3320
1549
4666
21962
12117
-19541
16680
32568
-31151
-482
6619
-11498
-13776
-8964
-3455
25708
-1479
16026
-3780
8606
-4263
20597
-6049
20821
-28034
5985
26525
1640
24867
-19619
5954
17449
31136
6144
7911
2898
16784
-1155
27366
20226
20262
26478
-256
-10163
10876
-27945
32130
682
-27236
14730
-5370
-11219
512
1435
-25543
-810
-1080
-5265
17485
-24102
28496
-4329
1775
-11318
-20812
29600
4465
-19969
-28982
17886
10762
15516
-3782
8940
6066
-6392
-12561
-31750
27844
14363
18470
24933
-6853
11359
-17432
-25474
7876
-14601
-31758
26123
25082
16528
-1515
5730
26524
1807
7592
-6116
1050
11477
1414
-17455
-17545
14409
-18488
-19198
-30302
9028
31884
2171
-20209
-4415
-28706
31554
-31968
-25953
12886
-16924
-25647
30617
5417
22969
4606
5164
22634
-5108
-8628
9471
10793
18456
29985
-22005
-29611
-15584
-16199
26726
-1809
-14097
-31613
2999
-5185
-28287
5522
-27735
13413
-21855
21492
21359
-5113
-10500
-1038
-12293
-6576
15679
27934
-17367
-14421
25243
-10015
-30911
-6688
-5717
-22790
-26315
-7483
-27889
-25690
22513
21068
-26184
20089
-7039
28706
-22616
19417
11047
18624
2215
-28847
-15414
-18118
-10583
-19167
-188
24318
16708
-19802
17874
7989
19362
-12732
5599
-11502
-14510
8118
-376
-19661
-15107
-5081
5047
-7918
-10495
-3294
4336
932
-27753
9540
32604
-2177
26374
31171
13930
-25526
-15066
-13456
13684
-28101
-7881
7211
20450
15920
24923
-31667
-1679
32385
276
4231
-22257
-31517
31814
-5136
-2412
-17327
3198
-17615
-12916
17814
-2219
21800
27679
-17368
-14764
7838
-31702
-27107
-29408
-27027
1327
15543
-11870
25739
-11081
-17799
15962
-21630
8568
-21842
17850
658
-22964
-10211
-11827
-20647
2683
-19873
5324
-15870
-5259
30219
-18410
-7516
-19641
-9019
-25744
3691
26891
26161
-22235
-7499
-22152
12104
27418
-19776
25126
-16844
-10219
-13166
16593
4940
30211
26787
3147
18012
-25271
-15065
-12970
10307
30758
-26146
27117
18042
-4951
-23178
6315
-5403
-1935
32232
31680
14227
-7946
-391
27090
14241
-3787
11196
-14023
876
24713
-13364
-22175
2119
19857
-15479
21748
21081
-26813
-3692
-19507
-18907
-3876
-7786
27061
11220
760
-9338
29844
2179
-17468
-19194
-30652
-8058
29061
-8494
-29017
15424
27933
-17710
-17546
14768
-13323
-4173
-25924
18870
662
-21658
5349
-8818
30914
13371
24698
-2550
244
-11491
-10884
20021
-20267
-19444
-4412
-29367
-132
28462
-20473
-30291
15570
6076
-926
16609
10423
-15747
23142
-4963
-16962
28524
-2193
29052
-12710
10173
-15214
18960
16870
9388
-1415
25716
-3710
25707
-1646
-17826
7156
5174
21662
-12125
25738
-10738
-14674
25895
-18276
18598
-10766
-6737
-22778
-26985
8579
-24910
19751
26197
-32531
31539
-28565
-8679
-11407
23995
7686
10818
31389
8010
32614
-14943
29034
-2175
27378
16752
-29460
27319
10401
-6423
-1939
28694
-16528
15106
13995
-16179
-18121
-10910
12259
4708
27238
-1473
12982
-13609
-25730
8042
-17110
-14882
-25400
29407
18696
20256
24645
-24616
27123
16751
-29309
5964
29546
-2635
-28293
3848
7305
-24732
1336
13989
-2234
14094
23505
8162
1401
-19376
1142
28403
29275
-7354
9293
25016
6120
708
-6820
22491
16079
5799
-31925
-7473
-29148
-29105
-2163
-20338
13872
31736
26148
-17717
-19434
-6341
11823
16819
-11554
-29013
12906
-20781
-18745
27799
1812
6388
3378
23304
29470
-24151
20997
18098
-9095
19167
9094
-28087
-3848
-13810
-3307
2767
-3967
25403
-26167
29611
11246
6194
21666
-8523
-22442
-9923
4143
23323
27183
-21913
5348
-9177
1397
28404
29490
-24629
32486
28916
28918
31962
18061
-1007
3262
-7925
-13005
203
-7770
-16415
-26306
-510
252
-9770
-28727
17887
11057
16473
-21875
12344
32288
-26140
27834
10012
24207
-12745
1973
-31693
-30319
7889
-10975
-11695
10312
25363
27191
-25801
-1329
-6270
32247
26493
-15278
4170
16940
24927
-4924
-29067
1319
8466
16168
31896
4307
-14320
-3309
1763
-13262
-9823
26934
-26520
493
-10837
-18937
-32452
-32505
-16384
-4400
-32077
15412
25351
30984
-18423
-4113
-2751
15662
30779
-29788
15054
2233
-4670
-28707
30605
1624
30349
1790
1559
7105
-2890
-28294
3681
24708
-15285
5676
24405
-30426
-27333
-2021
5059
-3105
-1073
-6628
857
16497
-29461
27104
21556
-16890
-5327
6600
-16160
-26353
-27835
-3234
20051
-25765
-11625
32194
22612
-27182
31831
-969
16028
-2457
16388
23761
15264
-2245
14485
-7300
30570
-16114
-7244
-22151
11745
6061
-5763
29054
-11068
-22317
28503
-6839
8347
-32601
9880
-4553
10866
-20757
-21486
-31849
7899
-8824
28731
-26783
-8585
19169
8536
26862
18041
-4290
8636
-2557
-8323
17298
-292
-3947
-19508
-19202
-29441
-17743
30943
17698
31982
30843
-11938
15124
19844
-1159
25932
-29488
17215
-19919
-16312
2780
-14207
21251
18250
-24099
27659
27479
-5153
-6612
5575
-2896
-25186
13766
-9630
13468
-1431
29158
17691
29982
-22890
13432
-27282
1326
16140
21856
-30141
-7905
390
-16790
10093
-22991
-450
13504
-11535
-5242
25430
-30829
7903
-10003
-5698
-27882
-27610
-30980
-18554
14030
1575
8252
16462
-23779
-4429
-25694
14066
9640
-7271
28283
-13366
-23147
13224
-2237
13146
-17999
32448
23226
4273
-4678
-27878
-27005
8037
-19525
31343
-13386
-18844
7854
-7605
8623
-1418
24496
5146
15191
-22669
7871
-2608
-5733
-20368
11434
-3080
-12987
5598
-11893
17300
-3336
-13506
2384
17451
24650
-26648
-19230
-23417
8991
24354
-18385
-14871
-27384
-21010
-21216
-7870
10263
23267
23039
17372
12131
-22681
3568
-9988
-877
-23847
28497
-4910
-32079
15970
-25518
-12325
-28251
15562
2569
4654
22632
-4965
-16404
-26681
16652
22208
7393
-10005
-5236
27071
9579
-24364
25985
-14244
10454
39
9983
9791
28875
14216
-4241
16628
15770
-3422
-22765
-30929
-30483
26128
27194
-24965
8045
-18314
8382
-15524
11668
-4697
-22786
-25136
31536
-26788
-10537
-27056
-15072
-14524
3607
10985
4552
-3976
32089
-3127
-32390
-8678
-8642
6587
-23
-13811
-430
19655
4522
-32616
7178
9780
16898
23763
14546
4000
-28840
-14896
-23153
16300
-13078
-30262
18782
-27699
30339
-8912
3295
-13129
-20038
30934
19778
-23551
-25139
32484
29506
-30111
-13403
24513
11944
-3078
-12301
-4727
26380
25800
8219
13298
9804
25504
1803
4882
10974
2249
-1228
15166
26840
22902
-1609
-29054
5965
28661
28917
31667
14936
-22670
8086
-30211
-19746
-23626
17772
-29456
28180
-19940
-7522
-18988
-17049
10570
25850
30101
4077
-9755
-32130
487
-13626
-23682
12098
25011
4328
-9180
218
-2455
30589
-11596
-19689
-6342
12038
15736
-30181
-25181
23448
-11967
5586
-13965
13451
-4244
16971
-18080
8072
-27741
15564
2235
-5419
-4357
-13645
27915
26643
28144
30453
31434
23557
29806
-14579
-536
-15160
-17520
21509
17382
9087
-25370
-18580
10221
4254
-28672
-23956
3563
-9152
6585
-709
12578
18479
27507
-15449
32442
13010
1571
9687
-9797
-22806
-23638
22075
-24116
31508
-23569
-24071
-21714
-3569
542
12193
-1404
27572
12171
-32307
22400
-3316
-10159
9250
20753
29309
-11067
-21480
-5345
2057
5401
15192
-22836
25146
-20701
-1277
-9872
21236
20521
26813
9729
9957
3081
4226
-22648
15082
10998
11875
-24204
4414
19882
-8187
-14513
4173
16773
-6885
394
-17459
-16684
-24092
-19427
-1695
17467
-19082
9008
18465
32559
-28561
-10114
18932
23022
21365
-6181
-4751
16626
16072
2571
4224
-24417
23108
-26176
17730
-16722
30652
15434
-16452
28526
-2623
-30237
30600
269
5737
-19000
27798
1183
-25042
-8036
28280
-14235
8661
-8446
-15629
-30551
14749
-3067
-8325
17505
-24644
17083
-10047
-21476
-6651
-13487
6568
-4685
-26388
-20321
19426
15247
-7942
-3929
-22138
15084
9962
5384
7088
-7759
-24009
-3562
2766
-3800
8128
-15692
26353
17712
26484
-2185
31283
-27507
12051
24366
-18099
1689
-26411
31531
-27992
13237
-13608
-25897
25445
-6133
-10488
-2792
3255
-5415
-5282
21286
26816
9578
-23511
-7863
9458
7279
-17448
-22541
-21708
-2692
25408
-25075
-28205
29412
18067
-4019
14087
23003
15747
-4864
-13161
29176
30999
-24440
10079
-16473
28980
-24631
32056
-30117
-14471
23378
-27538
807
9150
-16166
-21747
-31515
32148
4937
16481
-25763
-8581
17799
-7534
25923
-28316
-11770
-3299
5890
7759
31178
23723
2498
-7777
-18989
-16674
-20984
-30508
17211
-19314
22705
3753
-31200
-24746
-11772
-223
11369
-23281
-29959
-20104
9211
11294
21622
-7981
-29899
-4453
-16960
27806
4052
-14337
-5898
-2758
15160
25868
25081
17189
32339
-1206
23852
-17176
-25130
25687
-32533
30949
30464
27506
-2627
-29376
-7902
1338
23312
30809
-1212
23199
-8892
11996
3990
-24713
4085
1536
2873
23836
26810
10614
-26456
23443
-10747
-3908
-26911
27114
19277
-21585
17549
-1152
28458
-21908
4128
14597
23005
12735
-10359
30279
-31957
-27108
-29129
-5542
24002
12125
-18330
6979
30370
7663
3383
23838
28133
18396
10764
12472
-13611
-26064
-6367
2755
-7314
20067
-29463
26132
28309
1814
7106
-2611
-4769
21774
29480
-21043
26986
-988
11366
-22684
3639
23480
4505
-26535
-11094
27550
3708
-17613
-12358
-16991
16674
29460
-16740
17536
-5814
16009
-7119
4353
4892
15039
-8860
22451
4031
-1898
-17946
-26081
-31317
14897
30776
-29286
9893
-7732
-27077
-1661
28289
-11087
-19472
-25482
5517
-25320
-29624
-595
-28301
1107
18020
-26610
-24760
-14912
-19455
-29585
-8683
-10482
-14506
6747
26393
-18688
-30300
8598
-31229
-16658
-26977
15400
28634
21562
-23759
-636
-18826
8730
14169
-24378
28997
-31444
-28963
30963
31436
20481
20247
31633
3349
10371
-26871
-26116
-23101
32014
-17351
-11743
-10478
-13772
-9825
27396
24609
-18400
-3197
26370
32542
-20489
-24553
-30339
1673
-23478
-12349
-23979
-11419
12616
26846
20463
23259
12393
-21859
20887
-13578
-4174
-25693
13835
22835
-18256
32017
-23718
-9521
-28487
21164
81
20199
12381
-18002
31867
-8204
-511
-10164
10469
5777
-27734
14058
11871
-17988
26081
20476
22024
30429
19258
-19808
20281
-16863
-2705
29384
13381
26849
21555
-16707
28525
-2838
-2762
8944
4695
32617
-13532
-12605
-24323
-20895
5654
8451
10789
19827
-4944
-20938
-14778
3901
21991
13910
-18355
1983
-6815
23711
-9607
18863
-9092
17964
25600
28578
4923
19525
-24110
25627
-19114
3653
18428
23769
12395
-21110
12347
30782
-31437
-31553
24259
10453
-9961
-10878
18124
4603
3387
21320
-21075
17551
-1009
3596
6228
31403
9747
13097
16449
-18368
-8552
26333
23736
4275
-5395
-3274
9277
29734
-21401
4983
-17608
-10581
-18865
1981
-5747
26376
24621
-18050
12359
27435
-22015
-28225
19754
27512
-14373
-25884
27604
22626
-32330
12303
23291
18258
-21868
13882
25345
28577
5425
20738
18383
7362
-15528
6281
-25851
-26112
-21539
-16700
-18610
1982
-6090
6931
15198
-21864
22711
5107
2608
13619
32293
-25064
-30492
30599
118
27220
-4485
32254
27999
-7558
17317
-13560
-1034
-10285
-28259
8359
-7133
2967
-25330
-28206
29117
14942
-21634
9237
13095
16911
20265
26613
16749
-28623
-4105
-14799
-11383
17302
-4022
13139
-16461
25123
-19769
26680
-25572
-31530
17590
-9400
10321
26853
19611
-13926
29173
31963
17702
30803
-7666
-10869
30277
-32515
27841
15280
-13082
-29337
-12069
-26728
15066
4241
-25843
-27833
-3696
-18838
11440
-2905
-21273
-22556
-17780
23620
-25616
-17728
26967
-4916
-31298
24260
10604
-23284
-28995
21528
31463
29287
-4071
2389
30352
2643
16783
-1514
5881
5169
23470
3756
-32276
31540
-28924
-24044
-30520
19729
30420
21928
-10060
-17516
19437
13055
15827
5359
1884
29530
-7353
9460
7741
17105
4512
-29540
10107
-25366
-19759
-20128
5323
-15687
28465
-25565
-32064
22751
12821
20424
7967
22979
7013
-18668
-6553
22142
-90
-24848
-17908
-5665
-6948
-4196
-17836
3539
-15845
-2095
-6918
-2746
13662
-22826
28222
-27192
16355
10589
-16471
32024
-23232
-14428
30892
11060
30155
22899
-7546
32075
-6139
-13150
31256
-22606
17776
-30125
-2167
-18967
-20547
30637
11059
30386
9576
-17981
28225
-28937
-19382
-9943
860
30195
32525
-18282
22407
-15469
18959
17388
14553
4868
7325
-30756
29107
11069
32315
-30850
2030
-11317
-20645
2125
19012
-23769
-6326
14716
-30185
-26296
-15571
-10900
22443
1162
-23839
-20144
605
30194
32358
-15287
3302
-12197
8971
15206
-25880
-18582
12086
28868
15786
-14005
4717
-19004
26683
-25086
-26109
-21021
-23647
24075
32549
-24976
3511
-5741
28273
-15805
1961
-29239
18889
4590
702
-4891
-1343
-32232
-21531
-23649
22720
7681
11336
26228
-2545
1917
-19517
26306
9592
-20403
-9524
-24542
-5022
22363
-29972
26281
5153
15693
-17630
-2118
-29159
-24587
-22736
-449
14101
21935
1606
21982
15464
-24915
21544
28021
-14586
-7828
22137
-1596
-31803
20569
-28138
-27842
-1664
26751
-13962
23149
-7027
25423
-30024
22743
14542
2565
6089
-15867
-5904
-3507
23190
-10446
2364
23475
6043
-30036
15571
5207
30754
-21397
7501
31106
-9578
24528
14581
15228
-31219
-24037
-32472
-27628
-27840
-1106
-28454
32487
31681
13932
-25351
-23098
30922
24145
-28889
-30475
27849
12411
-26847
-31535
19239
25605
32539
-21390
6999
25557
13031
6201
20175
11552
22300
25784
7072
-32622
5537
-31408
-817
-8133
6246
-19357
7509
25559
13366
31065
-677
17933
18372
3178
27232
-8023
-16974
24794
13363
31901
6147
6389
5761
-22251
-31852
7460
22858
-25101
-23599
25988
-13359
-20971
-4825
4753
-25028
-3685
-17475
27302
5436
20188
8867
-6063
12996
-8429
-10314
-18130
-14886
-26069
-5530
19635
665
-21156
2354
13260
345
16925
30130
9408
-15217
18841
-14558
-13788
-12247
-8313
29012
-6016
32065
-4466
28278
-15271
6744
25556
12864
25516
5150
15860
15838
6770
-18319
9218
9788
29202
-19634
607
29764
-31011
29106
10710
758
-9163
5238
-17607
-12087
-21484
-4420
-28284
4430
30209
27505
-2842
-3941
-17835
5666
12754
1849
22653
-319
-4337
-9852
16423
31977
31679
13374
25518
4911
24402
-29478
28961
-22615
19712
22204
4619
7085
-6237
-17310
6983
29255
-30846
2316
4223
-23468
-8572
29680
28562
1481
-1908
-20353
15091
15230
-30789
22756
13897
-19032
16323
1154
-16508
24254
7018
-19888
773
2440
-24177
14861
20416
5099
18
4875
11492
5374
4681
17109
7986
20182
11050
19047
-29467
25463
-2548
841
21979
14388
31371
2862
13118
24999
2192
-21652
7500
32612
-14353
-30251
16654
19802
-27695
29414
17349
2226
-32282
31811
-4316
5050
-7321
20935
7690
9320
-18341
4995
-21975
-1131
-23697
5508
-21822
30632
12151
-27940
31310
-6142
-13652
26345
19943
15767
-51
-7787
26384
27490
-7345
14497
-4017
23188
-10748
-3629
-5554
12559
22663
-15763
15109
22673
-13356
-26063
-6534
30230
-18291
23913
-6857
6610
-13116
-23680
10201
907
-23840
-18590
8070
-24729
1663
-19861
6630
710
-6230
-24298
-30290
12311
20422
7537
-23814
-20996
-28500
13410
-21942
-12104
-16583
-8545
27903
31456
17198
25111
26799
8024
27466
-30103
-10534
-29009
14085
14158
-19844
8392
-13595
-28742
21194
7022
-17114
-16317
1369
30348
1209
-31911
-2325
-16028
10885
-28877
-5007
16410
16860
11539
22691
-9611
19468
17685
16865
10591
-16901
-31345
4793
-7752
-21435
-11154
22801
31038
-31157
-1677
30711
24622
-23747
-15394
-25737
5516
-25838
-27013
5296
-5766
29141
20488
17657
23017
24114
-24467
3202
-23831
-17785
22544
32328
-6824
14108
18485
27682
-23735
-12940
22467
6453
19531
-22213
-14783
2937
-19513
26976
-6486
-23702
3205
-24174
15937
-19040
19192
24099
-18386
-15102
-5901
-2415
-16394
-30522
22391
-1826
-415
30597
-9747
-5928
-4208
-19142
-12515
-12960
8666
-9650
10185
-10337
26342
22246
13911
-17996
31500
-16748
20277
-19573
13875
32589
-7572
22369
-31040
23616
-20675
-12928
22181
-9597
16424
32336
-1787
-9874
20806
-22192
-8415
221
-2590
-3263
16250
-30785
23617
-20524
-20131
3546
-13989
10455
318
23308
31988
25057
24138
-28355
-7491
-26040
-15993
20631
-13906
27037
2614
22656
-3754
20830
-28886
-31328
10953
-11888
29835
282
6382
2597
15014
-15832
-13690
19667
12140
-21127
11144
-29737
29629
14354
21634
-3168
-22485
-1117
-20621
11751
4260
-30377
-15420
-16445
-18609
1703
-27447
16354
10422
-15516
9819
-18458
-20904
1710
-30355
-11611
27046
5156
12752
1419
-24396
18590
-14273
2939
-16501
20979
23532
21367
-7982
-29365
-3240
21437
5461
31098
-11937
14845
12639
-24384
30288
-6832
15319
4704
25548
14585
15833
7288
-22970
-12937
23973
1168
-22962
-12108
-20377
7505
24890
-21061
32006
-20220
-29588
-8596
20946
10742
12233
-9118
13772
1423
-22961
-11749
-13172
17948
29298
-15299
528
4877
12178
-4695
-23344
25989
-12873
-20396
1138
27224
-5154
-6253
26932
-20479
-29000
23608
-23034
-26707
24063
16707
-19587
14879
17404
22586
-22576
27131
28927
25276
11229
2250
-726
9877
-32595
8589
-28655
-26290
-14918
-19184
-5487
28441
-16831
-10100
29339
5851
-10665
8643
-15220
19677
9096
-26860
-28196
31524
-26502
5513
-26245
4797
-1536
-8948
-13782
-12008
-13778
-8662
2794
-11481
-8987
-5089
3580
3806
-12434
14150
27777
-12699
16046
-12482
3313
-9989
-518
-8610
13472
-60
-5261
16624
14399
27427
-23736
-13426
17812
-4020
13506
-8427
-11987
-9850
30560
-3348
-2764
9279
29559
-12859
-23981
-11753
-13777
-8319
30271
-30108
-12311
-31263
28970
-21045
27288
1181
-25823
-32136
-9036
-23664
15939
-18482
-19437
-5950
-28290
5625
6117
-9779
-24543
-4089
-11357
26338
21067
-20518
-17023
13869
29577
-9751
-4749
30221
-20211
-31875
129
-18432
-31502
26291
6125
1529
4
1895
24868
-19770
27309
8026
26876
28926
24631
-22241
-6654
-14116
-25245
155
-21158
3040
-13130
-18500
25649
-23209
-9240
-5233
26920
-24145
19706
20499
29475
-22007
-29436
-23616
29071
965
-6229
-24003
-2685
27376
17182
29829
-8914
3629
13264
1851
24390
-24665
23593
-19823
24241
5113
3389
21655
-13041
-2379
-26754
4436
28822
2637
18010
-25606
-23099
32476
17202
26482
-4050
6923
9779
17432
16562
-12145
30551
-1794
-11380
30554
-1197
22346
-25772
-12557
-5071
6720
16950
26600
19944
12380
-18360
182
-31429
-4459
-20068
22057
-19064
14028
1273
-9981
-2367
-31567
15414
25526
6122
1457
-31424
-5535
21428
2489
-5187
-27601
-4803
9454
4697
30752
-21572
31853
-13384
-20039
32456
20485
19068
-6876
2410
25818
23216
4034
-1221
15652
29711
-20213
-32178
-2040
397
-23842
-18924
-6339
10500
8271
24678
-6854
11702
-14307
-14521
3472
-20443
-790
-14818
-14690
29337
3125
22873
-29970
27317
12170
-30769
18899
7029
-24406
20996
18249
-24458
4134
12446
-1865
-28696
27107
22233
14540
1561
11328
31391
6145
7744
30373
6827
-6119
564
12432
-4877
-15320
-12971
11845
25855
28579
4644
12448
-1435
30593
-9078
29009
-5147
-1783
828
23310
32546
-25812
-5991
-18815
12356
26200
-4489
28716
-20719
-4417
-27064
-3024
10513
13586
20427
6461
18320
-3332
-12581
-28467
16350
11537
22993
8878
-1417
25413
-28318
-10543
-27901
-23108
29950
25814
13367
30786
-32362
7458
23320
25772
5446
17112
6448
21133
-15753
12958
-1433
29875
9407
-14300
-12967
11176
-922
29646
24435
-639
27575
10617
-25364
-16651
-29933
-20853
12938
-31746
-18788
20285
-18234
27634
30451
31004
-23236
-15607
-8127
12031
15218
-27442
29622
9071
-22693
794
7102
-3982
29650
20705
15921
24692
-112
-23844
27660
26642
28311
2850
8241
20167
7536
-18037
24081
24660
-30457
-23963
3029
-15847
-3896
-31278
18172
24111
-18100
1984
-7094
8346
-32322
23077
-19076
14762
-14295
-11174
8298
-17659
-4405
-30857
-9892
15339
9963
4850
1539
2292
-9762
-31596
7182
9175
-9369
22792
29803
-15783
6280
-25556
-6667
-3924
-20918
-8562
30684
19259
-16565
2109
23474
5828
-2433
26014
1805
4580
-11339
-16580
-8728
-5693
-26934
30342
-9748
-5697
-27603
-4085
-8775
-23392
24076
31043
-31675
-6970
-28278
6359
-10981
-10882
18858
-11985
438
-31197
-27623
-27004
7886
-12450
8668
-9952
-8304
24828
16758
-31133
-13853
-26966
23457
-9711
-13483
11381
-25863
-22510
-30928
-30316
6685
12671
-29229
30317
-14346
-31757
26290
7679
7081
-5759
32400
6014
-23318
-17854
-9219
-3456
25190
-6134
-10273
-30267
22392
-1595
-32098
11452
-13583
-32216
-28544
5983
27243
-269
-10282
-27055
-14905
-17519
21724
14387
30774
-28568
-8592
22317
-19597
11134
-28095
-1107
-27585
-1105
-28303
804
9986
9656
-2553
-9438
-9481
-1393
-16980
32173
8914
-11521
-1401
-18829
9216
10792
18623
2510
-3410
-26367
-21540
-16341
-13445
23669
-1176
29159
17348
2505
-725
10156
-910
31272
-25283
-3686
-17834
5945
19959
23544
19295
-26605
-28195
31309
-7059
20068
-29981
31549
-31004
32509
28000
-7343
16234
-28107
-5984
-16639
-4401
-31782
16369
14398
27276
-8501
-28483
22088
-26180
19228
31972
29775
-5423
-32248
-17069
5948
18453
16717
-23778
-4134
-6249
27601
13948
-30069
4455
26520
254
0
357
31683
23223
4966
26880
32528
-23565
-23402
13223
-2468
20349
-7524
27596
12872
28385
19951
13918
-23008
-5653
-860
-26373
-22512
-31518
28969
-21404
5931
24406
-30147
-5976
-23715
161
-25827
-31531
17741
-22595
29434
31151
9563
-18626
-11732
-9849
30265
-28913
-20849
14053
6763
-19889
606
30043
-1494
10503
14654
27428
-23585
-18589
7855
-7326
23860
-24125
29428
31964
17343
1158
-17623
-14765
8117
-17
-12584
-24522
-145
31275
-24638
29912
22228
8891
-2556
-8952
-14516
5074
-15035
2099
13259
50
15840
11535
14180
-21103
13885
25879
28006
-984
10505
15817
2570
4583
-9180
433
-30058
11444
-15814
-9275
-26342
-29421
-26126
-17730
27301
5157
13111
31064
-1211
23350
-24127
29603
7358
-2427
28453
-23047
-20531
28215
-24618
26119
31170
14225
-6209
-24481
-10130
23650
-4499
16970
-18247
25475
-14246
11840
24907
-27205
19758
28117
24134
-24945
8587
-27269
5988
28079
7065
-30366
-13404
24808
21061
-22191
-8997
-31593
6346
-14607
-31615
2027
-12202
11163
-6779
32412
6492
26392
-19111
3550
-13128
-20397
1289
5741
-20179
-3060
242
-12209
11681
-1868
-26919
24755
4478
-23467
-8405
2077
10979
5779
-28068
-12335
-26354
-24608
-19222
-20548
30932
22216
11281
14012
-12219
4365
11490
6060
-5388
-2756
14698
-25005
-11104
25909
-21416
1118
29232
-25291
-1327
-8135
8143
-10807
-20643
3862
10986
4257
-29541
9892
-7963
-5722
-23866
32011
-16849
-13208
16195
-19987
-20551
32008
-19790
29445
26617
29786
-1797
